0.0018767	-7.131117961	3.487758092	-1.82460567
0.003753399	-2.797708136	0.910505103	-0.60202021
0.005630099	-0.843405614	0.177895914	-0.077672393
0.007506799	-0.271772965	0.028865283	0.057957729
0.009383498	-0.235297774	0.025391879	0.061342245
0.011260198	-0.325318452	0.042509549	0.038329502
0.013136898	-0.402782236	0.053983018	0.021194067
0.015013597	-0.448172698	0.058879078	0.012463045
0.016890297	-0.471774388	0.06008817	0.009080315
0.018766997	-0.485330308	0.059850457	0.008042357
0.020643696	-0.4953929	0.059242317	0.007781435
0.022520396	-0.504551813	0.058696586	0.007705996
0.024397095	-0.513604035	0.058315557	0.007632034
0.026273795	-0.522633257	0.058106402	0.007555389
0.028150495	-0.531604108	0.058048673	0.007483005
0.030027194	-0.54048429	0.058112783	0.007426003
0.031903894	-0.54925016	0.058287067	0.00738696
0.033780594	-0.557920686	0.058552912	0.007366684
0.035657293	-0.566503797	0.058901498	0.0073609
0.037533993	-0.575003451	0.059319895	0.007371391
0.039410693	-0.583433197	0.059799669	0.007390891
0.041287392	-0.591796371	0.060334162	0.00742145
0.043164092	-0.600105403	0.060915767	0.007460391
0.045040792	-0.608351926	0.061538198	0.007509867
0.046917491	-0.61654489	0.062193856	0.007567519
0.048794191	-0.624677732	0.06287745	0.007633347
0.050670891	-0.63278097	0.063580125	0.007706766
0.05254759	-0.640822102	0.064301093	0.007786152
0.05442429	-0.648820048	0.065033544	0.007868372
0.05630099	-0.656778247	0.065772103	0.007958779
0.058177689	-0.664701145	0.066512746	0.008051625
0.060054389	-0.672574084	0.067258333	0.008146701
0.061931089	-0.680404151	0.068005288	0.008247126
0.063807788	-0.688185114	0.068749975	0.008351319
0.065684488	-0.69592659	0.06949347	0.008457568
0.067561187	-0.703618308	0.070237988	0.008567666
0.069437887	-0.711258215	0.070977241	0.008681341
0.071314587	-0.718855153	0.071717734	0.008803019
0.073191286	-0.726401363	0.072453147	0.008927957
0.075067986	-0.733903337	0.07318891	0.009057457
0.076944686	-0.741344582	0.073917101	0.00919249
0.078821385	-0.748742631	0.074647157	0.009331524
0.080698085	-0.756078318	0.075370652	0.009475227
0.082574785	-0.763343745	0.076086218	0.009626728
0.084451484	-0.770536097	0.076802014	0.009783848
0.086328184	-0.777642776	0.077513949	0.009950092
0.088204884	-0.784658558	0.07822271	0.01012748
0.090081583	-0.79159062	0.078927142	0.010318966
0.091958283	-0.798406195	0.079628043	0.010526464
0.093834983	-0.805131428	0.08032277	0.01075329
0.095711682	-0.811756408	0.08100808	0.010997145
0.097588382	-0.818276948	0.08167856	0.01125884
0.099465082	-0.824690777	0.08233316	0.011538629
0.101341781	-0.831005549	0.082968714	0.011837532
0.103218481	-0.837215508	0.083585604	0.012152934
0.105095181	-0.843332706	0.084178249	0.012483323
0.10697188	-0.849358635	0.084747331	0.01282931
0.10884858	-0.855285873	0.085297145	0.013188028
0.110725279	-0.86113007	0.08582675	0.013557895
0.112601979	-0.866893394	0.086335583	0.013936804
0.114478679	-0.872582737	0.086828807	0.014325577
0.116355378	-0.878204357	0.087305407	0.014720109
0.118232078	-0.883747761	0.087767275	0.015123612
0.120108778	-0.889225304	0.088209478	0.015532925
0.121985477	-0.894636889	0.088637181	0.015949123
0.123862177	-0.899961387	0.089046255	0.016373421
0.125738877	-0.905209446	0.089431511	0.016804887
0.127615576	-0.91038004	0.089796612	0.017245042
0.129492276	-0.915458304	0.090139737	0.017691412
0.131368976	-0.920452375	0.090459695	0.018146739
0.133245675	-0.925354642	0.090756902	0.018608173
0.135122375	-0.930170733	0.091030547	0.019074942
0.136999075	-0.93490623	0.091281688	0.019547221
0.138875774	-0.939550846	0.09151478	0.020022279
0.140752474	-0.944121774	0.091721188	0.020500078
0.142629174	-0.948616272	0.091912543	0.020977496
0.144505873	-0.953034814	0.092083165	0.021456893
0.146382573	-0.957373144	0.092230661	0.021934717
0.148259273	-0.961642485	0.092364736	0.022412036
0.150135972	-0.965836396	0.092474113	0.022887173
0.152012672	-0.969957708	0.092566449	0.023361788
0.153889371	-0.974008509	0.092636076	0.023833881
0.155766071	-0.977980608	0.092688911	0.024306135
0.157642771	-0.981871924	0.092719602	0.024777548
0.15951947	-0.985684727	0.092730819	0.025249345
0.16139617	-0.98941518	0.092720244	0.025720971
0.16327287	-0.993051619	0.092691475	0.026195268
0.165149569	-0.996607998	0.092642183	0.026669387
0.167026269	-1.000068718	0.092576771	0.027144356
0.168902969	-1.003440271	0.092499447	0.027615243
0.170779668	-1.006742802	0.092447147	0.028067298
0.172656368	-1.010011711	0.092450921	0.02848249
0.174533068	-1.013245361	0.092537193	0.028853378
0.176409767	-1.016429779	0.092694749	0.029197226
0.178286467	-1.019503491	0.092892473	0.02954642
0.180163167	-1.022399976	0.093096047	0.029929564
0.182039866	-1.025083604	0.093285125	0.030356815
0.183916566	-1.027554451	0.093434197	0.03082477
0.185793266	-1.029856729	0.093521885	0.031320659
0.187669965	-1.03200274	0.093530056	0.031839292
0.189546665	-1.034040727	0.093469354	0.032369532
0.191423365	-1.035950535	0.093331534	0.032910901
0.193300064	-1.037762987	0.093121583	0.033458102
0.195176764	-1.039447132	0.092850019	0.034010959
0.197053464	-1.041049539	0.092523748	0.034565636
0.198930163	-1.042568955	0.092156319	0.035121583
0.200806863	-1.044040615	0.091770351	0.035673986
0.202683562	-1.045470188	0.091374323	0.036218868
0.204560262	-1.046814486	0.090964354	0.036757785
0.206436962	-1.048035275	0.090520496	0.037292757
0.208313661	-1.04914778	0.090042827	0.037826793
0.210190361	-1.050146343	0.089538299	0.038362945
0.212067061	-1.051066477	0.0890209	0.038898529
0.21394376	-1.051929975	0.088497395	0.039430746
0.21582046	-1.052728763	0.087972471	0.039956575
0.21769716	-1.053420381	0.087426328	0.04047919
0.219573859	-1.054005151	0.086854678	0.040999609
0.221450559	-1.054456507	0.086243372	0.041521204
0.223327259	-1.054799474	0.085607658	0.042042792
0.225203958	-1.055068264	0.084958626	0.042562314
0.227080658	-1.055279361	0.084301183	0.043075216
0.228957358	-1.055438449	0.083644212	0.043579081
0.230834057	-1.055532355	0.082980111	0.044073711
0.232710757	-1.05552996	0.082303135	0.044562406
0.234587457	-1.055432169	0.081607113	0.045045859
0.236464156	-1.055253729	0.080900958	0.045522814
0.238340856	-1.054984139	0.080180092	0.045994463
0.240217556	-1.054649624	0.079453586	0.046457535
0.242094255	-1.054260261	0.07872746	0.046904138
0.243970955	-1.053798707	0.078001348	0.04734144
0.245847654	-1.053270939	0.077274752	0.047763443
0.247724354	-1.052672139	0.076542106	0.048168937
0.249601054	-1.052001888	0.075807895	0.048556671
0.251477753	-1.051262059	0.075069983	0.048926525
0.253354453	-1.050436107	0.074318902	0.049279964
0.255231153	-1.049554452	0.073567093	0.049613837
0.257107852	-1.048605967	0.072808458	0.049928621
0.258984552	-1.047594253	0.072044042	0.050223597
0.260861252	-1.046517216	0.071270304	0.050498923
0.262737951	-1.045360966	0.070480608	0.050757145
0.264614651	-1.044154976	0.069690463	0.050998984
0.266491351	-1.042921025	0.0689137	0.051220482
0.26836805	-1.041649328	0.068146595	0.051417948
0.27024475	-1.040299816	0.067372893	0.051596937
0.27212145	-1.038846423	0.066582061	0.051764308
0.273998149	-1.037294211	0.065782965	0.05192511
0.275874849	-1.035647887	0.064971061	0.052078884
0.277751549	-1.033917928	0.064148492	0.052225945
0.279628248	-1.032085605	0.063309679	0.05237182
0.281504948	-1.030156363	0.062457518	0.052515728
0.283381648	-1.028122357	0.061588754	0.052661114
0.285258347	-1.025986925	0.060704167	0.052807363
0.287135047	-1.02374632	0.059802572	0.052956971
0.289011746	-1.02140272	0.058884405	0.053111891
0.290888446	-1.018955327	0.057953029	0.053273745
0.292765146	-1.016434604	0.057019945	0.053438608
0.294641845	-1.013834714	0.056087481	0.053605214
0.296518545	-1.011147335	0.055153754	0.053771987
0.298395245	-1.008357013	0.054214554	0.053940577
0.300271944	-1.005462496	0.053273994	0.054112925
0.302148644	-1.002471384	0.05233072	0.054287184
0.304025344	-0.999385473	0.051387127	0.054461255
0.305902043	-0.996185849	0.05043373	0.05463694
0.307778743	-0.9928741	0.049471214	0.054815421
0.309655443	-0.989454328	0.048496871	0.054998027
0.311532142	-0.985933162	0.04751676	0.055183798
0.313408842	-0.982337827	0.046537878	0.055368304
0.315285542	-0.978661528	0.045559948	0.055550866
0.317162241	-0.974904173	0.044582169	0.05573097
0.319038941	-0.971058703	0.04360515	0.055908709
0.320915641	-0.967126162	0.042624918	0.056083866
0.32279234	-0.963097763	0.041643061	0.056258717
0.32466904	-0.958984354	0.040657714	0.056430105
0.32654574	-0.954778239	0.039667641	0.056602037
0.328422439	-0.950490165	0.038677649	0.056773897
0.330299139	-0.946141941	0.037701653	0.056944304
0.332175838	-0.941757528	0.036750127	0.05710606
0.334052538	-0.937293897	0.035807913	0.057260698
0.335929238	-0.932717063	0.034861193	0.057411491
0.337805937	-0.928018865	0.033905353	0.057564127
0.339682637	-0.92321328	0.032944528	0.05771875
0.341559337	-0.918324659	0.031982803	0.057874113
0.343436036	-0.913359158	0.031023653	0.058028596
0.345312736	-0.90831745	0.030061658	0.058179807
0.347189436	-0.903172157	0.029087574	0.058332392
0.349066135	-0.897931421	0.028102006	0.058484774
0.350942835	-0.892640078	0.027128425	0.05864234
0.352819535	-0.887388611	0.026211287	0.05878928
0.354696234	-0.882088144	0.025317181	0.058919041
0.356572934	-0.876643006	0.024407677	0.059043464
0.358449634	-0.871053061	0.023479077	0.05916916
0.360326333	-0.865331082	0.022529609	0.059304689
0.362203033	-0.85949425	0.021560244	0.05945545
0.364079733	-0.853605323	0.020592405	0.059623283
0.365956432	-0.847704707	0.019637708	0.059797323
0.367833132	-0.8417895	0.018704448	0.059968717
0.369709832	-0.835827802	0.017800593	0.060138969
0.371586531	-0.829952561	0.017006157	0.060283294
0.373463231	-0.823882856	0.016197094	0.060418235
0.37533993	-0.817613237	0.0153621	0.060557132
0.37721663	-0.811168191	0.014512606	0.060723239
0.37909333	-0.804577562	0.013650128	0.060915847
0.380970029	-0.797839597	0.012756697	0.06112563
0.382846729	-0.790996809	0.01184838	0.061362856
0.384723429	-0.784094782	0.010932057	0.06161915
0.386600128	-0.77715097	0.010013078	0.061891152
0.388476828	-0.770182848	0.009108678	0.062165247
0.390353528	-0.76317867	0.008223111	0.062451851
0.392230227	-0.756131249	0.00735392	0.062742337
0.394106927	-0.748999608	0.006500795	0.063039234
0.395983627	-0.741773704	0.00566489	0.063339647
0.397860326	-0.734472823	0.004858054	0.063641832
0.399737026	-0.727202019	0.004128895	0.063938252
0.401613726	-0.719909436	0.003459693	0.064234119
0.403490425	-0.712437568	0.002783764	0.064530327
0.405367125	-0.704680279	0.00205521	0.064852071
0.407243825	-0.696679721	0.001294198	0.065202429
0.409120524	-0.688568401	0.000521551	0.065595993
0.410997224	-0.680465957	-0.000243744	0.065999131
0.412873924	-0.672351064	-0.001001795	0.066400453
0.414750623	-0.664231228	-0.001751484	0.066820582
0.416627323	-0.656053478	-0.002495794	0.067253409
0.418504022	-0.647914326	-0.003213831	0.067676653
0.420380722	-0.639715697	-0.003923614	0.068103093
0.422257422	-0.631406703	-0.00463315	0.068527648
0.424134121	-0.623035841	-0.005324196	0.068947641
0.426010821	-0.614519596	-0.006051372	0.069376413
0.427887521	-0.605974421	-0.006770203	0.069817223
0.42976422	-0.597443256	-0.007456378	0.07027626
0.43164092	-0.588950603	-0.008121866	0.070734046
0.43351762	-0.580315335	-0.008780353	0.071199536
0.435394319	-0.571738194	-0.009405398	0.071663275
0.437271019	-0.563031365	-0.010033132	0.072137242
0.439147719	-0.554321184	-0.010626277	0.072608348
0.441024418	-0.545574978	-0.011208405	0.073084547
0.442901118	-0.536656794	-0.011795465	0.073571885
0.444777818	-0.527727696	-0.012362917	0.074066809
0.446654517	-0.518752073	-0.012908733	0.07457043
0.448531217	-0.509748539	-0.013441777	0.075076139
0.450407917	-0.500729652	-0.01395873	0.075592263
0.452284616	-0.491638607	-0.014465182	0.076111372
0.454161316	-0.482539251	-0.014946694	0.076639735
0.456038016	-0.473376239	-0.015418241	0.077174197
0.457914715	-0.464206009	-0.015864726	0.077714366
0.459791415	-0.454977713	-0.016298008	0.078256285
0.461668114	-0.445747777	-0.016711495	0.078805366
0.463544814	-0.436452467	-0.017111131	0.079358874
0.465421514	-0.42715044	-0.017491649	0.079914238
0.467298213	-0.41781669	-0.017855465	0.080477484
0.469174913	-0.40843639	-0.018201814	0.081045908
0.471051613	-0.399043664	-0.018531201	0.081621065
0.472928312	-0.38961334	-0.018846329	0.082201537
0.474805012	-0.380166404	-0.019138061	0.082784426
0.476681712	-0.370686304	-0.019412956	0.083373247
0.478558411	-0.361192415	-0.019668708	0.083965327
0.480435111	-0.351675795	-0.019903219	0.084560287
0.482311811	-0.342144004	-0.020117978	0.085160081
0.48418851	-0.33259674	-0.020311273	0.085761958
0.48606521	-0.323035238	-0.020483616	0.086364912
0.48794191	-0.313464581	-0.020633272	0.086969933
0.489818609	-0.303879978	-0.020759633	0.087575694
0.491695309	-0.2942922	-0.020862606	0.08818522
0.493572009	-0.284679732	-0.020943104	0.088798214
0.495448708	-0.275069881	-0.020999531	0.089418047
0.497325408	-0.265420841	-0.02103454	0.090047446
0.499202108	-0.255746652	-0.021043978	0.090688308
0.501078807	-0.246040137	-0.021028003	0.091343575
0.502955507	-0.23629368	-0.020990211	0.092017629
0.504832207	-0.226484396	-0.020926786	0.09271637
0.506708906	-0.216613386	-0.020839838	0.093444318
0.508585606	-0.206668445	-0.02072909	0.094205871
0.510462305	-0.196635323	-0.020595988	0.095006798
0.512339005	-0.18651518	-0.020431837	0.095841809
0.514215705	-0.17628869	-0.020229428	0.096709011
0.516092404	-0.165961242	-0.02000208	0.097627038
0.517969104	-0.155526579	-0.019745437	0.098592119
0.519845804	-0.144989963	-0.019451726	0.099598864
0.521722503	-0.134344205	-0.019130285	0.100658064
0.523599203	-0.12360674	-0.018770044	0.101759239
0.525475903	-0.112796859	-0.018374025	0.102900812
0.527352602	-0.10191562	-0.017945832	0.104078998
0.529229302	-0.090986585	-0.017483208	0.105286165
0.531106002	-0.080022018	-0.016984217	0.106511826
0.532982701	-0.069059005	-0.016452724	0.107745308
0.534859401	-0.058117126	-0.015892738	0.108976895
0.536736101	-0.047228719	-0.0153038	0.110192604
0.5386128	-0.036418879	-0.014685826	0.111379314
0.5404895	-0.025716841	-0.014040436	0.11252398
0.5423662	-0.015151327	-0.013366868	0.113612084
0.544242899	-0.004746613	-0.012667782	0.114632494
0.546119599	0.005467382	-0.011944399	0.115572115
0.547996299	0.015493152	-0.011201745	0.116427926
0.549872998	0.025301069	-0.010439372	0.117189352
0.551749698	0.034891769	-0.009662036	0.117854563
0.553626397	0.044255927	-0.008871765	0.118420349
0.555503097	0.053402565	-0.008070655	0.118882826
0.557379797	0.062289269	-0.007259499	0.11924919
0.559256496	0.07096523	-0.006441774	0.119520189
0.561133196	0.079434932	-0.00561837	0.119704026
0.563009896	0.087725746	-0.004792482	0.119811141
0.564886595	0.095840377	-0.003964064	0.119845011
0.566763295	0.103801162	-0.003136375	0.119816085
0.568639995	0.11163269	-0.002309766	0.119735144
0.570516694	0.119352569	-0.001487319	0.119612582
0.572393394	0.126963937	-0.000670808	0.119449866
0.574270094	0.13446738	0.000139335	0.119250742
0.576146793	0.14189337	0.000946692	0.1190305
0.578023493	0.149253106	0.001751224	0.118793392
0.579900193	0.156555278	0.002553208	0.118543154
0.581776892	0.163809274	0.003347011	0.118287175
0.583653592	0.171020895	0.004133725	0.118025811
0.585530292	0.178172352	0.004915215	0.1177559
0.587406991	0.185310155	0.005688537	0.117483184
0.589283691	0.192400796	0.006457855	0.117207828
0.591160391	0.199443345	0.007223708	0.116930325
0.59303709	0.206440118	0.007986584	0.116652752
0.59491379	0.213404075	0.008743459	0.116380982
0.596790489	0.220328986	0.00949536	0.116112923
0.598667189	0.227228342	0.010244318	0.115847171
0.600543889	0.234090586	0.010983259	0.115592032
0.602420588	0.240931369	0.011719177	0.115344135
0.604297288	0.247737955	0.012452515	0.115104576
0.606173988	0.254511008	0.013186085	0.114873674
0.608050687	0.26125933	0.013917713	0.114653944
0.609927387	0.267993504	0.014637682	0.114448863
0.611804087	0.274704165	0.015355349	0.114241991
0.613680786	0.281395101	0.016077499	0.114032969
0.615557486	0.288048684	0.016807914	0.113825027
0.617434186	0.29466911	0.017539816	0.113627857
0.619310885	0.301241677	0.01826882	0.113444004
0.621187585	0.307771843	0.018995245	0.113270304
0.623064285	0.314250864	0.019718836	0.113104144
0.624940984	0.320678705	0.020439604	0.112945331
0.626817684	0.327040177	0.021157585	0.112789181
0.628694384	0.333327882	0.021874189	0.112633463
0.630571083	0.339547426	0.022586189	0.112474726
0.632447783	0.345688817	0.023290375	0.112308738
0.634324483	0.351750986	0.023985526	0.112133545
0.636201182	0.357731402	0.024669892	0.111949536
0.638077882	0.363624844	0.025344145	0.11175682
0.639954581	0.369429389	0.026009687	0.111558285
0.641831281	0.375150799	0.026666689	0.111353442
0.643707981	0.380784046	0.027315329	0.111142096
0.64558468	0.386330415	0.027952314	0.110920682
0.64746138	0.391794084	0.028576493	0.110689942
0.64933808	0.397170888	0.029188736	0.110450111
0.651214779	0.402459463	0.029788494	0.110201589
0.653091479	0.407654404	0.030377325	0.109946453
0.654968179	0.412745934	0.030955467	0.109682858
0.656844878	0.417740763	0.031522145	0.109410256
0.658721578	0.422629196	0.032073797	0.109123778
0.660598278	0.427403368	0.032607956	0.108816405
0.662474977	0.432061168	0.033125521	0.108485036
0.664351677	0.43659245	0.033625338	0.108128813
0.666228377	0.440992341	0.034105973	0.107746234
0.668105076	0.44525423	0.03456729	0.107336974
0.669981776	0.44937649	0.035010581	0.106907024
0.671858476	0.453360566	0.035437164	0.106452737
0.673735175	0.45721317	0.035846174	0.105973836
0.675611875	0.460935024	0.036234912	0.105468811
0.677488575	0.464529431	0.036602648	0.1049377
0.679365274	0.467999926	0.036950845	0.104382168
0.681241974	0.471348942	0.037278681	0.103808388
0.683118673	0.474579371	0.037588303	0.103217345
0.684995373	0.477696791	0.037879415	0.102614685
0.686872073	0.480703811	0.038150366	0.102002936
0.688748772	0.483600373	0.038406249	0.101386334
0.690625472	0.486393643	0.038651085	0.100768571
0.692502172	0.489091783	0.038883286	0.100150814
0.694378871	0.491695189	0.039101577	0.09952792
0.696255571	0.494204904	0.039303622	0.09889994
0.698132271	0.49662711	0.039487754	0.098268423
0.70000897	0.498960288	0.039654882	0.09763501
0.70188567	0.50121108	0.039804255	0.097003112
0.70376237	0.50337642	0.039934224	0.096374531
0.705639069	0.505458571	0.040046224	0.095746205
0.707515769	0.50744859	0.040150969	0.095105871
0.709392469	0.509347645	0.040247228	0.094456685
0.711269168	0.511149112	0.040328023	0.093806298
0.713145868	0.512855197	0.040399369	0.093166157
0.715022568	0.514464884	0.040460796	0.092530893
0.716899267	0.515979633	0.040511455	0.091898196
0.718775967	0.517398842	0.040548834	0.091263499
0.720652667	0.518719281	0.040573248	0.090623366
0.722529366	0.519941595	0.040586517	0.089973877
0.724406066	0.521067567	0.040583381	0.089323224
0.726282765	0.522088521	0.040570473	0.088667261
0.728159465	0.52300859	0.040545215	0.088009391
0.730036165	0.523826952	0.040505022	0.087351941
0.731912864	0.524548261	0.040450088	0.086696229
0.733789564	0.525161855	0.040382229	0.086038895
0.735666264	0.525672193	0.040300729	0.085383183
0.737542963	0.526071563	0.040202992	0.084724445
0.739419663	0.526367458	0.040089668	0.08406592
0.741296363	0.526550662	0.039971869	0.083414449
0.743173062	0.52662947	0.039840729	0.082761392
0.745049762	0.526601802	0.039696071	0.082103064
0.746926462	0.52645587	0.039532902	0.081431419
0.748803161	0.526194283	0.039353131	0.080745779
0.750679861	0.525809524	0.039156389	0.080044645
0.752556561	0.525299998	0.038943218	0.079327712
0.75443326	0.524666492	0.038715269	0.078596733
0.75630996	0.523905599	0.038472075	0.077850019
0.75818666	0.523017691	0.038212862	0.077089216
0.760063359	0.522007315	0.037939534	0.076315583
0.761940059	0.520872283	0.037650828	0.075529499
0.763816759	0.519618171	0.037347085	0.074732232
0.765693458	0.51824562	0.037029127	0.073925123
0.767570158	0.516756582	0.036695946	0.073107692
0.769446857	0.515152616	0.036348617	0.072282116
0.771323557	0.513439923	0.035989829	0.071452379
0.773200257	0.511618377	0.035620152	0.070621243
0.775076956	0.509691797	0.035241942	0.06979101
0.776953656	0.507657521	0.034854769	0.068963391
0.778830356	0.505523583	0.034463354	0.06814377
0.780707055	0.50328666	0.034069512	0.067334359
0.782583755	0.500957862	0.033671691	0.066532885
0.784460455	0.498529776	0.033265412	0.065733511
0.786337154	0.496008979	0.032851571	0.064935944
0.788213854	0.493392653	0.03243223	0.064139032
0.790090554	0.490685744	0.032009361	0.063344569
0.791967253	0.487886146	0.031585204	0.062553042
0.793843953	0.484994835	0.031157774	0.061766679
0.795720653	0.482010177	0.030728564	0.060984967
0.797597352	0.478928886	0.030297915	0.060205411
0.799474052	0.475755667	0.029864506	0.059431055
0.801350752	0.472484678	0.029428827	0.05865912
0.803227451	0.469117313	0.028989546	0.057890139
0.805104151	0.465654291	0.028547725	0.057126925
0.806980851	0.462093584	0.0281066	0.056366923
0.80885755	0.458432822	0.027665261	0.055610008
0.81073425	0.454674423	0.027224452	0.054856405
0.812610949	0.450815957	0.026783422	0.054107366
0.814487649	0.446862872	0.026348928	0.05337009
0.816364349	0.442819956	0.025921606	0.052642124
0.818241048	0.438689932	0.025495793	0.051919108
0.820117748	0.434474274	0.025071146	0.051196813
0.821994448	0.430177176	0.024642214	0.050481775
0.823871147	0.425793383	0.02421331	0.04976652
0.825747847	0.421323956	0.023786665	0.049053607
0.827624547	0.416786133	0.023357244	0.048350538
0.829501246	0.412164953	0.022938344	0.04763695
0.831377946	0.407475278	0.022526425	0.046927918
0.833254646	0.402706073	0.022119933	0.046222587
0.835131345	0.397865986	0.021721826	0.045518964
0.837008045	0.392957869	0.021314487	0.044839431
0.838884745	0.387961494	0.02091802	0.044159242
0.840761444	0.382888497	0.020528889	0.04348458
0.842638144	0.377732636	0.020149229	0.042818327
0.844514844	0.372488424	0.019778385	0.042156178
0.846391543	0.367162905	0.019413144	0.041499882
0.848268243	0.361757561	0.019053991	0.040852701
0.850144943	0.356265291	0.018707372	0.040208786
0.852021642	0.350698809	0.018367781	0.039573996
0.853898342	0.345054002	0.018037469	0.038943922
0.855775042	0.339336008	0.017720081	0.038324115
0.857651741	0.333540264	0.017409962	0.037710867
0.859528441	0.327672659	0.017104553	0.037103874
0.86140514	0.321728688	0.016803186	0.036503582
0.86328184	0.315699818	0.016506259	0.035903753
0.86515854	0.309591027	0.016212543	0.035308177
0.867035239	0.303392007	0.01592167	0.034713497
0.868911939	0.297104162	0.01563851	0.034115653
0.870788639	0.290716336	0.015366255	0.033513293
0.872665338	0.284224558	0.015103284	0.032906884
0.874542038	0.277627276	0.014849506	0.032296339
0.876418738	0.270927698	0.014607562	0.031679393
0.878295437	0.264128083	0.01437687	0.031052135
0.880172137	0.257236743	0.014158179	0.03041355
0.882048837	0.25024437	0.013951224	0.029760914
0.883925536	0.243156504	0.013757257	0.029098575
0.885802236	0.235981594	0.013575685	0.028430653
0.887678936	0.228719818	0.013407608	0.027759448
0.889555635	0.221382778	0.013252474	0.027090484
0.891432335	0.213971018	0.013111042	0.026424952
0.893309035	0.206488302	0.012982408	0.025764918
0.895185734	0.198943739	0.012866369	0.025112806
0.897062434	0.191333458	0.012765602	0.02446884
0.898939134	0.183667925	0.012678777	0.023838592
0.900815833	0.175947313	0.012613666	0.023223265
0.902692533	0.168180944	0.012567103	0.022625277
0.904569232	0.160364956	0.012539161	0.022038148
0.906445932	0.152507218	0.012525526	0.021463303
0.908322632	0.144602394	0.012525906	0.020899635
0.910199331	0.136654063	0.012544107	0.020354959
0.912076031	0.128667371	0.012584611	0.019828647
0.913952731	0.120649109	0.012644339	0.019317388
0.91582943	0.112596473	0.012718949	0.018817041
0.91770613	0.104514968	0.012806647	0.018328434
0.91958283	0.096395822	0.012907564	0.017850735
0.921459529	0.088241815	0.013024651	0.017384714
0.923336229	0.080051558	0.013157264	0.016928949
0.925212929	0.071822808	0.013305331	0.016483386
0.927089628	0.063553963	0.013469091	0.016047385
0.928966328	0.055242789	0.013646265	0.015618108
0.930843028	0.046884796	0.013838174	0.015193333
0.932719727	0.03847815	0.014045742	0.014772658
0.934596427	0.030023965	0.014267603	0.014352513
0.936473127	0.021525736	0.014501375	0.013933725
0.938349826	0.012985391	0.014748404	0.013520392
0.940226526	0.004408003	0.015010872	0.013112938
0.942103226	-0.004205733	0.015288329	0.012711295
0.943979925	-0.012852894	0.015580569	0.012314564
0.945856625	-0.021531978	0.015889101	0.011926742
0.947733324	-0.030241091	0.016212704	0.011547864
0.949610024	-0.038973925	0.016549051	0.011178476
0.951486724	-0.047736377	0.016900596	0.010817058
0.953363423	-0.056525919	0.017265118	0.010464053
0.955240123	-0.065343881	0.017644467	0.010119149
0.957116823	-0.07418937	0.018037789	0.00978192
0.958993522	-0.083058577	0.018446874	0.009452736
0.960870222	-0.091956069	0.018872674	0.009130025
0.962746922	-0.10087962	0.019313299	0.008813427
0.964623621	-0.109825923	0.019769875	0.008502863
0.966500321	-0.118802046	0.02023948	0.008197322
0.968377021	-0.127801657	0.020723336	0.007896558
0.97025372	-0.136828167	0.021219794	0.00759917
0.97213042	-0.145878169	0.021730411	0.007304649
0.97400712	-0.154949993	0.022255208	0.00701296
0.975883819	-0.164040592	0.022794772	0.006725327
0.977760519	-0.173152391	0.023351206	0.006438591
0.979637219	-0.182264998	0.023919869	0.006153813
0.981513918	-0.191387762	0.024494964	0.005876771
0.983390618	-0.200525929	0.025088191	0.005597284
0.985267318	-0.209682044	0.025695392	0.005322481
0.987144017	-0.218853345	0.026311133	0.005054609
0.989020717	-0.228038267	0.026937848	0.00479422
0.990897416	-0.23723226	0.027575254	0.004543279
0.992774116	-0.246438329	0.028226769	0.004300323
0.994650816	-0.255654936	0.028891681	0.004063741
0.996527515	-0.264881351	0.029572144	0.003831693
0.998404215	-0.274115849	0.030265286	0.003602521
1.000280915	-0.283355772	0.030972035	0.003379073
1.002157614	-0.292594975	0.03169044	0.003161563
1.004034314	-0.301828448	0.032420617	0.002951543
1.005911014	-0.311050752	0.033161147	0.002751098
1.007787713	-0.320257111	0.033914167	0.002563386
1.009664413	-0.329438751	0.034675919	0.002390445
1.011541113	-0.33859405	0.035448189	0.002235762
1.013417812	-0.347723671	0.036230183	0.002097061
1.015294512	-0.356824751	0.037020101	0.001975639
1.017171212	-0.365891355	0.037816923	0.001871892
1.019047911	-0.374920148	0.038623617	0.001788326
1.020924611	-0.383916909	0.039435144	0.001723534
1.022801311	-0.392874338	0.040251602	0.001676126
1.02467801	-0.401786607	0.041073855	0.001649714
1.02655471	-0.410663708	0.041901922	0.001638492
1.02843141	-0.419511726	0.042735263	0.001640818
1.030308109	-0.428314414	0.043572732	0.001659331
1.032184809	-0.437080892	0.044417116	0.001699072
1.034061508	-0.445807	0.045267129	0.001758796
1.035938208	-0.454497542	0.046122721	0.001836159
1.037814908	-0.463154071	0.046981868	0.001928482
1.039691607	-0.471777973	0.047848375	0.00203481
1.041568307	-0.480370026	0.048724406	0.002152227
1.043445007	-0.48892013	0.049608746	0.002279047
1.045321706	-0.497449055	0.050496371	0.002406886
1.047198406	-0.505968021	0.051390727	0.002527599
1.049075106	-0.514495081	0.052294417	0.002640296
1.050951805	-0.522991902	0.053206447	0.002749507
1.052828505	-0.531481629	0.054121968	0.002858658
1.054705205	-0.539943764	0.055041753	0.002967621
1.056581904	-0.548365302	0.055960971	0.003083669
1.058458604	-0.55673755	0.056881288	0.003210473
1.060335304	-0.565057711	0.05779673	0.003348093
1.062212003	-0.573338709	0.05871107	0.00348773
1.064088703	-0.581592711	0.059618447	0.00362885
1.065965403	-0.589821513	0.060523549	0.003766059
1.067842102	-0.598022518	0.061421223	0.003901999
1.069718802	-0.606204579	0.062316767	0.004031141
1.071595502	-0.614362478	0.063207279	0.004153969
1.073472201	-0.622505093	0.064091024	0.004272126
1.075348901	-0.630630019	0.064973365	0.004391974
1.0772256	-0.638740228	0.065849948	0.004517646
1.0791023	-0.646826037	0.066724166	0.004651283
1.080979	-0.654884274	0.067594935	0.004786632
1.082855699	-0.662901958	0.068457072	0.004919968
1.084732399	-0.670877519	0.069315108	0.005050474
1.086609099	-0.678800805	0.07016846	0.005178886
1.088485798	-0.686659488	0.071021458	0.005301944
1.090362498	-0.694443685	0.071865714	0.005434136
1.092239198	-0.702150757	0.072705889	0.005574212
1.094115897	-0.70977952	0.073533297	0.005729388
1.095992597	-0.717324489	0.074353991	0.005899138
1.097869297	-0.724785184	0.075157349	0.006089136
1.099745996	-0.732148056	0.075943152	0.006299903
1.101622696	-0.739414542	0.076709203	0.006530499
1.103499396	-0.746577704	0.07745806	0.006775296
1.105376095	-0.753631762	0.078185138	0.007038379
1.107252795	-0.760595333	0.078904692	0.007313088
1.109129495	-0.767476539	0.079606526	0.007609109
1.111006194	-0.774273692	0.080284042	0.007927043
1.112882894	-0.780986755	0.080937698	0.008263394
1.114759594	-0.787629432	0.081571604	0.008614453
1.116636293	-0.794203402	0.082187701	0.008975628
1.118512993	-0.800707859	0.082786046	0.009343999
1.120389692	-0.80714814	0.083368923	0.009716942
1.122266392	-0.81352462	0.083933939	0.010091948
1.124143092	-0.819837991	0.084482635	0.010469592
1.126019791	-0.826089349	0.085014964	0.01084759
1.127896491	-0.832276702	0.08553041	0.01122533
1.129773191	-0.838398533	0.086027338	0.011602667
1.13164989	-0.844448209	0.086505231	0.011978551
1.13352659	-0.850428528	0.08697513	0.012345753
1.13540329	-0.85634115	0.087431379	0.012711289
1.137279989	-0.862191179	0.087873968	0.013077204
1.139156689	-0.867966724	0.088294058	0.013448797
1.141033389	-0.873675096	0.088692071	0.013828824
1.142910088	-0.879304736	0.089066705	0.014215519
1.144786788	-0.884863408	0.089420875	0.01460893
1.146663488	-0.89033923	0.089754476	0.015006719
1.148540187	-0.895743209	0.090069056	0.015409852
1.150416887	-0.901062822	0.090362	0.01581576
1.152293587	-0.906313368	0.090638218	0.016226459
1.154170286	-0.91147523	0.090891881	0.016641694
1.156046986	-0.916556933	0.091124556	0.017063325
1.157923686	-0.921545184	0.091336788	0.017490536
1.159800385	-0.926456005	0.091527692	0.017925288
1.161677085	-0.931266127	0.091694867	0.018367432
1.163553785	-0.935985907	0.091844258	0.01881694
1.165430484	-0.940601713	0.091967959	0.01927576
1.167307184	-0.945116331	0.092070175	0.019746124
1.169183883	-0.949523889	0.092152526	0.020221805
1.171060583	-0.953830539	0.092221133	0.020703348
1.172937283	-0.958040902	0.092269711	0.021201944
1.174813982	-0.962142765	0.092293625	0.021712733
1.176690682	-0.96613684	0.092290396	0.022245921
1.178567382	-0.970013179	0.092256182	0.02279843
1.180444081	-0.973778872	0.092202605	0.023372004
1.182320781	-0.977435132	0.092117642	0.023963684
1.184197481	-0.980975418	0.092009142	0.024574871
1.18607418	-0.984399008	0.091877034	0.025207394
1.18795088	-0.987703848	0.091716901	0.025860328
1.18982758	-0.990894662	0.091533306	0.02653082
1.191704279	-0.993980679	0.091327229	0.027217036
1.193580979	-0.99694899	0.091093089	0.02792083
1.195457679	-0.999831346	0.090843032	0.0286273
1.197334378	-1.002650343	0.090580239	0.029326194
1.199211078	-1.005416856	0.090312145	0.030015359
1.201087778	-1.008113599	0.090027425	0.030703125
1.202964477	-1.010729994	0.089739885	0.031390507
1.204841177	-1.013274761	0.08945216	0.032079442
1.206717877	-1.015759606	0.089170064	0.032773887
1.208594576	-1.018194098	0.088890682	0.033470213
1.210471276	-1.020534628	0.088628119	0.034150221
1.212347975	-1.022829232	0.088430663	0.034797495
1.214224675	-1.025046001	0.088281338	0.03540004
1.216101375	-1.027119889	0.088161023	0.035974983
1.217978074	-1.029024956	0.088040418	0.036526823
1.219854774	-1.03066517	0.087900004	0.037073201
1.221731474	-1.032102968	0.087742922	0.037628882
1.223608173	-1.033392755	0.08758091	0.038177139
1.225484873	-1.034411188	0.087397348	0.038696743
1.227361573	-1.035332521	0.087240888	0.039196906
1.229238272	-1.036218051	0.087093605	0.039706041
1.231114972	-1.037059711	0.086915499	0.040235188
1.232991672	-1.037629394	0.086610768	0.040810412
1.234868371	-1.038102198	0.086250105	0.04140788
1.236745071	-1.038547493	0.085858033	0.042020086
1.238621771	-1.038983356	0.08544239	0.042637059
1.24049847	-1.039278288	0.08495613	0.043249856
1.24237517	-1.039327283	0.084357909	0.043859708
1.24425187	-1.039378878	0.083753283	0.044470968
1.246128569	-1.039488121	0.083161468	0.045077417
1.248005269	-1.039630608	0.082586485	0.045674596
1.249881969	-1.039693626	0.081993813	0.046250775
1.251758668	-1.039381011	0.081249776	0.046820119
1.253635368	-1.03901437	0.080491871	0.047403565
1.255512067	-1.038760607	0.079792871	0.047975726
1.257388767	-1.038650567	0.079181944	0.048524749
1.259265467	-1.038583891	0.078621353	0.049050905
1.261142166	-1.038185227	0.07796478	0.049560212
1.263018866	-1.037350519	0.077160361	0.050066281
1.264895566	-1.036564465	0.076397067	0.050589827
1.266772265	-1.03592354	0.075711708	0.051097545
1.268648965	-1.035392595	0.075094788	0.051571293
1.270525665	-1.034840068	0.074508195	0.052027729
1.272402364	-1.033885293	0.073796391	0.05246272
1.274279064	-1.032503408	0.072924461	0.052894424
1.276155764	-1.03133285	0.072164955	0.053337447
1.278032463	-1.030288093	0.071464456	0.05375213
1.279909163	-1.029320562	0.070817936	0.054129123
1.281785863	-1.028334451	0.070205622	0.054483196
1.283662562	-1.026903524	0.06943474	0.054826841
1.285539262	-1.025059125	0.068518955	0.055153761
1.287415962	-1.023530765	0.067758215	0.055493297
1.289292661	-1.022144402	0.067054928	0.055793606
1.291169361	-1.020775207	0.066382447	0.056057438
1.293046061	-1.01931352	0.065705491	0.056293323
1.29492276	-1.017378296	0.064850211	0.056510722
1.29679946	-1.015276093	0.063960443	0.056707521
1.298676159	-1.013519708	0.0632131	0.056896841
1.300552859	-1.011876812	0.062521266	0.057036
1.302429559	-1.010235137	0.061848709	0.057132164
1.304306258	-1.00826516	0.061065875	0.057187865
1.306182958	-1.005985336	0.060171042	0.057221793
1.308059658	-1.003937244	0.059380871	0.057246179
1.309936357	-1.002119528	0.058689123	0.057223982
1.311813057	-1.000339606	0.058028859	0.057149459
1.313689757	-0.998300388	0.057285579	0.057033694
1.315566456	-0.995921263	0.056412542	0.056897411
1.317443156	-0.993674981	0.055613607	0.056750828
1.319319856	-0.991668256	0.05491198	0.056570203
1.321196555	-0.989703932	0.054247749	0.056347299
1.323073255	-0.987542418	0.053530365	0.056096529
1.324949955	-0.985024645	0.052677884	0.055825919
1.326826654	-0.982472703	0.051843481	0.055556562
1.328703354	-0.98016557	0.051114213	0.055283532
1.330580054	-0.977909324	0.050427472	0.05498483
1.332456753	-0.975480028	0.04970817	0.054667699
1.334333453	-0.972631258	0.048841615	0.054360181
1.336210153	-0.969573823	0.047939233	0.054081397
1.338086852	-0.966789415	0.047155462	0.053822852
1.339963552	-0.963982606	0.046398148	0.053568499
1.341840251	-0.96103694	0.045629663	0.053322605
1.343716951	-0.957644385	0.044721182	0.053098201
1.345593651	-0.953870015	0.043718703	0.052919624
1.34747035	-0.950324337	0.042833263	0.052795268
1.34934705	-0.946786567	0.041985205	0.052677893
1.35122375	-0.943183619	0.041158007	0.052563774
1.353100449	-0.939210858	0.04024015	0.052471396
1.354977149	-0.934813797	0.039170264	0.052378913
1.356853849	-0.930528178	0.038184004	0.052317623
1.358730548	-0.926457398	0.037290268	0.052225255
1.360607248	-0.922538019	0.036472003	0.052047029
1.362483948	-0.91864065	0.035679942	0.051805646
1.364360647	-0.914450827	0.034768116	0.051492553
1.366237347	-0.910193411	0.033834446	0.051122267
1.368114047	-0.906121026	0.032970645	0.050737099
1.369990746	-0.902255042	0.032211353	0.050337496
1.371867446	-0.898367957	0.031490112	0.049982348
1.373744146	-0.894143046	0.030716969	0.049713438
1.375620845	-0.889112709	0.029739078	0.049604295
1.377497545	-0.883548225	0.028658788	0.049681759
1.379374245	-0.877694011	0.027514218	0.049913253
1.381250944	-0.871721804	0.026385225	0.05026097
1.383127644	-0.865812212	0.025369798	0.050676048
1.385004343	-0.859760133	0.024395962	0.051123793
1.386881043	-0.853479651	0.023384047	0.051591609
1.388757743	-0.846743613	0.022298296	0.052060764
1.390634442	-0.839552823	0.021086503	0.052579594
1.392511142	-0.83268247	0.019972912	0.053067775
1.394387842	-0.82595472	0.018962743	0.053548132
1.396264541	-0.819331684	0.018026119	0.053982726
1.398141241	-0.812630405	0.017100978	0.05437226
1.400017941	-0.805769857	0.016148983	0.054737882
1.40189464	-0.798706063	0.01517839	0.055079601
1.40377134	-0.791275056	0.014076305	0.055438061
1.40564804	-0.784090035	0.013053169	0.055820361
1.407524739	-0.776879818	0.012043944	0.056187978
1.409401439	-0.769760529	0.011034564	0.056518026
1.411278139	-0.762798473	0.010098121	0.056802196
1.413154838	-0.756022854	0.009210319	0.057026374
1.415031538	-0.749062896	0.008292646	0.057236615
1.416908238	-0.742059568	0.007424311	0.057496644
1.418784937	-0.735117766	0.006592272	0.057760883
1.420661637	-0.72737821	0.005644573	0.058130769
1.422538337	-0.719719963	0.004774405	0.058535722
1.424415036	-0.711898616	0.003921407	0.058975692
1.426291736	-0.704025199	0.003080897	0.059407631
1.428168435	-0.69594612	0.002258117	0.05984331
1.430045135	-0.687983357	0.001494706	0.060268629
1.431921835	-0.679810811	0.000727832	0.060661446
1.433798534	-0.6716921	8.96E-06	0.061042843
1.435675234	-0.663597136	-0.000693146	0.061416122
1.437551934	-0.655433728	-0.001379916	0.061798058
1.439428633	-0.647191477	-0.002069936	0.062189296
1.441305333	-0.638854365	-0.002757769	0.062609786
1.443182033	-0.630422071	-0.003467141	0.063086381
1.445058732	-0.621773616	-0.004191569	0.063615251
1.446935432	-0.613068978	-0.004938013	0.064180134
1.448812132	-0.604289169	-0.005662914	0.064802772
1.450688831	-0.595335007	-0.006405549	0.065443231
1.452565531	-0.58642489	-0.007113474	0.066122915
1.454442231	-0.577312247	-0.007832938	0.066807714
1.45631893	-0.568320704	-0.008506703	0.067487709
1.45819563	-0.559087886	-0.009189963	0.068168419
1.46007233	-0.550012569	-0.009836739	0.068824878
1.461949029	-0.540827996	-0.010471269	0.069461955
1.463825729	-0.531631528	-0.011102023	0.070080699
1.465702429	-0.522546656	-0.011691447	0.070671711
1.467579128	-0.513434753	-0.012271121	0.071232111
1.469455828	-0.504385165	-0.012819521	0.071790486
1.471332528	-0.495227651	-0.013359697	0.072335605
1.473209227	-0.486153522	-0.013858803	0.072909299
1.475085927	-0.476906671	-0.014366194	0.073493429
1.476962626	-0.467637965	-0.014848126	0.07411483
1.478839326	-0.458236321	-0.015314086	0.074769554
1.480716026	-0.448733883	-0.015769616	0.075465394
1.482592725	-0.439169092	-0.016205746	0.076188989
1.484469425	-0.429466246	-0.016635937	0.076950361
1.486346125	-0.419697364	-0.017043245	0.07773553
1.488222824	-0.40986392	-0.017436542	0.078541553
1.490099524	-0.39998117	-0.017805172	0.079354733
1.491976224	-0.390081987	-0.018153711	0.080170617
1.493852923	-0.380168483	-0.018481699	0.080975336
1.495729623	-0.370284634	-0.018795443	0.081766086
1.497606323	-0.360413513	-0.019081138	0.082542643
1.499483022	-0.350581422	-0.019341882	0.083306644
1.501359722	-0.340782389	-0.019578388	0.08405087
1.503236422	-0.331019946	-0.019790823	0.08477843
1.505113121	-0.321276462	-0.019979422	0.085491236
1.506989821	-0.311555873	-0.020142896	0.086196128
1.508866521	-0.301856708	-0.020280477	0.08688895
1.51074322	-0.292163256	-0.020392214	0.087565436
1.51261992	-0.282463457	-0.020479056	0.088236088
1.51449662	-0.27283352	-0.020531594	0.088888306
1.516373319	-0.263205923	-0.020563405	0.089524943
1.518250019	-0.25362215	-0.020566767	0.090145508
1.520126718	-0.244079437	-0.020546328	0.090745643
1.522003418	-0.234592293	-0.020503823	0.091322734
1.523880118	-0.225129649	-0.020436086	0.091875654
1.525756817	-0.215700896	-0.020347119	0.092415866
1.527633517	-0.206303935	-0.020235131	0.092949807
1.529510217	-0.196924339	-0.020098457	0.093484438
1.531386916	-0.187526994	-0.019939066	0.094032859
1.533263616	-0.178089444	-0.019756793	0.094606958
1.535140316	-0.168561148	-0.019554084	0.095220489
1.537017015	-0.158918274	-0.019329489	0.095882846
1.538893715	-0.149111546	-0.019062646	0.096591366
1.540770415	-0.139142166	-0.018780049	0.097390032
1.542647114	-0.128976392	-0.018468002	0.09827653
1.544523814	-0.118613789	-0.018120759	0.099250352
1.546400514	-0.108047946	-0.017747368	0.100321074
1.548277213	-0.097297859	-0.017338842	0.101482505
1.550153913	-0.086387018	-0.0168939	0.102722959
1.552030613	-0.075349156	-0.016413749	0.104026407
1.553907312	-0.06420452	-0.015905903	0.105382227
1.555784012	-0.053001158	-0.015360925	0.106769614
1.557660712	-0.041810451	-0.014779827	0.108163077
1.559537411	-0.030684016	-0.014168591	0.1095388
1.561414111	-0.01967319	-0.013529258	0.1108748
1.56329081	-0.008811128	-0.012861891	0.112154947
1.56516751	0.00185127	-0.012165323	0.113358617
1.56704421	0.012303592	-0.011443841	0.114468677
1.568920909	0.022509115	-0.010696019	0.115479555
1.570797609	0.032460582	-0.009924706	0.116378544
1.572674309	0.042155608	-0.009135735	0.117153637
1.574551008	0.051596765	-0.008331536	0.11781415
1.576427708	0.060774445	-0.007512064	0.118356969
1.578304408	0.069699493	-0.006681192	0.118788445
1.580181107	0.078386116	-0.005841847	0.119116176
1.582057807	0.086852558	-0.004996056	0.119349339
1.583934507	0.095118828	-0.004146544	0.119491915
1.585811206	0.103200273	-0.003296859	0.119559237
1.587687906	0.11111708	-0.002447297	0.119560584
1.589564606	0.118863	-0.001598366	0.119496709
1.591441305	0.126468274	-0.000754854	0.119377074
1.593318005	0.133939479	8.34E-05	0.119210496
1.595194705	0.141293813	0.000916681	0.119006418
1.597071404	0.148534013	0.001744445	0.118764909
1.598948104	0.155679714	0.002566624	0.118491971
1.600824804	0.162741582	0.003383939	0.118195194
1.602701503	0.169743663	0.004195624	0.117881478
1.604578203	0.176703629	0.005000576	0.117553699
1.606454902	0.1836155	0.005799083	0.117212101
1.608331602	0.190477306	0.006590238	0.116865354
1.610208302	0.197302368	0.007373515	0.116517011
1.612085001	0.204095261	0.008148916	0.116170574
1.613961701	0.210851629	0.008917255	0.115820749
1.615838401	0.217587481	0.009680454	0.115477763
1.6177151	0.22429212	0.010435348	0.115144715
1.6195918	0.230965402	0.011179834	0.114822729
1.6214685	0.237604467	0.011918231	0.11451443
1.623345199	0.244203235	0.012652413	0.114221796
1.625221899	0.250776646	0.013382859	0.113943964
1.627098599	0.257317726	0.014108863	0.113676099
1.628975298	0.263832494	0.014828253	0.113412889
1.630851998	0.270319442	0.01553905	0.113155258
1.632728698	0.276766715	0.016244216	0.112903988
1.634605397	0.283184343	0.016948137	0.112655485
1.636482097	0.289558018	0.017644819	0.112411853
1.638358797	0.29588695	0.018335705	0.112170545
1.640235496	0.302169817	0.01902135	0.11193097
1.642112196	0.308376241	0.019698684	0.111688118
1.643988896	0.314532875	0.020364758	0.111445677
1.645865595	0.320612801	0.021031352	0.111222514
1.647742295	0.326630626	0.021699268	0.111011461
1.649618994	0.332598335	0.022363177	0.110815926
1.651495694	0.338508672	0.023022269	0.110624002
1.653372394	0.344367856	0.023680483	0.110423743
1.655249093	0.350177685	0.024331097	0.110220938
1.657125793	0.355939989	0.024964411	0.110021133
1.659002493	0.36164433	0.025579721	0.109814133
1.660879192	0.36729589	0.026202656	0.109580608
1.662755892	0.372867177	0.026823491	0.109327671
1.664632592	0.378358448	0.02743805	0.109061981
1.666509291	0.38375845	0.028042946	0.108787764
1.668385991	0.389070368	0.028636941	0.108507156
1.670262691	0.394287808	0.029222793	0.108221702
1.67213939	0.399409211	0.029800411	0.10793277
1.67401609	0.40442709	0.030368626	0.107635873
1.67589279	0.40933585	0.030926934	0.107334039
1.677769489	0.41414549	0.031482042	0.107038752
1.679646189	0.4188608	0.032029625	0.106740762
1.681522889	0.423484507	0.032564407	0.10643645
1.683399588	0.428020505	0.033083379	0.106123947
1.685276288	0.432474786	0.033587387	0.105805181
1.687152988	0.436836087	0.034075235	0.105479216
1.689029687	0.441114452	0.034550927	0.105150228
1.690906387	0.445315677	0.035019093	0.104823511
1.692783086	0.449435943	0.035477782	0.104494358
1.694659786	0.453467646	0.035921478	0.104155358
1.696536486	0.457408682	0.036349464	0.103806801
1.698413185	0.461249073	0.036760052	0.10344489
1.700289885	0.464973784	0.037152923	0.103064191
1.702166585	0.468577782	0.037527098	0.102667243
1.704043284	0.472045023	0.037881056	0.10224778
1.705919984	0.475371438	0.038214978	0.101807004
1.707796684	0.478552396	0.038542179	0.101356579
1.709673383	0.481589127	0.038854742	0.100884441
1.711550083	0.484468728	0.039132583	0.100367833
1.713426783	0.487206807	0.039380166	0.09981682
1.715303482	0.48980825	0.039607894	0.099242322
1.717180182	0.492278335	0.039816353	0.098643171
1.719056882	0.494615364	0.040003416	0.098016204
1.720933581	0.496832113	0.040172277	0.097368541
1.722810281	0.49892924	0.040322745	0.096701721
1.724686981	0.500906335	0.040454093	0.096016802
1.72656368	0.502765336	0.04056361	0.095315394
1.72844038	0.504511206	0.040653092	0.094603544
1.73031708	0.506146115	0.040721119	0.093882497
1.732193779	0.507663151	0.040772115	0.09315678
1.734070479	0.509074434	0.040803212	0.092421492
1.735947178	0.51038117	0.040817205	0.091680713
1.737823878	0.511578894	0.040810497	0.090934191
1.739700578	0.51266395	0.040776451	0.090181454
1.741577277	0.513641887	0.040743535	0.089453719
1.743453977	0.514526306	0.040710384	0.0887407
1.745330677	0.515319361	0.040661707	0.088025084
1.747207376	0.516020269	0.040590439	0.087302393
1.749084076	0.516632077	0.040502518	0.086579771
1.750960776	0.517150955	0.04040109	0.085857081
1.752837475	0.51757999	0.040289732	0.085135037
1.754714175	0.517916191	0.040165918	0.084413444
1.756590875	0.518162718	0.040033279	0.083692364
1.758467574	0.518314007	0.039887756	0.082975046
1.760344274	0.518368742	0.039731394	0.082257675
1.762220974	0.518322671	0.039562489	0.081539481
1.764097673	0.518173544	0.039378894	0.080821461
1.765974373	0.517919118	0.039184114	0.08009985
1.767851073	0.517560364	0.038979172	0.079373244
1.769727772	0.517094068	0.038761569	0.078641334
1.771604472	0.516521365	0.038533304	0.077903491
1.773481172	0.515846275	0.038292214	0.077160574
1.775357871	0.515073723	0.038035554	0.07641582
1.777234571	0.514222507	0.037744187	0.075692893
1.77911127	0.513269206	0.037452577	0.074949038
1.78098797	0.512216221	0.037149497	0.074200219
1.78286467	0.511048773	0.036851382	0.073460966
1.784741369	0.509780004	0.036559082	0.072738359
1.786618069	0.508418425	0.036263957	0.072021576
1.788494769	0.506961637	0.035953224	0.071302994
1.790371468	0.505408301	0.035631632	0.070583837
1.792248168	0.503761821	0.035305014	0.069867198
1.794124868	0.502022838	0.034976118	0.06915015
1.796001567	0.500190044	0.034645512	0.06843276
1.797878267	0.49826388	0.034313527	0.067717497
1.799754967	0.496242366	0.03397971	0.067004825
1.801631666	0.494125545	0.033642022	0.066294676
1.803508366	0.491910418	0.033298244	0.065587328
1.805385066	0.48959958	0.032949532	0.064879664
1.807261765	0.487186426	0.032591327	0.064171387
1.809138465	0.484678361	0.032227398	0.063463958
1.811015165	0.48207211	0.031854096	0.0627562
1.812891864	0.479365041	0.031473805	0.06204455
1.814768564	0.476558492	0.031086979	0.061329893
1.816645264	0.473649409	0.030692037	0.060611624
1.818521963	0.470637826	0.030292886	0.059892334
1.820398663	0.467514851	0.02988639	0.059172509
1.822275363	0.464259749	0.029461765	0.058441647
1.824152062	0.460888676	0.029050485	0.057732925
1.826028762	0.457400997	0.02864624	0.057028792
1.827905461	0.453803851	0.028236898	0.056316511
1.829782161	0.450095928	0.027819657	0.055591097
1.831658861	0.446282004	0.027389095	0.054847207
1.83353556	0.442356283	0.026955444	0.054090924
1.83541226	0.43832797	0.026519255	0.053324576
1.83728896	0.434194279	0.026083497	0.052550448
1.839165659	0.429959159	0.025647326	0.051772899
1.841042359	0.425623278	0.02521245	0.050992977
1.842919059	0.421190358	0.02477468	0.05021127
1.844795758	0.416659114	0.024338026	0.049429638
1.846672458	0.412033491	0.023900418	0.048648215
1.848549158	0.407314715	0.023462047	0.047868086
1.850425857	0.402503854	0.023024884	0.04708933
1.852302557	0.397611958	0.022587724	0.046314708
1.854179257	0.392637529	0.022152508	0.045544055
1.856055956	0.387582732	0.021722679	0.044779416
1.857932656	0.382454284	0.021298209	0.044023864
1.859809356	0.377253049	0.020879228	0.043276868
1.861686055	0.371979004	0.020463523	0.042539741
1.863562755	0.366639969	0.02005502	0.04181478
1.865439455	0.361236414	0.019656349	0.041104711
1.867316154	0.355765205	0.01926532	0.040407125
1.869192854	0.350232859	0.018883163	0.039723741
1.871069553	0.344632733	0.01851074	0.039051743
1.872946253	0.338962253	0.018143349	0.038391808
1.874822953	0.333204614	0.01777772	0.037733841
1.876699652	0.327346079	0.017402324	0.037076958
1.878576352	0.321407522	0.017057513	0.036453062
1.880453052	0.315382619	0.016731573	0.035844214
1.882329751	0.309270498	0.016422482	0.035242874
1.884206451	0.30307348	0.016124322	0.034636156
1.886083151	0.296783798	0.015836382	0.034019712
1.88795985	0.290402387	0.015562362	0.033393336
1.88983655	0.283933857	0.015302845	0.032759622
1.89171325	0.277377254	0.01505955	0.032118909
1.893589949	0.270741761	0.014828871	0.031476215
1.895466649	0.264025122	0.014607727	0.030831617
1.897343349	0.25723604	0.014394532	0.030188151
1.899220048	0.250372724	0.014190131	0.029545888
1.901096748	0.243445882	0.013991713	0.028907758
1.902973448	0.236459864	0.013801165	0.028276353
1.904850147	0.22940531	0.013621978	0.027650736
1.906726847	0.222289199	0.013455451	0.027031848
1.908603547	0.215110091	0.01329881	0.026419308
1.910480246	0.207875977	0.013153373	0.025816385
1.912356946	0.200589274	0.013019678	0.02522296
1.914233645	0.193259664	0.012901147	0.024646457
1.916110345	0.185884327	0.012797667	0.024085103
1.917987045	0.178472632	0.012708524	0.02353963
1.919863744	0.171021902	0.012635027	0.0230106
1.921740444	0.163531824	0.012574872	0.022497449
1.923617144	0.155998114	0.012530004	0.02199768
1.925493843	0.148419231	0.012496911	0.021509163
1.927370543	0.140790501	0.012474289	0.021027398
1.929247243	0.133110426	0.012465847	0.020553135
1.931123942	0.125379499	0.012472684	0.020087188
1.933000642	0.117586517	0.012497502	0.019628356
1.934877342	0.109738191	0.012536269	0.01917141
1.936754041	0.101825652	0.012587759	0.018713592
1.938630741	0.093832091	0.012649091	0.018252889
1.940507441	0.085756975	0.012716435	0.017782106
1.94238414	0.077600473	0.01279301	0.017308085
1.94426084	0.069375542	0.012898076	0.01685036
1.94613754	0.061085913	0.013028762	0.016399233
1.948014239	0.052726466	0.013181463	0.015949174
1.949890939	0.044298565	0.013354013	0.015497039
1.951767639	0.035807078	0.013550204	0.01504282
1.953644338	0.027256753	0.013771442	0.014586928
1.955521038	0.018650991	0.014017745	0.014128118
1.957397737	0.009997279	0.014287514	0.013667485
1.959274437	0.00130276	0.014578488	0.013206448
1.961151137	-0.007428758	0.014888626	0.01274437
1.963027836	-0.016193286	0.015216878	0.012285091
1.964904536	-0.024983315	0.015566101	0.011833681
1.966781236	-0.033789492	0.015930016	0.011392745
1.968657935	-0.042608296	0.01630916	0.010965858
1.970534635	-0.051434464	0.016702344	0.010554765
1.972411335	-0.060259723	0.017107363	0.010164473
1.974288034	-0.069080288	0.017525621	0.009796718
1.976164734	-0.077894234	0.017953867	0.009450762
1.978041434	-0.086698155	0.018398303	0.009131393
1.979918133	-0.095491342	0.018858611	0.008835138
1.981794833	-0.104283906	0.01933141	0.008558509
1.983671533	-0.113074921	0.019817561	0.008299062
1.985548232	-0.121880453	0.020314654	0.008053
1.987424932	-0.130698854	0.020824039	0.007816692
1.989301632	-0.139542744	0.021341668	0.007584243
1.991178331	-0.148406965	0.021868838	0.007355672
1.993055031	-0.157293659	0.022411424	0.007132486
1.994931731	-0.166208756	0.022968617	0.006914802
1.99680843	-0.17515157	0.023538744	0.006694738
1.99868513	-0.184128969	0.024116609	0.006471406
2.000561829	-0.193134126	0.024704774	0.006244475
2.002438529	-0.202174215	0.02530029	0.00601219
2.004315229	-0.211234984	0.025905433	0.005774078
2.006191928	-0.220319832	0.026519128	0.005530413
2.008068628	-0.229411145	0.027141304	0.00529414
2.009945328	-0.238526297	0.027782293	0.005055192
2.011822027	-0.247665154	0.028438254	0.004817027
2.013698727	-0.256825357	0.029106838	0.00458077
2.015575427	-0.265998947	0.029785857	0.004348559
2.017452126	-0.275183071	0.030477461	0.004122089
2.019328826	-0.284374865	0.031179229	0.00389766
2.021205526	-0.293581497	0.031892246	0.003674737
2.023082225	-0.302779804	0.032622226	0.003459003
2.024958925	-0.311976952	0.033363461	0.00324737
2.026835625	-0.321163106	0.034116586	0.003047537
2.028712324	-0.330339461	0.034879894	0.002854847
2.030589024	-0.339492958	0.035654102	0.002675042
2.032465724	-0.348629238	0.036437942	0.002509748
2.034342423	-0.357731038	0.037228936	0.002361805
2.036219123	-0.366803107	0.038026547	0.002230295
2.038095823	-0.375832873	0.038832728	0.002119103
2.039972522	-0.384821714	0.039640533	0.00203025
2.041849222	-0.39376648	0.040454375	0.001964464
2.043725921	-0.402663699	0.041274962	0.001915519
2.045602621	-0.411525031	0.042103015	0.001881917
2.047479321	-0.420347425	0.04293702	0.001867942
2.04935602	-0.429125435	0.043777049	0.001872204
2.05123272	-0.437859382	0.044620476	0.001892014
2.05310942	-0.446549438	0.045464937	0.001924036
2.054986119	-0.455196186	0.046314643	0.001973402
2.056862819	-0.463792544	0.047172581	0.002034884
2.058739519	-0.47234397	0.04801896	0.002121437
2.060616218	-0.480861055	0.048869042	0.00221483
2.062492918	-0.489339623	0.049726283	0.002324796
2.064369618	-0.497769012	0.050582973	0.002451328
2.066246317	-0.506148093	0.051438282	0.002590113
2.068123017	-0.514487019	0.052294268	0.002751985
2.069999717	-0.522774604	0.053154655	0.00292801
2.071876416	-0.531050494	0.054012919	0.003097288
2.073753116	-0.539323834	0.054866687	0.003257272
2.075629816	-0.54758827	0.055721298	0.003416202
2.077506515	-0.55582867	0.056577928	0.003577465
2.079383215	-0.564049451	0.057433149	0.003739964
2.081259915	-0.572216633	0.058284918	0.003915715
2.083136614	-0.580334331	0.059130019	0.004108659
2.085013314	-0.588410154	0.059960375	0.004308426
2.086890013	-0.596437779	0.060786301	0.004509285
2.088766713	-0.604430086	0.061612433	0.004711494
2.090643413	-0.612373468	0.0624526	0.004927188
2.092520112	-0.620272539	0.063288568	0.005148107
2.094396812	-0.628122092	0.064118273	0.005371211
2.096273512	-0.635928934	0.064944292	0.005595795
2.098150211	-0.643685322	0.065764182	0.005821481
2.100026911	-0.651398287	0.066576893	0.006042904
2.101903611	-0.659059437	0.06738145	0.006274261
2.10378031	-0.666661853	0.068187119	0.006523914
2.10565701	-0.674221316	0.068986496	0.006770312
2.10753371	-0.681716036	0.069778738	0.007019154
2.109410409	-0.689159432	0.070562252	0.007269571
2.111287109	-0.69655057	0.071331305	0.00752098
2.113163809	-0.703890538	0.072098414	0.007774186
2.115040508	-0.711185696	0.072853206	0.008042054
2.116917208	-0.718414404	0.073607421	0.008323903
2.118793908	-0.725587012	0.074350026	0.008606226
2.120670607	-0.732686498	0.075075427	0.008890443
2.122547307	-0.739714384	0.075792651	0.009170541
2.124424007	-0.746649882	0.076472052	0.009478696
2.126300706	-0.753523724	0.077164973	0.009768841
2.128177406	-0.760349823	0.077856842	0.010066564
2.130054106	-0.76710306	0.078531344	0.010379522
2.131930805	-0.773780948	0.07918483	0.010707512
2.133807505	-0.780389234	0.079815384	0.011047865
2.135684204	-0.786931545	0.080429997	0.011397276
2.137560904	-0.793415917	0.081029786	0.011747735
2.139437604	-0.799840237	0.081608815	0.012102615
2.141314303	-0.806204936	0.082184431	0.012465294
2.143191003	-0.812506434	0.082747521	0.012827334
2.145067703	-0.818756495	0.08329285	0.013185061
2.146944402	-0.824950797	0.083825342	0.013537215
2.148821102	-0.831084907	0.084339029	0.013888085
2.150697802	-0.837165053	0.084839928	0.014242353
2.152574501	-0.843186405	0.085332968	0.014595768
2.154451201	-0.849135684	0.08581356	0.014947164
2.156327901	-0.855007798	0.086292427	0.015286703
2.1582046	-0.86083888	0.086766298	0.015617471
2.1600813	-0.866595637	0.0872304	0.015953016
2.161958	-0.872299385	0.087681875	0.016292755
2.163834699	-0.877923204	0.088113654	0.016632871
2.165711399	-0.883481231	0.088530998	0.016970987
2.167588099	-0.888956082	0.088933363	0.017314468
2.169464798	-0.894372763	0.089324844	0.017661302
2.171341498	-0.899717209	0.089699356	0.018002626
2.173218198	-0.904993317	0.090056852	0.018341475
2.175094897	-0.910181008	0.090375613	0.018675917
2.176971597	-0.915290985	0.090672118	0.019022029
2.178848296	-0.920311942	0.090951624	0.019384179
2.180724996	-0.925259252	0.09120217	0.019750717
2.182601696	-0.930095992	0.091422886	0.020124481
2.184478395	-0.934841574	0.091606327	0.020500036
2.186355095	-0.939473986	0.091765389	0.020898415
2.188231795	-0.944003537	0.091900157	0.021312128
2.190108494	-0.948426838	0.092006755	0.021744163
2.191985194	-0.952733873	0.092091707	0.022174565
2.193861894	-0.956922268	0.092154891	0.022614878
2.195738593	-0.961007388	0.092190564	0.02307868
2.197615293	-0.965002127	0.09220847	0.023555394
2.199491993	-0.968852212	0.092186457	0.02406465
2.201368692	-0.972574984	0.092140804	0.02460471
2.203245392	-0.976168643	0.092061555	0.025174222
2.205122092	-0.979641047	0.091952719	0.025766211
2.206998791	-0.982981243	0.091810724	0.026381531
2.208875491	-0.986187719	0.091644807	0.027028032
2.210752191	-0.989257954	0.091450939	0.027710585
2.21262889	-0.992208931	0.091230666	0.02841199
2.21450559	-0.995058755	0.090987926	0.029124435
2.21638229	-0.997792619	0.090721362	0.029853831
2.218258989	-1.000444959	0.090436489	0.030583233
2.220135689	-1.003022485	0.090139338	0.031313012
2.222012388	-1.005566837	0.089849116	0.032031714
2.223889088	-1.008053654	0.089550105	0.032740557
2.225765788	-1.010499601	0.089252698	0.033428008
2.227642487	-1.01288891	0.088964064	0.034107723
2.229519187	-1.015259921	0.088691559	0.034785052
2.231395887	-1.017508178	0.088441399	0.035443171
2.233272586	-1.019735427	0.088265821	0.036065451
2.235149286	-1.021826838	0.088109676	0.036649578
2.237025986	-1.023799544	0.087979669	0.037202881
2.238902685	-1.025537275	0.0878328	0.037735141
2.240779385	-1.027086246	0.087687369	0.038268932
2.242656085	-1.028482515	0.087534989	0.038809258
2.244532784	-1.029645635	0.087351882	0.039331337
2.246409484	-1.03051792	0.087140374	0.039822871
2.248286184	-1.031385305	0.086974486	0.040312312
2.250162883	-1.03230133	0.086850239	0.040813185
2.252039583	-1.033028779	0.086647663	0.041334444
2.253916283	-1.03342372	0.08628172	0.04189263
2.255792982	-1.033771919	0.085879394	0.042485524
2.257669682	-1.034249549	0.085523492	0.043097827
2.259546382	-1.034712732	0.08513696	0.043699443
2.261423081	-1.034776657	0.08458266	0.044295147
2.263299781	-1.034685707	0.083934069	0.044901672
2.26517648	-1.034485975	0.083217447	0.045524894
2.26705318	-1.034510597	0.082595246	0.046159119
2.26892988	-1.034810332	0.082099843	0.04676036
2.270806579	-1.035026237	0.081579962	0.047334045
2.272683279	-1.034711202	0.080917042	0.047873345
2.274559979	-1.034268861	0.080234216	0.04842391
2.276436678	-1.033924145	0.079575026	0.048984858
2.278313378	-1.033623567	0.078961427	0.049540158
2.280190078	-1.033338313	0.078390408	0.050071977
2.282066777	-1.032677948	0.077708978	0.050609839
2.283943477	-1.031507935	0.076818272	0.051176758
2.285820177	-1.03040756	0.075990094	0.051741289
2.287696876	-1.029342335	0.075164372	0.052309539
2.289573576	-1.028575262	0.074494156	0.052862507
2.291450276	-1.027891024	0.073910952	0.05338694
2.293326975	-1.027023923	0.073298844	0.053879544
2.295203675	-1.025470571	0.072432276	0.054408403
2.297080375	-1.023709879	0.071528469	0.054930756
2.298957074	-1.02215525	0.07071335	0.055450954
2.300833774	-1.020758228	0.069965292	0.05593169
2.302710474	-1.019469623	0.069293109	0.056374512
2.304587173	-1.018185398	0.068663178	0.056771843
2.306463873	-1.016550816	0.067893076	0.057118781
2.308340572	-1.014518062	0.066950463	0.05739707
2.310217272	-1.012796829	0.066154275	0.057633361
2.312093972	-1.011442193	0.065470364	0.057766428
2.313970671	-1.010408171	0.064902097	0.057782258
2.315847371	-1.009519092	0.064399609	0.057709842
2.317724071	-1.008332938	0.063804633	0.05756151
2.31960077	-1.006670473	0.063006672	0.057385158
2.32147747	-1.005149446	0.062293971	0.057245934
2.32335417	-1.003863633	0.061691983	0.057095936
2.325230869	-1.002541072	0.061099648	0.056935882
2.327107569	-1.00114364	0.060516073	0.056786925
2.328984269	-0.999318774	0.059811602	0.056645527
2.330860968	-0.997013093	0.058931772	0.056518454
2.332737668	-0.994982059	0.058180752	0.056402617
2.334614368	-0.993082762	0.057492553	0.056261185
2.336491067	-0.991199936	0.056836578	0.05610261
2.338367767	-0.989098122	0.056118143	0.055919158
2.340244467	-0.986555098	0.055243127	0.055725928
2.342121166	-0.984074021	0.05439888	0.055536035
2.343997866	-0.981760232	0.053650547	0.05536255
2.345874566	-0.979502621	0.05294978	0.055162929
2.347751265	-0.977037225	0.052209593	0.054956782
2.349627965	-0.974132756	0.051308254	0.05475648
2.351504664	-0.971029024	0.050372466	0.054604146
2.353381364	-0.968133005	0.049540926	0.054483335
2.355258064	-0.965232029	0.048752348	0.054362232
2.357134763	-0.962188926	0.047957103	0.054258642
2.359011463	-0.958652019	0.046993804	0.054183228
2.360888163	-0.954697527	0.045936521	0.054163333
2.362764862	-0.950965575	0.044985493	0.054211593
2.364641562	-0.947229972	0.044078736	0.054267557
2.366518262	-0.943463703	0.043209076	0.054327841
2.368394961	-0.939282659	0.04223061	0.054410958
2.370271661	-0.934632518	0.04110079	0.054494382
2.372148361	-0.930147875	0.040057571	0.054590714
2.37402506	-0.92600549	0.03912897	0.054585314
2.37590176	-0.92223797	0.038330799	0.054409888
2.37777846	-0.91880353	0.037627673	0.054013851
2.379655159	-0.915324282	0.036815664	0.053358686
2.381531859	-0.912320284	0.036105819	0.052430048
2.383408559	-0.909895311	0.035507962	0.051263262
2.385285258	-0.908087289	0.035100685	0.049946227
2.387161958	-0.906436077	0.034767959	0.048623686
2.389038658	-0.904346461	0.034352778	0.047436299
2.390915357	-0.901085638	0.03361561	0.046582886
2.392792057	-0.896863863	0.032721132	0.046148197
2.394668756	-0.89174755	0.031618402	0.046149399
2.396545456	-0.886099643	0.03045791	0.046481298
2.398422156	-0.88012057	0.029271971	0.047019939
2.400298855	-0.873813605	0.02804232	0.047643796
2.402175555	-0.867273805	0.026808902	0.048342084
2.404052255	-0.860626735	0.025583217	0.049047305
2.405928954	-0.853972873	0.024419937	0.049761086
2.407805654	-0.846957744	0.02321233	0.050515711
2.409682354	-0.839924871	0.022112023	0.051268869
2.411559053	-0.832666384	0.020952024	0.052036016
2.413435753	-0.82520094	0.019829269	0.052856352
2.415312453	-0.817555129	0.018734161	0.053732241
2.417189152	-0.809451494	0.017571074	0.054659576
2.419065852	-0.800991523	0.016360114	0.055666906
2.420942552	-0.792412529	0.015159235	0.056738804
2.422819251	-0.78384279	0.014023842	0.057814313
2.424695951	-0.775483056	0.012985454	0.058843577
2.426572651	-0.767186241	0.011991489	0.059798327
2.42844935	-0.758968416	0.010999382	0.060597361
2.43032605	-0.751028184	0.010030415	0.061130274
2.43220275	-0.743708227	0.00909882	0.06118809
2.434079449	-0.737907066	0.008438135	0.060613812
2.435956149	-0.733583821	0.007966472	0.059287528
2.437832848	-0.730828002	0.007741962	0.057291554
2.439709548	-0.729127696	0.007652354	0.054858603
2.441586248	-0.727533448	0.007539042	0.052442899
2.443462947	-0.724970454	0.007260629	0.050534469
2.445339647	-0.720708308	0.006719028	0.049614926
2.447216347	-0.713785192	0.005817399	0.049882995
2.449093046	-0.704871422	0.004669484	0.051147656
2.450969746	-0.694399848	0.003378451	0.052988098
2.452846446	-0.683217446	0.002010524	0.055028602
2.454723145	-0.672204901	0.000726262	0.056938196
2.456599845	-0.661413953	-0.000519404	0.058651972
2.458476545	-0.650912084	-0.00168184	0.060158029
2.460353244	-0.640877427	-0.002754376	0.061481064
2.462229944	-0.630967729	-0.003800869	0.062640603
2.464106644	-0.62145447	-0.004747031	0.063689078
2.465983343	-0.612155686	-0.005650815	0.064595435
2.467860043	-0.603070228	-0.00649595	0.065427838
2.469736743	-0.593898773	-0.007324744	0.066172559
2.471613442	-0.58506163	-0.008068481	0.066846245
2.473490142	-0.576141687	-0.008806906	0.067451393
2.475366842	-0.567318593	-0.009532142	0.068019814
2.477243541	-0.558484125	-0.010237084	0.068510838
2.479120241	-0.549801208	-0.010903953	0.068958809
2.480996941	-0.541131607	-0.011556337	0.06938341
2.48287364	-0.532458598	-0.012179171	0.069832778
2.48475034	-0.523696952	-0.012800354	0.070358689
2.486627039	-0.514586922	-0.013437598	0.070991499
2.488503739	-0.505235459	-0.01406331	0.071727872
2.490380439	-0.49562347	-0.014694493	0.072548939
2.492257138	-0.485993448	-0.015305978	0.073417321
2.494133838	-0.476153539	-0.015908987	0.074292935
2.496010538	-0.466471452	-0.016483161	0.075140818
2.497887237	-0.456799879	-0.017032497	0.075919649
2.499763937	-0.447278356	-0.017548801	0.076644573
2.501640637	-0.437803214	-0.018044876	0.077304213
2.503517336	-0.428518337	-0.018496881	0.077924619
2.505394036	-0.419206458	-0.018936884	0.078500963
2.507270736	-0.409999391	-0.019332875	0.079061698
2.509147435	-0.400743964	-0.01971354	0.079615888
2.511024135	-0.391526833	-0.020066817	0.080178368
2.512900835	-0.382190398	-0.020406677	0.080750926
2.514777534	-0.372803453	-0.020722849	0.0813594
2.516654234	-0.363312488	-0.021019214	0.081996712
2.518530934	-0.353745604	-0.021293664	0.082674388
2.520407633	-0.344105185	-0.021547641	0.083390584
2.522284333	-0.334358979	-0.021781877	0.084142499
2.524161033	-0.324529405	-0.021990854	0.08493246
2.526037732	-0.314591091	-0.022181145	0.085756569
2.527914432	-0.304554689	-0.022350786	0.086625867
2.529791131	-0.294415467	-0.022493559	0.087550632
2.531667831	-0.2841393	-0.022609541	0.088529903
2.533544531	-0.273773277	-0.022702898	0.08956451
2.53542123	-0.263193825	-0.022752583	0.090652142
2.53729793	-0.252415802	-0.02278479	0.09183664
2.53917463	-0.241443833	-0.02277419	0.093096884
2.541051329	-0.230278044	-0.022728806	0.094434427
2.542928029	-0.218913824	-0.022637653	0.095848789
2.544804729	-0.207349682	-0.022509763	0.097348343
2.546681428	-0.195646348	-0.022335557	0.098909806
2.548558128	-0.183821053	-0.022116523	0.100528555
2.550434828	-0.171932205	-0.021848943	0.102179587
2.552311527	-0.160011833	-0.02154855	0.103849456
2.554188227	-0.148096083	-0.021200212	0.105507001
2.556064927	-0.136238455	-0.02080653	0.107137451
2.557941626	-0.124497252	-0.020367748	0.108722281
2.559818326	-0.112912849	-0.019890605	0.1102397
2.561695026	-0.101532543	-0.019376822	0.111661561
2.563571725	-0.090398411	-0.018824889	0.112975124
2.565448425	-0.079514061	-0.018238852	0.114173755
2.567325125	-0.068912696	-0.017610474	0.115240942
2.569201824	-0.058615606	-0.016939561	0.116166153
2.571078524	-0.048595279	-0.016238307	0.116969801
2.572955223	-0.038832004	-0.015511485	0.117652265
2.574831923	-0.029349307	-0.014764555	0.118216275
2.576708623	-0.020088806	-0.014002467	0.118674852
2.578585322	-0.011046625	-0.013225315	0.119032942
2.580462022	-0.002218671	-0.01243198	0.11930144
2.582338722	0.006416997	-0.011628173	0.119481989
2.584215421	0.014880881	-0.010816997	0.119586381
2.586092121	0.023192916	-0.010000783	0.119624508
2.587968821	0.031400608	-0.009180381	0.119617606
2.58984552	0.039460872	-0.008356964	0.11955461
2.59172222	0.047399468	-0.007536659	0.119443658
2.59359892	0.055245402	-0.006727405	0.119293223
2.595475619	0.062979774	-0.005927498	0.119099333
2.597352319	0.07060322	-0.005132188	0.118869251
2.599229019	0.07812223	-0.004338182	0.118611098
2.601105718	0.085539371	-0.003549343	0.11832495
2.602982418	0.092889674	-0.002766493	0.118016853
2.604859118	0.100183035	-0.001992477	0.11769282
2.606735817	0.107436135	-0.001224554	0.117354186
2.608612517	0.114648524	-0.000462838	0.117004641
2.610489217	0.121837238	0.00029556	0.116648225
2.612365916	0.128999493	0.001047205	0.116292261
2.614242616	0.136145321	0.001792153	0.115938914
2.616119315	0.14328772	0.002531928	0.115593376
2.617996015	0.150420823	0.003267615	0.115261219
2.619872715	0.157548369	0.003998148	0.114941823
2.621749414	0.164665525	0.004720423	0.114639013
2.623626114	0.171776725	0.005436624	0.114344621
2.625502814	0.178859527	0.006143432	0.11405628
2.627379513	0.185903937	0.006845326	0.113787823
2.629256213	0.192904727	0.007545177	0.113528433
2.631132913	0.199886588	0.008247966	0.113277688
2.633009612	0.206827344	0.008943364	0.113035482
2.634886312	0.213748396	0.009641084	0.112796697
2.636763012	0.220637075	0.010336108	0.112559023
2.638639711	0.227493353	0.011029559	0.112324186
2.640516411	0.234316519	0.011720838	0.112093297
2.642393111	0.241113699	0.012408305	0.1118728
2.64426981	0.247865171	0.013100078	0.11165522
2.64614651	0.254588426	0.013792077	0.111441286
2.64802321	0.261289151	0.014484135	0.111236118
2.649899909	0.267975643	0.015165261	0.111050473
2.651776609	0.274669721	0.01581492	0.110897676
2.653653309	0.281335536	0.016492215	0.110734854
2.655530008	0.287974905	0.017182164	0.110584989
2.657406708	0.294587474	0.017886413	0.110446069
2.659283407	0.301160871	0.018596126	0.110318617
2.661160107	0.307705769	0.019301032	0.110207298
2.663036807	0.314239953	0.020004752	0.110112033
2.664913506	0.320747191	0.020711854	0.110034118
2.666790206	0.327201567	0.021421367	0.109970193
2.668666906	0.333604441	0.02213384	0.109915718
2.670543605	0.339957394	0.022847003	0.109866363
2.672420305	0.346248055	0.02355848	0.109819894
2.674297005	0.352472953	0.024263516	0.109774936
2.676173704	0.358621953	0.024958331	0.10972438
2.678050404	0.364679572	0.025638326	0.10966755
2.679927104	0.370639054	0.026321721	0.109627144
2.681803803	0.376520631	0.027004904	0.109592604
2.683680503	0.382322185	0.02768599	0.109561512
2.685557203	0.388044199	0.028357642	0.109521967
2.687433902	0.393685402	0.029016198	0.109467635
2.689310602	0.399236914	0.029662106	0.109395333
2.691187302	0.404688926	0.03029488	0.109299806
2.693064001	0.410022519	0.030914719	0.109175702
2.694940701	0.415231317	0.031520057	0.10902064
2.696817401	0.420301649	0.032108665	0.108828735
2.6986941	0.42522313	0.032678335	0.108597051
2.7005708	0.429986283	0.033228236	0.108323144
2.702447499	0.434587305	0.033754898	0.108005846
2.704324199	0.439019158	0.034257433	0.107646565
2.706200899	0.443282719	0.034737057	0.107245855
2.708077598	0.447380055	0.035190507	0.106804051
2.709954298	0.451311669	0.035618065	0.106326448
2.711830998	0.455088283	0.036033308	0.105829046
2.713707697	0.45871801	0.03642985	0.105306447
2.715584397	0.462209765	0.036802434	0.104756314
2.717461097	0.465573032	0.037147933	0.104176361
2.719337796	0.468817251	0.037468736	0.103571428
2.721214496	0.471942777	0.037769231	0.102945181
2.723091196	0.474954146	0.038050055	0.102300846
2.724967895	0.477854785	0.038311829	0.101640145
2.726844595	0.480648519	0.038555722	0.10096753
2.728721295	0.483337791	0.038784706	0.100286649
2.730597994	0.485926525	0.038996665	0.099599854
2.732474694	0.488418724	0.039193508	0.098908783
2.734351394	0.490814661	0.039372827	0.098216979
2.736228093	0.493113868	0.039538863	0.09752148
2.738104793	0.495321402	0.039693584	0.096827148
2.739981493	0.497430385	0.039823217	0.096123324
2.741858192	0.499446176	0.039938718	0.095428284
2.743734892	0.501358546	0.040041282	0.094746521
2.745611591	0.503170194	0.040138972	0.094083322
2.747488291	0.504899357	0.040229904	0.093440078
2.749364991	0.506543608	0.040308415	0.09279481
2.75124169	0.508099692	0.040368962	0.092138791
2.75311839	0.509579328	0.040410972	0.091478849
2.75499509	0.510986061	0.040425493	0.090827273
2.756871789	0.512317233	0.040431584	0.090161685
2.758748489	0.513567904	0.040427134	0.089490589
2.760625189	0.514741119	0.040418737	0.08881563
2.762501888	0.515832185	0.040400769	0.088138722
2.764378588	0.516850451	0.040359987	0.087479059
2.766255288	0.51777485	0.040310437	0.086814663
2.768131987	0.518601448	0.040254426	0.086150211
2.770008687	0.519325962	0.040191081	0.085489263
2.771885387	0.51995123	0.040111427	0.084830763
2.773762086	0.520474061	0.040027634	0.084175257
2.775638786	0.520895644	0.039936341	0.083523707
2.777515486	0.521219014	0.039830475	0.082869427
2.779392185	0.521441311	0.039713624	0.082214836
2.781268885	0.521558172	0.039582408	0.081566848
2.783145585	0.521567062	0.039446011	0.080938867
2.785022284	0.521452455	0.039305526	0.080328793
2.786898984	0.521243066	0.039147156	0.079715773
2.788775684	0.520944153	0.038979832	0.079108204
2.790652383	0.520551488	0.038799924	0.07849702
2.792529083	0.520054258	0.038603956	0.077873037
2.794405782	0.519450523	0.038396075	0.07723598
2.796282482	0.51873146	0.038171884	0.076581309
2.798159182	0.517899181	0.037936217	0.075911323
2.800035881	0.516929096	0.03768551	0.075222621
2.801912581	0.515826383	0.037420894	0.074513925
2.803789281	0.514585716	0.03713788	0.073784042
2.80566598	0.51320838	0.036839667	0.073034549
2.80754268	0.511694112	0.036526476	0.072268445
2.80941938	0.510048833	0.036197913	0.07148283
2.811296079	0.508271163	0.035850559	0.070679797
2.813172779	0.50636767	0.035488107	0.069861101
2.815049479	0.504346467	0.035111817	0.069034149
2.816926178	0.502206916	0.034727206	0.06820263
2.818802878	0.499938372	0.034316999	0.067358483
2.820679578	0.497551808	0.033904504	0.06652763
2.822556277	0.49506869	0.033507965	0.065722194
2.824432977	0.49249493	0.033108833	0.064922458
2.826309677	0.489824954	0.032700048	0.064120944
2.828186376	0.487069825	0.032281253	0.063319769
2.830063076	0.484228118	0.031851216	0.062518764
2.831939776	0.481301215	0.031420799	0.061721541
2.833816475	0.478289173	0.030987568	0.060927982
2.835693175	0.475191193	0.030554891	0.060139892
2.837569874	0.472009088	0.030119793	0.059360812
2.839446574	0.46873456	0.029685274	0.058587121
2.841323274	0.465371837	0.029246719	0.057819158
2.843199973	0.461915852	0.028806129	0.057054105
2.845076673	0.458364479	0.028361593	0.056290089
2.846953373	0.45471514	0.027914497	0.05552651
2.848830072	0.450970708	0.02745957	0.054762456
2.850706772	0.447128352	0.027003837	0.053998884
2.852583472	0.443191039	0.026547401	0.053236117
2.854460171	0.439160861	0.026093037	0.052473824
2.856336871	0.435038387	0.025638834	0.051713221
2.858213571	0.430828187	0.025185616	0.050957041
2.86009027	0.426529407	0.024731429	0.050204818
2.86196697	0.422146916	0.024279133	0.049456422
2.86384367	0.417687863	0.023827467	0.048719178
2.865720369	0.413156217	0.023377846	0.047996172
2.867597069	0.408541839	0.022933225	0.047279078
2.869473769	0.403849643	0.022493638	0.046567945
2.871350468	0.399081466	0.022062664	0.0458651
2.873227168	0.394222228	0.02162438	0.045164484
2.875103868	0.389268743	0.021159608	0.044470775
2.876980567	0.384228115	0.020738313	0.043785596
2.878857267	0.379110156	0.020343418	0.043106192
2.880733966	0.373933422	0.019940877	0.042480248
2.882610666	0.368660372	0.019544227	0.041840122
2.884487366	0.363300955	0.01916428	0.041184338
2.886364065	0.357850427	0.018797963	0.040521621
2.888240765	0.352311887	0.018451125	0.039857275
2.890117465	0.346682057	0.018120048	0.039194108
2.891994164	0.340966928	0.017805332	0.038532528
2.893870864	0.335169644	0.017504184	0.037874098
2.895747564	0.329290545	0.017213983	0.03721764
2.897624263	0.323330107	0.016932455	0.036564627
2.899500963	0.317294183	0.016658517	0.035913143
2.901377663	0.311185704	0.016389433	0.035265895
2.903254362	0.305010524	0.016124286	0.034629361
2.905131062	0.298767411	0.015867047	0.034001015
2.907007762	0.292461598	0.015614471	0.033381767
2.908884461	0.286094706	0.015368381	0.032771369
2.910761161	0.279665564	0.015126083	0.03217274
2.912637861	0.27317848	0.014889143	0.031583391
2.91451456	0.26662555	0.014667756	0.031001271
2.91639126	0.260008396	0.014457538	0.030426845
2.91826796	0.253332129	0.01425654	0.029860488
2.920144659	0.246590467	0.014063193	0.02930173
2.922021359	0.239776224	0.013879185	0.028744404
2.923898058	0.232882118	0.013701941	0.028183868
2.925774758	0.225894038	0.013530419	0.027612942
2.927651458	0.218821559	0.013360797	0.027035965
2.929528157	0.21166075	0.013202873	0.026456035
2.931404857	0.204419086	0.013054213	0.025873591
2.933281557	0.197082245	0.012913222	0.025287823
2.935158256	0.189662056	0.01278584	0.024702646
2.937034956	0.18215026	0.0126748	0.02411449
2.938911656	0.174553551	0.012579922	0.02352772
2.940788355	0.166876163	0.012503851	0.022938429
2.942665055	0.1591099	0.012441796	0.022344707
2.944541755	0.151259809	0.012398227	0.021744917
2.946418454	0.143334587	0.012373786	0.021145273
2.948295154	0.135344111	0.01237828	0.020554051
2.950171854	0.127301611	0.012408202	0.019972955
2.952048553	0.119195062	0.012457114	0.019391926
2.953925253	0.111055312	0.01251965	0.018814048
2.955801953	0.102873118	0.012597368	0.018239847
2.957678652	0.094636861	0.012690423	0.017670099
2.959555352	0.086365577	0.012797581	0.017109816
2.961432052	0.078067783	0.0129216	0.016563274
2.963308751	0.069742714	0.01306352	0.016032721
2.965185451	0.061395962	0.013221485	0.015521394
2.96706215	0.053039761	0.013395156	0.015030959
2.96893885	0.0446689	0.013585739	0.014563344
2.97081555	0.036283295	0.013790101	0.014117343
2.972692249	0.027890871	0.014008651	0.01369319
2.974568949	0.019485523	0.014244158	0.013286963
2.976445649	0.011062958	0.014494778	0.012897284
2.978322348	0.002626884	0.01476039	0.012522693
2.980199048	-0.005828733	0.015039263	0.01216252
2.982075748	-0.014310765	0.015332489	0.011811065
2.983952447	-0.022826311	0.015640448	0.011467174
2.985829147	-0.031380605	0.015962413	0.011126936
2.987705847	-0.039971718	0.016298602	0.010791613
2.989582546	-0.048606835	0.016643202	0.010461886
2.991459246	-0.057301546	0.01698818	0.010129389
2.993335946	-0.066046929	0.017361867	0.009820401
2.995212645	-0.07485087	0.017763396	0.009527351
2.997089345	-0.083707889	0.018187203	0.00924142
2.998966045	-0.092617752	0.018630628	0.0089582
3.000842744	-0.10158244	0.019085127	0.008662648
3.002719444	-0.110590792	0.019564861	0.008367735
3.004596144	-0.119633077	0.020069926	0.008068067
3.006472843	-0.128708674	0.020596949	0.007763161
3.008349543	-0.137808919	0.021148871	0.007455605
3.010226242	-0.146935321	0.021723845	0.007147075
3.012102942	-0.156078405	0.022318835	0.006839934
3.013979642	-0.165236223	0.022935241	0.006537768
3.015856341	-0.174398063	0.023564182	0.006238001
3.017733041	-0.183564279	0.024205541	0.00594375
3.019609741	-0.192731365	0.024857223	0.005659814
3.02148644	-0.201886704	0.025524046	0.005378547
3.02336314	-0.21099672	0.026175354	0.005128213
3.02523984	-0.220088039	0.026843949	0.004883168
3.027116539	-0.229161164	0.027524949	0.004656209
3.028993239	-0.238216742	0.028207852	0.004449335
3.030869939	-0.247249753	0.028898014	0.004266167
3.032746638	-0.25626312	0.029596201	0.004107381
3.034623338	-0.265265084	0.030301672	0.003969289
3.036500038	-0.274260496	0.031013874	0.003843978
3.038376737	-0.283252985	0.031733989	0.003729743
3.040253437	-0.292246871	0.032464731	0.003620748
3.042130137	-0.301243066	0.033203378	0.003514062
3.044006836	-0.310252443	0.03395084	0.003408121
3.045883536	-0.319261063	0.034707619	0.003305419
3.047760236	-0.328275977	0.0354764	0.003205768
3.049636935	-0.3372951	0.036250188	0.003105869
3.051513635	-0.34631773	0.037032124	0.003005591
3.053390334	-0.355347578	0.037821142	0.002904913
3.055267034	-0.364378361	0.038614847	0.002804249
3.057143734	-0.373405196	0.039411774	0.00270455
3.059020433	-0.3824226	0.040214223	0.002608886
3.060897133	-0.391434086	0.041025504	0.00251854
3.062773833	-0.400429157	0.041843222	0.002434902
3.064650532	-0.409412487	0.042666306	0.002354407
3.066527232	-0.418382162	0.043491589	0.002279715
3.068403932	-0.427335094	0.044320328	0.002207562
3.070280631	-0.43627139	0.045153613	0.002136146
3.072157331	-0.445189386	0.045991683	0.002066538
3.074034031	-0.454089731	0.046838451	0.002000039
3.07591073	-0.462967374	0.04768736	0.001938513
3.07778743	-0.471827289	0.048542754	0.001879801
3.07966413	-0.480664091	0.049399816	0.001824056
3.081540829	-0.489476203	0.050264692	0.001765137
3.083417529	-0.498249558	0.051121519	0.001716634
3.085294229	-0.507001539	0.051984802	0.001672012
3.087170928	-0.515722889	0.05285631	0.001632008
3.089047628	-0.524399044	0.053727029	0.001605765
3.090924328	-0.533033374	0.054601477	0.001594393
3.092801027	-0.541615761	0.055477832	0.001596286
3.094677727	-0.550144192	0.056350546	0.001618047
3.096554426	-0.558614171	0.057223848	0.001655141
3.098431126	-0.567011686	0.058094204	0.001713119
3.100307826	-0.57534714	0.05896295	0.001792945
3.102184525	-0.583611588	0.059826136	0.0018965
3.104061225	-0.591801755	0.060685275	0.002020312
3.105937925	-0.59991744	0.061535178	0.002169291
3.107814624	-0.607955453	0.062375582	0.00234325
3.109691324	-0.615919634	0.063203034	0.00254265
3.111568024	-0.623807578	0.064021376	0.002761875
3.113444723	-0.631617533	0.064836122	0.002999601
3.115321423	-0.639345707	0.065648356	0.003255977
3.117198123	-0.646999043	0.066455532	0.003531374
3.119074822	-0.654580813	0.067251673	0.003825618
3.120951522	-0.662079419	0.068038311	0.004141076
3.122828222	-0.669500305	0.068816512	0.004475006
3.124704921	-0.676845716	0.069582671	0.004825266
3.126581621	-0.684122384	0.070343158	0.005184398
3.128458321	-0.691324846	0.071086732	0.005549872
3.13033502	-0.69850712	0.071830327	0.005908095
3.13221172	-0.705666283	0.072568256	0.006252174
3.13408842	-0.712806275	0.073300883	0.006590261
3.135965119	-0.719917544	0.074026229	0.006918591
3.137841819	-0.726982363	0.0747395	0.007259092
3.139718519	-0.733976667	0.075441829	0.007606777
3.141595218	-0.74090336	0.076132731	0.007959647
3.143471918	-0.747770967	0.076818335	0.008304333
3.145348617	-0.754556638	0.077481111	0.008662132
3.147225317	-0.761276934	0.078153202	0.009003011
3.149102017	-0.767953636	0.078816172	0.00934391
3.150978716	-0.774570646	0.079464172	0.009699664
3.152855416	-0.781116635	0.080089834	0.010069817
3.154732116	-0.787590144	0.080700348	0.01044633
3.156608815	-0.793987382	0.081303086	0.010829015
3.158485515	-0.800315239	0.081890468	0.01121875
3.160362215	-0.80658354	0.08246438	0.011607568
3.162238914	-0.812780568	0.083021084	0.012005995
3.164115614	-0.818905847	0.083562066	0.012412819
3.165992314	-0.824960943	0.084089257	0.012831032
3.167869013	-0.830941851	0.084600401	0.013253869
3.169745713	-0.836850858	0.085090054	0.013680813
3.171622413	-0.84269815	0.085557526	0.014107228
3.173499112	-0.848469877	0.086007867	0.014537079
3.175375812	-0.854178863	0.086441048	0.014972541
3.177252512	-0.85981123	0.086861239	0.015415873
3.179129211	-0.865377946	0.087264231	0.015859922
3.181005911	-0.870866935	0.087643699	0.016302364
3.182882611	-0.876295277	0.088007193	0.016745322
3.18475931	-0.881644371	0.088346751	0.017186762
3.18663601	-0.886924526	0.088671128	0.017636942
3.188512709	-0.89212328	0.088980751	0.018095081
3.190389409	-0.89724458	0.089271642	0.018553839
3.192266109	-0.90228508	0.089539393	0.019012307
3.194142808	-0.907251025	0.089789772	0.019472128
3.196019508	-0.912126617	0.090011708	0.019935589
3.197896208	-0.91692205	0.090222752	0.02041112
3.199772907	-0.921636629	0.090413385	0.020896149
3.201649607	-0.926268767	0.090585329	0.021381816
3.203526307	-0.930809412	0.090731791	0.021868337
3.205403006	-0.935265458	0.090857116	0.022356353
3.207279706	-0.939629713	0.090957457	0.022855541
3.209156406	-0.943918227	0.091046188	0.023364365
3.211033105	-0.948118034	0.091115583	0.023874805
3.212909805	-0.952225634	0.091162873	0.024383343
3.214786505	-0.956239314	0.091184043	0.024892182
3.216663204	-0.960153695	0.09118074	0.025405856
3.218539904	-0.963975478	0.091173334	0.02592061
3.220416604	-0.967720601	0.091150354	0.02644035
3.222293303	-0.971374371	0.09111189	0.02696127
3.224170003	-0.97493347	0.091046614	0.027493372
3.226046703	-0.978397631	0.090947315	0.028035919
3.227923402	-0.981764055	0.090827998	0.028595669
3.229800102	-0.985038289	0.090691815	0.029170558
3.231676801	-0.988218517	0.090532622	0.029754019
3.233553501	-0.991307616	0.090354993	0.030343366
3.235430201	-0.994299037	0.090150134	0.030936509
3.2373069	-0.997191307	0.089936203	0.031547169
3.2391836	-1.000001649	0.08970555	0.03216594
3.2410603	-1.002719673	0.089460174	0.032792381
3.242936999	-1.00534228	0.089202454	0.033424076
3.244813699	-1.007887355	0.088943726	0.034052173
3.246690399	-1.010357449	0.088691834	0.034696855
3.248567098	-1.012791401	0.088448633	0.035343231
3.250443798	-1.015096778	0.088214334	0.035977419
3.252320498	-1.01736285	0.088041407	0.03656862
3.254197197	-1.019491823	0.087893527	0.037138882
3.256073897	-1.021521684	0.087782491	0.037683136
3.257950597	-1.0233511	0.087658199	0.038200231
3.259827296	-1.024973353	0.087530435	0.038696123
3.261703996	-1.02642878	0.087390758	0.039193455
3.263580696	-1.027698248	0.08723282	0.039685867
3.265457395	-1.028696294	0.087046652	0.0401448
3.267334095	-1.02965789	0.08690262	0.040585961
3.269210795	-1.030666007	0.086806468	0.041025274
3.271087494	-1.031508378	0.086640724	0.041488434
3.272964194	-1.032044583	0.086318568	0.041985276
3.274840893	-1.032466194	0.085934767	0.042527359
3.276717593	-1.033022711	0.085603151	0.043098097
3.278594293	-1.033577988	0.085246699	0.04366054
3.280470992	-1.033747145	0.084729384	0.04421786
3.282347692	-1.033721609	0.084103422	0.044792649
3.284224392	-1.03354845	0.083393723	0.045398895
3.286101091	-1.033615774	0.082781897	0.046012024
3.287977791	-1.033915473	0.082285599	0.046606094
3.289854491	-1.034167163	0.081780383	0.047175935
3.29173119	-1.033889529	0.081130332	0.047717757
3.29360789	-1.033418397	0.080439192	0.048269045
3.29548459	-1.033028075	0.079767063	0.048839897
3.297361289	-1.032721337	0.079146808	0.0494075
3.299237989	-1.032391381	0.078561877	0.049961082
3.301114689	-1.031801482	0.077909502	0.050494612
3.302991388	-1.03065015	0.077030392	0.051071968
3.304868088	-1.029487724	0.076183404	0.051645975
3.306744788	-1.028406245	0.075341814	0.052211942
3.308621487	-1.027619302	0.074651635	0.052753161
3.310498187	-1.026996823	0.074072838	0.053242498
3.312374887	-1.026290378	0.073500148	0.053686998
3.314251586	-1.025076278	0.072730398	0.054114118
3.316128286	-1.023499898	0.07185049	0.05449561
3.318004985	-1.022226571	0.071089049	0.054858543
3.319881685	-1.021179428	0.070407878	0.055149978
3.321758385	-1.020376342	0.069834415	0.055374474
3.323635084	-1.019572995	0.069290598	0.055551484
3.325511784	-1.018472862	0.068663188	0.055675748
3.327388484	-1.016833354	0.067795988	0.055811961
3.329265183	-1.015208915	0.066992816	0.055990198
3.331141883	-1.01376756	0.066287562	0.056170275
3.333018583	-1.012426907	0.06563148	0.056340536
3.334895282	-1.011006029	0.064996127	0.056529196
3.336771982	-1.00928019	0.064305794	0.056729079
3.338648682	-1.006948829	0.06336839	0.056944369
3.340525381	-1.004483461	0.062443693	0.057190183
3.342402081	-1.002331684	0.061652232	0.057450675
3.344278781	-1.000198033	0.060891871	0.05767596
3.34615548	-0.998065099	0.060158673	0.057886476
3.34803218	-0.995582484	0.059335521	0.058081792
3.34990888	-0.992637396	0.058340694	0.058272432
3.351785579	-0.989864479	0.057430555	0.058469923
3.353662279	-0.987272161	0.056608772	0.058644166
3.355538979	-0.984734511	0.05583083	0.058785695
3.357415678	-0.98205497	0.055022269	0.058882337
3.359292378	-0.979032025	0.054069409	0.058925374
3.361169077	-0.976037053	0.053135422	0.058927853
3.363045777	-0.97345066	0.052348733	0.05884047
3.364922477	-0.971189232	0.05166555	0.05859493
3.366799176	-0.969186149	0.051051553	0.058154539
3.368675876	-0.967156531	0.050355237	0.057495677
3.370552576	-0.965347369	0.049699344	0.056632751
3.372429275	-0.96422397	0.049232955	0.055607591
3.374305975	-0.963440144	0.048875723	0.054436833
3.376182675	-0.962702403	0.0485445	0.053231823
3.378059374	-0.961420763	0.048037782	0.052111097
3.379936074	-0.959452247	0.047347192	0.051163466
3.381812774	-0.957364082	0.046695658	0.050449293
3.383689473	-0.954939487	0.046007876	0.049920919
3.385566173	-0.952216286	0.045303224	0.049534574
3.387442873	-0.94894249	0.04447637	0.04928165
3.389319572	-0.944986486	0.043442024	0.049123791
3.391196272	-0.940908615	0.042424694	0.049043339
3.393072972	-0.936859064	0.041452911	0.049015217
3.394949671	-0.932904791	0.040570335	0.049007859
3.396826371	-0.928848438	0.039702507	0.049022256
3.398703071	-0.924205342	0.038667036	0.049085859
3.40057977	-0.919026376	0.037498282	0.049236074
3.40245647	-0.913773857	0.036323345	0.04948763
3.404333169	-0.908608934	0.035250048	0.049794079
3.406209869	-0.903461325	0.034267189	0.050158467
3.408086569	-0.898036773	0.033254545	0.050576931
3.409963268	-0.892039629	0.032092182	0.051067259
3.411839968	-0.885464334	0.030809139	0.051646777
3.413716668	-0.87870955	0.029475425	0.052338039
3.415593367	-0.871848698	0.028130084	0.053100295
3.417470067	-0.865118818	0.02688096	0.053903248
3.419346767	-0.858308929	0.025621217	0.05469778
3.421223466	-0.851327888	0.024368437	0.05550057
3.423100166	-0.844646358	0.023209113	0.056210519
3.424976866	-0.838184738	0.022115164	0.056737439
3.426853565	-0.831963285	0.021095623	0.056983016
3.428730265	-0.826744271	0.020366703	0.056763561
3.430606965	-0.822401796	0.019752525	0.056005921
3.432483664	-0.819127469	0.019360686	0.05470885
3.434360364	-0.816764222	0.019133084	0.052963203
3.436237064	-0.814725131	0.018964975	0.050965794
3.438113763	-0.812589436	0.018739557	0.049026229
3.439990463	-0.809748392	0.018380502	0.04740618
3.441867163	-0.805898512	0.017883068	0.046421511
3.443743862	-0.800345485	0.017126918	0.046282243
3.445620562	-0.79313436	0.016178351	0.046978714
3.447497262	-0.784653167	0.015044693	0.048231775
3.449373961	-0.775222735	0.01374632	0.049695053
3.451250661	-0.765367095	0.012360392	0.051206959
3.45312736	-0.755619681	0.011018993	0.052679193
3.45500406	-0.745890895	0.009672745	0.054067329
3.45688076	-0.736423309	0.008422976	0.055410954
3.458757459	-0.726963462	0.00719168	0.056729857
3.460634159	-0.717492409	0.005981695	0.058035658
3.462510859	-0.707779042	0.00473683	0.059354787
3.464387558	-0.698349888	0.003588707	0.060679078
3.466264258	-0.688514024	0.002385486	0.062031732
3.468140958	-0.678753712	0.001233004	0.063411264
3.470017657	-0.668954641	0.000130961	0.064730651
3.471894357	-0.659170099	-0.00093085	0.06600424
3.473771057	-0.649492883	-0.001938925	0.067177919
3.475647756	-0.640011717	-0.002932485	0.068198572
3.477524456	-0.630938815	-0.003822959	0.068921163
3.479401156	-0.62293822	-0.004566499	0.069143431
3.481277855	-0.616330362	-0.005162229	0.068515813
3.483154555	-0.612232048	-0.00540131	0.066797081
3.485031255	-0.609655205	-0.005487143	0.064358546
3.486907954	-0.607262008	-0.005557893	0.062052421
3.488784654	-0.603097902	-0.005837617	0.060637573
3.490661354	-0.59679807	-0.006343041	0.060381753
3.492538053	-0.588145881	-0.007102502	0.061097426
3.494414753	-0.578039037	-0.0080241	0.062440388
3.496291452	-0.567124571	-0.008997667	0.064032698
3.498168152	-0.556046643	-0.009966645	0.06566217
3.500044852	-0.545148097	-0.01088595	0.067176249
3.501921551	-0.534532868	-0.011734904	0.06853576
3.503798251	-0.524364373	-0.012516791	0.069715911
3.505674951	-0.51439593	-0.013253036	0.070744094
3.50755165	-0.504687365	-0.01392651	0.071648185
3.50942835	-0.49508217	-0.014569442	0.072453376
3.51130505	-0.485733354	-0.0151649	0.073189181
3.513181749	-0.476289706	-0.015738183	0.073885681
3.515058449	-0.466975673	-0.01628836	0.074570034
3.516935149	-0.457574987	-0.016819372	0.075246163
3.518811848	-0.448187625	-0.017325528	0.075943132
3.520688548	-0.438710973	-0.017818254	0.076634786
3.522565248	-0.429236733	-0.018285275	0.077338987
3.524441947	-0.419698256	-0.018736413	0.078032146
3.526318647	-0.410201085	-0.019154055	0.078725428
3.528195347	-0.400684634	-0.019549614	0.079395761
3.530072046	-0.391279801	-0.019915924	0.080041611
3.531948746	-0.381870321	-0.020259406	0.080651127
3.533825446	-0.372527876	-0.020575275	0.081233531
3.535702145	-0.363202217	-0.020869207	0.081788514
3.537578845	-0.353898357	-0.021140101	0.082342996
3.539455544	-0.344576186	-0.021387228	0.082916731
3.541332244	-0.335167823	-0.021614593	0.083521875
3.543208944	-0.325647074	-0.021819622	0.084182639
3.545085643	-0.315959648	-0.022005729	0.084924215
3.546962343	-0.306078185	-0.022170939	0.08575486
3.548839043	-0.295966686	-0.022316282	0.086681897
3.550715742	-0.285585772	-0.022441643	0.087713505
3.552592442	-0.274999257	-0.022547237	0.088850814
3.554469142	-0.264130988	-0.022610277	0.090071591
3.556345841	-0.25303072	-0.022650531	0.091399103
3.558222541	-0.241735154	-0.022653119	0.092806656
3.560099241	-0.230276515	-0.022617153	0.094279314
3.56197594	-0.218668573	-0.022539644	0.095805307
3.56385264	-0.20694862	-0.022423286	0.097364728
3.56572934	-0.195160153	-0.022263931	0.098962025
3.567606039	-0.183359361	-0.022053516	0.10057614
3.569482739	-0.171573266	-0.021794756	0.102185936
3.571359439	-0.159834724	-0.021496752	0.103780117
3.573236138	-0.148142183	-0.021153868	0.105345767
3.575112838	-0.136546398	-0.020761307	0.106869734
3.576989538	-0.125058074	-0.020324192	0.108347423
3.578866237	-0.113695888	-0.019847137	0.109766681
3.580742937	-0.102468833	-0.019331946	0.111122652
3.582619636	-0.091415622	-0.018775608	0.11240293
3.584496336	-0.080516647	-0.018185406	0.113605969
3.586373036	-0.069812525	-0.017558844	0.114714541
3.588249735	-0.059335316	-0.016887139	0.115716187
3.590126435	-0.049088933	-0.016184445	0.116613472
3.592003135	-0.039091291	-0.015456963	0.117395973
3.593879834	-0.029330505	-0.014712121	0.11807023
3.595756534	-0.019834484	-0.013949994	0.118634193
3.597633234	-0.010586016	-0.013173769	0.119087536
3.599509933	-0.001602894	-0.012385837	0.119422636
3.601386633	0.007126644	-0.011590429	0.119642397
3.603263333	0.015600378	-0.010787818	0.119756305
3.605140032	0.023833015	-0.009981088	0.119772306
3.607016732	0.031884116	-0.009170741	0.119710556
3.608893432	0.039753203	-0.008358482	0.119573123
3.610770131	0.04748783	-0.007546472	0.11938251
3.612646831	0.055126519	-0.00673935	0.119152674
3.614523531	0.062698699	-0.005937933	0.118894853
3.61640023	0.070203085	-0.005140137	0.118613998
3.61827693	0.077673469	-0.004342564	0.118319731
3.62015363	0.085096234	-0.003549192	0.118014369
3.622030329	0.09249909	-0.002761606	0.117708776
3.623907029	0.099904066	-0.001982253	0.117411933
3.625783728	0.107311004	-0.001206077	0.117126451
3.627660428	0.114702394	-0.000435115	0.116847961
3.629537128	0.122074969	0.000331235	0.116570638
3.631413827	0.129421421	0.001085561	0.116292239
3.633290527	0.136721333	0.001827807	0.116009162
3.635167227	0.143962231	0.002564015	0.115726687
3.637043926	0.151144199	0.003294703	0.115439006
3.638920626	0.158271707	0.004021358	0.115146395
3.640797326	0.165353665	0.004739666	0.114851863
3.642674025	0.172405207	0.005455018	0.114552187
3.644550725	0.179413281	0.006165795	0.114244957
3.646427425	0.186387088	0.006869717	0.113935554
3.648304124	0.193318707	0.007568414	0.113624088
3.650180824	0.200231162	0.008268796	0.113314134
3.652057524	0.207103014	0.008962605	0.113015207
3.653934223	0.213958512	0.009656412	0.112722799
3.655810923	0.22079754	0.010346485	0.112440193
3.657687623	0.227620185	0.011032718	0.112175907
3.659564322	0.234422759	0.011719833	0.111938047
3.661441022	0.241214723	0.012406929	0.111734071
3.663317722	0.247983809	0.013099361	0.111552093
3.665194421	0.254741308	0.013795895	0.111385851
3.667071121	0.261495599	0.014492769	0.11123417
3.66894782	0.268239768	0.015188811	0.111093246
3.67082452	0.274991248	0.015853314	0.110985065
3.67270122	0.281738517	0.016527908	0.110865037
3.674577919	0.288441472	0.017211109	0.110731869
3.676454619	0.295107845	0.0179089	0.110587903
3.678331319	0.301706377	0.018616452	0.1104393
3.680208018	0.308253286	0.019321163	0.110298265
3.682084718	0.31476459	0.020024251	0.110168916
3.683961418	0.321225217	0.020726705	0.11005437
3.685838117	0.327617054	0.021423702	0.109948055
3.687714817	0.333942811	0.02210816	0.109844021
3.689591517	0.340182241	0.022803525	0.109767762
3.691468216	0.346379616	0.023505409	0.109714445
3.693344916	0.3525255	0.024211133	0.109680502
3.695221616	0.358628473	0.024916773	0.109655676
3.697098315	0.364685704	0.025616324	0.109633561
3.698975015	0.370690308	0.026307952	0.109610138
3.700851715	0.37663465	0.026993681	0.109583092
3.702728414	0.382507982	0.027672332	0.109548498
3.704605114	0.388300526	0.028341565	0.109502486
3.706481814	0.393996941	0.029002037	0.109441265
3.708358513	0.399593737	0.029650973	0.109362888
3.710235213	0.405075585	0.030287414	0.109262247
3.712111912	0.410425918	0.030909071	0.10913192
3.713988612	0.415634319	0.031514249	0.108969182
3.715865312	0.420691265	0.032100258	0.108771971
3.717742011	0.425581073	0.032664371	0.108535287
3.719618711	0.430304061	0.033215525	0.108274772
3.721495411	0.434861666	0.033748882	0.107981232
3.72337211	0.439244625	0.034248757	0.107633657
3.72524881	0.443480315	0.034726337	0.107252905
3.72712551	0.447564963	0.035184206	0.106837338
3.729002209	0.451514152	0.0356226	0.106389507
3.730878909	0.455323651	0.036038697	0.105901492
3.732755609	0.458994555	0.03643443	0.105380328
3.734632308	0.462531396	0.036805872	0.104826854
3.736509008	0.465933741	0.037154637	0.104245069
3.738385708	0.469206883	0.037482563	0.103638326
3.740262407	0.472353796	0.03779153	0.103008054
3.742139107	0.475373449	0.038078422	0.102356946
3.744015807	0.478267313	0.038345208	0.101691419
3.745892506	0.481032162	0.038588042	0.101011638
3.747769206	0.483675676	0.038824261	0.100341338
3.749645906	0.486193805	0.039043998	0.099668447
3.751522605	0.488609796	0.039235865	0.098977541
3.753399305	0.490937124	0.039412961	0.098292601
3.755276004	0.493181521	0.039575906	0.097606348
3.757152704	0.495344883	0.039725361	0.096917825
3.759029404	0.497434823	0.039862487	0.096231215
3.760906103	0.499450685	0.039987427	0.095548216
3.762782803	0.501393427	0.04009881	0.094870227
3.764659503	0.503261349	0.040198869	0.09419845
3.766536202	0.505052451	0.040280249	0.093533811
3.768412902	0.506764524	0.040352363	0.092874828
3.770289602	0.508385933	0.040413729	0.092215371
3.772166301	0.509918066	0.040464756	0.091558911
3.774043001	0.511366153	0.040489827	0.090908449
3.775919701	0.512726352	0.04049625	0.090248611
3.7777964	0.513997656	0.04049183	0.089579763
3.7796731	0.51516305	0.040466146	0.088898572
3.7815498	0.516214012	0.0404395	0.088225115
3.783426499	0.517189437	0.040406198	0.087584305
3.785303199	0.518066345	0.040361502	0.086937656
3.787179899	0.518845173	0.040299757	0.086278637
3.789056598	0.519524047	0.040225599	0.085616947
3.790933298	0.520109028	0.040139889	0.084962839
3.792809998	0.520592108	0.040048039	0.084307771
3.794686697	0.52098192	0.039947599	0.083653088
3.796563397	0.521273908	0.039838834	0.082998934
3.798440097	0.521472695	0.03972277	0.082345018
3.800316796	0.521573417	0.039596813	0.081693133
3.802193496	0.521581706	0.039458031	0.081042921
3.804070195	0.521483914	0.039303398	0.08039071
3.805946895	0.521285958	0.03913436	0.079737282
3.807823595	0.520983915	0.038951833	0.079082051
3.809700294	0.520574386	0.038756724	0.07842223
3.811576994	0.520051421	0.038545101	0.077751717
3.813453694	0.519416006	0.03832009	0.077071098
3.815330393	0.518657251	0.038080523	0.07638046
3.817207093	0.517795703	0.037828792	0.075680555
3.819083793	0.516791273	0.037559917	0.074963399
3.820960492	0.515662182	0.037279057	0.074236743
3.822837192	0.514390596	0.036972858	0.073493104
3.824713892	0.512980351	0.036672746	0.072760986
3.826590591	0.51144369	0.036368804	0.072026814
3.828467291	0.509783064	0.03604982	0.071275047
3.830343991	0.507996588	0.035707889	0.070502154
3.83222069	0.506088017	0.035350513	0.069711323
3.83409739	0.50406139	0.034980724	0.06890765
3.83597409	0.501921225	0.034601693	0.06808939
3.837850789	0.49966916	0.034213315	0.067261509
3.839727489	0.497311654	0.033817314	0.066428054
3.841604189	0.49484573	0.03341673	0.065591455
3.843480888	0.492279971	0.033009859	0.064753957
3.845357588	0.48960863	0.03259526	0.063916627
3.847234287	0.48683918	0.03217403	0.063081538
3.849110987	0.48397321	0.03174462	0.062250384
3.850987687	0.481014853	0.031310935	0.061422479
3.852864386	0.477965951	0.030872065	0.060598861
3.854741086	0.474829035	0.030429612	0.059778228
3.856617786	0.471607821	0.029981982	0.058963991
3.858494485	0.46830697	0.029531425	0.058159473
3.860371185	0.464920338	0.02908246	0.057364823
3.862247885	0.46145528	0.028632399	0.056584047
3.864124584	0.457896308	0.028173663	0.05581016
3.866001284	0.454240418	0.027723125	0.055064502
3.867877984	0.450502647	0.027291727	0.054350576
3.869754683	0.446684839	0.026866948	0.053652663
3.871631383	0.442785273	0.026438678	0.052951907
3.873508083	0.438801855	0.026006541	0.052247914
3.875384782	0.434731111	0.025575885	0.051542643
3.877261482	0.430573793	0.025147201	0.050836495
3.879138182	0.426325808	0.024721925	0.050129694
3.881014881	0.42198998	0.024299069	0.049424592
3.882891581	0.417561212	0.023880759	0.048722534
3.884768281	0.413043769	0.023461794	0.048024668
3.88664498	0.40843118	0.023044615	0.047328082
3.88852168	0.403723307	0.022632241	0.046628908
3.890398379	0.398922822	0.022225128	0.045926489
3.892275079	0.394032613	0.021818129	0.045225039
3.894151779	0.38906657	0.021400868	0.044534171
3.896028478	0.384015869	0.020993223	0.043821129
3.897905178	0.378885254	0.02060388	0.04309547
3.899781878	0.373705909	0.02019617	0.042409572
3.901658577	0.368441876	0.019789045	0.041727248
3.903535277	0.363110335	0.019395659	0.041041067
3.905411977	0.357708286	0.019010536	0.040362331
3.907288676	0.352246294	0.018638902	0.039699184
3.909165376	0.34671126	0.018280173	0.03905207
3.911042076	0.341116787	0.017933189	0.03842346
3.912918775	0.33545241	0.017602844	0.037806557
3.914795475	0.329719145	0.017285511	0.037202164
3.916672175	0.323912471	0.016978413	0.036610745
3.918548874	0.318009816	0.016665747	0.036012557
3.920425574	0.312020612	0.01635925	0.035430944
3.922302274	0.305952058	0.016081767	0.034880431
3.924178973	0.299799996	0.015823606	0.034345503
3.926055673	0.29356763	0.015578947	0.033814879
3.927932373	0.287247593	0.015342715	0.033276363
3.929809072	0.280832536	0.015113858	0.032728194
3.931685772	0.274323508	0.014894514	0.032168911
3.933562471	0.267712252	0.014692178	0.031592143
3.935439171	0.261003064	0.014503267	0.031002466
3.937315871	0.25419547	0.014325602	0.030399492
3.93919257	0.247293649	0.014153619	0.029787506
3.94106927	0.240290554	0.013988076	0.029159704
3.94294597	0.233182672	0.01382817	0.028515195
3.944822669	0.225986129	0.013673885	0.027858194
3.946699369	0.218700421	0.013526682	0.027192361
3.948576069	0.21133551	0.013387399	0.026525101
3.950452768	0.203895625	0.013255774	0.025855184
3.952329468	0.196390162	0.013131897	0.02518853
3.954206168	0.188822366	0.013017609	0.024526944
3.956082867	0.181201452	0.012912468	0.023873454
3.957959567	0.173531231	0.012823324	0.023233792
3.959836267	0.165825067	0.012748397	0.022611261
3.961712966	0.158082478	0.01268921	0.022006339
3.963589666	0.15030803	0.012646225	0.021419989
3.965466366	0.142499453	0.012617773	0.020851962
3.967343065	0.134661792	0.012605641	0.020301962
3.969219765	0.126790645	0.012605051	0.019768132
3.971096465	0.11887401	0.012616105	0.019245845
3.972973164	0.110939647	0.012644826	0.018739024
3.974849864	0.102970516	0.012691358	0.01824759
3.976726563	0.094942316	0.012755692	0.017767003
3.978603263	0.086866945	0.012835574	0.017293309
3.980479963	0.078740957	0.012927634	0.016825426
3.982356662	0.070565078	0.01303406	0.016362146
3.984233362	0.062326904	0.013151084	0.015899441
3.986110062	0.054028088	0.013274036	0.01543385
3.987986761	0.045666933	0.013414849	0.014976499
3.989863461	0.03725482	0.013579881	0.014534124
3.991740161	0.028789092	0.013766866	0.014099089
3.99361686	0.020266828	0.013975006	0.013665594
3.99549356	0.011682982	0.0142011	0.013228459
3.99737026	0.003048767	0.014450437	0.012790696
3.999246959	-0.005636351	0.014720438	0.012353518
4.001123659	-0.014370579	0.015015165	0.011913801
4.003000359	-0.023150497	0.015333985	0.011474898
4.004877058	-0.031968189	0.015679336	0.011037997
4.006753758	-0.040817895	0.016048232	0.010603347
4.008630458	-0.049691383	0.016436998	0.010178762
4.010507157	-0.058576645	0.01683968	0.009765946
4.012383857	-0.067473148	0.017259083	0.009366891
4.014260557	-0.076376088	0.017693475	0.008982802
4.016137256	-0.085278756	0.018142997	0.008617666
4.018013956	-0.094169944	0.018608177	0.008276364
4.019890655	-0.10304821	0.019085928	0.007958064
4.021767355	-0.11190922	0.019576906	0.007665294
4.023644055	-0.120758007	0.020082651	0.007396367
4.025520754	-0.129596773	0.020600806	0.007149831
4.027397454	-0.138432137	0.021131631	0.006920994
4.029274154	-0.147268338	0.021674638	0.006707326
4.031150853	-0.156115345	0.022229222	0.006504781
4.033027553	-0.164977538	0.022797522	0.006310337
4.034904253	-0.173854185	0.023378642	0.006121291
4.036780952	-0.182756763	0.023972646	0.005932545
4.038657652	-0.191685605	0.024576714	0.005744314
4.040534352	-0.200648219	0.025197135	0.005547392
4.042411051	-0.209611599	0.025808559	0.005360751
4.044287751	-0.21861688	0.026430127	0.005156583
4.046164451	-0.227675391	0.027070606	0.004954431
4.04804115	-0.236782938	0.027726043	0.004761056
4.04991785	-0.245926823	0.028401809	0.004578938
4.05179455	-0.255104217	0.029093635	0.004404381
4.053671249	-0.264307065	0.029797472	0.004227381
4.055547949	-0.273534138	0.030513783	0.004042589
4.057424649	-0.282784752	0.031244853	0.003850593
4.059301348	-0.292053197	0.031996039	0.0036514
4.061178048	-0.301343496	0.03276668	0.00344587
4.063054747	-0.310640185	0.03355953	0.003240441
4.064931447	-0.319931221	0.034371443	0.003037403
4.066808147	-0.329209474	0.035199018	0.002840188
4.068684846	-0.338464717	0.036037731	0.002651245
4.070561546	-0.347686305	0.03688573	0.002474769
4.072438246	-0.356861406	0.037740711	0.002317437
4.074314945	-0.365985359	0.038600829	0.002184741
4.076191645	-0.375050866	0.039465728	0.002078716
4.078068345	-0.384058542	0.040332835	0.001998888
4.079945044	-0.393005782	0.041198142	0.001943735
4.081821744	-0.401903631	0.042064374	0.001912159
4.083698444	-0.410749003	0.042929851	0.001902321
4.085575143	-0.419552677	0.043796394	0.001914435
4.087451843	-0.428316077	0.044659052	0.001941465
4.089328543	-0.437042004	0.045521668	0.0019792
4.091205242	-0.44574287	0.046387073	0.002022585
4.093081942	-0.454422657	0.047251474	0.00206968
4.094958642	-0.463084974	0.048115612	0.002118332
4.096835341	-0.471728232	0.048978388	0.002169567
4.098712041	-0.480365608	0.049841721	0.002219818
4.100588741	-0.488994615	0.050710202	0.002262513
4.10246544	-0.497597313	0.051571063	0.002305411
4.10434214	-0.50620176	0.052435658	0.002344342
4.10621884	-0.514795041	0.053303032	0.002377524
4.108095539	-0.523371316	0.054168661	0.002407173
4.109972239	-0.531934303	0.055030492	0.002437918
4.111848938	-0.540479111	0.055899605	0.002467444
4.113725638	-0.548995285	0.056764353	0.002505633
4.115602338	-0.557485504	0.05763383	0.002541779
4.117479037	-0.565939932	0.058500606	0.002583065
4.119355737	-0.574360415	0.059364115	0.002629715
4.121232437	-0.582745327	0.060223811	0.0026813
4.123109136	-0.59107636	0.061080385	0.002739826
4.124985836	-0.599362717	0.061930551	0.002810835
4.126862536	-0.607599706	0.06277649	0.002894085
4.128739235	-0.615776251	0.063606982	0.002993906
4.130615935	-0.62389686	0.064432355	0.003102701
4.132492635	-0.631966259	0.065257624	0.003215598
4.134369334	-0.639983603	0.066082619	0.003331675
4.136246034	-0.647939052	0.066902189	0.003457562
4.138122734	-0.655828607	0.067715332	0.003598949
4.139999433	-0.6636525	0.068521964	0.003753989
4.141876133	-0.671408589	0.069322581	0.003921034
4.143752833	-0.679087247	0.070112286	0.004102783
4.145629532	-0.686689773	0.070896189	0.004294695
4.147506232	-0.694202704	0.071665988	0.004501422
4.149382932	-0.701658669	0.072428524	0.004719955
4.151259631	-0.709033962	0.073185134	0.004953156
4.153136331	-0.71633824	0.073931148	0.005203455
4.15501303	-0.723570145	0.074669652	0.005466532
4.15688973	-0.730716717	0.075391692	0.005752256
4.15876643	-0.73778164	0.07610149	0.006054417
4.160643129	-0.744768624	0.076797672	0.006369074
4.162519829	-0.751660003	0.077484145	0.006692884
4.164396529	-0.758453287	0.078142853	0.007042316
4.166273228	-0.765136959	0.078804579	0.007395106
4.168149928	-0.771740431	0.079457289	0.007767904
4.170026628	-0.778248986	0.080083998	0.008170201
4.171903327	-0.784662392	0.08068485	0.008601752
4.173780027	-0.790983192	0.081265721	0.00905182
4.175656727	-0.797214657	0.081833218	0.009512935
4.177533426	-0.803381065	0.082385045	0.009978997
4.179410126	-0.80950999	0.082929768	0.01043694
4.181286826	-0.815594518	0.083459822	0.01088954
4.183163525	-0.821629193	0.083974449	0.011342255
4.185040225	-0.827599237	0.084471879	0.011801617
4.186916925	-0.833494513	0.084949399	0.012270043
4.188793624	-0.839311711	0.085408182	0.012746998
4.190670324	-0.845062673	0.085851165	0.013224716
4.192547024	-0.850752732	0.086278466	0.01370187
4.194423723	-0.85637974	0.086689693	0.014178489
4.196300423	-0.861948357	0.087084154	0.014653954
4.198177122	-0.867454079	0.087467147	0.015126425
4.200053822	-0.872898286	0.087831015	0.015596782
4.201930522	-0.878275223	0.088178206	0.016066844
4.203807221	-0.883581891	0.08850994	0.016536493
4.205683921	-0.888818754	0.088824297	0.017007936
4.207560621	-0.893989764	0.089119983	0.017478539
4.20943732	-0.899077923	0.089399392	0.017951878
4.21131402	-0.904088794	0.089657209	0.018426932
4.21319072	-0.909025758	0.089899232	0.018905384
4.215067419	-0.913877525	0.090122688	0.019389866
4.216944119	-0.918640149	0.090323423	0.019877061
4.218820819	-0.92333874	0.090506367	0.020366119
4.220697518	-0.927948627	0.090671536	0.020859265
4.222574218	-0.932471715	0.090812249	0.021358562
4.224450918	-0.93691062	0.090937701	0.021865183
4.226327617	-0.941265143	0.09104205	0.022375074
4.228204317	-0.945530875	0.091126475	0.022885701
4.230081017	-0.949711776	0.091187934	0.023398025
4.231957716	-0.953808396	0.091228993	0.023910737
4.233834416	-0.957810927	0.091252159	0.024434436
4.235711116	-0.961715872	0.091254155	0.024960318
4.237587815	-0.965532557	0.09124623	0.025475523
4.239464515	-0.969269444	0.091220233	0.025993389
4.241341214	-0.972918338	0.091177611	0.026511842
4.243217914	-0.976471197	0.091113481	0.027049192
4.245094614	-0.979931346	0.091019433	0.027601909
4.246971313	-0.983308977	0.090907009	0.028163043
4.248848013	-0.986586818	0.09076899	0.028729954
4.250724713	-0.989771702	0.090606908	0.029304385
4.252601412	-0.99286242	0.0904292	0.029889852
4.254478112	-0.995862527	0.090232157	0.030489411
4.256354812	-0.998774916	0.090023714	0.031096266
4.258231511	-1.001596714	0.089795322	0.031706471
4.260108211	-1.004325694	0.089553897	0.032323374
4.261984911	-1.006957931	0.089294489	0.032951149
4.26386161	-1.009513032	0.089044322	0.033583968
4.26573831	-1.011985492	0.088792161	0.034231506
4.26761501	-1.014418001	0.088555123	0.034878788
4.269491709	-1.016698322	0.088319933	0.035517713
4.271368409	-1.018946956	0.088151285	0.036128392
4.273245109	-1.021017878	0.087997095	0.036719214
4.275121808	-1.022987448	0.087876815	0.03729107
4.276998508	-1.02471656	0.087736444	0.037844784
4.278875208	-1.026234781	0.087593262	0.03839216
4.280751907	-1.027583599	0.087432321	0.038947968
4.282628607	-1.028721705	0.087250764	0.039496124
4.284505306	-1.029565895	0.087040079	0.040013925
4.286382006	-1.030414512	0.08687999	0.040519484
4.288258706	-1.031290283	0.086753371	0.041026738
4.290135405	-1.032013743	0.08656086	0.041546094
4.292012105	-1.032410736	0.086207376	0.04210523
4.293888805	-1.032758312	0.0858154	0.042696461
4.295765504	-1.033259762	0.085471846	0.043296625
4.297642204	-1.033745081	0.085094782	0.043877274
4.299518904	-1.033857187	0.084557203	0.044452996
4.301395603	-1.033828465	0.083931445	0.045034653
4.303272303	-1.033705727	0.083239388	0.045625091
4.305149003	-1.033809817	0.082636815	0.046208393
4.307025702	-1.034197203	0.082162319	0.046758666
4.308902402	-1.034524477	0.081670022	0.047283209
4.310779102	-1.03435902	0.08104431	0.0477696
4.312655801	-1.034046156	0.080387494	0.048242078
4.314532501	-1.033844281	0.079754725	0.048720838
4.316409201	-1.033712018	0.079173103	0.049201489
4.3182859	-1.033623256	0.078646364	0.049652141
4.3201626	-1.033146612	0.078004548	0.050103829
4.3220393	-1.032153683	0.077151014	0.050579604
4.323915999	-1.031250292	0.0763585	0.051050183
4.325792699	-1.03037543	0.075561713	0.051522515
4.327669398	-1.029806697	0.074930749	0.051986773
4.329546098	-1.02931194	0.074384069	0.052430525
4.331422798	-1.028637284	0.073807946	0.052837824
4.333299497	-1.027282521	0.072980164	0.053276564
4.335176197	-1.025677207	0.072098285	0.053724579
4.337052897	-1.024248703	0.071304457	0.054190292
4.338929596	-1.0229594	0.070576365	0.054635956
4.340806296	-1.021739121	0.069915114	0.0550563
4.342682996	-1.020446418	0.069272131	0.055463814
4.344559695	-1.018720896	0.06847729	0.055867442
4.346436395	-1.016485473	0.067487474	0.056265494
4.348313095	-1.014430048	0.066615598	0.056685136
4.350189794	-1.012602725	0.065831005	0.057056625
4.352066494	-1.010966618	0.065128856	0.057371133
4.353943194	-1.009396911	0.064480985	0.057638988
4.355819893	-1.007529018	0.063746356	0.057833908
4.357696593	-1.00524322	0.062825072	0.057966783
4.359573293	-1.003179468	0.062001054	0.058059558
4.361449992	-1.001515065	0.061322164	0.058067769
4.363326692	-1.000034523	0.060703652	0.057969342
4.365203392	-0.998666727	0.06013483	0.057801612
4.367080091	-0.9970138	0.059477578	0.057559768
4.368956791	-0.994928286	0.058653177	0.057310669
4.37083349	-0.993117396	0.057948714	0.057074506
4.37271019	-0.991439971	0.05731546	0.05683231
4.37458689	-0.989708376	0.056695647	0.056588613
4.376463589	-0.987674395	0.0559997	0.056371294
4.378340289	-0.985165673	0.055132208	0.056176877
4.380216989	-0.982595598	0.054272061	0.056027664
4.382093688	-0.98015482	0.053499037	0.055904375
4.383970388	-0.977723871	0.05276612	0.055775689
4.385847088	-0.975116676	0.05200549	0.055650281
4.387723787	-0.972061856	0.051079816	0.055533538
4.389600487	-0.968748073	0.050107287	0.055466657
4.391477187	-0.965663208	0.049241401	0.055428238
4.393353886	-0.962579333	0.048420402	0.055380622
4.395230586	-0.959402	0.047604483	0.055342959
4.397107286	-0.955768333	0.046637653	0.055323834
4.398983985	-0.951752363	0.045572264	0.055320702
4.400860685	-0.948023705	0.044631129	0.055340591
4.402737385	-0.94442854	0.043755468	0.055302271
4.404614084	-0.940994558	0.042957855	0.055188733
4.406490784	-0.93749844	0.042126522	0.054944531
4.408367484	-0.933855266	0.041201421	0.054525411
4.410244183	-0.93071998	0.040413691	0.053917907
4.412120883	-0.928303237	0.039804852	0.053044791
4.413997583	-0.926521576	0.039375556	0.051926109
4.415874282	-0.925066163	0.039034163	0.0506256
4.417750982	-0.923110269	0.03848889	0.049315674
4.419627681	-0.920744618	0.037860026	0.048153708
4.421504381	-0.91797773	0.03714974	0.047256467
4.423381081	-0.91485389	0.036455783	0.046676638
4.42525778	-0.911152898	0.035714075	0.046407342
4.42713448	-0.906642762	0.034833917	0.046416122
4.42901118	-0.901156504	0.033698302	0.046673716
4.430887879	-0.895117186	0.032475561	0.047070639
4.432764579	-0.888805053	0.031172717	0.047570611
4.434641279	-0.882543894	0.029910747	0.048124158
4.436517978	-0.876389673	0.028711413	0.048710347
4.438394678	-0.870083768	0.027495859	0.049322557
4.440271378	-0.863523566	0.026275585	0.050002908
4.442148077	-0.856834095	0.025063074	0.050721591
4.444024777	-0.85006987	0.023889531	0.051470359
4.445901477	-0.842884832	0.022667451	0.052293839
4.447778176	-0.835659793	0.021556352	0.053135768
4.449654876	-0.828165663	0.020378916	0.054001458
4.451531576	-0.820477268	0.019235104	0.054906947
4.453408275	-0.812608092	0.018121822	0.055854957
4.455284975	-0.804398601	0.016952882	0.056814829
4.457161675	-0.796015524	0.015772397	0.057771042
4.459038374	-0.787721299	0.014625715	0.058665423
4.460915074	-0.779805283	0.013606908	0.05936877
4.462791773	-0.772739739	0.012781902	0.059721129
4.464668473	-0.766690264	0.012151092	0.059545034
4.466545173	-0.761741099	0.011666995	0.058727415
4.468421872	-0.757890143	0.01130545	0.05725775
4.470298572	-0.754955242	0.011005716	0.055248953
4.472175272	-0.752994353	0.010873178	0.052973519
4.474051971	-0.751005242	0.010667578	0.050743334
4.475928671	-0.748185009	0.010349789	0.04903541
4.477805371	-0.743631051	0.009753644	0.048237771
4.47968207	-0.736797416	0.008812842	0.048551902
4.48155877	-0.727801718	0.007595773	0.049827033
4.48343547	-0.717557115	0.00623142	0.051661738
4.485312169	-0.706586099	0.004792068	0.053646642
4.487188869	-0.69586526	0.003433377	0.055552221
4.489065569	-0.685328218	0.002165473	0.057279907
4.490942268	-0.674958124	0.000954392	0.058876543
4.492818968	-0.664880147	-0.000165626	0.060312535
4.494695668	-0.654848987	-0.001282919	0.061646406
4.496572367	-0.644870792	-0.002352443	0.062898345
4.498449067	-0.635184847	-0.003352859	0.064052444
4.500325767	-0.625353013	-0.004388631	0.065144262
4.502202466	-0.61589652	-0.005304733	0.066150544
4.504079166	-0.606541722	-0.006197123	0.067055944
4.505955865	-0.597403993	-0.007033985	0.067885046
4.507832565	-0.588279478	-0.007842368	0.068585721
4.509709265	-0.579675856	-0.008544725	0.069098168
4.511585964	-0.571287562	-0.00921626	0.069374586
4.513462664	-0.563545722	-0.009803057	0.06940573
4.515339364	-0.556081157	-0.010350351	0.069229172
4.517216063	-0.548718967	-0.010881603	0.069047016
4.519092763	-0.541129591	-0.011420176	0.068989637
4.520969463	-0.533062493	-0.011986673	0.069177926
4.522846162	-0.524464413	-0.0125971	0.069670287
4.524722862	-0.515193888	-0.013258523	0.070416199
4.526599562	-0.505521607	-0.013921892	0.071337035
4.528476261	-0.495544442	-0.014595457	0.072332379
4.530352961	-0.485636794	-0.015239241	0.073317779
4.532229661	-0.475670445	-0.015866112	0.074247628
4.53410636	-0.465984356	-0.016445305	0.075099281
4.53598306	-0.456407136	-0.01698867	0.07584767
4.53785976	-0.447004361	-0.017497742	0.076531419
4.539736459	-0.437662973	-0.0179807	0.077155016
4.541613159	-0.428441034	-0.018426893	0.077752226
4.543489859	-0.419178353	-0.018859695	0.078318959
4.545366558	-0.409956137	-0.019255485	0.078886643
4.547243258	-0.400640947	-0.019639848	0.079460131
4.549119957	-0.391344949	-0.019997699	0.08005088
4.550996657	-0.381960683	-0.020336164	0.080657119
4.552873357	-0.372548319	-0.020650581	0.081287209
4.554750056	-0.363070105	-0.020945071	0.081932927
4.556626756	-0.353536522	-0.021220811	0.082593475
4.558503456	-0.343951069	-0.021478486	0.083274621
4.560380155	-0.334300345	-0.021713721	0.083979498
4.562256855	-0.3246139	-0.021921853	0.084706161
4.564133555	-0.314849353	-0.022108948	0.085462575
4.566010254	-0.304993242	-0.022272576	0.086265843
4.567886954	-0.29501606	-0.022411369	0.087130173
4.569763654	-0.284866766	-0.022525418	0.088062932
4.571640353	-0.274573738	-0.022621033	0.089070374
4.573517053	-0.264004626	-0.022673021	0.090157582
4.575393753	-0.253182417	-0.022710082	0.091361543
4.577270452	-0.242119262	-0.022708589	0.092655024
4.579147152	-0.230841381	-0.022669591	0.094048062
4.581023852	-0.219360961	-0.022583491	0.095526074
4.582900551	-0.207685674	-0.022461013	0.097083914
4.584777251	-0.195872806	-0.022294847	0.098699698
4.586653951	-0.183940296	-0.022083356	0.100365616
4.58853065	-0.171957451	-0.021823124	0.102057779
4.59040735	-0.159980309	-0.021526512	0.103755867
4.592284049	-0.148035816	-0.021182412	0.105428876
4.594160749	-0.136196798	-0.020791752	0.107055678
4.596037449	-0.124509595	-0.020359757	0.108611907
4.597914148	-0.113007814	-0.019890725	0.110086253
4.599790848	-0.101730237	-0.0193815	0.111470523
4.601667548	-0.090700419	-0.018829973	0.112754659
4.603544247	-0.079908614	-0.018242679	0.113928035
4.605420947	-0.069363794	-0.017614934	0.114976077
4.607297647	-0.059078088	-0.01694576	0.11589656
4.609174346	-0.049025678	-0.016245904	0.116711268
4.611051046	-0.03921551	-0.015519229	0.117417247
4.612927746	-0.029634597	-0.014772784	0.118020744
4.614804445	-0.02027316	-0.014008507	0.11852407
4.616681145	-0.01111195	-0.013227055	0.118938466
4.618557845	-0.002148832	-0.012431216	0.119266245
4.620434544	0.006618439	-0.011624194	0.119507068
4.622311244	0.015193794	-0.01080847	0.119669693
4.624187944	0.023588516	-0.009989784	0.119750988
4.626064643	0.031842831	-0.009173808	0.119759776
4.627941343	0.039901665	-0.008360925	0.119689971
4.629818043	0.047805156	-0.007547841	0.119573469
4.631694742	0.055575361	-0.006738748	0.119414621
4.633571442	0.063224778	-0.005933797	0.11921348
4.635448141	0.070770048	-0.005132918	0.118967009
4.637324841	0.078227597	-0.004336035	0.118683739
4.639201541	0.085609262	-0.00354676	0.118371374
4.64107824	0.092929816	-0.002763564	0.118036222
4.64295494	0.100199438	-0.001988162	0.117687277
4.64483164	0.107441877	-0.001217062	0.117331164
4.646708339	0.114665155	-0.000449981	0.116976107
4.648585039	0.121877995	0.000314452	0.116624881
4.650461739	0.1290859	0.00107055	0.116283072
4.652338438	0.136281776	0.001819012	0.115951055
4.654215138	0.143467491	0.002559779	0.115626956
4.656091838	0.150638151	0.003290886	0.115308447
4.657968537	0.157776965	0.004013401	0.114996882
4.659845237	0.16488175	0.004728245	0.114700784
4.661721937	0.171952527	0.005444967	0.114415453
4.663598636	0.178980904	0.006158163	0.114135327
4.665475336	0.18597398	0.006862331	0.113854855
4.667352036	0.192933057	0.007559324	0.113571058
4.669228735	0.199867047	0.008254979	0.113285237
4.671105435	0.206754878	0.008944313	0.113005629
4.672982135	0.213611267	0.009636342	0.11272727
4.674858834	0.220436644	0.010326575	0.112450014
4.676735534	0.227238573	0.011015556	0.11217966
4.678612233	0.234020095	0.011702166	0.111920785
4.680488933	0.240782606	0.012389252	0.111688164
4.682365633	0.2475161	0.013078399	0.111461476
4.684242332	0.254229755	0.013762833	0.111241389
4.686119032	0.260923034	0.014443983	0.111039151
4.687995732	0.267597783	0.015126237	0.110876677
4.689872431	0.274286405	0.015779598	0.110755001
4.691749131	0.280973454	0.016464139	0.11062238
4.693625831	0.287633154	0.017155909	0.110494597
4.69550253	0.294288289	0.017860014	0.110367468
4.69737923	0.300901146	0.018567611	0.110245207
4.69925593	0.307474296	0.019272986	0.110136416
4.701132629	0.314027967	0.019979741	0.11003986
4.703009329	0.320537038	0.020688195	0.109954803
4.704886029	0.326986532	0.021398915	0.109881587
4.706762728	0.333375948	0.022110403	0.109815555
4.708639428	0.339707901	0.022819711	0.109750227
4.710516128	0.345983309	0.023525355	0.109689931
4.712392827	0.352193179	0.024227751	0.109638209
4.714269527	0.358343945	0.024925498	0.109592753
4.716146227	0.364421261	0.025614843	0.109549615
4.718022926	0.37041279	0.026298746	0.10951699
4.719899626	0.376325922	0.026981046	0.109490593
4.721776325	0.382172015	0.027659334	0.109470404
4.723653025	0.387934247	0.028327889	0.1094425
4.725529725	0.393610687	0.028984003	0.109400221
4.727406424	0.399200497	0.029628673	0.109341388
4.729283124	0.404683239	0.030262391	0.109259585
4.731159824	0.410042376	0.030883258	0.109146181
4.733036523	0.415265474	0.031489244	0.108996321
4.734913223	0.420341433	0.032076192	0.108803911
4.736789923	0.425255252	0.032644005	0.108567247
4.738666622	0.429997053	0.033192863	0.108284928
4.740543322	0.434565537	0.033714442	0.107949914
4.742420022	0.438956834	0.034208086	0.107567909
4.744296721	0.443180695	0.034677245	0.107147069
4.746173421	0.447231698	0.035122869	0.106693167
4.748050121	0.451108867	0.035550714	0.106212326
4.74992682	0.454847534	0.035967532	0.105712941
4.75180352	0.458449185	0.036363767	0.10518511
4.75368022	0.461925761	0.036732989	0.104627577
4.755556919	0.465285742	0.037076106	0.104045038
4.757433619	0.468534179	0.037397447	0.10344101
4.759310319	0.47167081	0.037701685	0.102818512
4.761187018	0.474701443	0.037988565	0.102181412
4.763063718	0.477628453	0.03826058	0.101532206
4.764940418	0.480455076	0.038516419	0.100874219
4.766817117	0.483178486	0.038755775	0.100207535
4.768693817	0.485798319	0.038976032	0.099533742
4.770570516	0.488319157	0.039178285	0.098853259
4.772447216	0.490741998	0.039363403	0.098172166
4.774323916	0.493063454	0.039525819	0.097478572
4.776200615	0.495288874	0.039677745	0.096790142
4.778077315	0.497420492	0.039817713	0.096107657
4.779954015	0.499449335	0.03993838	0.095429655
4.781830714	0.501373567	0.040053185	0.0947725
4.783707414	0.503211639	0.040162795	0.094130518
4.785584114	0.504972315	0.040257336	0.093499356
4.787460813	0.506656119	0.040334423	0.092864651
4.789337513	0.508256553	0.040396695	0.09222295
4.791214213	0.509776133	0.04044437	0.091579498
4.793090912	0.511221167	0.040471686	0.090942204
4.794967612	0.512592885	0.040483237	0.090297959
4.796844312	0.513887465	0.040489476	0.089643471
4.798721011	0.515094338	0.040486968	0.088983856
4.800597711	0.516205787	0.040472813	0.088312588
4.802474411	0.51723906	0.040431927	0.087655367
4.80435111	0.518172805	0.040381746	0.086994817
4.80622781	0.519009079	0.04032625	0.086333884
4.80810451	0.519737311	0.040263549	0.085673771
4.809981209	0.520366431	0.040187568	0.085018513
4.811857909	0.520886673	0.040100307	0.084361204
4.813734608	0.521295543	0.04000366	0.083708796
4.815611308	0.521584428	0.039891801	0.083057282
4.817488008	0.521772409	0.039789222	0.082428963
4.819364707	0.521865258	0.039683461	0.081809409
4.821241407	0.521865702	0.039557912	0.081184239
4.823118107	0.521768297	0.039412864	0.080558467
4.824994806	0.521563905	0.039247186	0.079926354
4.826871506	0.521262163	0.039069352	0.079295864
4.828748206	0.520863159	0.038880108	0.078663214
4.830624905	0.520357901	0.038678185	0.078023105
4.832501605	0.519741397	0.038467069	0.077374207
4.834378305	0.519006701	0.038242272	0.076713415
4.836255004	0.518166128	0.038009962	0.076043406
4.838131704	0.51718385	0.037757609	0.075350498
4.840008404	0.516070236	0.037487209	0.07463706
4.841885103	0.514813871	0.037197295	0.073901228
4.843761803	0.513420724	0.036892101	0.073146728
4.845638503	0.511891542	0.036570905	0.072372802
4.847515202	0.510231357	0.036234675	0.071578563
4.849391902	0.508441237	0.035878733	0.07076707
4.851268602	0.506532579	0.035512742	0.069945916
4.853145301	0.504489171	0.035132486	0.069115565
4.855022001	0.502311444	0.034719553	0.068264194
4.8568987	0.500018895	0.034320675	0.067441391
4.8587754	0.497629947	0.033929322	0.066630892
4.8606521	0.495143432	0.033531845	0.065821601
4.862528799	0.492557791	0.033128504	0.06500874
4.864405499	0.489884196	0.032710171	0.064190851
4.866282199	0.487122882	0.03228578	0.063375928
4.868158898	0.484267485	0.031856597	0.062563227
4.870035598	0.481326986	0.031424446	0.061754909
4.871912298	0.478298735	0.03099159	0.060953023
4.873788997	0.475184281	0.030559232	0.060156418
4.875665697	0.471978551	0.030123279	0.059364712
4.877542397	0.468685644	0.029683418	0.058580312
4.879419096	0.465296386	0.029239518	0.057797643
4.881295796	0.461815766	0.02879227	0.057017368
4.883172496	0.458238833	0.028339494	0.056235861
4.885049195	0.454569751	0.027883844	0.055456664
4.886925895	0.450806641	0.027425578	0.054681074
4.888802595	0.44695152	0.026964792	0.053909713
4.890679294	0.443005336	0.026506355	0.05313819
4.892555994	0.438972755	0.026049289	0.052371879
4.894432694	0.434852578	0.025593278	0.051609206
4.896309393	0.430647955	0.02513606	0.050851457
4.898186093	0.426362848	0.024681512	0.050103276
4.900062792	0.422002057	0.024231618	0.049365708
4.901939492	0.417560484	0.023783151	0.048636627
4.903816192	0.413046795	0.0233342	0.047919714
4.905692891	0.408456221	0.022888224	0.047215315
4.907569591	0.403770221	0.022445173	0.046511165
4.909446291	0.39898463	0.021987507	0.045798097
4.91132299	0.394104024	0.021549021	0.045114562
4.91319969	0.389142881	0.02111829	0.044460107
4.91507639	0.384101237	0.020714499	0.043802781
4.916953089	0.378976915	0.020334361	0.043129081
4.918829789	0.373790425	0.019938176	0.042481883
4.920706489	0.368500284	0.019545826	0.04182594
4.922583188	0.363122851	0.019174345	0.041151534
4.924459888	0.3576563	0.018816468	0.040471566
4.926336588	0.352109129	0.018477921	0.039794376
4.928213287	0.346472873	0.018151206	0.039120022
4.930089987	0.340756492	0.017834542	0.038451947
4.931966687	0.334959495	0.017528284	0.037786767
4.933843386	0.329081305	0.01723229	0.037125431
4.935720086	0.323128089	0.016941193	0.036468155
4.937596786	0.31709891	0.016660458	0.035814311
4.939473485	0.311000013	0.016388022	0.035169274
4.941350185	0.304836778	0.01611927	0.034534878
4.943226884	0.298612886	0.015859439	0.033911398
4.945103584	0.29233108	0.015604362	0.033301096
4.946980284	0.285993771	0.015355702	0.032701981
4.948856983	0.279603853	0.015113459	0.032119109
4.950733683	0.273164005	0.014883235	0.031554984
4.952610383	0.266665817	0.014663027	0.030998513
4.954487082	0.260107067	0.014455329	0.030450401
4.956363782	0.253479612	0.014256902	0.02990762
4.958240482	0.246778478	0.014062138	0.029369587
4.960117181	0.239998606	0.013874357	0.028829248
4.961993881	0.233117578	0.013687778	0.028274878
4.963870581	0.226135388	0.01350402	0.02770765
4.96574728	0.219055887	0.013333124	0.027137392
4.96762398	0.211878637	0.013182031	0.026569558
4.96950068	0.204602134	0.013044531	0.025998786
4.971377379	0.197228019	0.012920705	0.025422039
4.973254079	0.189758945	0.012808371	0.024836048
4.975130779	0.182191704	0.012712203	0.024236267
4.977007478	0.174538062	0.012631785	0.023626749
4.978884178	0.166797883	0.012573061	0.023009507
4.980760878	0.158980287	0.012535546	0.022391733
4.982637577	0.151092011	0.012518773	0.021772512
4.984514277	0.143142375	0.012519313	0.021155508
4.986390976	0.135135349	0.012535473	0.020541534
4.988267676	0.127079184	0.01256333	0.01993434
4.990144376	0.118964878	0.012605711	0.019333207
4.992021075	0.110825817	0.012660918	0.018744079
4.993897775	0.102651849	0.01273063	0.018166779
4.995774475	0.094429808	0.01281733	0.017601197
4.997651174	0.086183157	0.012917998	0.017051081
4.999527874	0.077916474	0.013034616	0.016520561
5.001404574	0.069633457	0.013168869	0.016010393
5.003281273	0.061336557	0.013319068	0.015523064
5.005157973	0.053031887	0.013484204	0.015058783
5.007034673	0.044716285	0.013664616	0.014617142
5.008911372	0.036388926	0.013861312	0.014198501
5.010788072	0.028047049	0.014072601	0.013798802
5.012664772	0.01968353	0.014299139	0.013412349
5.014541471	0.011287006	0.014540813	0.013035523
5.016418171	0.002853379	0.014800421	0.012669799
5.018294871	-0.005613828	0.015070476	0.012311483
5.02017157	-0.014151848	0.01533835	0.011943614
5.02204827	-0.022748274	0.015636829	0.011600406
5.02392497	-0.031403331	0.015961393	0.011267826
5.025801669	-0.040108118	0.016312127	0.010944834
5.027678369	-0.048857645	0.016678466	0.010625405
5.029555068	-0.057656339	0.017057277	0.010301087
5.031431768	-0.066498598	0.017454359	0.009968279
5.033308468	-0.075385946	0.017872807	0.009627374
5.035185167	-0.084313156	0.018315012	0.009281993
5.037061867	-0.093273674	0.018780356	0.008936795
5.038938567	-0.102261575	0.019268167	0.008594443
5.040815266	-0.111273099	0.01977458	0.008255172
5.042691966	-0.120305683	0.020298102	0.007920689
5.044568666	-0.129352823	0.020833386	0.007593212
5.046445365	-0.138415215	0.021380232	0.007272283
5.048322065	-0.147487818	0.021937865	0.006958779
5.050198765	-0.156568544	0.022507704	0.006656679
5.052075464	-0.165654836	0.023090506	0.006367314
5.053952164	-0.174737445	0.023686549	0.006090528
5.055828864	-0.183815569	0.024294592	0.005827847
5.057705563	-0.192882963	0.024914216	0.005581667
5.059582263	-0.201943784	0.025551026	0.00534298
5.061458963	-0.210959667	0.026179096	0.005131712
5.063335662	-0.219962297	0.026822303	0.004926672
5.065212362	-0.228958473	0.027479457	0.004731239
5.067089062	-0.237951768	0.028144158	0.004550432
