"cl-rlt"
"Time Step" "cl etc.."
("Time Step" "cl" "flow-time")
0 0 0
1 21.79839544579275 0.001876699652423726
2 8.635457037312305 0.003753399304847452
3 2.740727012649528 0.005630098957271178
4 0.8981600030293507 0.007506798609694904
5 0.6905652926516901 0.009383498262118629
6 0.8960184256668551 0.01126019791454235
7 1.089933168565121 0.01313689756696608
8 1.196097081082604 0.0150135972193898
9 1.240183782471399 0.01689029687181353
10 1.255124591545224 0.01876699652423726
11 1.260132351293029 0.02064369617666098
12 1.263029355302525 0.02252039582908471
13 1.266176070798349 0.02439709548150843
14 1.26985875778182 0.02627379513393216
15 1.273801667368936 0.02815049478635588
16 1.277834147934168 0.03002719443877961
17 1.281866279876639 0.03190389409120333
18 1.285853968797747 0.03378059374362706
19 1.289820553149874 0.03565729339605079
20 1.293747025559788 0.03753399304847452
21 1.297647358115917 0.03941069270089825
22 1.301523448764372 0.04128739235332197
23 1.305365314091717 0.0431640920057457
24 1.309162527518919 0.04504079165816943
25 1.3129079648198 0.04691749131059316
26 1.316592386645723 0.04879419096301689
27 1.320209621653484 0.05067089061544062
28 1.323751914927171 0.05254759026786435
29 1.327226632695158 0.05442428992028808
30 1.330632854391731 0.0563009895727118
31 1.333958301406573 0.05817768922513553
32 1.337233788202899 0.06005438887755926
33 1.340428816722477 0.06193108852998299
34 1.343576942877422 0.06380778818240672
35 1.346701004802442 0.06568448783483044
36 1.349764561122053 0.06756118748725416
37 1.352792360999171 0.06943788713967788
38 1.355841242442114 0.07131458679210161
39 1.358869152607005 0.07319128644452533
40 1.361885114281532 0.07506798609694905
41 1.36491149304443 0.07694468574937277
42 1.367962487117119 0.07882138540179649
43 1.37099362473119 0.08069808505422021
44 1.373982427033127 0.08257478470664394
45 1.376921395778383 0.08445148435906766
46 1.379808351292323 0.08632818401149138
47 1.382610923146499 0.0882048836639151
48 1.385309594423874 0.09008158331633882
49 1.387890683963746 0.09195828296876254
50 1.390380557372565 0.09383498262118627
51 1.392794875695217 0.09571168227360999
52 1.395125847108939 0.09758838192603371
53 1.397337800023036 0.09946508157845743
54 1.399463191147476 0.1013417812308812
55 1.401524176648484 0.1032184808833049
56 1.40354550813542 0.1050951805357286
57 1.405533042533519 0.1069718801881523
58 1.407459131829149 0.108848579840576
59 1.409335088695352 0.1107252794929998
60 1.411198286816878 0.1126019791454235
61 1.413099930930858 0.1144786787978472
62 1.415036072806211 0.1163553784502709
63 1.416995015118379 0.1182320781026946
64 1.418954496091377 0.1201087777551184
65 1.420919018004408 0.1219854774075421
66 1.422887272457552 0.1238621770599658
67 1.424881978885054 0.1257388767123895
68 1.426892696306461 0.1276155763648133
69 1.428900330864488 0.129492276017237
70 1.430861924411055 0.1313689756696607
71 1.432775294307127 0.1332456753220845
72 1.434641006090763 0.1351223749745082
73 1.436490065656884 0.1369990746269319
74 1.43833981127337 0.1388757742793557
75 1.440194819759984 0.1407524739317794
76 1.442048548243491 0.1426291735842032
77 1.443883179601798 0.1445058732366269
78 1.445698774807258 0.1463825728890506
79 1.447501723669351 0.1482592725414744
80 1.449306713607678 0.1501359721938981
81 1.451134273412338 0.1520126718463218
82 1.452984549592608 0.1538893714987456
83 1.454867021407706 0.1557660711511693
84 1.456762258021202 0.157642770803593
85 1.458666285319488 0.1595194704560168
86 1.460557233372987 0.1613961701084405
87 1.462463688046792 0.1632728697608642
88 1.464374257485831 0.165149569413288
89 1.466302401366677 0.1670262690657117
90 1.468267610465249 0.1689029687181355
91 1.470266579002342 0.1707796683705592
92 1.472301288711438 0.1726563680229829
93 1.474357443072524 0.1745330676754067
94 1.476429099410833 0.1764097673278304
95 1.478511223261656 0.1782864669802541
96 1.480606237895778 0.1801631666326779
97 1.482724415344814 0.1820398662851016
98 1.484869840110262 0.1839165659375253
99 1.487055031359736 0.1857932655899491
100 1.489289593318872 0.1876699652423728
101 1.491568228915069 0.1895466648947965
102 1.493890486326898 0.1914233645472203
103 1.496250461243298 0.193300064199644
104 1.498645430708097 0.1951767638520678
105 1.50107595907772 0.1970534635044915
106 1.503542035095099 0.1989301631569152
107 1.5060517604512 0.200806862809339
108 1.508605977151855 0.2026835624617627
109 1.511217056539375 0.2045602621141864
110 1.513882357506596 0.2064369617666102
111 1.516617464353166 0.2083136614190339
112 1.519409325580807 0.2101903610714576
113 1.52226330539394 0.2120670607238814
114 1.525164683084201 0.2139437603763051
115 1.528117224237466 0.2158204600287288
116 1.531112903976022 0.2176971596811526
117 1.534153050506817 0.2195738593335763
118 1.537242878571969 0.2214505589860001
119 1.540387616547224 0.2233272586384238
120 1.543587528606851 0.2252039582908475
121 1.546849434599439 0.2270806579432713
122 1.550177180161413 0.228957357595695
123 1.553578212167142 0.2308340572481187
124 1.557047121989713 0.2327107569005425
125 1.560594182964918 0.2345874565529662
126 1.564212378060619 0.2364641562053899
127 1.567906217337278 0.2383408558578137
128 1.571678355803717 0.2402175555102374
129 1.575537749046213 0.2420942551626611
130 1.579482519447984 0.2439709548150849
131 1.583518090761476 0.2458476544675086
132 1.587652719867229 0.2477243541199323
133 1.591896935911062 0.2496010537723561
134 1.596243384213044 0.2514777534247798
135 1.600709615804674 0.2533544530772035
136 1.605282799428625 0.2552311527296272
137 1.609963819047638 0.2571078523820509
138 1.61475585474499 0.2589845520344746
139 1.61964786682097 0.2608612516868983
140 1.624635953716042 0.262737951339322
141 1.629716524938996 0.2646146509917457
142 1.634882864949368 0.2664913506441695
143 1.640138124402546 0.2683680502965932
144 1.645468531206848 0.2702447499490169
145 1.65088436814285 0.2721214496014406
146 1.6563746515103 0.2739981492538643
147 1.661946834737906 0.275874848906288
148 1.667592229414141 0.2777515485587117
149 1.673313815643729 0.2796282482111354
150 1.679110152381124 0.2815049478635591
151 1.684986464151762 0.2833816475159828
152 1.690933141992925 0.2852583471684065
153 1.696954822985634 0.2871350468208302
154 1.703045018658208 0.2890117464732539
155 1.709206502002292 0.2908884461256777
156 1.715435749476361 0.2927651457781014
157 1.721732536479181 0.2946418454305251
158 1.728093467350772 0.2965185450829488
159 1.734530509885756 0.2983952447353725
160 1.741034178565953 0.3002719443877962
161 1.747605504680334 0.3021486440402199
162 1.754251229624001 0.3040253436926436
163 1.760972218688048 0.3059020433450673
164 1.76776648689699 0.307778742997491
165 1.774642494695343 0.3096554426499147
166 1.781592879965669 0.3115321423023384
167 1.78861674082439 0.3134088419547622
168 1.795712692930151 0.3152855416071859
169 1.802878386282026 0.3171622412596096
170 1.810107963983561 0.3190389409120333
171 1.817406918939452 0.320915640564457
172 1.824772605564339 0.3227923402168807
173 1.832202117910665 0.3246690398693044
174 1.839697158714216 0.3265457395217281
175 1.847253429349636 0.3284224391741518
176 1.854863784096931 0.3302991388265755
177 1.86253298558926 0.3321758384789992
178 1.870259647127033 0.3340525381314229
179 1.878045690251285 0.3359292377838466
180 1.885889200570733 0.3378059374362704
181 1.893788660405619 0.3396826370886941
182 1.901744464114535 0.3415593367411178
183 1.90975710138727 0.3434360363935415
184 1.917819973602287 0.3453127360459652
185 1.925939882920972 0.3471894356983889
186 1.934112214911232 0.3490661353508126
187 1.942324196800164 0.3509428350032363
188 1.950588638419534 0.35281953465566
189 1.95888777314554 0.3546962343080837
190 1.967226698127909 0.3565729339605074
191 1.975602695203911 0.3584496336129311
192 1.984018754569326 0.3603263332653548
193 1.992466276540398 0.3622030329177786
194 2.000953234110226 0.3640797325702023
195 2.009472989005356 0.365956432222626
196 2.018017383986817 0.3678331318750497
197 2.026601569473231 0.3697098315274734
198 2.035215531231355 0.3715865311798971
199 2.043864507368177 0.3734632308323208
200 2.05253695581166 0.3753399304847445
201 2.06123697559714 0.3772166301371682
202 2.069966612240995 0.3790933297895919
203 2.078723524046849 0.3809700294420156
204 2.087505394887685 0.3828467290944393
205 2.096308742730933 0.384723428746863
206 2.105139981930614 0.3866001283992868
207 2.113980565112561 0.3884768280517105
208 2.122850533275707 0.3903535277041342
209 2.131734564447875 0.3922302273565579
210 2.140636533840046 0.3941069270089816
211 2.149556041276929 0.3959836266614053
212 2.158492767394571 0.397860326313829
213 2.167513942981018 0.3997370259662527
214 2.176701153294487 0.4016137256186764
215 2.18606587267644 0.4034904252711001
216 2.195399882614361 0.4053671249235238
217 2.204507971851475 0.4072438245759475
218 2.213358634458027 0.4091205242283713
219 2.222054830045802 0.410997223880795
220 2.230564359943507 0.4128739235332187
221 2.239096435412215 0.4147506231856424
222 2.247511628525754 0.4166273228380661
223 2.255929093434553 0.4185040224904898
224 2.264469257394458 0.4203807221429135
225 2.273030930729768 0.4222574217953372
226 2.281583426129517 0.4241341214477609
227 2.290217770828887 0.4260108211001846
228 2.298872097616178 0.4278875207526083
229 2.307644091543011 0.429764220405032
230 2.316517000098428 0.4316409200574557
231 2.325354160147896 0.4335176197098795
232 2.334138442748948 0.4353943193623032
233 2.342937840553122 0.4372710190147269
234 2.351806290656707 0.4391477186671506
235 2.36069959376006 0.4410244183195743
236 2.369704002051456 0.442901117971998
237 2.37867888747946 0.4447778176244217
238 2.387589686757995 0.4466545172768454
239 2.396482188146629 0.4485312169292691
240 2.405361307479204 0.4504079165816928
241 2.414254892555185 0.4522846162341165
242 2.423217822032048 0.4541613158865402
243 2.432270434212506 0.4560380155389639
244 2.441248522428553 0.4579147151913877
245 2.4501781568842 0.4597914148438114
246 2.45906102635854 0.4616681144962351
247 2.467912662998982 0.4635448141486588
248 2.476812614858158 0.4654215138010825
249 2.485780219261891 0.4672982134535062
250 2.494761892136192 0.4691749131059299
251 2.503818157948621 0.4710516127583536
252 2.512802052126516 0.4729283124107773
253 2.52172409400314 0.474805012063201
254 2.530603415038375 0.4766817117156247
255 2.539452950719431 0.4785584113680484
256 2.548336680470167 0.4804351110204721
257 2.557236351227425 0.4823118106728959
258 2.566112992638014 0.4841885103253196
259 2.575052434545427 0.4860652099777433
260 2.583973977140732 0.487941909630167
261 2.592760344268605 0.4898186092825907
262 2.6015143648883 0.4916953089350144
263 2.610100048240586 0.4935720085874381
264 2.618635255048948 0.4954487082398618
265 2.627286177758035 0.4973254078922855
266 2.635719914537674 0.4992021075447092
267 2.644129357456499 0.5010788071971329
268 2.652630028059342 0.5029555068495567
269 2.660933791410434 0.5048322065019805
270 2.669242257658501 0.5067089061544042
271 2.677414516605318 0.508585605806828
272 2.685362939762285 0.5104623054592518
273 2.69323998941223 0.5123390051116755
274 2.70112112936516 0.5142157047640993
275 2.708731085131161 0.516092404416523
276 2.716591816051935 0.5179691040689468
277 2.724171942756604 0.5198458037213706
278 2.731705096507547 0.5217225033737943
279 2.739323897642793 0.5235992030262181
280 2.746515356046774 0.5254759026786419
281 2.753738874846525 0.5273526023310656
282 2.760969529139718 0.5292293019834894
283 2.767768551114268 0.5311060016359131
284 2.77480714353436 0.5329827012883369
285 2.781852778822201 0.5348594009407607
286 2.788389187195898 0.5367361005931844
287 2.795259586980103 0.5386128002456082
288 2.8020170850949 0.540489499898032
289 2.808352666722153 0.5423661995504557
290 2.815071290843721 0.5442428992028795
291 2.821355555732536 0.5461195988553033
292 2.827418191907622 0.547996298507727
293 2.833733577938964 0.5498729981601508
294 2.839636086140577 0.5517496978125745
295 2.845359341804394 0.5536263974649983
296 2.851363668506076 0.5555030971174221
297 2.85715603780721 0.5573797967698458
298 2.862465770193654 0.5592564964222696
299 2.86821909523294 0.5611331960746934
300 2.87381181933485 0.5630098957271171
301 2.878678890361218 0.5648865953795409
302 2.884071542925064 0.5667632950319647
303 2.889338538666187 0.5686399946843884
304 2.893974984883986 0.5705166943368122
305 2.899052193088607 0.5723933939892359
306 2.903710505943828 0.5742700936416597
307 2.907754901890304 0.5761467932940835
308 2.912037160362334 0.5780234929465072
309 2.916654034197323 0.579900192598931
310 2.920471729642027 0.5817768922513548
311 2.924254335391723 0.5836535919037785
312 2.92839236095605 0.5855302915562023
313 2.93198026142167 0.5874069912086261
314 2.935024775834718 0.5892836908610498
315 2.938464140961725 0.5911603905134736
316 2.941911068912028 0.5930370901658973
317 2.944343186395531 0.5949137898183211
318 2.947083687408851 0.5967904894707449
319 2.950058142933094 0.5986671891231686
320 2.952207251386963 0.6005438887755924
321 2.954274060150465 0.6024205884280162
322 2.956683349208095 0.6042972880804399
323 2.958375251197344 0.6061739877328637
324 2.959836266341528 0.6080506873852874
325 2.961689490782146 0.6099273870377112
326 2.962614561396141 0.611804086690135
327 2.963173380047039 0.6136807863425587
328 2.964133634189664 0.6155574859949825
329 2.965160539943253 0.6174341856474063
330 2.965239510515517 0.61931088529983
331 2.965599035720563 0.6211875849522538
332 2.965913365198648 0.6230642846046776
333 2.965246773359524 0.6249409842571013
334 2.964551640038786 0.6268176839095251
335 2.964069542526969 0.6286943835619488
336 2.963031278894651 0.6305710832143726
337 2.961291090262184 0.6324477828667964
338 2.959895663645885 0.6343244825192201
339 2.958508039521661 0.6362011821716439
340 2.95618118657095 0.6380778818240677
341 2.953923575100575 0.6399545814764914
342 2.951743362804721 0.6418312811289152
343 2.94876267572341 0.643707980781339
344 2.945476398661954 0.6455846804337627
345 2.942419349389915 0.6474613800861865
346 2.93881470808027 0.6493380797386102
347 2.934558645751865 0.651214779391034
348 2.930597475590805 0.6530914790434578
349 2.926307105042482 0.6549681786958815
350 2.921129460798962 0.6568448783483053
351 2.916146376992359 0.6587215780007291
352 2.911047599333963 0.6605982776531528
353 2.905041074731241 0.6624749773055766
354 2.899007782961758 0.6643516769580003
355 2.892928307064926 0.6662283766104241
356 2.88600623491834 0.6681050762628479
357 2.878924841899298 0.6699817759152716
358 2.871887411231743 0.6718584755676954
359 2.86394465629831 0.6737351752201192
360 2.855803635212508 0.6756118748725429
361 2.84768571404731 0.6774885745249667
362 2.838668849386062 0.6793652741773905
363 2.829368607359868 0.6812419738298142
364 2.820119836314131 0.683118673482238
365 2.809791840581563 0.6849953731346617
366 2.799422975815251 0.6868720727870855
367 2.788876764113741 0.6887487724395093
368 2.777372485168367 0.690625472091933
369 2.765671551463742 0.6925021717443568
370 2.753761834864667 0.6943788713967806
371 2.740918795224559 0.6962555710492043
372 2.727646204904827 0.6981322707016281
373 2.714286368664639 0.7000089703540519
374 2.700350813430902 0.7018856700064756
375 2.68572468231418 0.7037623696588994
376 2.670891082539653 0.7056390693113231
377 2.655889529072417 0.7075157689637469
378 2.640011614054537 0.7093924686161707
379 2.62377714882293 0.7112691682685944
380 2.607847329975699 0.7131458679210182
381 2.591331094894691 0.715022567573442
382 2.574478817260862 0.7168992672258657
383 2.557926171366453 0.7187759668782895
384 2.540801249779467 0.7206526665307132
385 2.523796587287066 0.722529366183137
386 2.507190107388805 0.7244060658355608
387 2.49031058376827 0.7262827654879845
388 2.473651639189968 0.7281594651404083
389 2.457770208582729 0.7300361647928321
390 2.442190456089675 0.7319128644452558
391 2.426926689660568 0.7337895640976796
392 2.412863875373047 0.7356662637501034
393 2.399355022514113 0.7375429634025271
394 2.386274227050691 0.7394196630549509
395 2.374335774226397 0.7412963627073746
396 2.363265139997524 0.7431730623597984
397 2.352719502540176 0.7450497620122222
398 2.342880446682015 0.7469264616646459
399 2.334119893783496 0.7488031613170697
400 2.325831452485587 0.7506798609694935
401 2.31791241879074 0.7525565606219172
402 2.31068479135545 0.754433260274341
403 2.303658291973866 0.7563099599267648
404 2.296862880999294 0.7581866595791885
405 2.290439622568731 0.7600633592316123
406 2.283838357567324 0.761940058884036
407 2.277394010140871 0.7638167585364598
408 2.27091282936006 0.7656934581888836
409 2.264238765588261 0.7675701578413073
410 2.257426276031952 0.7694468574937311
411 2.250489730351538 0.7713235571461549
412 2.242984100873817 0.7732002567985786
413 2.235414120715446 0.7750769564510024
414 2.227692739819465 0.7769536561034261
415 2.219402271989314 0.7788303557558499
416 2.210868898451646 0.7807070554082737
417 2.202072828153868 0.7825837550606974
418 2.192937635782044 0.7844604547131212
419 2.18339129606873 0.786337154365545
420 2.173680268796742 0.7882138540179687
421 2.163678777209114 0.7900905536703925
422 2.153537435138921 0.7919672533228163
423 2.142767459193227 0.79384395297524
424 2.131930698959196 0.7957206526276638
425 2.120766190113173 0.7975973522800875
426 2.109541122058992 0.7994740519325113
427 2.098071047674968 0.8013507515849351
428 2.086536058674401 0.8032274512373588
429 2.074829470128185 0.8051041508897826
430 2.06305932016537 0.8069808505422064
431 2.051340146220964 0.8088575501946301
432 2.039663573881674 0.8107342498470539
433 2.028168663384705 0.8126109494994777
434 2.016858386170899 0.8144876491519014
435 2.005991573855386 0.8163643488043252
436 1.995685967130543 0.8182410484567489
437 1.986375538728811 0.8201177481091727
438 1.977853652961248 0.8219944477615965
439 1.971034288856474 0.8238711474140202
440 1.966238799628459 0.825747847066444
441 1.963961261230106 0.8276245467188678
442 1.964127597980715 0.8295012463712915
443 1.965992154306158 0.8313779460237153
444 1.968585881953144 0.833254645676139
445 1.968889411029404 0.8351313453285628
446 1.965566067457788 0.8370080449809866
447 1.957380799993555 0.8388847446334103
448 1.944200908703362 0.8407614442858341
449 1.927110671320003 0.8426381439382579
450 1.907301284421881 0.8445148435906816
451 1.885764244673469 0.8463915432431054
452 1.863241510739392 0.8482682428955292
453 1.840162887744597 0.8501449425479529
454 1.817221599063898 0.8520216422003767
455 1.795054785674929 0.8538983418528004
456 1.774306479094636 0.8557750415052242
457 1.755218290353683 0.857651741157648
458 1.738426314413725 0.8595284408100717
459 1.723846717269709 0.8614051404624955
460 1.711329857315645 0.8632818401149193
461 1.700682566847494 0.865158539767343
462 1.691387423654457 0.8670352394197668
463 1.682900955997038 0.8689119390721906
464 1.674495555131467 0.8707886387246143
465 1.665478674836215 0.8726653383770381
466 1.655286396064967 0.8745420380294618
467 1.643337643077799 0.8764187376818856
468 1.629129843619056 0.8782954373343094
469 1.612657731204653 0.8801721369867331
470 1.593799157643289 0.8820488366391569
471 1.572567675918648 0.8839255362915807
472 1.549198066162726 0.8858022359440044
473 1.523921599172175 0.8876789355964282
474 1.496895834610052 0.889555635248852
475 1.468576354222962 0.8914323349012757
476 1.439112767858442 0.8933090345536995
477 1.408917889618468 0.8951857342061232
478 1.37822788599942 0.897062433858547
479 1.347252833387178 0.8989391335109708
480 1.316087312025968 0.9008158331633945
481 1.285050869601801 0.9026925328158183
482 1.254195516518475 0.9045692324682421
483 1.223695533161306 0.9064459321206658
484 1.193644337909712 0.9083226317730896
485 1.16412711176421 0.9101993314255133
486 1.13527987506971 0.9120760310779371
487 1.107209912835552 0.9139527307303609
488 1.079834876519865 0.9158294303827846
489 1.053277116542884 0.9177061300352084
490 1.027654045953264 0.9195828296876322
491 1.002871472214743 0.9214595293400559
492 0.9790369540491298 0.9233362289924797
493 0.9560816222648478 0.9252129286449035
494 0.933982392058562 0.9270896282973272
495 0.9128785758535654 0.928966327949751
496 0.8926542100364679 0.9308430276021747
497 0.8732827628014136 0.9327197272545985
498 0.8547196107554447 0.9345964269070223
499 0.8370788377417988 0.936473126559446
500 0.8201517006555972 0.9383498262118698
501 0.8039965225815539 0.9402265258642936
502 0.7885393258418493 0.9421032255167173
503 0.7737412962794451 0.9439799251691411
504 0.7596404455547371 0.9458566248215649
505 0.7461409536809792 0.9477333244739886
506 0.7332469076164536 0.9496100241264124
507 0.7208665521332118 0.9514867237788361
508 0.7090222467564432 0.9533634234312599
509 0.6976580223865146 0.9552401230836837
510 0.68680594892005 0.9571168227361074
511 0.6764127959201656 0.9589935223885312
512 0.6664360132524522 0.960870222040955
513 0.656923087438896 0.9627469216933787
514 0.6478898042248151 0.9646236213458025
515 0.6393185595681941 0.9665003209982262
516 0.6311936018198444 0.96837702065065
517 0.6235322042258262 0.9702537203030738
518 0.6162868319886949 0.9721304199554975
519 0.6095082708665769 0.9740071196079213
520 0.6032215337456243 0.9758838192603451
521 0.5973576713735074 0.9777605189127688
522 0.5919124964501595 0.9796372185651926
523 0.587003028403704 0.9815139182176164
524 0.5825994917509512 0.9833906178700401
525 0.5786735559365105 0.9852673175224639
526 0.575323238652297 0.9871440171748876
527 0.5725428819743844 0.9890207168273114
528 0.5703243298799351 0.9908974164797352
529 0.5688776733773063 0.9927741161321589
530 0.5681530292218764 0.9946508157845827
531 0.5682853180489975 0.9965275154370065
532 0.569198953482081 0.9984042150894302
533 0.5708502719962212 1.000280914741854
534 0.5733364678204723 1.002157614394278
535 0.5767576813216372 1.004034314046701
536 0.5810116543401739 1.005911013699125
537 0.5859051243656196 1.007787713351549
538 0.5914434985790262 1.009664413003973
539 0.5976414378974578 1.011541112656396
540 0.6042975210841387 1.01341781230882
541 0.6114115759247187 1.015294511961244
542 0.6187771079075285 1.017171211613668
543 0.6263771328223302 1.019047911266092
544 0.6340874200079089 1.020924610918515
545 0.6418603738620047 1.022801310570939
546 0.6496010286696633 1.024678010223363
547 0.6572212072457901 1.026554709875787
548 0.6647804757702526 1.02843140952821
549 0.6720071582875621 1.030308109180634
550 0.6791841575741652 1.032184808833058
551 0.6861125586054457 1.034061508485482
552 0.6930221246947905 1.035938208137905
553 0.6997241378622673 1.037814907790329
554 0.7064187393764226 1.039691607442753
555 0.7129639101657094 1.041568307095177
556 0.7196628621641418 1.0434450067476
557 0.7262351862126042 1.045321706400024
558 0.733093245606198 1.047198406052448
559 0.7400755344188205 1.049075105704872
560 0.7472369724661185 1.050951805357295
561 0.7545525869465129 1.052828505009719
562 0.7620818265104801 1.054705204662143
563 0.7699268768126429 1.056581904314567
564 0.7780771558371717 1.058458603966991
565 0.7863254883468206 1.060335303619414
566 0.7948415309941416 1.062212003271838
567 0.8036007933301836 1.064088702924262
568 0.8125352245616799 1.065965402576686
569 0.8216027018383639 1.067842102229109
570 0.8308330335457593 1.069718801881533
571 0.840066199407128 1.071595501533957
572 0.84931451421032 1.073472201186381
573 0.858549246987515 1.075348900838804
574 0.8678037425866219 1.077225600491228
575 0.8767665196089979 1.079102300143652
576 0.8856105393663243 1.080978999796076
577 0.8942008740516157 1.082855699448499
578 0.9024993564242346 1.084732399100923
579 0.9103269887223481 1.086609098753347
580 0.9176224079440573 1.088485798405771
581 0.924524947794749 1.090362498058195
582 0.9307514686754756 1.092239197710618
583 0.9363117004228221 1.094115897363042
584 0.9412262837563988 1.095992597015466
585 0.9453575955322391 1.09786929666789
586 0.9486445673384517 1.099745996320313
587 0.9511265243056172 1.101622695972737
588 0.952774215016877 1.103499395625161
589 0.9537267011114707 1.105376095277585
590 0.9536571710431014 1.107252794930008
591 0.9527100635943626 1.109129494582432
592 0.9509160884733633 1.111006194234856
593 0.9483933037334797 1.11288289388728
594 0.9451029964973443 1.114759593539703
595 0.9411281317540564 1.116636293192127
596 0.9366796902220063 1.118512992844551
597 0.9316842873932707 1.120389692496975
598 0.926226431360115 1.122266392149398
599 0.9203565236107423 1.124143091801822
600 0.9142288572984237 1.126019791454246
601 0.9078220060407743 1.12789649110667
602 0.901321628166697 1.129773190759094
603 0.8949019757687042 1.131649890411517
604 0.8885928479482488 1.133526590063941
605 0.8823013863715715 1.135403289716365
606 0.8761227601336611 1.137279989368789
607 0.8700580745828295 1.139156689021212
608 0.8641223685664503 1.141033388673636
609 0.8583947795728006 1.14291008832606
610 0.852987136940304 1.144786787978484
611 0.8479369909491504 1.146663487630907
612 0.8432756190261801 1.148540187283331
613 0.8389275019781423 1.150416886935755
614 0.8348736169458533 1.152293586588179
615 0.8310824006255709 1.154170286240602
616 0.8276178507086753 1.156046985893026
617 0.8245076796209819 1.15792368554545
618 0.8218273038651355 1.159800385197874
619 0.8195443483986364 1.161677084850298
620 0.8176723810661036 1.163553784502721
621 0.8161043353613817 1.165430484155145
622 0.8148139222472065 1.167307183807569
623 0.8137995439693637 1.169183883459993
624 0.8130457616056885 1.171060583112416
625 0.8125646027124127 1.17293728276484
626 0.8123671332314976 1.174813982417264
627 0.8124801708274717 1.176690682069688
628 0.8129187204802854 1.178567381722111
629 0.8136446953039064 1.180444081374535
630 0.814621526721144 1.182320781026959
631 0.8157429411922722 1.184197480679383
632 0.8169621384432206 1.186074180331806
633 0.8182914292966527 1.18795087998423
634 0.8197713191914466 1.189827579636654
635 0.8214295441779979 1.191704279289078
636 0.8232939563602492 1.193580978941502
637 0.8254149367607917 1.195457678593925
638 0.8277492649044808 1.197334378246349
639 0.8301891553680231 1.199211077898773
640 0.832658363118856 1.201087777551197
641 0.8351024002322327 1.20296447720362
642 0.8375541378528711 1.204841176856044
643 0.8400801373734673 1.206717876508468
644 0.8427326199214106 1.208594576160892
645 0.8454742879435242 1.210471275813315
646 0.8483002267852396 1.212347975465739
647 0.8511662150983518 1.214224675118163
648 0.8540923165793626 1.216101374770587
649 0.8571051113385508 1.21797807442301
650 0.8601894000635718 1.219854774075434
651 0.8632917094527689 1.221731473727858
652 0.8663873942542097 1.223608173380282
653 0.8694993258313154 1.225484873032705
654 0.8726652461865965 1.227361572685129
655 0.8758491504932617 1.229238272337553
656 0.87902695213203 1.231114971989977
657 0.8822021825108437 1.232991671642401
658 0.8854190941512703 1.234868371294824
659 0.8887597172302694 1.236745070947248
660 0.8922275323813592 1.238621770599672
661 0.895760938267394 1.240498470252096
662 0.8992976727233553 1.242375169904519
663 0.9028174555027794 1.244251869556943
664 0.9063175170954378 1.246128569209367
665 0.9098125605930055 1.248005268861791
666 0.9133342880894417 1.249881968514214
667 0.9168995671462277 1.251758668166638
668 0.9205517095882609 1.253635367819062
669 0.9243088324192645 1.255512067471486
670 0.9281877856040907 1.257388767123909
671 0.9321945140818758 1.259265466776333
672 0.9363378556854901 1.261142166428757
673 0.9405898881723381 1.263018866081181
674 0.9449241255134488 1.264895565733605
675 0.9492838847105638 1.266772265386028
676 0.9536338042805486 1.268648965038452
677 0.9580388695437407 1.270525664690876
678 0.9625096441182432 1.2724023643433
679 0.9671186678858893 1.274279063995723
680 0.9718856372879285 1.276155763648147
681 0.9768440015155846 1.278032463300571
682 0.9819711757277501 1.279909162952995
683 0.9872403811862597 1.281785862605418
684 0.9926707586837373 1.283662562257842
685 0.9982681033355592 1.285539261910266
686 1.00405280266085 1.28741596156269
687 1.009969326665746 1.289292661215113
688 1.015997937872911 1.291169360867537
689 1.02210782910023 1.293046060519961
690 1.028299551508539 1.294922760172385
691 1.03457472488127 1.296799459824808
692 1.04097534923181 1.298676159477232
693 1.047511349231171 1.300552859129656
694 1.05417988759623 1.30242955878208
695 1.060951139015704 1.304306258434504
696 1.06780684067508 1.306182958086927
697 1.074731728562606 1.308059657739351
698 1.081717123774599 1.309936357391775
699 1.088756145309226 1.311813057044199
700 1.095882067616152 1.313689756696622
701 1.10310130095541 1.315566456349046
702 1.11041722519828 1.31744315600147
703 1.117811239173786 1.319319855653894
704 1.125267949457492 1.321196555306317
705 1.132776013584639 1.323073254958741
706 1.140346933515062 1.324949954611165
707 1.147976539167678 1.326826654263589
708 1.155652926250984 1.328703353916012
709 1.163370593877592 1.330580053568436
710 1.17113001637669 1.33245675322086
711 1.17891768580749 1.334333452873284
712 1.186724386964943 1.336210152525708
713 1.194539510671251 1.338086852178131
714 1.202356213641623 1.339963551830555
715 1.210195468134365 1.341840251482979
716 1.218069152597883 1.343716951135403
717 1.225986451741565 1.345593650787826
718 1.233962562014979 1.34747035044025
719 1.241971775436151 1.349347050092674
720 1.249993633483645 1.351223749745098
721 1.257996510653042 1.353100449397521
722 1.26598488311339 1.354977149049945
723 1.273960163016164 1.356853848702369
724 1.281934449049674 1.358730548354793
725 1.289914520191961 1.360607248007216
726 1.297894730385947 1.36248394765964
727 1.305874962077222 1.364360647312064
728 1.31384795667363 1.366237346964488
729 1.321824728651029 1.368114046616911
730 1.32981370502548 1.369990746269335
731 1.337834646883484 1.371867445921759
732 1.345895776547496 1.373744145574183
733 1.354009470072383 1.375620845226607
734 1.36217223690584 1.37749754487903
735 1.370384029580971 1.379374244531454
736 1.378631969516699 1.381250944183878
737 1.386906802148343 1.383127643836302
738 1.39520139577281 1.385004343488725
739 1.403514268732615 1.386881043141149
740 1.41183878589414 1.388757742793573
741 1.420168369742755 1.390634442445997
742 1.428500807509524 1.39251114209842
743 1.436830025084313 1.394387841750844
744 1.445165187751342 1.396264541403268
745 1.453508136533148 1.398141241055692
746 1.461858007961663 1.400017940708115
747 1.470233198463248 1.401894640360539
748 1.478635734438237 1.403771340012963
749 1.487069075527204 1.405648039665387
750 1.495531941399988 1.407524739317811
751 1.504016623590197 1.409401438970234
752 1.512531906335526 1.411278138622658
753 1.521100035684592 1.413154838275082
754 1.529756021777008 1.415031537927506
755 1.538510008447017 1.416908237579929
756 1.547346668375582 1.418784937232353
757 1.556262368549232 1.420661636884777
758 1.565239934920531 1.422538336537201
759 1.574297939582115 1.424415036189624
760 1.583428079832083 1.426291735842048
761 1.592635840187511 1.428168435494472
762 1.601900736511209 1.430045135146896
763 1.611195703016816 1.431921834799319
764 1.620507868278433 1.433798534451743
765 1.629849758933451 1.435675234104167
766 1.639205558750843 1.437551933756591
767 1.648563307773675 1.439428633409015
768 1.657915486093084 1.441305333061438
769 1.667266185021802 1.443182032713862
770 1.676592267421599 1.445058732366286
771 1.685893836568058 1.44693543201871
772 1.695134924486109 1.448812131671133
773 1.704317039155432 1.450688831323557
774 1.713479665325183 1.452565530975981
775 1.722754404741049 1.454442230628405
776 1.732000567298184 1.456318930280828
777 1.741014572169661 1.458195629933252
778 1.749761615909647 1.460072329585676
779 1.758242620127064 1.4619490292381
780 1.766494347918021 1.463825728890523
781 1.774637730590453 1.465702428542947
782 1.782614660783954 1.467579128195371
783 1.790534698570048 1.469455827847795
784 1.798432866120883 1.471332527500218
785 1.806259804493142 1.473209227152642
786 1.814088484401964 1.475085926805066
787 1.821958066726329 1.47696262645749
788 1.829826745886872 1.478839326109914
789 1.837738203627628 1.480716025762337
790 1.845556812056733 1.482592725414761
791 1.853460112862822 1.484469425067185
792 1.861430858874354 1.486346124719609
793 1.869319713471264 1.488222824372032
794 1.877224239395854 1.490099524024456
795 1.885173427653387 1.49197622367688
796 1.893128479856746 1.493852923329304
797 1.901265668008047 1.495729622981727
798 1.909393942897812 1.497606322634151
799 1.917453394166525 1.499483022286575
800 1.925544349855918 1.501359721938999
801 1.933561247057975 1.503236421591422
802 1.941642738246524 1.505113121243846
803 1.94978109304925 1.50698982089627
804 1.957924475497016 1.508866520548694
805 1.966148392046484 1.510743220201118
806 1.974275287882512 1.512619919853541
807 1.982399670479973 1.514496619505965
808 1.990481366670625 1.516373319158389
809 1.998493663339323 1.518250018810813
810 2.006599875952518 1.520126718463236
811 2.014559897436733 1.52200341811566
812 2.022581610120412 1.523880117768084
813 2.030473119271138 1.525756817420508
814 2.038237523975815 1.527633517072931
815 2.045883396093773 1.529510216725355
816 2.053421361542241 1.531386916377779
817 2.060948293494641 1.533263616030203
818 2.06834176011904 1.535140315682626
819 2.075652443887063 1.53701701533505
820 2.082907764055414 1.538893714987474
821 2.089993767788859 1.540770414639898
822 2.096982021645149 1.542647114292321
823 2.103645887008227 1.544523813944745
824 2.110252957520098 1.546400513597169
825 2.116681971230802 1.548277213249593
826 2.122967232253256 1.550153912902017
827 2.129163673156652 1.55203061255444
828 2.135002396813908 1.553907312206864
829 2.140939456909574 1.555784011859288
830 2.146466431678589 1.557660711511712
831 2.151889573730152 1.559537411164135
832 2.157128604071685 1.561414110816559
833 2.161904910900532 1.563290810468983
834 2.166885274655073 1.565167510121407
835 2.171262445382224 1.56704420977383
836 2.175601077904984 1.568920909426254
837 2.179896586863213 1.570797609078678
838 2.183466228650333 1.572674308731102
839 2.187400684240476 1.574551008383525
840 2.190612630929611 1.576427708035949
841 2.193675493562492 1.578304407688373
842 2.196739147632648 1.580181107340797
843 2.198994096205225 1.582057806993221
844 2.201434488717512 1.583934506645644
845 2.203818375116639 1.585811206298068
846 2.205306908084447 1.587687905950492
847 2.207201044610178 1.589564605602916
848 2.208824537678641 1.591441305255339
849 2.209435697923053 1.593318004907763
850 2.210698407577471 1.595194704560187
851 2.211523551342235 1.597071404212611
852 2.211696414695332 1.598948103865034
853 2.212320250220449 1.600824803517458
854 2.21218185546106 1.602701503169882
855 2.212015531097884 1.604578202822306
856 2.211984718942522 1.606454902474729
857 2.21093790663921 1.608331602127153
858 2.210059498127256 1.610208301779577
859 2.209425403791103 1.612085001432001
860 2.20798531604478 1.613961701084424
861 2.206711065635682 1.615838400736848
862 2.205487788784285 1.617715100389272
863 2.20357632687531 1.619591800041696
864 2.201929174932747 1.62146849969412
865 2.200159142339677 1.623345199346543
866 2.197872615389056 1.625221898998967
867 2.195990955904469 1.627098598651391
868 2.193531708028843 1.628975298303815
869 2.190998428099281 1.630851997956238
870 2.188813891341964 1.632728697608662
871 2.18591772878098 1.634605397261086
872 2.182894913101363 1.63648209691351
873 2.180383254334834 1.638358796565933
874 2.177274772596369 1.640235496218357
875 2.174066342301049 1.642112195870781
876 2.1713091954052 1.643988895523205
877 2.167978136977316 1.645865595175628
878 2.164509928342296 1.647742294828052
879 2.161587453874949 1.649618994480476
880 2.157948052948774 1.6514956941329
881 2.154397627513235 1.653372393785324
882 2.15132525753469 1.655249093437747
883 2.147614376199035 1.657125793090171
884 2.143859316026976 1.659002492742595
885 2.140603390069049 1.660879192395019
886 2.136721779898484 1.662755892047442
887 2.132851178561045 1.664632591699866
888 2.129415279735924 1.66650929135229
889 2.125346381265607 1.668385991004714
890 2.121448453978891 1.670262690657137
891 2.117606584211701 1.672139390309561
892 2.113362946968832 1.674016089961985
893 2.109602994836207 1.675892789614409
894 2.105467262091116 1.677769489266832
895 2.101034134942322 1.679646188919256
896 2.097089268562455 1.68152288857168
897 2.092878343548937 1.683399588224104
898 2.088427570422524 1.685276287876528
899 2.08450156007959 1.687152987528951
900 2.080041681530668 1.689029687181375
901 2.075599355157052 1.690906386833799
902 2.071560492764824 1.692783086486223
903 2.066975159486241 1.694659786138646
904 2.062474198500196 1.69653648579107
905 2.05833541168315 1.698413185443494
906 2.053623330122617 1.700289885095918
907 2.049045800054345 1.702166584748341
908 2.044753291819114 1.704043284400765
909 2.03974298463741 1.705919984053189
910 2.035220934840554 1.707796683705613
911 2.030589193588645 1.709673383358036
912 2.025578517225199 1.71155008301046
913 2.021073336932496 1.713426782662884
914 2.016116685125707 1.715303482315308
915 2.011080823986174 1.717180181967731
916 2.006493178741545 1.719056881620155
917 2.001268153621972 1.720933581272579
918 1.996351282406427 1.722810280925003
919 1.991455928210623 1.724686980577427
920 1.986170221196087 1.72656368022985
921 1.981214192012825 1.728440379882274
922 1.976084774034253 1.730317079534698
923 1.970833993154348 1.732193779187122
924 1.965825831963346 1.734070478839545
925 1.960431516869939 1.735947178491969
926 1.955425767732893 1.737823878144393
927 1.949989542179796 1.739700577796817
928 1.94475955854521 1.74157727744924
929 1.939592003314743 1.743453977101664
930 1.934184379478509 1.745330676754088
931 1.929076539487703 1.747207376406512
932 1.923738178120689 1.749084076058935
933 1.918504545164735 1.750960775711359
934 1.913312342012726 1.752837475363783
935 1.90795699531373 1.754714175016207
936 1.902852407122478 1.756590874668631
937 1.897515910525567 1.758467574321054
938 1.892409403911811 1.760344273973478
939 1.88718230644182 1.762220973625902
940 1.882113012426744 1.764097673278326
941 1.877015858904505 1.765974372930749
942 1.872102982160758 1.767851072583173
943 1.867199052739664 1.769727772235597
944 1.862538053439895 1.771604471888021
945 1.857960675377101 1.773481171540444
946 1.853745768480653 1.775357871192868
947 1.84981502195396 1.777234570845292
948 1.846279582713301 1.779111270497716
949 1.843294892661016 1.780987970150139
950 1.841196869756269 1.782864669802563
951 1.840165531239685 1.784741369454987
952 1.840596550818633 1.786618069107411
953 1.842659324145168 1.788494768759834
954 1.847220551472553 1.790371468412258
955 1.854198978447298 1.792248168064682
956 1.864250379145334 1.794124867717106
957 1.875830080241002 1.79600156736953
958 1.887905345842683 1.797878267021953
959 1.897770404986318 1.799754966674377
960 1.903385948836266 1.801631666326801
961 1.90372976506611 1.803508365979225
962 1.898828848113507 1.805385065631648
963 1.889877257060691 1.807261765284072
964 1.878335905268734 1.809138464936496
965 1.865205502300152 1.81101516458892
966 1.851143078065634 1.812891864241343
967 1.836409696740975 1.814768563893767
968 1.821302735704554 1.816645263546191
969 1.806079298833824 1.818521963198615
970 1.790923679117786 1.820398662851038
971 1.775857890154835 1.822275362503462
972 1.76093942339702 1.824152062155886
973 1.746169956152763 1.82602876180831
974 1.731414327080915 1.827905461460734
975 1.716656216126038 1.829782161113157
976 1.701842756838497 1.831658860765581
977 1.686898372846726 1.833535560418005
978 1.671782904762811 1.835412260070429
979 1.65635116170168 1.837288959722852
980 1.64063512251737 1.839165659375276
981 1.624570695755658 1.8410423590277
982 1.608115924395174 1.842919058680124
983 1.591355927919355 1.844795758332547
984 1.574233945192152 1.846672457984971
985 1.556770641148601 1.848549157637395
986 1.538974822754885 1.850425857289819
987 1.520954413610749 1.852302556942242
988 1.502646323352695 1.854179256594666
989 1.484180298996811 1.85605595624709
990 1.465633309352026 1.857932655899514
991 1.446988487158513 1.859809355551937
992 1.428106081211563 1.861686055204361
993 1.409054905295287 1.863562754856785
994 1.390176095467246 1.865439454509209
995 1.371349241600743 1.867316154161633
996 1.352408582216205 1.869192853814056
997 1.33337759136942 1.87106955346648
998 1.314549650780599 1.872946253118904
999 1.295748741248486 1.874822952771328
1000 1.276974668030882 1.876699652423751
1001 1.258077606241565 1.878576352076175
1002 1.239442078349278 1.880453051728599
1003 1.22074718105434 1.882329751381023
1004 1.202040296770152 1.884206451033446
1005 1.183287558608242 1.88608315068587
1006 1.164447309701703 1.887959850338294
1007 1.145526627075588 1.889836549990718
1008 1.126627592626076 1.891713249643141
1009 1.107718617038003 1.893589949295565
1010 1.088700903195736 1.895466648947989
1011 1.069514934710227 1.897343348600413
1012 1.050165479404512 1.899220048252837
1013 1.030792001562979 1.90109674790526
1014 1.011464623020938 1.902973447557684
1015 0.9919514995605965 1.904850147210108
1016 0.972284661934792 1.906726846862532
1017 0.9524456230234328 1.908603546514955
1018 0.9325343916155329 1.910480246167379
1019 0.9126751259553753 1.912356945819803
1020 0.8926698235385766 1.914233645472227
1021 0.8724846128094922 1.91611034512465
1022 0.8521927961763895 1.917987044777074
1023 0.8318355770898543 1.919863744429498
1024 0.8115008390617549 1.921740444081922
1025 0.7910735615533273 1.923617143734345
1026 0.7705611599967245 1.925493843386769
1027 0.7499646191542224 1.927370543039193
1028 0.7293270664212904 1.929247242691617
1029 0.708705548373473 1.931123942344041
1030 0.6881335914209248 1.933000641996464
1031 0.6676067226607585 1.934877341648888
1032 0.6471214409426 1.936754041301312
1033 0.6268544077398158 1.938630740953736
1034 0.6065194995209744 1.940507440606159
1035 0.5863918914312642 1.942384140258583
1036 0.5664440418667089 1.944260839911007
1037 0.546862620237227 1.946137539563431
1038 0.5274862390345724 1.948014239215854
1039 0.5083670478558808 1.949890938868278
1040 0.489659176794055 1.951767638520702
1041 0.4713039341048104 1.953644338173126
1042 0.4534116323126511 1.955521037825549
1043 0.4360262621077152 1.957397737477973
1044 0.4191274105280254 1.959274437130397
1045 0.4027613759614504 1.961151136782821
1046 0.3869686215573797 1.963027836435244
1047 0.3718672004495461 1.964904536087668
1048 0.3573136996426124 1.966781235740092
1049 0.3433948568058667 1.968657935392516
1050 0.3302361679613323 1.97053463504494
1051 0.3179125631618411 1.972411334697363
1052 0.3061198534100905 1.974288034349787
1053 0.2950461826583954 1.976164734002211
1054 0.2847009187375238 1.978041433654635
1055 0.2750170816999755 1.979918133307058
1056 0.2661319501720066 1.981794832959482
1057 0.2579383099210548 1.983671532611906
1058 0.2503689260362416 1.98554823226433
1059 0.2433908504858005 1.987424931916753
1060 0.237026291856876 1.989301631569177
1061 0.2312439507228546 1.991178331221601
1062 0.2259905199551143 1.993055030874025
1063 0.2212632617476271 1.994931730526448
1064 0.217046035959635 1.996808430178872
1065 0.2131983507072309 1.998685129831296
1066 0.2097109722527134 2.00056182948372
1067 0.2065179367433361 2.002438529136144
1068 0.2036617884583341 2.004315228788567
1069 0.2010283908291634 2.006191928440991
1070 0.1987434979219063 2.008068628093415
1071 0.1965449105093339 2.009945327745839
1072 0.1945094369644041 2.011822027398262
1073 0.1927503355868998 2.013698727050686
1074 0.1909657533291757 2.01557542670311
1075 0.189398342084923 2.017452126355534
1076 0.1877765266191724 2.019328826007957
1077 0.1863954508669115 2.021205525660381
1078 0.185155635543455 2.023082225312805
1079 0.1839523856387609 2.024958924965229
1080 0.1828610835047487 2.026835624617652
1081 0.1819159463426366 2.028712324270076
1082 0.1810969589949769 2.0305890239225
1083 0.1804936100540037 2.032465723574924
1084 0.1800339909966782 2.034342423227347
1085 0.1797899165375005 2.036219122879771
1086 0.1798737561569903 2.038095822532195
1087 0.1802665624454565 2.039972522184619
1088 0.1809998856461726 2.041849221837043
1089 0.1821554659175408 2.043725921489466
1090 0.1837758977062617 2.04560262114189
1091 0.1858921748626837 2.047479320794314
1092 0.188562007924442 2.049356020446738
1093 0.1918606449643941 2.051232720099161
1094 0.1957867545988168 2.053109419751585
1095 0.2004497317842943 2.054986119404009
1096 0.205821248117829 2.056862819056433
1097 0.2120473522199406 2.058739518708856
1098 0.2192186459758045 2.06061621836128
1099 0.2273253777176491 2.062492918013704
1100 0.2363818843113512 2.064369617666128
1101 0.2464592932726642 2.066246317318551
1102 0.257538080625958 2.068123016970975
1103 0.2696366343152843 2.069999716623399
1104 0.2827193903590568 2.071876416275823
1105 0.2967227531570974 2.073753115928247
1106 0.3116051267042887 2.07562981558067
1107 0.3272997252623602 2.077506515233094
1108 0.343617451419046 2.079383214885518
1109 0.3604964276770614 2.081259914537942
1110 0.3776295746626464 2.083136614190365
1111 0.3948771529859647 2.085013313842789
1112 0.4121004112907111 2.086890013495213
1113 0.4291797970461563 2.088766713147637
1114 0.4458256793571838 2.09064341280006
1115 0.4621216884468199 2.092520112452484
1116 0.4777783583456378 2.094396812104908
1117 0.4928964818764194 2.096273511757332
1118 0.5072620695941037 2.098150211409755
1119 0.5210560632912855 2.100026911062179
1120 0.5341687598982066 2.101903610714603
1121 0.5466076445845788 2.103780310367027
1122 0.5583789037954825 2.10565701001945
1123 0.5697910301214147 2.107533709671874
1124 0.5806052155197932 2.109410409324298
1125 0.5909549088648359 2.111287108976722
1126 0.6009683244239816 2.113163808629146
1127 0.6106116624891635 2.115040508281569
1128 0.6200057742943825 2.116917207933993
1129 0.629012708892304 2.118793907586417
1130 0.6377186400358732 2.120670607238841
1131 0.646205588638213 2.122547306891264
1132 0.6544937777911379 2.124424006543688
1133 0.6624660529865936 2.126300706196112
1134 0.6702083918996583 2.128177405848536
1135 0.6777944824481256 2.130054105500959
1136 0.6851395857729641 2.131930805153383
1137 0.6921001617554116 2.133807504805807
1138 0.699047193969826 2.135684204458231
1139 0.7057581533701235 2.137560904110654
1140 0.7122359775709602 2.139437603763078
1141 0.7184287185947971 2.141314303415502
1142 0.7244680358163206 2.143191003067926
1143 0.7300968102004394 2.14506770272035
1144 0.7355847572727575 2.146944402372773
1145 0.7407867631778849 2.148821102025197
1146 0.7457275408432386 2.150697801677621
1147 0.750412099411208 2.152574501330045
1148 0.7547967187187867 2.154451200982468
1149 0.758893463303663 2.156327900634892
1150 0.7626478704121848 2.158204600287316
1151 0.7661455516239329 2.16008129993974
1152 0.7693385344309925 2.161957999592163
1153 0.7723221929758991 2.163834699244587
1154 0.7750109952967118 2.165711398897011
1155 0.7774897707172119 2.167588098549435
1156 0.7796562667168802 2.169464798201858
1157 0.7815633997051851 2.171341497854282
1158 0.7831690178771676 2.173218197506706
1159 0.7846319809576479 2.17509489715913
1160 0.7859418784210301 2.176971596811553
1161 0.7871261164280734 2.178848296463977
1162 0.7881860631037477 2.180724996116401
1163 0.7892501083091319 2.182601695768825
1164 0.7902143023358646 2.184478395421249
1165 0.7911072707811693 2.186355095073672
1166 0.7919148219827042 2.188231794726096
1167 0.7927581858819257 2.19010849437852
1168 0.7936737911715741 2.191985194030944
1169 0.7947193714720158 2.193861893683367
1170 0.7959020736421463 2.195738593335791
1171 0.7972064761153551 2.197615292988215
1172 0.7986304438761216 2.199491992640639
1173 0.8001480947192396 2.201368692293062
1174 0.8017473209837357 2.203245391945486
1175 0.8034328887351233 2.20512209159791
1176 0.8052540605371806 2.206998791250334
1177 0.8073184332790739 2.208875490902757
1178 0.8096704024318131 2.210752190555181
1179 0.812260448415135 2.212628890207605
1180 0.8150160684651867 2.214505589860029
1181 0.8178823623866052 2.216382289512453
1182 0.8208919011325303 2.218258989164876
1183 0.8240365348874887 2.2201356888173
1184 0.8273100594232232 2.222012388469724
1185 0.8307386905054466 2.223889088122148
1186 0.8343824349181296 2.225765787774571
1187 0.838275667417792 2.227642487426995
1188 0.8423978263689 2.229519187079419
1189 0.8467126927640281 2.231395886731843
1190 0.851168540624432 2.233272586384266
1191 0.8557366391208413 2.23514928603669
1192 0.8603676370742463 2.237025985689114
1193 0.865036426350039 2.238902685341538
1194 0.86978027507723 2.240779384993961
1195 0.8746745060177277 2.242656084646385
1196 0.8797757013385901 2.244532784298809
1197 0.8850782276754429 2.246409483951233
1198 0.8905341226017172 2.248286183603657
1199 0.8960754467862424 2.25016288325608
1200 0.9016585806561772 2.252039582908504
1201 0.907252547149252 2.253916282560928
1202 0.9128571059466698 2.255792982213352
1203 0.9184668878329583 2.257669681865775
1204 0.9241160666020162 2.259546381518199
1205 0.9298644535960554 2.261423081170623
1206 0.9357152050740664 2.263299780823047
1207 0.9416388597483425 2.26517648047547
1208 0.9476066406546906 2.267053180127894
1209 0.9536179790227893 2.268929879780318
1210 0.9596643431770711 2.270806579432742
1211 0.9657387776204784 2.272683279085165
1212 0.9718154960747887 2.274559978737589
1213 0.9778878648090573 2.276436678390013
1214 0.9839270135870919 2.278313378042437
1215 0.9899253412284742 2.28019007769486
1216 0.9959036036214051 2.282066777347284
1217 1.001892004484421 2.283943476999708
1218 1.007901460261253 2.285820176652132
1219 1.013939278828341 2.287696876304556
1220 1.020006033964811 2.289573575956979
1221 1.026091417294118 2.291450275609403
1222 1.032177792351694 2.293326975261827
1223 1.038254619097903 2.295203674914251
1224 1.04431336049009 2.297080374566674
1225 1.050330767060299 2.298957074219098
1226 1.056281951770893 2.300833773871522
1227 1.062189123256088 2.302710473523946
1228 1.068112474045872 2.304587173176369
1229 1.074091861647257 2.306463872828793
1230 1.080134665428755 2.308340572481217
1231 1.086251480977303 2.310217272133641
1232 1.092454562451952 2.312093971786064
1233 1.098765855884815 2.313970671438488
1234 1.105167285604851 2.315847371090912
1235 1.111649510702515 2.317724070743336
1236 1.118186686988581 2.31960077039576
1237 1.124756614132453 2.321477470048183
1238 1.131343092817589 2.323354169700607
1239 1.137937754041221 2.325230869353031
1240 1.144546541061775 2.327107569005455
1241 1.151188987533297 2.328984268657878
1242 1.157899065409004 2.330860968310302
1243 1.164704520374571 2.332737667962726
1244 1.171614792092662 2.33461436761515
1245 1.178609473134064 2.336491067267573
1246 1.185693191750864 2.338367766919997
1247 1.192870680571259 2.340244466572421
1248 1.200136084798827 2.342121166224845
1249 1.20746380501077 2.343997865877268
1250 1.214830397749112 2.345874565529692
1251 1.222215628702255 2.347751265182116
1252 1.229621411211625 2.34962796483454
1253 1.237056798831411 2.351504664486963
1254 1.244532312427156 2.353381364139387
1255 1.252043215686843 2.355258063791811
1256 1.259582200490541 2.357134763444235
1257 1.267146683544405 2.359011463096659
1258 1.274754284540382 2.360888162749082
1259 1.282430565196277 2.362764862401506
1260 1.290196116370878 2.36464156205393
1261 1.298046781680597 2.366518261706354
1262 1.305972585653939 2.368394961358777
1263 1.313959869984785 2.370271661011201
1264 1.322012717671567 2.372148360663625
1265 1.330146259363122 2.374025060316049
1266 1.338346635659373 2.375901759968472
1267 1.34660351296003 2.377778459620896
1268 1.35491459673316 2.37965515927332
1269 1.363267667086727 2.381531858925744
1270 1.371667271473884 2.383408558578167
1271 1.380107090166272 2.385285258230591
1272 1.388587185158275 2.387161957883015
1273 1.397101744448069 2.389038657535439
1274 1.405650774705382 2.390915357187863
1275 1.414243992934829 2.392792056840286
1276 1.422882149840641 2.39466875649271
1277 1.431576222922079 2.396545456145134
1278 1.440329044153855 2.398422155797558
1279 1.449141083190213 2.400298855449981
1280 1.458012959530294 2.402175555102405
1281 1.466962647374039 2.404052254754829
1282 1.475982566226667 2.405928954407253
1283 1.485068114926608 2.407805654059676
1284 1.494203275904622 2.4096823537121
1285 1.503371635307563 2.411559053364524
1286 1.512565283680847 2.413435753016948
1287 1.521776737296849 2.415312452669371
1288 1.531007925053289 2.417189152321795
1289 1.540247515828652 2.419065851974219
1290 1.549488785193648 2.420942551626643
1291 1.558741052347005 2.422819251279066
1292 1.567992406128372 2.42469595093149
1293 1.577234354863908 2.426572650583914
1294 1.58645784633646 2.428449350236338
1295 1.595675669337848 2.430326049888762
1296 1.60486901130136 2.432202749541185
1297 1.61404811207582 2.434079449193609
1298 1.623210795732899 2.435956148846033
1299 1.632365335706305 2.437832848498457
1300 1.641532608651322 2.43970954815088
1301 1.65071319549427 2.441586247803304
1302 1.659922808264919 2.443462947455728
1303 1.669161277168308 2.445339647108152
1304 1.678430410205053 2.447216346760575
1305 1.687710909581015 2.449093046412999
1306 1.697037734671826 2.450969746065423
1307 1.706400606805281 2.452846445717847
1308 1.715799611156924 2.45472314537027
1309 1.72523681267739 2.456599845022694
1310 1.734709333767536 2.458476544675118
1311 1.744245198383489 2.460353244327542
1312 1.753854467570366 2.462229943979966
1313 1.763536643536795 2.464106643632389
1314 1.773276023028943 2.465983343284813
1315 1.783080938812577 2.467860042937237
1316 1.792955904950594 2.469736742589661
1317 1.80287257239521 2.471613442242084
1318 1.812818882375366 2.473490141894508
1319 1.822811030087317 2.475366841546932
1320 1.832831996103774 2.477243541199356
1321 1.842882770178673 2.479120240851779
1322 1.852967806086191 2.480996940504203
1323 1.863414182413047 2.482873640156627
1324 1.874063714832704 2.484750339809051
1325 1.884404147039326 2.486627039461474
1326 1.894303766795273 2.488503739113898
1327 1.903883863143717 2.490380438766322
1328 1.9132419277111 2.492257138418746
1329 1.922443343117327 2.49413383807117
1330 1.93144401413382 2.496010537723593
1331 1.940459025141177 2.497887237376017
1332 1.949333767364938 2.499763937028441
1333 1.958183502197536 2.501640636680865
1334 1.966973600761852 2.503517336333288
1335 1.975771825506522 2.505394035985712
1336 1.984618880593333 2.507270735638136
1337 1.993321208699525 2.50914743529056
1338 2.001928799708375 2.511024134942983
1339 2.010522518985502 2.512900834595407
1340 2.019095776013638 2.514777534247831
1341 2.02773371945916 2.516654233900255
1342 2.036266450477393 2.518530933552678
1343 2.044706671355073 2.520407633205102
1344 2.053127219119572 2.522284332857526
1345 2.061548615863193 2.52416103250995
1346 2.070003323468409 2.526037732162373
1347 2.078528172537442 2.527914431814797
1348 2.087024366156966 2.529791131467221
1349 2.095489493940403 2.531667831119645
1350 2.103850725294322 2.533544530772069
1351 2.112162408092599 2.535421230424492
1352 2.120565497142419 2.537297930076916
1353 2.128872629192823 2.53917462972934
1354 2.137267860332784 2.541051329381764
1355 2.145670156965758 2.542928029034187
1356 2.154034318382459 2.544804728686611
1357 2.162343748992636 2.546681428339035
1358 2.170496483852159 2.548558127991459
1359 2.17878827448591 2.550434827643882
1360 2.186989338891323 2.552311527296306
1361 2.195224533750505 2.55418822694873
1362 2.203490455073966 2.556064926601154
1363 2.211665483933646 2.557941626253577
1364 2.219898044286749 2.559818325906001
1365 2.227883933439674 2.561695025558425
1366 2.235958792287521 2.563571725210849
1367 2.243802586718749 2.565448424863273
1368 2.251662520630259 2.567325124515696
1369 2.259522737476586 2.56920182416812
1370 2.267152925547054 2.571078523820544
1371 2.275068887732422 2.572955223472968
1372 2.282436005560886 2.574831923125391
1373 2.289971301760394 2.576708622777815
1374 2.297218174804323 2.578585322430239
1375 2.304214609948903 2.580462022082663
1376 2.311500961585216 2.582338721735086
1377 2.3181171425472 2.58421542138751
1378 2.324902307565252 2.586092121039934
1379 2.331689438461474 2.587968820692358
1380 2.337704706734807 2.589845520344781
1381 2.343989132800648 2.591722219997205
1382 2.34992721309902 2.593598919649629
1383 2.355571695861665 2.595475619302053
1384 2.3613860729274 2.597352318954476
1385 2.366250582898156 2.5992290186069
1386 2.371137880308042 2.601105718259324
1387 2.376189502823396 2.602982417911748
1388 2.380445187203919 2.604859117564172
1389 2.384614934243012 2.606735817216595
1390 2.388741560138309 2.608612516869019
1391 2.392571938291574 2.610489216521443
1392 2.395920656275096 2.612365916173867
1393 2.399385451938254 2.61424261582629
1394 2.401984824233086 2.616119315478714
1395 2.404795141032712 2.617996015131138
1396 2.40740139200875 2.619872714783562
1397 2.409285250557429 2.621749414435985
1398 2.411353026541433 2.623626114088409
1399 2.412898658057587 2.625502813740833
1400 2.414020254233733 2.627379513393257
1401 2.415359661132935 2.62925621304568
1402 2.41580387724137 2.631132912698104
1403 2.41602504617734 2.633009612350528
1404 2.416374231357877 2.634886312002952
1405 2.415895322652961 2.636763011655376
1406 2.415462420796266 2.638639711307799
1407 2.415173482802681 2.640516410960223
1408 2.413773140784337 2.642393110612647
1409 2.41262694043355 2.644269810265071
1410 2.411503747136825 2.646146509917494
1411 2.409177703960873 2.648023209569918
1412 2.407113647728746 2.649899909222342
1413 2.405204798710728 2.651776608874766
1414 2.40229312400158 2.653653308527189
1415 2.399357262199429 2.655530008179613
1416 2.39673682444903 2.657406707832037
1417 2.393206107318964 2.659283407484461
1418 2.389445718810914 2.661160107136884
1419 2.38623851541939 2.663036806789308
1420 2.382205106741923 2.664913506441732
1421 2.377781940989968 2.666790206094156
1422 2.373982894635233 2.668666905746579
1423 2.369337218931324 2.670543605399003
1424 2.36438674268864 2.672420305051427
1425 2.359937548051372 2.674297004703851
1426 2.354636990094437 2.676173704356275
1427 2.349101274809196 2.678050404008698
1428 2.34436352962152 2.679927103661122
1429 2.338352402728303 2.681803803313546
1430 2.332764954534953 2.68368050296597
1431 2.326927720016009 2.685557202618393
1432 2.320900905057055 2.687433902270817
1433 2.31493938064874 2.689310601923241
1434 2.308811721978387 2.691187301575665
1435 2.301911283899447 2.693064001228088
1436 2.295746050803435 2.694940700880512
1437 2.289347758080297 2.696817400532936
1438 2.282221358400312 2.69869410018536
1439 2.275827700913532 2.700570799837783
1440 2.269101822616915 2.702447499490207
1441 2.261872567178203 2.704324199142631
1442 2.255271533259182 2.706200898795055
1443 2.248070611200967 2.708077598447479
1444 2.240592376830068 2.709954298099902
1445 2.233582203501708 2.711830997752326
1446 2.22614509044892 2.71370769740475
1447 2.218358502338869 2.715584397057174
1448 2.211081764199901 2.717461096709597
1449 2.20332434054117 2.719337796362021
1450 2.195066562091503 2.721214496014445
1451 2.187480289140277 2.723091195666869
1452 2.17927325018287 2.724967895319292
1453 2.170796966550887 2.726844594971716
1454 2.162973775118299 2.72872129462414
1455 2.154240353220084 2.730597994276564
1456 2.145660859682275 2.732474693928987
1457 2.137498162000403 2.734351393581411
1458 2.128578279899818 2.736228093233835
1459 2.120129505893884 2.738104792886259
1460 2.111562612870489 2.739981492538683
1461 2.10248764613703 2.741858192191106
1462 2.094136238399592 2.74373489184353
1463 2.085310318679261 2.745611591495954
1464 2.076380807737497 2.747488291148378
1465 2.067945796599957 2.749364990800801
1466 2.058905668276456 2.751241690453225
1467 2.050061106826558 2.753118390105649
1468 2.041451405634175 2.754995089758073
1469 2.03227818634833 2.756871789410496
1470 2.02367881764469 2.75874848906292
1471 2.014858780291396 2.760625188715344
1472 2.005801229468059 2.762501888367768
1473 1.996952676422177 2.764378588020191
1474 1.987890006927514 2.766255287672615
1475 1.979205169496886 2.768131987325039
1476 1.970249947817473 2.770008686977463
1477 1.961295929386383 2.771885386629886
1478 1.952553845852337 2.77376208628231
1479 1.943519222277165 2.775638785934734
1480 1.934915355003588 2.777515485587158
1481 1.926192461815244 2.779392185239582
1482 1.917425939000845 2.781268884892005
1483 1.90894902546133 2.783145584544429
1484 1.900224169077064 2.785022284196853
1485 1.891721554752853 2.786898983849277
1486 1.883189827173265 2.7887756835017
1487 1.874701184285972 2.790652383154124
1488 1.866361100597869 2.792529082806548
1489 1.857952350700421 2.794405782458972
1490 1.849795512382989 2.796282482111395
1491 1.841449196438481 2.798159181763819
1492 1.833520836659351 2.800035881416243
1493 1.825480299268759 2.801912581068667
1494 1.817701780654829 2.80378928072109
1495 1.809870893316273 2.805665980373514
1496 1.802487998213724 2.807542680025938
1497 1.795026330279541 2.809419379678362
1498 1.788039249521409 2.811296079330786
1499 1.781222083071215 2.813172778983209
1500 1.775072336667603 2.815049478635633
1501 1.769402456221537 2.816926178288057
1502 1.764919016888289 2.818802877940481
1503 1.761431822571867 2.820679577592904
1504 1.759692431002872 2.822556277245328
1505 1.759981530301159 2.824432976897752
1506 1.762604812092469 2.826309676550176
1507 1.76811207190239 2.828186376202599
1508 1.775869597054058 2.830063075855023
1509 1.785127081141686 2.831939775507447
1510 1.793442307050417 2.833816475159871
1511 1.798716776352778 2.835693174812294
1512 1.799354813199708 2.837569874464718
1513 1.795025935470618 2.839446574117142
1514 1.78591726937148 2.841323273769566
1515 1.773304145776448 2.843199973421989
1516 1.75861263619581 2.845076673074413
1517 1.742724881130227 2.846953372726837
1518 1.726328888232899 2.848830072379261
1519 1.709841964042327 2.850706772031685
1520 1.693529800750276 2.852583471684108
1521 1.677719566305178 2.854460171336532
1522 1.662613899604685 2.856336870988956
1523 1.648187634617171 2.85821357064138
1524 1.634355165319533 2.860090270293803
1525 1.621026221904175 2.861966969946227
1526 1.607795181955659 2.863843669598651
1527 1.594377844406736 2.865720369251075
1528 1.580468359074457 2.867597068903498
1529 1.565813731198019 2.869473768555922
1530 1.550191679530709 2.871350468208346
1531 1.533466431494364 2.87322716786077
1532 1.515669663958104 2.875103867513193
1533 1.49673167454863 2.876980567165617
1534 1.47676643442874 2.878857266818041
1535 1.455983035862761 2.880733966470465
1536 1.43439755722051 2.882610666122889
1537 1.412228618692872 2.884487365775312
1538 1.389651981972308 2.886364065427736
1539 1.36671659389752 2.88824076508016
1540 1.343692530213659 2.890117464732584
1541 1.320556390829872 2.891994164385007
1542 1.297429137168199 2.893870864037431
1543 1.274247039290722 2.895747563689855
1544 1.251035708901829 2.897624263342279
1545 1.22817617126019 2.899500962994702
1546 1.20559520437287 2.901377662647126
1547 1.183087085579449 2.90325436229955
1548 1.160521050510604 2.905131061951974
1549 1.138284888430639 2.907007761604397
1550 1.116293696898711 2.908884461256821
1551 1.094392255654768 2.910761160909245
1552 1.072701394229528 2.912637860561669
1553 1.051158345487433 2.914514560214092
1554 1.029951174037662 2.916391259866516
1555 1.008973961443338 2.91826795951894
1556 0.9882493706568464 2.920144659171364
1557 0.9676794742782027 2.922021358823788
1558 0.9475351032746376 2.923898058476211
1559 0.9277174073582208 2.925774758128635
1560 0.9082422290520735 2.927651457781059
1561 0.8891439989777099 2.929528157433483
1562 0.8705999472039118 2.931404857085906
1563 0.8524969699006111 2.93328155673833
1564 0.8347167575690806 2.935158256390754
1565 0.8173220661434175 2.937034956043178
1566 0.8003537026028262 2.938911655695601
1567 0.7839255785804666 2.940788355348025
1568 0.7679942592227544 2.942665055000449
1569 0.7524447519201348 2.944541754652873
1570 0.7372042113412719 2.946418454305296
1571 0.7223113576428859 2.94829515395772
1572 0.7076890610465914 2.950171853610144
1573 0.6934835043935829 2.952048553262568
1574 0.6795054165433979 2.953925252914992
1575 0.6657535288105147 2.955801952567415
1576 0.65209161772555 2.957678652219839
1577 0.6386352390171769 2.959555351872263
1578 0.6252427960821908 2.961432051524687
1579 0.6119283175706042 2.96330875117711
1580 0.5986213210323695 2.965185450829534
1581 0.5853478185561184 2.967062150481958
1582 0.571991954368438 2.968938850134382
1583 0.558572772448673 2.970815549786805
1584 0.5450795161643388 2.972692249439229
1585 0.5315356321903401 2.974568949091653
1586 0.5178977828574499 2.976445648744077
1587 0.5042054857287748 2.9783223483965
1588 0.4903806467440143 2.980199048048924
1589 0.4765355460979486 2.982075747701348
1590 0.4626697512013527 2.983952447353772
1591 0.448757135358047 2.985829147006196
1592 0.4349212305619676 2.987705846658619
1593 0.4210596352969469 2.989582546311043
1594 0.4072442371319521 2.991459245963467
1595 0.3936239560748598 2.993335945615891
1596 0.3800364832877678 2.995212645268314
1597 0.366639005940376 2.997089344920738
1598 0.3534362817084936 2.998966044573162
1599 0.3404246048183106 3.000842744225586
1600 0.3276420892234184 3.002719443878009
1601 0.3150941919795621 3.004596143530433
1602 0.3027838617480927 3.006472843182857
1603 0.2907616385919054 3.008349542835281
1604 0.2789687248141563 3.010226242487704
1605 0.2674404183682626 3.012102942140128
1606 0.256208968615138 3.013979641792552
1607 0.2452332568962376 3.015856341444976
1608 0.2344714135240627 3.017733041097399
1609 0.2240713264636133 3.019609740749823
1610 0.2139156260116736 3.021486440402247
1611 0.2040341082625118 3.023363140054671
1612 0.1944873528977711 3.025239839707095
1613 0.1851203922783264 3.027116539359518
1614 0.1760296938700289 3.028993239011942
1615 0.1671735313102319 3.030869938664366
1616 0.1586201226078141 3.03274663831679
1617 0.1502900153933402 3.034623337969213
1618 0.1422731854549217 3.036500037621637
1619 0.1345003461726839 3.038376737274061
1620 0.1269637678943167 3.040253436926485
1621 0.1196743446557714 3.042130136578908
1622 0.1126691578169313 3.044006836231332
1623 0.1059601967050443 3.045883535883756
1624 0.09955780900353176 3.04776023553618
1625 0.09342554286032753 3.049636935188603
1626 0.0875787080818017 3.051513634841027
1627 0.08203308009610945 3.053390334493451
1628 0.07680558858587259 3.055267034145875
1629 0.07188862888863728 3.057143733798299
1630 0.06730142610492121 3.059020433450722
1631 0.0630805920155786 3.060897133103146
1632 0.05928746001301719 3.06277383275557
1633 0.05589597860153608 3.064650532407994
1634 0.05291042031840112 3.066527232060417
1635 0.05037966238215531 3.068403931712841
1636 0.04832992841556863 3.070280631365265
1637 0.04673346139654631 3.072157331017689
1638 0.04573592419094338 3.074034030670112
1639 0.04527187696156263 3.075910730322536
1640 0.04534536809460775 3.07778742997496
1641 0.0460917824750702 3.079664129627384
1642 0.04746317641600967 3.081540829279807
1643 0.0495338354756498 3.083417528932231
1644 0.05231284672524958 3.085294228584655
1645 0.05585586017882004 3.087170928237079
1646 0.06022008341185737 3.089047627889502
1647 0.06538189829298929 3.090924327541926
1648 0.07140553731387433 3.09280102719435
1649 0.07832178356903036 3.094677726846774
1650 0.08603658051586824 3.096554426499198
1651 0.0946804111724167 3.098431126151621
1652 0.1041406602482463 3.100307825804045
1653 0.1144585932534811 3.102184525456469
1654 0.1254760883076992 3.104061225108893
1655 0.1372566424292342 3.105937924761316
1656 0.1498940689853573 3.10781462441374
1657 0.1634085156754138 3.109691324066164
1658 0.1778032083800564 3.111568023718588
1659 0.1929550199396729 3.113444723371011
1660 0.2088910029561304 3.115321423023435
1661 0.2254202013970824 3.117198122675859
1662 0.242506757699615 3.119074822328283
1663 0.260021245587752 3.120951521980706
1664 0.2778184209254654 3.12282822163313
1665 0.2958096718240262 3.124704921285554
1666 0.3137930021459686 3.126581620937978
1667 0.3315880375270818 3.128458320590402
1668 0.3491134180523362 3.130335020242825
1669 0.3661772509660546 3.132211719895249
1670 0.3827475982985999 3.134088419547673
1671 0.3989020217950561 3.135965119200097
1672 0.4144699840307682 3.13784181885252
1673 0.4294036996271678 3.139718518504944
1674 0.4437379126384874 3.141595218157368
1675 0.4575796462606888 3.143471917809792
1676 0.4706218086264033 3.145348617462215
1677 0.4831499021510676 3.147225317114639
1678 0.4950191515694173 3.149102016767063
1679 0.5063388371879012 3.150978716419487
1680 0.5171571047828326 3.15285541607191
1681 0.5274444265752141 3.154732115724334
1682 0.5372924344934262 3.156608815376758
1683 0.5465912693178443 3.158485515029182
1684 0.5554466763651525 3.160362214681605
1685 0.5639542101209186 3.162238914334029
1686 0.5719518565063816 3.164115613986453
1687 0.579536214007626 3.165992313638877
1688 0.5867859055635385 3.167869013291301
1689 0.5933108252343151 3.169745712943724
1690 0.5995374351266064 3.171622412596148
1691 0.6053769648863376 3.173499112248572
1692 0.6108391061272608 3.175375811900996
1693 0.615894396603483 3.177252511553419
1694 0.6205034573114059 3.179129211205843
1695 0.6247115731448778 3.181005910858267
1696 0.628545788256176 3.182882610510691
1697 0.6320122775287207 3.184759310163114
1698 0.635063768217351 3.186636009815538
1699 0.6378687496977753 3.188512709467962
1700 0.6402189332827974 3.190389409120386
1701 0.6423623408640518 3.192266108772809
1702 0.6442187009846327 3.194142808425233
1703 0.6458642839165677 3.196019508077657
1704 0.6472988312470715 3.197896207730081
1705 0.6485444866166068 3.199772907382505
1706 0.6496138785003687 3.201649607034928
1707 0.6505564530032919 3.203526306687352
1708 0.6514231280992783 3.205403006339776
1709 0.652316788160533 3.2072797059922
1710 0.6532591039218487 3.209156405644623
1711 0.6542039198656744 3.211033105297047
1712 0.6551590133173484 3.212909804949471
1713 0.6561707235704026 3.214786504601895
1714 0.6572335786467943 3.216663204254318
1715 0.6583664944975657 3.218539903906742
1716 0.6596045439069815 3.220416603559166
1717 0.6610262005169177 3.22229330321159
1718 0.6626639905888353 3.224170002864013
1719 0.6644894583565961 3.226046702516437
1720 0.6664702503364639 3.227923402168861
1721 0.6685874050268242 3.229800101821285
1722 0.6708588681601338 3.231676801473709
1723 0.6732754147230675 3.233553501126132
1724 0.6758314751930856 3.235430200778556
1725 0.6786034674389171 3.23730690043098
1726 0.6815818827403465 3.239183600083404
1727 0.684825016904688 3.241060299735827
1728 0.6883320640983558 3.242936999388251
1729 0.6920614184488489 3.244813699040675
1730 0.69598725816642 3.246690398693099
1731 0.7000590092873969 3.248567098345522
1732 0.7043098006189009 3.250443797997946
1733 0.7087486572663262 3.25232049765037
1734 0.7134071749279342 3.254197197302794
1735 0.7183153494590706 3.256073896955217
1736 0.7235072815977609 3.257950596607641
1737 0.7289698542746237 3.259827296260065
1738 0.7346509563215855 3.261703995912489
1739 0.7404711743724209 3.263580695564912
1740 0.7464644627106733 3.265457395217336
1741 0.7526081868874817 3.26733409486976
1742 0.7589042366433338 3.269210794522184
1743 0.7653361408828984 3.271087494174608
1744 0.7718916158120567 3.272964193827031
1745 0.7786242836894307 3.274840893479455
1746 0.7855096248495257 3.276717593131879
1747 0.792625122774701 3.278594292784303
1748 0.7999350733849048 3.280470992436726
1749 0.8073733825241641 3.28234769208915
1750 0.8148756921377001 3.284224391741574
1751 0.8224036178750994 3.286101091393998
1752 0.8299433211826862 3.287977791046421
1753 0.8375136336778376 3.289854490698845
1754 0.8451502785003759 3.291731190351269
1755 0.8528669442111354 3.293607890003693
1756 0.860682922979621 3.295484589656116
1757 0.8685906713002078 3.29736128930854
1758 0.8765676916214243 3.299237988960964
1759 0.8845862649199409 3.301114688613388
1760 0.8926144214856324 3.302991388265812
1761 0.9006297338315329 3.304868087918235
1762 0.9086314892372332 3.306744787570659
1763 0.9166082535526143 3.308621487223083
1764 0.9245747796208206 3.310498186875507
1765 0.9325533610140839 3.31237488652793
1766 0.9405508574143971 3.314251586180354
1767 0.9485544175860263 3.316128285832778
1768 0.956534616124242 3.318004985485202
1769 0.9644919741491622 3.319881685137625
1770 0.9724571825161293 3.321758384790049
1771 0.9804451238268732 3.323635084442473
1772 0.9884396125053495 3.325511784094897
1773 0.9964078634570763 3.32738848374732
1774 1.00431023481892 3.329265183399744
1775 1.012137638801418 3.331141883052168
1776 1.019883816662995 3.333018582704592
1777 1.027536422061561 3.334895282357015
1778 1.035096486399167 3.336771982009439
1779 1.042573012456803 3.338648681661863
1780 1.050005764259219 3.340525381314287
1781 1.057434483650744 3.342402080966711
1782 1.064904503764404 3.344278780619134
1783 1.072426229362543 3.346155480271558
1784 1.079976093070115 3.348032179923982
1785 1.087539469358972 3.349908879576406
1786 1.095081693505666 3.351785579228829
1787 1.102583479499327 3.353662278881253
1788 1.110060025685814 3.355538978533677
1789 1.117505033288154 3.357415678186101
1790 1.124961991503746 3.359292377838524
1791 1.132463441811192 3.361169077490948
1792 1.140072640179938 3.363045777143372
1793 1.147816769662115 3.364922476795796
1794 1.155732371643946 3.366799176448219
1795 1.163804581086359 3.368675876100643
1796 1.172022066617233 3.370552575753067
1797 1.180374800848524 3.372429275405491
1798 1.188837328946583 3.374305975057915
1799 1.197386402063012 3.376182674710338
1800 1.205973567082385 3.378059374362762
1801 1.214556348093496 3.379936074015186
1802 1.223131775417987 3.38181277366761
1803 1.23170623169594 3.383689473320033
1804 1.240273336357587 3.385566172972457
1805 1.248838751600096 3.387442872624881
1806 1.257383989106383 3.389319572277305
1807 1.265898852043356 3.391196271929728
1808 1.274354779133063 3.393072971582152
1809 1.28275355135944 3.394949671234576
1810 1.291085791519484 3.396826370887
1811 1.299373067137796 3.398703070539423
1812 1.307622242027334 3.400579770191847
1813 1.315815690247562 3.402456469844271
1814 1.323965234893522 3.404333169496695
1815 1.332092580318798 3.406209869149118
1816 1.340220067215281 3.408086568801542
1817 1.348368050796313 3.409963268453966
1818 1.356577352309648 3.41183996810639
1819 1.364875595193668 3.413716667758814
1820 1.37329733141168 3.415593367411237
1821 1.381869713131456 3.417470067063661
1822 1.39061283226087 3.419346766716085
1823 1.399539570413072 3.421223466368509
1824 1.408658849660969 3.423100166020932
1825 1.417968389607627 3.424976865673356
1826 1.427471918534823 3.42685356532578
1827 1.437158741855333 3.428730264978204
1828 1.447029823425871 3.430606964630627
1829 1.457088689531434 3.432483664283051
1830 1.467312572147312 3.434360363935475
1831 1.477683268203373 3.436237063587899
1832 1.488182580418907 3.438113763240322
1833 1.4987908152498 3.439990462892746
1834 1.509459657259991 3.44186716254517
1835 1.520155124212511 3.443743862197594
1836 1.530842106518825 3.445620561850018
1837 1.541478795091557 3.447497261502441
1838 1.552044022728127 3.449373961154865
1839 1.562512005113507 3.451250660807289
1840 1.572856413354442 3.453127360459713
1841 1.583061271313552 3.455004060112136
1842 1.5931116851208 3.45688075976456
1843 1.603045537545606 3.458757459416984
1844 1.612850237695157 3.460634159069408
1845 1.62256025307859 3.462510858721831
1846 1.63215767490998 3.464387558374255
1847 1.641653308887774 3.466264258026679
1848 1.651046229385368 3.468140957679103
1849 1.660347060168674 3.470017657331526
1850 1.669570140411396 3.47189435698395
1851 1.67872360723764 3.473771056636374
1852 1.687824488530335 3.475647756288798
1853 1.69690049908838 3.477524455941222
1854 1.705966208502914 3.479401155593645
1855 1.715022408542739 3.481277855246069
1856 1.724075505733741 3.483154554898493
1857 1.733123364678072 3.485031254550917
1858 1.742169130822788 3.48690795420334
1859 1.751244227476594 3.488784653855764
1860 1.760339395234326 3.490661353508188
1861 1.76945781817381 3.492538053160612
1862 1.778614273239471 3.494414752813035
1863 1.787808325820128 3.496291452465459
1864 1.797036308011375 3.498168152117883
1865 1.806302158616491 3.500044851770307
1866 1.815626521726942 3.50192155142273
1867 1.825004899703445 3.503798251075154
1868 1.834426269945363 3.505674950727578
1869 1.843859316222387 3.507551650380002
1870 1.853612959707485 3.509428350032425
1871 1.863671237993909 3.511305049684849
1872 1.873471179316372 3.513181749337273
1873 1.882882758191001 3.515058448989697
1874 1.891963381807081 3.516935148642121
1875 1.900919902488995 3.518811848294544
1876 1.909695916569495 3.520688547946968
1877 1.918445585824753 3.522565247599392
1878 1.927173052907388 3.524441947251816
1879 1.93584350448734 3.526318646904239
1880 1.944538560679886 3.528195346556663
1881 1.95323102786965 3.530072046209087
1882 1.962019185111031 3.531948745861511
1883 1.970794397248405 3.533825445513934
1884 1.979482054616982 3.535702145166358
1885 1.988205385043197 3.537578844818782
1886 1.996966519957221 3.539455544471206
1887 2.005780613913018 3.541332244123629
1888 2.014516406902521 3.543208943776053
1889 2.023166513762782 3.545085643428477
1890 2.031780222361651 3.546962343080901
1891 2.040452236213212 3.548839042733325
1892 2.049085812938892 3.550715742385748
1893 2.057813141925069 3.552592442038172
1894 2.066455648001047 3.554469141690596
1895 2.075004949520563 3.55634584134302
1896 2.083506462660865 3.558222540995443
1897 2.091907020522213 3.560099240647867
1898 2.10038267279713 3.561975940300291
1899 2.108771907082559 3.563852639952715
1900 2.117174730729242 3.565729339605138
1901 2.125604132470655 3.567606039257562
1902 2.13392855626656 3.569482738909986
1903 2.142222295306139 3.57135943856241
1904 2.150370977728371 3.573236138214833
1905 2.158644021395332 3.575112837867257
1906 2.166842786403701 3.576989537519681
1907 2.175056978641325 3.578866237172105
1908 2.183316810028087 3.580742936824528
1909 2.191486744433564 3.582619636476952
1910 2.199709914632623 3.584496336129376
1911 2.207684082611174 3.5863730357818
1912 2.215717027674875 3.588249735434224
1913 2.223642603624891 3.590126435086647
1914 2.231537797639167 3.592003134739071
1915 2.239463295708465 3.593879834391495
1916 2.247125170505607 3.595756534043919
1917 2.255028778514491 3.597633233696342
1918 2.262485861656975 3.599509933348766
1919 2.27003895652417 3.60138663300119
1920 2.277318352966269 3.603263332653614
1921 2.28437921913289 3.605140032306037
1922 2.291703322633378 3.607016731958461
1923 2.29830366203162 3.608893431610885
1924 2.305147755386797 3.610770131263309
1925 2.311882444149881 3.612646830915732
1926 2.317933823201039 3.614523530568156
1927 2.324323808097755 3.61640023022058
1928 2.330005378743573 3.618276929873004
1929 2.335753667187666 3.620153629525428
1930 2.341509014300743 3.622030329177851
1931 2.3462120225735 3.623907028830275
1932 2.351228734579355 3.625783728482699
1933 2.356138191592371 3.627660428135123
1934 2.360298870228599 3.629537127787546
1935 2.36461803281432 3.63141382743997
1936 2.368875533787594 3.633290527092394
1937 2.372183354871496 3.635167226744818
1938 2.375629716852734 3.637043926397241
1939 2.379117397941943 3.638920626049665
1940 2.381591411817354 3.640797325702089
1941 2.384516343245792 3.642674025354513
1942 2.386912515367691 3.644550725006936
1943 2.388689098534041 3.64642742465936
1944 2.390926937320882 3.648304124311784
1945 2.392414159165962 3.650180823964208
1946 2.393302669270334 3.652057523616631
1947 2.394550156839111 3.653934223269055
1948 2.395074879747739 3.655810922921479
1949 2.395371324186733 3.657687622573903
1950 2.395746068357681 3.659564322226327
1951 2.395333658795928 3.66144102187875
1952 2.395063135396202 3.663317721531174
1953 2.394403210066342 3.665194421183598
1954 2.39325034052572 3.667071120836022
1955 2.392378846281106 3.668947820488445
1956 2.390963707252808 3.670824520140869
1957 2.388725061441308 3.672701219793293
1958 2.386892370902832 3.674577919445717
1959 2.384823583887726 3.67645461909814
1960 2.38183953362735 3.678331318750564
1961 2.379275275158301 3.680208018402988
1962 2.376598901373126 3.682084718055412
1963 2.37271742650483 3.683961417707835
1964 2.369376221677589 3.685838117360259
1965 2.366092179368394 3.687714817012683
1966 2.36154156507709 3.689591516665107
1967 2.357413730901525 3.691468216317531
1968 2.353465875734985 3.693344915969954
1969 2.34827672486827 3.695221615622378
1970 2.343457963093415 3.697098315274802
1971 2.338937511517047 3.698975014927226
1972 2.333114175775317 3.700851714579649
1973 2.327774969033611 3.702728414232073
1974 2.32235070363186 3.704605113884497
1975 2.316079125574621 3.706481813536921
1976 2.310227794015488 3.708358513189344
1977 2.303869731211316 3.710235212841768
1978 2.297287213935529 3.712111912494192
1979 2.291160056968295 3.713988612146616
1980 2.284226461532406 3.715865311799039
1981 2.277069340724998 3.717742011451463
1982 2.270404270322706 3.719618711103887
1983 2.263060495687511 3.721495410756311
1984 2.25552854420734 3.723372110408735
1985 2.24849636770049 3.725248810061158
1986 2.240793595966802 3.727125509713582
1987 2.232996504370998 3.729002209366006
1988 2.225631107217128 3.73087890901843
1989 2.21761510904606 3.732755608670853
1990 2.209437857856431 3.734632308323277
1991 2.201697704896733 3.736509007975701
1992 2.193319122017522 3.738385707628125
1993 2.184818170974515 3.740262407280548
1994 2.176631582723608 3.742139106932972
1995 2.167852925931913 3.744015806585396
1996 2.159029227605772 3.74589250623782
1997 2.150531276845821 3.747769205890243
1998 2.141268253204627 3.749645905542667
1999 2.132326273136285 3.751522605195091
2000 2.123332172079019 3.753399304847515
2001 2.113729184799078 3.755276004499938
2002 2.104743846161839 3.757152704152362
2003 2.095295703410709 3.759029403804786
2004 2.085894114883911 3.76090610345721
2005 2.076688151831343 3.762782803109634
2006 2.066998006719596 3.764659502762057
2007 2.05749025413095 3.766536202414481
2008 2.048373512239195 3.768412902066905
2009 2.038600845250029 3.770289601719329
2010 2.029175509027425 3.772166301371752
2011 2.019852692992046 3.774043001024176
2012 2.010123239408957 3.7759197006766
2013 2.001044575405265 3.777796400329024
2014 1.991501126093568 3.779673099981447
2015 1.982076439199819 3.781549799633871
2016 1.973068298504427 3.783426499286295
2017 1.963217978414357 3.785303198938719
2018 1.954070080757951 3.787179898591142
2019 1.944769900854024 3.789056598243566
2020 1.935426723734147 3.79093329789599
2021 1.926435346538699 3.792809997548414
2022 1.916905552074681 3.794686697200838
2023 1.907878443109998 3.796563396853261
2024 1.898633482995163 3.798440096505685
2025 1.889514834426519 3.800316796158109
2026 1.880616576577882 3.802193495810533
2027 1.871504275206846 3.804070195462956
2028 1.862712445245605 3.80594689511538
2029 1.853836920485835 3.807823594767804
2030 1.844984583212424 3.809700294420228
2031 1.836317674366991 3.811576994072651
2032 1.827523797704478 3.813453693725075
2033 1.819064633272305 3.815330393377499
2034 1.810308255951047 3.817207093029923
2035 1.801974712487518 3.819083792682346
2036 1.793502764062771 3.82096049233477
2037 1.785342047801294 3.822837191987194
2038 1.777115024675301 3.824713891639618
2039 1.769244692001386 3.826590591292041
2040 1.761322930789349 3.828467290944465
2041 1.753759237770602 3.830343990596889
2042 1.746215263941755 3.832220690249313
2043 1.739282820651433 3.834097389901737
2044 1.732535068028756 3.83597408955416
2045 1.726505131676002 3.837850789206584
2046 1.72125822799338 3.839727488859008
2047 1.71727733399691 3.841604188511432
2048 1.714446121133332 3.843480888163855
2049 1.713715134884715 3.845357587816279
2050 1.715102373539532 3.847234287468703
2051 1.719081481437418 3.849110987121127
2052 1.72577953252983 3.85098768677355
2053 1.733781157164001 3.852864386425974
2054 1.741883805024858 3.854741086078398
2055 1.747716013238073 3.856617785730822
2056 1.749445096047302 3.858494485383245
2057 1.746485785991801 3.860371185035669
2058 1.738868428923759 3.862247884688093
2059 1.727291095855543 3.864124584340517
2060 1.713161570481351 3.866001283992941
2061 1.697557913076119 3.867877983645364
2062 1.681362673583358 3.869754683297788
2063 1.664909685901397 3.871631382950212
2064 1.648551178544847 3.873508082602636
2065 1.632568605542993 3.875384782255059
2066 1.617177950767182 3.877261481907483
2067 1.602498857933904 3.879138181559907
2068 1.588381840429766 3.881014881212331
2069 1.574808502729501 3.882891580864754
2070 1.56146631738001 3.884768280517178
2071 1.548031480817074 3.886644980169602
2072 1.534109567750301 3.888521679822026
2073 1.519548915863223 3.890398379474449
2074 1.504101270867293 3.892275079126873
2075 1.487641774800298 3.894151778779297
2076 1.470040715019008 3.896028478431721
2077 1.451378343861125 3.897905178084144
2078 1.431772697416466 3.899781877736568
2079 1.411292799099683 3.901658577388992
2080 1.390189427352861 3.903535277041416
2081 1.36855670622214 3.90541197669384
2082 1.34657283738209 3.907288676346263
2083 1.324413125146353 3.909165375998687
2084 1.302172424495232 3.911042075651111
2085 1.279919845159525 3.912918775303535
2086 1.257858273822126 3.914795474955958
2087 1.235966841549623 3.916672174608382
2088 1.21405676870919 3.918548874260806
2089 1.192363926980317 3.92042557391323
2090 1.171115294313955 3.922302273565653
2091 1.150253362739175 3.924178973218077
2092 1.129476936102912 3.926055672870501
2093 1.108813377579979 3.927932372522925
2094 1.088530921843724 3.929809072175348
2095 1.068624326420385 3.931685771827772
2096 1.048822496493157 3.933562471480196
2097 1.029223383894115 3.93543917113262
2098 1.009852010429298 3.937315870785044
2099 0.9908874260152905 3.939192570437467
2100 0.97213167042729 3.941069270089891
2101 0.9536053506867216 3.942945969742315
2102 0.9353548285479149 3.944822669394739
2103 0.9174116710542705 3.946699369047162
2104 0.8998454598866618 3.948576068699586
2105 0.882532338958268 3.95045276835201
2106 0.8654859866352752 3.952329468004434
2107 0.848831110491888 3.954206167656857
2108 0.8325694340385065 3.956082867309281
2109 0.8166539355932814 3.957959566961705
2110 0.8009919277648451 3.959836266614129
2111 0.7856168590345416 3.961712966266552
2112 0.7705317762603086 3.963589665918976
2113 0.7557945882507251 3.9654663655714
2114 0.741375511038894 3.967343065223824
2115 0.7271245224570521 3.969219764876248
2116 0.7130544566993977 3.971096464528671
2117 0.6991864626415091 3.972973164181095
2118 0.6854090908207048 3.974849863833519
2119 0.6719129845151641 3.976726563485943
2120 0.6584525918364961 3.978603263138366
2121 0.6450363812519414 3.98047996279079
2122 0.6315555271384972 3.982356662443214
2123 0.6181793373486439 3.984233362095638
2124 0.6047591065585495 3.986110061748061
2125 0.5913275974758203 3.987986761400485
2126 0.5778460823445448 3.989863461052909
2127 0.5642546322528454 3.991740160705333
2128 0.5506092235341057 3.993616860357756
2129 0.5368847360255407 3.99549356001018
2130 0.5231204754266995 3.997370259662604
2131 0.509374241114083 3.999246959315028
2132 0.4955765240061402 4.001123658967451
2133 0.4817178201480041 4.003000358619874
2134 0.4678565878517229 4.004877058272298
2135 0.4540316859534771 4.006753757924721
2136 0.4402948545402817 4.008630457577144
2137 0.4265620455580427 4.010507157229568
2138 0.4129504350663629 4.012383856881991
2139 0.3994145075209913 4.014260556534414
2140 0.3859822201558313 4.016137256186838
2141 0.3726854018996908 4.018013955839261
2142 0.3595827611392449 4.019890655491684
2143 0.3466719290405537 4.021767355144108
2144 0.3339192581708862 4.023644054796531
2145 0.3214424014396393 4.025520754448954
2146 0.3090845807873227 4.027397454101378
2147 0.2969659275511061 4.029274153753801
2148 0.2850901373701659 4.031150853406224
2149 0.2735110287925647 4.033027553058647
2150 0.2621188207207141 4.034904252711071
2151 0.2509522598453069 4.036780952363494
2152 0.2400210787483018 4.038657652015917
2153 0.2293789863443351 4.040534351668341
2154 0.219028238699278 4.042411051320764
2155 0.2088789652734465 4.044287750973187
2156 0.199018374853455 4.046164450625611
2157 0.1893959832661739 4.048041150278034
2158 0.1800687160842467 4.049917849930457
2159 0.1709856320367371 4.051794549582881
2160 0.1621440369421108 4.053671249235304
2161 0.1535997520966837 4.055547948887727
2162 0.145294061109284 4.057424648540151
2163 0.1372851010113876 4.059301348192574
2164 0.1295339905075937 4.061178047844997
2165 0.1221043882049812 4.063054747497421
2166 0.1149355316502463 4.064931447149844
2167 0.1080572211544569 4.066808146802267
2168 0.1014685375060216 4.068684846454691
2169 0.09518817033490258 4.070561546107114
2170 0.08916914469124265 4.072438245759537
2171 0.08350912079664599 4.07431494541196
2172 0.07819485359428092 4.076191645064384
2173 0.07321258354141956 4.078068344716807
2174 0.06864798106803742 4.07994504436923
2175 0.06440651732131868 4.081821744021654
2176 0.060551434237151 4.083698443674077
2177 0.05708175736732145 4.0855751433265
2178 0.05401161088427853 4.087451842978924
2179 0.05140594106230491 4.089328542631347
2180 0.0492351609822943 4.09120524228377
2181 0.04752545768655541 4.093081941936194
2182 0.04632198466234021 4.094958641588617
2183 0.04566937047952795 4.09683534124104
2184 0.04548092756775194 4.098712040893464
2185 0.04589669857843021 4.100588740545887
2186 0.0468782774908056 4.10246544019831
2187 0.04847558854257136 4.104342139850734
2188 0.05065684409634722 4.106218839503157
2189 0.05351045748343237 4.10809553915558
2190 0.05702457238810588 4.109972238808004
2191 0.06119625548958314 4.111848938460427
2192 0.06601763264615794 4.11372563811285
2193 0.0715956281866006 4.115602337765274
2194 0.0778267382519655 4.117479037417697
2195 0.08477659408384546 4.11935573707012
2196 0.09238938994381117 4.121232436722543
2197 0.1007196413691947 4.123109136374967
2198 0.109631483065793 4.12498583602739
2199 0.1191181249580591 4.126862535679813
2200 0.1291856373915298 4.128739235332237
2201 0.1400797625004589 4.13061593498466
2202 0.1515549501306625 4.132492634637083
2203 0.1636344409776376 4.134369334289507
2204 0.1764327994479307 4.13624603394193
2205 0.1897988728469577 4.138122733594353
2206 0.2036857954291381 4.139999433246777
2207 0.218033756910198 4.1418761328992
2208 0.2327188817631178 4.143752832551623
2209 0.2476934035089701 4.145629532204047
2210 0.2628392421067537 4.14750623185647
2211 0.2780004735199752 4.149382931508893
2212 0.2931514658413361 4.151259631161317
2213 0.3082396960602055 4.15313633081374
2214 0.3231686390158033 4.155013030466163
2215 0.3377980948323573 4.156889730118587
2216 0.352149307637141 4.15876642977101
2217 0.3661289044531965 4.160643129423433
2218 0.3797778003608843 4.162519829075856
2219 0.3929942367136788 4.16439652872828
2220 0.4056602878052128 4.166273228380703
2221 0.4180497471759423 4.168149928033126
2222 0.4299780864225587 4.17002662768555
2223 0.4413678268267599 4.171903327337973
2224 0.4523168483378342 4.173780026990396
2225 0.4627908128893508 4.17565672664282
2226 0.4729347275873274 4.177533426295243
2227 0.4826744944091274 4.179410125947666
2228 0.4919267535650164 4.18128682560009
2229 0.5006988358124657 4.183163525252513
2230 0.5090628762046362 4.185040224904936
2231 0.5170381260133168 4.18691692455736
2232 0.5244080089821896 4.188793624209783
2233 0.5314510225666792 4.190670323862206
2234 0.5380509822279567 4.19254702351463
2235 0.5443637336664168 4.194423723167053
2236 0.5500882696309716 4.196300422819476
2237 0.5553837913174713 4.1981771224719
2238 0.5602068828434151 4.200053822124323
2239 0.564597796020472 4.201930521776746
2240 0.5685436768096138 4.20380722142917
2241 0.5720943268807247 4.205683921081593
2242 0.5751730422282423 4.207560620734016
2243 0.578034292053618 4.209437320386439
2244 0.5804910338535358 4.211314020038863
2245 0.5825958791090411 4.213190719691286
2246 0.5844902249849325 4.215067419343709
2247 0.5861127795645715 4.216944118996133
2248 0.5875168601606088 4.218820818648556
2249 0.5887373365283703 4.220697518300979
2250 0.5898087489588211 4.222574217953403
2251 0.5907678926880606 4.224450917605826
2252 0.5917375963885778 4.226327617258249
2253 0.5926815971492516 4.228204316910673
2254 0.5936600738683884 4.230081016563096
2255 0.5946813066273544 4.231957716215519
2256 0.5957320813504543 4.233834415867943
2257 0.5968507100339231 4.235711115520366
2258 0.5980353878933244 4.237587815172789
2259 0.5993457558453587 4.239464514825213
2260 0.6007957264655053 4.241341214477636
2261 0.6023931248950537 4.243217914130059
2262 0.6041537103569344 4.245094613782483
2263 0.6061322096399566 4.246971313434906
2264 0.608282162801042 4.248848013087329
2265 0.6105824638751268 4.250724712739752
2266 0.6130429081007513 4.252601412392176
2267 0.6156837297313092 4.254478112044599
2268 0.6185014191901198 4.256354811697022
2269 0.6215008189006638 4.258231511349446
2270 0.6247124501127251 4.260108211001869
2271 0.6281136942032631 4.261984910654292
2272 0.6317783864098899 4.263861610306716
2273 0.6357004436070793 4.265738309959139
2274 0.6398306388493215 4.267615009611562
2275 0.6441521077195211 4.269491709263986
2276 0.6486386914089657 4.271368408916409
2277 0.6532880698237127 4.273245108568832
2278 0.6581453336718153 4.275121808221256
2279 0.6632213779075563 4.276998507873679
2280 0.6685482257990765 4.278875207526102
2281 0.6741355411148841 4.280751907178526
2282 0.6799634311433188 4.282628606830949
2283 0.6860122468809563 4.284505306483372
2284 0.6922231894279229 4.286382006135796
2285 0.6985955716998383 4.288258705788219
2286 0.7051479131423851 4.290135405440642
2287 0.7118575764926677 4.292012105093066
2288 0.7187177999613392 4.293888804745489
2289 0.7257198862737468 4.295765504397912
2290 0.732861961055492 4.297642204050335
2291 0.7401524898797689 4.299518903702759
2292 0.7476542868050052 4.301395603355182
2293 0.7553250577000703 4.303272303007605
2294 0.7631494508483858 4.305149002660029
2295 0.771093687009932 4.307025702312452
2296 0.7790889784653592 4.308902401964875
2297 0.7871384671950818 4.310779101617299
2298 0.7952167129862957 4.312655801269722
2299 0.8033686341068802 4.314532500922145
2300 0.8116146385996399 4.316409200574569
2301 0.8199154456913659 4.318285900226992
2302 0.8283369655763377 4.320162599879415
2303 0.8368646033809337 4.322039299531839
2304 0.845466851811406 4.323915999184262
2305 0.8541183325776234 4.325792698836685
2306 0.8627702793726195 4.327669398489109
2307 0.8714144085474356 4.329546098141532
2308 0.8800723706319196 4.331422797793955
2309 0.8887577267258405 4.333299497446379
2310 0.89748080753503 4.335176197098802
2311 0.9062161759936403 4.337052896751225
2312 0.9149653956384828 4.338929596403649
2313 0.9237083536898107 4.340806296056072
2314 0.9324283427702508 4.342682995708495
2315 0.9411302821824398 4.344559695360918
2316 0.949837978987042 4.346436395013342
2317 0.958558940918246 4.348313094665765
2318 0.9673054297715133 4.350189794318188
2319 0.9760342949199009 4.352066493970612
2320 0.9847179594047847 4.353943193623035
2321 0.9933257308089377 4.355819893275458
2322 1.00186203728082 4.357696592927882
2323 1.010301129998963 4.359573292580305
2324 1.018649451848158 4.361449992232728
2325 1.026893583815529 4.363326691885152
2326 1.035073648164794 4.365203391537575
2327 1.043188711094834 4.367080091189998
2328 1.051329131002789 4.368956790842422
2329 1.0595171977914 4.370833490494845
2330 1.067717432358865 4.372710190147268
2331 1.075872911155634 4.374586889799692
2332 1.083977108303286 4.376463589452115
2333 1.092015035593337 4.378340289104538
2334 1.099983245336537 4.380216988756962
2335 1.107884552337734 4.382093688409385
2336 1.1157675310948 4.383970388061808
2337 1.123664044067636 4.385847087714231
2338 1.13163061681021 4.387723787366655
2339 1.139698762764423 4.389600487019078
2340 1.147914025941281 4.391477186671501
2341 1.156271087205442 4.393353886323925
2342 1.164753469259514 4.395230585976348
2343 1.173355170379266 4.397107285628771
2344 1.182040167415502 4.398983985281195
2345 1.190763017086405 4.400860684933618
2346 1.199512398221651 4.402737384586041
2347 1.208272120534657 4.404614084238465
2348 1.217045578618277 4.406490783890888
2349 1.225821357566105 4.408367483543311
2350 1.234593014013221 4.410244183195735
2351 1.243350491712306 4.412120882848158
2352 1.252087861289029 4.413997582500581
2353 1.260809028230839 4.415874282153005
2354 1.269504887940293 4.417750981805428
2355 1.278195940003918 4.419627681457851
2356 1.286865015037106 4.421504381110275
2357 1.295482354780178 4.423381080762698
2358 1.304040197449016 4.425257780415121
2359 1.312520070185397 4.427134480067545
2360 1.320939828556231 4.429011179719968
2361 1.329320205777391 4.430887879372391
2362 1.337696324739752 4.432764579024814
2363 1.346096094231579 4.434641278677238
2364 1.354553789372848 4.436517978329661
2365 1.363093642238109 4.438394677982084
2366 1.371749134348471 4.440271377634508
2367 1.380546972856727 4.442148077286931
2368 1.38950873851537 4.444024776939354
2369 1.398638022009407 4.445901476591778
2370 1.407941426765182 4.447778176244201
2371 1.417420391446101 4.449654875896624
2372 1.427075160667787 4.451531575549048
2373 1.436918624996479 4.453408275201471
2374 1.446948944693932 4.455284974853894
2375 1.457142190113663 4.457161674506318
2376 1.467503169140104 4.459038374158741
2377 1.478003945792437 4.460915073811164
2378 1.488610631798585 4.462791773463588
2379 1.499293691697293 4.464668473116011
2380 1.510024801552164 4.466545172768434
2381 1.520779786674405 4.468421872420858
2382 1.531541850516276 4.470298572073281
2383 1.542287862934683 4.472175271725704
2384 1.552993702877942 4.474051971378127
2385 1.563638011141361 4.475928671030551
2386 1.574170524133564 4.477805370682974
2387 1.584557013230374 4.479682070335397
2388 1.594757805169843 4.481558769987821
2389 1.604759288733328 4.483435469640244
2390 1.614593397855063 4.485312169292667
2391 1.624285405041225 4.487188868945091
2392 1.633840618378006 4.489065568597514
2393 1.643283057602355 4.490942268249937
2394 1.652640180404017 4.492818967902361
2395 1.661919311046433 4.494695667554784
2396 1.671116979468841 4.496572367207207
2397 1.680232127526705 4.498449066859631
2398 1.689263258891915 4.500325766512054
2399 1.698235056021145 4.502202466164477
2400 1.707158117789349 4.504079165816901
2401 1.716047426924392 4.505955865469324
2402 1.724935952791206 4.507832565121747
2403 1.733832978579191 4.509709264774171
2404 1.742730294727632 4.511585964426594
2405 1.751644269662439 4.513462664079017
2406 1.760596419944706 4.515339363731441
2407 1.769578842744307 4.517216063383864
2408 1.778610350146111 4.519092763036287
2409 1.78770762567622 4.52096946268871
2410 1.796853527055245 4.522846162341134
2411 1.806050327176764 4.524722861993557
2412 1.815266131790813 4.52659956164598
2413 1.824520715808827 4.528476261298404
2414 1.834179313215747 4.530352960950827
2415 1.84406509125605 4.53222966060325
2416 1.853663809143989 4.534106360255674
2417 1.862941263801073 4.535983059908097
2418 1.871942778759113 4.53785975956052
2419 1.880864562184187 4.539736459212944
2420 1.889634374740373 4.541613158865367
2421 1.898385830159485 4.54348985851779
2422 1.907131487336794 4.545366558170214
2423 1.915823139041953 4.547243257822637
2424 1.924535765981542 4.54911995747506
2425 1.933256652238205 4.550996657127484
2426 1.942073566952996 4.552873356779907
2427 1.950873428963074 4.55475005643233
2428 1.959586326493115 4.556626756084754
2429 1.968310086990391 4.558503455737177
2430 1.977067563190786 4.5603801553896
2431 1.985879919383696 4.562256855042023
2432 1.9945939198508 4.564133554694447
2433 2.003200829552685 4.56601025434687
2434 2.01177450878734 4.567886953999293
2435 2.020391614601415 4.569763653651717
2436 2.028956596254205 4.57164035330414
2437 2.037587550461512 4.573517052956563
2438 2.046125968864376 4.575393752608987
2439 2.054568771891519 4.57727045226141
2440 2.06296438952292 4.579147151913833
2441 2.071242955376037 4.581023851566257
2442 2.079573426746907 4.58290055121868
2443 2.087802656930081 4.584777250871103
2444 2.09604857726362 4.586653950523527
2445 2.104290208055873 4.58853065017595
2446 2.11241421968123 4.590407349828373
2447 2.120474691346146 4.592284049480797
2448 2.128396103755352 4.59416074913322
2449 2.136440160475168 4.596037448785643
2450 2.144397446156878 4.597914148438067
2451 2.152378845195626 4.59979084809049
2452 2.160375888431637 4.601667547742913
2453 2.168312316297284 4.603544247395337
2454 2.17630701275692 4.60542094704776
2455 2.184044466067565 4.607297646700183
2456 2.191874130876289 4.609174346352606
2457 2.199568052700509 4.61105104600503
2458 2.20725385931157 4.612927745657453
2459 2.214970213253557 4.614804445309876
2460 2.222469904206896 4.6166811449623
2461 2.230219749280644 4.618557844614723
2462 2.237509021649849 4.620434544267146
2463 2.244962361339019 4.62231124391957
2464 2.252062520041689 4.624187943571993
2465 2.25904244215921 4.626064643224416
2466 2.266249182105094 4.62794134287684
2467 2.272766447609145 4.629818042529263
2468 2.279567179731976 4.631694742181686
2469 2.286183740251617 4.63357144183411
2470 2.292105933036768 4.635448141486533
2471 2.298620881463702 4.637324841138956
2472 2.304084847869905 4.63920154079138
2473 2.309773550779454 4.641078240443803
2474 2.315399359009643 4.642954940096226
2475 2.319955419656795 4.64483163974865
2476 2.324922611390269 4.646708339401073
2477 2.329674875660159 4.648585039053496
2478 2.333586141474207 4.65046173870592
2479 2.337769924567916 4.652338438358343
2480 2.341726531289739 4.654215138010766
2481 2.344793088748253 4.656091837663189
2482 2.348019958138936 4.657968537315613
2483 2.35097672013965 4.659845236968036
2484 2.353050306873098 4.661721936620459
2485 2.355597585113424 4.663598636272883
2486 2.357427798615545 4.665475335925306
2487 2.35859128937565 4.667352035577729
2488 2.36033982213387 4.669228735230153
2489 2.361155976176879 4.671105434882576
2490 2.361519225408449 4.672982134534999
2491 2.362137778199415 4.674858834187423
2492 2.361944503022994 4.676735533839846
2493 2.361722169152703 4.678612233492269
2494 2.361337144301129 4.680488933144693
2495 2.360360658562524 4.682365632797116
2496 2.359551683904202 4.684242332449539
2497 2.358189242539218 4.686119032101963
2498 2.356530068890572 4.687995731754386
2499 2.355191830251001 4.689872431406809
2500 2.353084145067342 4.691749131059233
2501 2.350604056852298 4.693625830711656
2502 2.34859792021558 4.695502530364079
2503 2.346034406554205 4.697379230016502
2504 2.343020171245484 4.699255929668926
2505 2.340530403705506 4.701132629321349
2506 2.337509179706923 4.703009328973772
2507 2.333933719847163 4.704886028626196
2508 2.330949354562469 4.706762728278619
2509 2.327553805240527 4.708639427931042
2510 2.323492042844129 4.710516127583466
2511 2.319997268732573 4.712392827235889
2512 2.316237874892332 4.714269526888312
2513 2.311730074208582 4.716146226540736
2514 2.307821803435074 4.718022926193159
2515 2.303458780858031 4.719899625845582
2516 2.298620450536909 4.721776325498006
2517 2.294233885412246 4.723653025150429
2518 2.289500602873995 4.725529724802852
2519 2.284163398070334 4.727406424455276
2520 2.279310858473703 4.729283124107699
2521 2.27421221507161 4.731159823760122
2522 2.268494022934425 4.733036523412546
2523 2.263285630993101 4.734913223064969
2524 2.257537026595081 4.736789922717392
2525 2.251969465138518 4.738666622369816
2526 2.246417763038252 4.740543322022239
2527 2.239903473935216 4.742420021674662
2528 2.234132789773417 4.744296721327085
2529 2.228192751774346 4.746173420979509
2530 2.221592725046623 4.748050120631932
2531 2.2156058956129 4.749926820284355
2532 2.209540564357327 4.751803519936779
2533 2.202648139014435 4.753680219589202
2534 2.196543660576617 4.755556919241625
2535 2.190183322884396 4.757433618894049
2536 2.183043182783959 4.759310318546472
2537 2.176697486520619 4.761187018198895
2538 2.170007837570179 4.763063717851319
2539 2.162848020530982 4.764940417503742
2540 2.156147550318078 4.766817117156165
2541 2.149124834719104 4.768693816808589
2542 2.141696825493374 4.770570516461012
2543 2.134813279266564 4.772447216113435
2544 2.127253863628033 4.774323915765859
2545 2.119626535746923 4.776200615418282
2546 2.112345227587049 4.778077315070705
2547 2.104600696739997 4.779954014723129
2548 2.096915852112391 4.781830714375552
2549 2.089286377663587 4.783707414027975
2550 2.080973910187656 4.785584113680398
2551 2.073426534165381 4.787460813332822
2552 2.065276480070479 4.789337512985245
2553 2.057116187417725 4.791214212637668
2554 2.049353864658437 4.793090912290092
2555 2.040889299076379 4.794967611942515
2556 2.032783125695385 4.796844311594938
2557 2.024642222223648 4.798721011247362
2558 2.016004335116848 4.800597710899785
2559 2.007845024393475 4.802474410552208
2560 1.999307337767312 4.804351110204632
2561 1.990792118926096 4.806227809857055
2562 1.982513503927625 4.808104509509478
2563 1.973779077270195 4.809981209161902
2564 1.965453033330386 4.811857908814325
2565 1.956714202182606 4.813734608466748
2566 1.948066453744449 4.815611308119172
2567 1.939552410111429 4.817488007771595
2568 1.930815272245906 4.819364707424018
2569 1.922440318023126 4.821241407076442
2570 1.913755104756261 4.823118106728865
2571 1.905237447074605 4.824994806381288
2572 1.896759234929904 4.826871506033712
2573 1.888123813911992 4.828748205686135
2574 1.879775440280468 4.830624905338558
2575 1.871106162449677 4.832501604990981
2576 1.862850820214678 4.834378304643405
2577 1.854424385341786 4.836255004295828
2578 1.846199270802703 4.838131703948251
2579 1.837935314516513 4.840008403600675
2580 1.82987171013116 4.841885103253098
2581 1.821857406657879 4.843761802905521
2582 1.814031902581617 4.845638502557945
2583 1.80631410839646 4.847515202210368
2584 1.798881070920374 4.849391901862791
2585 1.791676666282015 4.851268601515215
2586 1.784915330846878 4.853145301167638
2587 1.778541938786181 4.855022000820061
2588 1.773161739285637 4.856898700472485
2589 1.768605489736877 4.858775400124908
2590 1.765612207663323 4.860652099777331
2591 1.764157316438585 4.862528799429755
2592 1.764843965806338 4.864405499082178
2593 1.768103250451999 4.866282198734601
2594 1.774179795726028 4.868158898387025
2595 1.782297306742552 4.870035598039448
2596 1.790570814048196 4.871912297691871
2597 1.797312936379586 4.873788997344294
2598 1.800185892776103 4.875665696996718
2599 1.798409401564872 4.877542396649141
2600 1.791642237441232 4.879419096301564
2601 1.780520087856752 4.881295795953988
2602 1.76636121692411 4.883172495606411
2603 1.750580596581253 4.885049195258834
2604 1.733824634124498 4.886925894911258
2605 1.716625627042324 4.888802594563681
2606 1.699298867475662 4.890679294216104
2607 1.682157024278289 4.892555993868528
2608 1.665400949659887 4.894432693520951
2609 1.649144924211316 4.896309393173374
2610 1.633442058790294 4.898186092825798
2611 1.61823382939859 4.900062792478221
2612 1.603384597076576 4.901939492130644
2613 1.588617602449401 4.903816191783068
2614 1.573753000025064 4.905692891435491
2615 1.558468080657594 4.907569591087914
2616 1.542519798506936 4.909446290740338
2617 1.525843385730206 4.911322990392761
2618 1.508303513979641 4.913199690045184
2619 1.489833599190521 4.915076389697608
2620 1.470348734517865 4.916953089350031
2621 1.449993632282486 4.918829789002454
2622 1.428901078149695 4.920706488654877
2623 1.407129166691026 4.922583188307301
2624 1.384817356402418 4.924459887959724
2625 1.362096130468524 4.926336587612147
2626 1.33907995943577 4.928213287264571
2627 1.315871445317176 4.930089986916994
2628 1.292642803198368 4.931966686569417
2629 1.269422677017573 4.933843386221841
2630 1.24606279052927 4.935720085874264
2631 1.22277311490623 4.937596785526687
2632 1.199870817021904 4.939473485179111
2633 1.17720511028735 4.941350184831534
2634 1.154563808177285 4.943226884483957
2635 1.132043460611426 4.945103584136381
2636 1.109855634589497 4.946980283788804
2637 1.087891707019904 4.948856983441227
2638 1.066052552374174 4.950733683093651
2639 1.044306877044193 4.952610382746074
2640 1.02284485235084 4.954487082398497
2641 1.001620350072693 4.956363782050921
2642 0.9805890787319811 4.958240481703344
2643 0.9597640308410468 4.960117181355767
2644 0.9391188691053282 4.96199388100819
2645 0.9187330579529123 4.963870580660614
2646 0.8986095160121825 4.965747280313037
2647 0.8787546748634349 4.96762397996546
2648 0.8592525512402978 4.969500679617884
2649 0.8401645042378835 4.971377379270307
2650 0.8213279795366916 4.97325407892273
2651 0.8028185530135954 4.975130778575154
2652 0.7846320613742267 4.977007478227577
2653 0.7669179692837329 4.97888417788
2654 0.7496786624023188 4.980760877532424
2655 0.7328657673441239 4.982637577184847
2656 0.7164118094843706 4.98451427683727
2657 0.7003000413194354 4.986390976489694
2658 0.6845938277885291 4.988267676142117
2659 0.6693575958526379 4.99014437579454
2660 0.6545033746799013 4.992021075446964
2661 0.6400025838900598 4.993897775099387
2662 0.6257713807796053 4.99577447475181
2663 0.6118370394528242 4.997651174404234
2664 0.5981842591186857 4.999527874056657
2665 0.5848261063598562 5.00140457370908
2666 0.5716627929026629 5.003281273361504
2667 0.5586507523268697 5.005157973013927
2668 0.5458352885250192 5.00703467266635
2669 0.5331675006291027 5.008911372318773
2670 0.5206512885480802 5.010788071971197
2671 0.5082210149515305 5.01266477162362
2672 0.4958967725593595 5.014541471276043
2673 0.4836297023445166 5.016418170928467
2674 0.4714910541420843 5.01829487058089
2675 0.4594006115662632 5.020171570233313
2676 0.4474120464127204 5.022048269885737
2677 0.4355377215394322 5.02392496953816
2678 0.4236631500815785 5.025801669190583
2679 0.4119712259791307 5.027678368843007
2680 0.4002839762970442 5.02955506849543
2681 0.388746531545528 5.031431768147853
2682 0.3773303632832194 5.033308467800277
2683 0.366096228258524 5.0351851674527
2684 0.3549419441158462 5.037061867105123
2685 0.3440201527920345 5.038938566757547
2686 0.333285642883307 5.04081526640997
2687 0.322722828380638 5.042691966062393
2688 0.3122726274671173 5.044568665714817
2689 0.3020837352585568 5.04644536536724
2690 0.2920675883718832 5.048322065019663
2691 0.2822273159975905 5.050198764672087
2692 0.2725472952786415 5.05207546432451
2693 0.2630918494998767 5.053952163976933
2694 0.2538350171940584 5.055828863629356
2695 0.2447193146024823 5.05770556328178
2696 0.2358392162789719 5.059582262934203
2697 0.2271321191882814 5.061458962586626
2698 0.2186207475998242 5.06333566223905
2699 0.2103127583264913 5.065212361891473
2700 0.2021423794502767 5.067089061543896
