0.0018767	17.89024455	9.159700361	4.974262422
0.003753399	6.998687599	2.966862554	1.720040807
0.005630099	2.14670712	0.679430759	0.365588962
0.007506799	0.644578132	0.054337313	-0.026616866
0.009383498	0.485667156	-0.002243171	-0.061662048
0.011260198	0.662823632	0.065356221	-0.015942515
0.013136898	0.826936004	0.122477669	0.022755087
0.015013597	0.916437303	0.149733171	0.041448259
0.016890297	0.953957339	0.157545569	0.047317197
0.018766997	0.966918126	0.156649924	0.047536324
0.020643696	0.971313135	0.153023807	0.046066316
0.022520396	0.973812798	0.149096674	0.04448825
0.024397095	0.976367623	0.145515563	0.043199422
0.026273795	0.979205304	0.142333397	0.042205382
0.028150495	0.982132254	0.139460687	0.041412955
0.030027194	0.985032942	0.136816999	0.040772068
0.031903894	0.987853871	0.134365731	0.040247903
0.033780594	0.990568415	0.132065711	0.039817788
0.035657293	0.993196523	0.129914111	0.039477762
0.037533993	0.995730946	0.127884888	0.039213103
0.039410693	0.998182092	0.125957838	0.039011534
0.041287392	1.000561279	0.124126647	0.038875114
0.043164092	1.002854765	0.122374913	0.038788522
0.045040792	1.005089014	0.120688964	0.038753264
0.046917491	1.007243197	0.11906581	0.038757874
0.048794191	1.009340909	0.117497572	0.038806794
0.050670891	1.011361541	0.115974183	0.03888537
0.05254759	1.013338906	0.114490321	0.039006207
0.05442429	1.015244066	0.113044547	0.039151886
0.05630099	1.017104228	0.111636509	0.039330041
0.058177689	1.018897191	0.110259351	0.039532241
0.060054389	1.02064061	0.108904379	0.039758751
0.061931089	1.022335994	0.107592778	0.040009747
0.063807788	1.023965922	0.10629772	0.040276419
0.065684488	1.025553823	0.105035271	0.040564484
0.067561187	1.027115081	0.103815801	0.040877049
0.069437887	1.028641417	0.102628451	0.041207633
0.071314587	1.030164185	0.101474455	0.041566051
0.073191286	1.031659593	0.100364262	0.041941992
0.075067986	1.03315125	0.099297871	0.042344823
0.076944686	1.034656726	0.098265628	0.042776926
0.078821385	1.036129719	0.097281851	0.043225057
0.080698085	1.037589644	0.096334149	0.043696328
0.082574785	1.039025555	0.095412136	0.044184386
0.084451484	1.040426095	0.094521912	0.044685195
0.086328184	1.041762963	0.093654513	0.045188253
0.088204884	1.0430136	0.092795055	0.045685961
0.090081583	1.044185374	0.091944458	0.046176663
0.091958283	1.04527023	0.091100534	0.046659712
0.093834983	1.046280125	0.090265835	0.047133859
0.095711682	1.047212483	0.08942745	0.047599796
0.097588382	1.048057684	0.088581281	0.048053041
0.099465082	1.04883523	0.087730845	0.048498295
0.101341781	1.049565979	0.086882968	0.048941286
0.103218481	1.05024466	0.086034424	0.049377924
0.105095181	1.050890504	0.085187908	0.049815206
0.10697188	1.051493723	0.084341797	0.050246957
0.10884858	1.052048733	0.083502022	0.050669709
0.110725279	1.05260393	0.082675599	0.051101628
0.112601979	1.053170168	0.081870892	0.051541136
0.114478679	1.053764046	0.08108735	0.051990048
0.116355378	1.054372069	0.080324759	0.05244476
0.118232078	1.05499373	0.079577458	0.052901571
0.120108778	1.055638161	0.078849777	0.053364856
0.121985477	1.05631401	0.078143499	0.053836741
0.123862177	1.057025304	0.077457333	0.054317848
0.125738877	1.057764667	0.076792522	0.054803987
0.127615576	1.058512794	0.076137734	0.055290538
0.129492276	1.05925805	0.075491909	0.055774297
0.131368976	1.059986378	0.074850249	0.056251468
0.133245675	1.060710107	0.074216376	0.056727167
0.135122375	1.061448103	0.07359387	0.057207577
0.136999075	1.06220475	0.072990014	0.057691336
0.138875774	1.062985988	0.072398552	0.058181865
0.140752474	1.063795375	0.071823829	0.058680735
0.142629174	1.064630071	0.071260037	0.059184077
0.144505873	1.065488782	0.070713569	0.059694313
0.146382573	1.066387779	0.070184993	0.060215446
0.148259273	1.067342794	0.069673748	0.060753257
0.150135972	1.068357303	0.069192607	0.061306533
0.152012672	1.069442508	0.068735334	0.061878587
0.153889371	1.0705822	0.068295831	0.062462831
0.155766071	1.071777495	0.067876093	0.06305992
0.157642771	1.073024139	0.067471242	0.063666178
0.15951947	1.074308077	0.067081767	0.064278414
0.16139617	1.075638752	0.066708948	0.064898441
0.16327287	1.077015505	0.066355446	0.065526035
0.165149569	1.078451104	0.066020707	0.066162365
0.167026269	1.079935674	0.065704062	0.066804601
0.168902969	1.081472718	0.065402134	0.067451174
0.170779668	1.083057306	0.065112854	0.068101947
0.172656368	1.084685621	0.064837493	0.068751805
0.174533068	1.0863488	0.064573234	0.069401651
0.176409767	1.088053314	0.064319112	0.070049755
0.178286467	1.089793596	0.064084319	0.070697152
0.180163167	1.091579436	0.063858936	0.071345113
0.182039866	1.093417834	0.063652497	0.071995753
0.183916566	1.095313705	0.063459733	0.072648425
0.185793266	1.097273302	0.063279489	0.073307688
0.187669965	1.099292848	0.063116809	0.073967993
0.189546665	1.10137117	0.062970456	0.074632307
0.191423365	1.103514042	0.062835349	0.075301222
0.193300064	1.105707901	0.062713562	0.07596888
0.195176764	1.107964073	0.062608462	0.076640782
0.197053464	1.110280622	0.062519567	0.077316476
0.198930163	1.112665966	0.062445667	0.077996937
0.200806863	1.115114921	0.062386036	0.078682568
0.202683562	1.117646428	0.06234319	0.079375265
0.204560262	1.120250074	0.062319305	0.080074669
0.206436962	1.122931498	0.062309581	0.08078154
0.208313661	1.125695968	0.062315685	0.081496033
0.210190361	1.128533211	0.06234007	0.082216443
0.212067061	1.131444419	0.062381218	0.082942828
0.21394376	1.134429647	0.062436513	0.08367447
0.21582046	1.137490049	0.062509824	0.084411704
0.21769716	1.140621938	0.062598528	0.085154345
0.219573859	1.143831259	0.062705407	0.085903509
0.221450559	1.147115586	0.062830848	0.086657404
0.223327259	1.150480093	0.062973749	0.087418809
0.225203958	1.153929602	0.063133312	0.088187597
0.227080658	1.157457595	0.063309076	0.08896265
0.228957358	1.16107247	0.063506904	0.089745135
0.230834057	1.164769211	0.063720021	0.09053392
0.232710757	1.168543696	0.063952956	0.09132842
0.234587457	1.172399088	0.064201632	0.092127515
0.236464156	1.176330269	0.064464461	0.092930326
0.238340856	1.180338361	0.064745662	0.093737809
0.240217556	1.184422824	0.065044751	0.094548896
0.242094255	1.188582599	0.065360077	0.095362856
0.243970955	1.19282224	0.06569698	0.096181275
0.245847654	1.197132695	0.066047447	0.097002783
0.247724354	1.20152349	0.066421314	0.097831584
0.249601054	1.205995453	0.066811758	0.098664901
0.251477753	1.210546043	0.067219719	0.09950059
0.253354453	1.215175764	0.067639103	0.100336555
0.255231153	1.219884435	0.06807599	0.101173533
0.257107852	1.224674342	0.068526828	0.102011372
0.258984552	1.22954305	0.068992751	0.102849659
0.260861252	1.234486574	0.069473315	0.10368784
0.262737951	1.239512517	0.069967321	0.104528228
0.264614651	1.244616538	0.070476972	0.105370035
0.266491351	1.249807478	0.071000705	0.106216119
0.26836805	1.255074078	0.071543233	0.107062971
0.27024475	1.260426207	0.072101244	0.107913745
0.27212145	1.265856761	0.072677179	0.108766192
0.273998149	1.271372022	0.073269783	0.109622465
0.275874849	1.276971587	0.073878699	0.110481792
0.277751549	1.282649693	0.074506467	0.11134303
0.279628248	1.288410531	0.075149405	0.112206417
0.281504948	1.294251819	0.075808889	0.113071587
0.283381648	1.300172332	0.076487901	0.113939106
0.285258347	1.306168901	0.07718304	0.114805768
0.287135047	1.312240989	0.077895025	0.115673685
0.289011746	1.318385756	0.078623738	0.116539984
0.290888446	1.324604647	0.079370074	0.117406433
0.292765146	1.330893993	0.08013376	0.11827087
0.294641845	1.337251866	0.080914854	0.119133311
0.296518545	1.343679236	0.081712247	0.119993114
0.298395245	1.350172462	0.082527899	0.120850077
0.300271944	1.35673354	0.083359361	0.121703327
0.302148644	1.363361454	0.084206588	0.122553061
0.304025344	1.370052833	0.085071208	0.123398295
0.305902043	1.376809296	0.085952101	0.124239175
0.307778743	1.383627375	0.086849694	0.125074071
0.309655443	1.390506695	0.087763131	0.125903076
0.311532142	1.397447376	0.088693954	0.126726175
0.313408842	1.404446151	0.089640334	0.12754271
0.315285542	1.411504097	0.090603673	0.128353038
0.317162241	1.418621334	0.091582542	0.129156528
0.319038941	1.425795945	0.092576915	0.129953227
0.320915641	1.433028015	0.093587909	0.130743358
0.32279234	1.440316429	0.094616346	0.131526936
0.32466904	1.447662904	0.095662738	0.132304527
0.32654574	1.455065309	0.096726832	0.133076228
0.328422439	1.46252645	0.097808664	0.133842089
0.330299139	1.470044312	0.098908835	0.13460303
0.332175838	1.477622141	0.100026637	0.135359164
0.334052538	1.485258924	0.101162579	0.136111255
0.335929238	1.492956417	0.102317929	0.136859664
0.337805937	1.500711972	0.103492775	0.137604186
0.339682637	1.508527204	0.104685787	0.13834544
0.341559337	1.516397744	0.105899167	0.139082748
0.343436036	1.524325328	0.107133604	0.139817601
0.345312736	1.532310412	0.108392902	0.140553225
0.347189436	1.54035503	0.109682342	0.141293257
0.349066135	1.548450042	0.110992352	0.142029583
0.350942835	1.556598034	0.112317576	0.142757552
0.352819535	1.564791898	0.113658997	0.14347682
0.354696234	1.573034127	0.115015773	0.144186841
0.356572934	1.581322328	0.116388621	0.144888934
0.358449634	1.589658932	0.117778647	0.145583937
0.360326333	1.598044268	0.119185204	0.146272796
0.362203033	1.606478518	0.120608482	0.146955486
0.364079733	1.614958457	0.122047023	0.147633012
0.365956432	1.623485208	0.123501961	0.148303846
0.367833132	1.632058575	0.124975636	0.148969695
0.369709832	1.640677334	0.126465199	0.149630655
0.371586531	1.649341467	0.127973548	0.150285959
0.373463231	1.658048156	0.12949986	0.150935729
0.37533993	1.666795471	0.131042381	0.151580122
0.37721663	1.675584858	0.132601254	0.152218834
0.37909333	1.684412232	0.134178558	0.152851154
0.380970029	1.693274237	0.13577368	0.153477166
0.382846729	1.702174432	0.137385404	0.154096248
0.384723429	1.711108401	0.139013548	0.154708358
0.386600128	1.720077419	0.140658766	0.155313442
0.388476828	1.729078932	0.142320123	0.155910958
0.390353528	1.738109295	0.143997144	0.156502244
0.392230227	1.747172072	0.145690586	0.157086043
0.394106927	1.756267721	0.147401203	0.157663798
0.395983627	1.765393207	0.149127253	0.158235586
0.397860326	1.774546735	0.15087036	0.15880098
0.399737026	1.783726673	0.152630088	0.159360263
0.401613726	1.792930099	0.154405656	0.15991262
0.403490425	1.802158367	0.156199626	0.160462242
0.405367125	1.811410754	0.15801865	0.16101182
0.407243825	1.820687142	0.159857186	0.161555183
0.409120524	1.829981816	0.161707833	0.162089222
0.410997224	1.839290975	0.163570438	0.162610306
0.412873924	1.848610169	0.165440942	0.163119197
0.414750623	1.857943846	0.167319336	0.163614954
0.416627323	1.867288314	0.169208992	0.164099871
0.418504022	1.87664542	0.171104827	0.164574768
0.420380722	1.886013728	0.173012916	0.165039858
0.422257422	1.895394703	0.174930733	0.1654973
0.424134121	1.904788604	0.176856223	0.16594585
0.426010821	1.914189685	0.178792491	0.166386451
0.427887521	1.923602404	0.180736157	0.166819418
0.42976422	1.933024074	0.182691334	0.167243638
0.43164092	1.942453148	0.184656222	0.167663023
0.43351762	1.951890093	0.186635024	0.168077719
0.435394319	1.961335592	0.188634791	0.168493624
0.437271019	1.970787391	0.190653227	0.168904485
0.439147719	1.980250478	0.192677972	0.169305459
0.441024418	1.989713469	0.194708413	0.16969577
0.442901118	1.999168804	0.196740141	0.170073079
0.444777818	2.008626428	0.198779535	0.170440192
0.446654517	2.018080534	0.200822266	0.17079973
0.448531217	2.027536581	0.202874361	0.171150944
0.450407917	2.036996028	0.204931482	0.171496839
0.452284616	2.046455739	0.206994235	0.17183717
0.454161316	2.055915981	0.209059897	0.172173207
0.456038016	2.065374171	0.211135665	0.172506819
0.457914715	2.074827563	0.213226802	0.172842809
0.459791415	2.084288577	0.215334864	0.173178649
0.461668114	2.093741581	0.217445455	0.17350534
0.463544814	2.103186465	0.219557562	0.173822004
0.465421514	2.112619332	0.221670146	0.174128391
0.467298213	2.122037147	0.223782596	0.174423478
0.469174913	2.131443093	0.225892478	0.174707361
0.471051613	2.140829693	0.22800221	0.174983817
0.472928312	2.150203612	0.230114716	0.175254041
0.474805012	2.159563887	0.232232834	0.175520655
0.476681712	2.168906318	0.234358021	0.175785715
0.478558411	2.178231278	0.236485133	0.17604379
0.480435111	2.187541086	0.238610776	0.176289268
0.482311811	2.196810544	0.240729015	0.17652225
0.48418851	2.206066331	0.24284843	0.176747661
0.48606521	2.215286521	0.244972425	0.176965041
0.48794191	2.224487844	0.247102476	0.177177302
0.489818609	2.233662654	0.249230856	0.177382567
0.491695309	2.242802479	0.251366501	0.177578339
0.493572009	2.251916403	0.253495781	0.177766101
0.495448708	2.260995989	0.25563394	0.177945071
0.497325408	2.270059237	0.257781331	0.178121421
0.499202108	2.279082481	0.259941953	0.178288302
0.501078807	2.28808067	0.262116635	0.178448821
0.502955507	2.297039904	0.26431075	0.178606231
0.504832207	2.305946321	0.266557325	0.178777408
0.506708906	2.314887199	0.269103171	0.179056291
0.508585606	2.324078282	0.272051069	0.179475236
0.510462305	2.333395141	0.275236931	0.179937309
0.512339005	2.342405817	0.278336021	0.180337964
0.514215705	2.350864288	0.281199186	0.18061209
0.516092404	2.359081444	0.283984759	0.18080629
0.517969104	2.366892946	0.286539846	0.180926068
0.519845804	2.374506958	0.28896976	0.181012086
0.521722503	2.382129308	0.291291654	0.181066492
0.523599203	2.389579593	0.293458165	0.181114434
0.525475903	2.397022493	0.295527945	0.181147439
0.527352602	2.404450372	0.297511806	0.18117071
0.529229302	2.411918057	0.299509546	0.18122083
0.531106002	2.419460926	0.301472062	0.181265715
0.532982701	2.426940634	0.303361807	0.181317718
0.534859401	2.434312664	0.305186522	0.181380249
0.536736101	2.441682097	0.306994076	0.181436214
0.5386128	2.449136917	0.308829788	0.181499277
0.5404895	2.456593495	0.310665912	0.181575656
0.5423662	2.464012298	0.312478981	0.181662002
0.544242899	2.47137457	0.314253837	0.181749323
0.546119599	2.478625445	0.315975021	0.181847315
0.547996299	2.485861192	0.317693497	0.181945427
0.549872998	2.493176456	0.319435231	0.18204537
0.551749698	2.500396422	0.321168126	0.182178727
0.553626397	2.507716046	0.322985177	0.182319459
0.555503097	2.514992676	0.324780544	0.182479285
0.557379797	2.522102487	0.326525573	0.182671265
0.559256496	2.529204314	0.328263739	0.18285127
0.561133196	2.536209578	0.329952055	0.183054804
0.563009896	2.543141094	0.331641192	0.183284247
0.564886595	2.55019969	0.333369881	0.183510239
0.566763295	2.557146541	0.335065878	0.183774008
0.568639995	2.564068846	0.336823106	0.184075436
0.570516694	2.571132966	0.338651841	0.184383212
0.572393394	2.577997698	0.340418636	0.184746366
0.574270094	2.584818063	0.342189659	0.18512131
0.576146793	2.591605544	0.343927217	0.185517035
0.578023493	2.598191359	0.345598458	0.185955894
0.579900193	2.604929991	0.347338388	0.186403765
0.581776892	2.611634987	0.349066186	0.186884467
0.583653592	2.61819123	0.350782933	0.187422687
0.585530292	2.624964898	0.352595753	0.187961902
0.587406991	2.631479572	0.354338929	0.188555042
0.589283691	2.638114393	0.356244461	0.189185552
0.591160391	2.644728865	0.358117753	0.189836275
0.59303709	2.650996942	0.359824422	0.190538938
0.59491379	2.65724102	0.361568626	0.191206963
0.596790489	2.663534049	0.363310631	0.191909336
0.598667189	2.669496281	0.364916878	0.19266474
0.600543889	2.675778009	0.366708146	0.193396431
0.602420588	2.681788319	0.368366601	0.194162227
0.604297288	2.687575536	0.369974095	0.194964037
0.606173988	2.693695365	0.371765227	0.195730504
0.608050687	2.699312452	0.373387318	0.196565593
0.609927387	2.705013553	0.37511604	0.19738437
0.611804087	2.710717056	0.376838151	0.198226022
0.613680786	2.715823883	0.378267955	0.199095691
0.615557486	2.721151972	0.379866901	0.199935019
0.617434186	2.726437018	0.381427502	0.200791692
0.619310885	2.731168366	0.382730367	0.201689302
0.621187585	2.736287877	0.384300683	0.202556526
0.623064285	2.741330159	0.385811774	0.203459416
0.624940984	2.745745449	0.387044853	0.204408251
0.626817684	2.750604624	0.388599241	0.205310679
0.628694384	2.755287861	0.39007244	0.206261355
0.630571083	2.759387595	0.391364987	0.207265799
0.632447783	2.76403844	0.393021375	0.208230404
0.634324483	2.768149785	0.394318697	0.209269909
0.636201182	2.771915505	0.395499614	0.2103279
0.638077882	2.776095066	0.397031026	0.211349482
0.639954581	2.780016429	0.398423608	0.212447696
0.641831281	2.783345282	0.399448727	0.213577642
0.643707981	2.787139476	0.400896384	0.214687608
0.64558468	2.791042506	0.402460052	0.215838273
0.64746138	2.794071356	0.403485528	0.217070112
0.64933808	2.79730815	0.404814294	0.218281365
0.651214779	2.800962237	0.406461423	0.219498905
0.653091479	2.803804216	0.407659258	0.220820856
0.654968179	2.806577373	0.408879165	0.222145556
0.656844878	2.809752076	0.41049375	0.223458899
0.658721578	2.812649545	0.411992453	0.224859458
0.660598278	2.814767317	0.413070941	0.226324557
0.662474977	2.817474514	0.41464776	0.227731845
0.664351677	2.820074279	0.416160963	0.229209547
0.666228377	2.821856462	0.41742576	0.230791538
0.668105076	2.82422009	0.419032795	0.232312583
0.669981776	2.826339943	0.420597941	0.233916783
0.671858476	2.827676801	0.421600268	0.235582545
0.673735175	2.829009122	0.422664384	0.237202248
0.675611875	2.831087236	0.424335364	0.238841174
0.677488575	2.83279553	0.425890691	0.24056541
0.679365274	2.833872746	0.427327799	0.242353193
0.681241974	2.835335498	0.429041136	0.244121571
0.683118673	2.836413788	0.430596224	0.245946235
0.684995373	2.836779745	0.431729684	0.247830751
0.686872073	2.837519989	0.433281612	0.249662476
0.688748772	2.83842855	0.435016763	0.251525964
0.690625472	2.838392118	0.436181386	0.253483903
0.692502172	2.838219964	0.437405618	0.255367438
0.694378871	2.838560971	0.439093968	0.257282557
0.696255571	2.838561284	0.440624288	0.259256978
0.698132271	2.837809652	0.441784358	0.261247502
0.70000897	2.837345299	0.443355255	0.263173823
0.70188567	2.836907455	0.445027187	0.265153837
0.70376237	2.83539106	0.445989663	0.267165599
0.705639069	2.834170995	0.447357397	0.269096449
0.707515769	2.833119583	0.449002203	0.271035392
0.709392469	2.831281985	0.450196215	0.273052851
0.711269168	2.829110758	0.451396049	0.274994128
0.713145868	2.827320463	0.45298926	0.276938158
0.715022568	2.82509313	0.454339577	0.278936704
0.716899267	2.821932661	0.455261665	0.280899769
0.718775967	2.819334509	0.456745426	0.282799965
0.720652667	2.816562783	0.458216128	0.284755985
0.722529366	2.812731761	0.459039285	0.286735439
0.724406066	2.809260766	0.460369436	0.288607145
0.726282765	2.805854779	0.461851693	0.290520788
0.728159465	2.801381153	0.462730209	0.292461997
0.730036165	2.796917506	0.463810932	0.294279563
0.731912864	2.792664435	0.465187797	0.29609632
0.733789564	2.787693427	0.466173537	0.297981354
0.735666264	2.782080782	0.466947126	0.299723836
0.737542963	2.777020876	0.468234267	0.301427235
0.739419663	2.771381408	0.469227392	0.303208963
0.741296363	2.764767332	0.469848655	0.304899874
0.743173062	2.758787833	0.471081901	0.306494179
0.745049762	2.75218629	0.471933429	0.308144215
0.746926462	2.744672057	0.472192655	0.309715742
0.748803161	2.737275203	0.472612727	0.31112723
0.750679861	2.730250202	0.473604701	0.312488627
0.752556561	2.722336676	0.474231791	0.31388106
0.75443326	2.713801953	0.474694323	0.315167924
0.75630996	2.705551273	0.475511174	0.316336458
0.75818666	2.696400151	0.475815476	0.317482877
0.760063359	2.686337481	0.47558183	0.318491241
0.761940059	2.676447185	0.475519517	0.319315242
0.763816759	2.66672887	0.475863268	0.320036196
0.765693458	2.655917938	0.475718685	0.320749319
0.767570158	2.644593836	0.47543567	0.321268393
0.769446857	2.633440861	0.475486462	0.321654182
0.771323557	2.621307404	0.474977627	0.321981295
0.773200257	2.608249551	0.473998112	0.322112409
0.775076956	2.595374211	0.473194931	0.32205259
0.776953656	2.582434927	0.472649314	0.321836963
0.778830356	2.568137118	0.471460042	0.321544212
0.780707055	2.55367679	0.470363302	0.321040269
0.782583755	2.539134013	0.469463465	0.320388217
0.784460455	2.5235628	0.468005227	0.31967203
0.786337154	2.507101999	0.466178616	0.318741473
0.788213854	2.490808849	0.464554179	0.317597481
0.790090554	2.474345297	0.463115365	0.316363043
0.791967253	2.456581064	0.460970752	0.315066063
0.793843953	2.438791031	0.459094636	0.313590021
0.795720653	2.421036698	0.457435252	0.312095741
0.797597352	2.40262852	0.455590418	0.310618689
0.799474052	2.383676663	0.453633521	0.309104237
0.801350752	2.365221226	0.452215825	0.307605597
0.803227451	2.34651691	0.450761086	0.306220552
0.805104151	2.326982492	0.449011	0.304950338
0.806980851	2.308373739	0.448081874	0.303786725
0.80885755	2.28986874	0.447372962	0.302858407
0.81073425	2.271066366	0.44651276	0.302240301
0.812610949	2.252936626	0.44641244	0.301777595
0.814487649	2.235533446	0.446862352	0.301656123
0.816364349	2.217784763	0.44717442	0.301897277
0.818241048	2.200712283	0.447994601	0.302330001
0.820117748	2.184536102	0.449521178	0.303083938
0.821994448	2.168181735	0.45098522	0.304171395
0.823871147	2.152279977	0.45276117	0.305508845
0.825747847	2.137300412	0.455119688	0.307035406
0.827624547	2.122647767	0.457700483	0.308858486
0.829501246	2.107450066	0.459965152	0.310807837
0.831377946	2.093301923	0.462855508	0.312847795
0.833254646	2.079642626	0.465987039	0.315013766
0.835131345	2.06552128	0.468682438	0.31732203
0.837008045	2.051535877	0.471554222	0.319486095
0.838884745	2.038199076	0.474730551	0.321588075
0.840761444	2.024129211	0.477414271	0.323710061
0.842638144	2.010180323	0.479986964	0.325679864
0.844514844	1.996631869	0.482747425	0.327405385
0.846391543	1.982575706	0.48520826	0.329040557
0.848268243	1.968093087	0.487118916	0.330492663
0.850144943	1.953729607	0.489113021	0.331599315
0.852021642	1.939565124	0.491106786	0.332516474
0.853898342	1.924438172	0.49238317	0.333272298
0.855775042	1.909002788	0.493434114	0.333623671
0.857651741	1.894105584	0.494718028	0.333725511
0.859528441	1.8784036	0.495398673	0.333632812
0.86140514	1.862272684	0.495573918	0.333227386
0.86328184	1.84652439	0.496031984	0.332506654
0.86515854	1.830065683	0.49591166	0.331567638
0.867035239	1.813242068	0.495345766	0.330392169
0.868911939	1.796403493	0.494746762	0.328840741
0.870788639	1.779676335	0.494091472	0.327150771
0.872665338	1.762160647	0.492778533	0.325228458
0.874542038	1.744984359	0.491617822	0.323083676
0.876418738	1.727564638	0.490176985	0.320689377
0.878295437	1.709704993	0.488295241	0.318141675
0.880172137	1.691814772	0.486346471	0.315333778
0.882048837	1.673898745	0.484215193	0.312305096
0.883925536	1.655419643	0.481617025	0.309179709
0.885802236	1.637236399	0.479078401	0.30583346
0.887678936	1.619138987	0.476404085	0.302304749
0.889555635	1.600254216	0.473184879	0.298648816
0.891432335	1.581690359	0.470021712	0.294807757
0.893309035	1.563290232	0.46679714	0.290808659
0.895185734	1.544334656	0.463129889	0.286792058
0.897062434	1.525542722	0.459438717	0.28256725
0.898939134	1.507111466	0.455806822	0.278227528
0.900815833	1.488009786	0.451653731	0.273868262
0.902692533	1.468972203	0.447403915	0.269349065
0.904569232	1.450513908	0.443389887	0.264740492
0.906445932	1.431722151	0.439055685	0.260114892
0.908322632	1.412837616	0.434599565	0.255394859
0.910199331	1.394282018	0.430203764	0.250556042
0.912076031	1.375306274	0.425475586	0.24568131
0.913952731	1.356451315	0.42072274	0.240744244
0.91582943	1.337938032	0.416025522	0.235761268
0.91770613	1.319011831	0.41101619	0.230783732
0.91958283	1.300533856	0.406097447	0.225774093
0.921459529	1.282310595	0.401215427	0.220760316
0.923336229	1.263906904	0.39614451	0.215790854
0.925212929	1.245852963	0.391124812	0.21081175
0.927089628	1.228138683	0.386160732	0.205834532
0.928966328	1.210219641	0.381025865	0.200943316
0.930843028	1.192743752	0.376005745	0.196017134
0.932719727	1.175587903	0.371004307	0.191161513
0.934596427	1.158260061	0.365807896	0.186381552
0.936473127	1.141422694	0.360757034	0.181588499
0.938349826	1.124965626	0.355818624	0.176877662
0.940226526	1.108453401	0.350766693	0.172280235
0.942103226	1.092415644	0.345879663	0.167737078
0.943979925	1.076642452	0.341019554	0.16328984
0.945856625	1.060941856	0.336149921	0.158968231
0.947733324	1.045703051	0.331375867	0.154710392
0.949610024	1.03077405	0.326692635	0.150581343
0.951486724	1.016014717	0.322032829	0.146593685
0.953363423	1.001716022	0.317470882	0.142712859
0.955240123	0.987812207	0.313027082	0.138977253
0.957116823	0.974207638	0.308664672	0.135404141
0.958993522	0.961149096	0.304485503	0.131999465
0.960870222	0.948511316	0.300437918	0.128745706
0.962746922	0.936279817	0.296532468	0.125690787
0.964623621	0.924518038	0.292776547	0.122809431
0.966500321	0.913157898	0.289125442	0.120102482
0.968377021	0.902199256	0.285575368	0.117583566
0.97025372	0.89172858	0.282179716	0.11525018
0.97213042	0.881824493	0.278965467	0.113110954
0.97400712	0.872341422	0.275883226	0.111173522
0.975883819	0.863407215	0.272983002	0.109468664
0.977760519	0.854894866	0.270190733	0.10794472
0.979637219	0.846808858	0.267515427	0.106619658
0.981513918	0.839128886	0.264950289	0.105478877
0.983390618	0.832008284	0.262532204	0.104571744
0.985267318	0.825401224	0.260268452	0.10388871
0.987144017	0.819313698	0.258146668	0.10340175
0.989020717	0.813830847	0.25622685	0.103177739
0.990897416	0.808878575	0.254460554	0.103176967
0.992774116	0.804423751	0.252843234	0.103417525
0.994650816	0.800520259	0.251386534	0.103897211
0.996527515	0.797132289	0.250092308	0.104619919
0.998404215	0.794320605	0.248945441	0.105571342
1.000280915	0.792051196	0.247955954	0.106735537
1.002157614	0.790367438	0.247145011	0.108129992
1.004034314	0.789210678	0.246500032	0.109769032
1.005911014	0.788464816	0.245938227	0.111579163
1.007787713	0.788183617	0.245487999	0.113582123
1.009664413	0.78823743	0.245115948	0.115749633
1.011541113	0.788766095	0.244841172	0.118105691
1.013417812	0.789670844	0.244635836	0.120600268
1.015294512	0.790939583	0.244499995	0.12319736
1.017171212	0.7925068	0.244409123	0.125891113
1.019047911	0.794342725	0.244342752	0.128646261
1.020924611	0.796322256	0.244299852	0.131478765
1.022801311	0.798492625	0.244279503	0.134347546
1.02467801	0.800735833	0.24423888	0.137219846
1.02655471	0.803038484	0.244181005	0.140099744
1.02843141	0.805260656	0.244034247	0.142904208
1.030308109	0.807463713	0.243825586	0.145652739
1.032184809	0.809565633	0.243537886	0.148309699
1.034061508	0.811418124	0.243113215	0.150823306
1.035938208	0.813111006	0.242573436	0.153225711
1.037814908	0.81446198	0.241848449	0.155441472
1.039691607	0.81553947	0.241006293	0.157475864
1.041568307	0.816339371	0.240026548	0.159317277
1.043445007	0.816793873	0.238897969	0.160978605
1.045321706	0.816878385	0.237624374	0.162453174
1.047198406	0.816559034	0.236211682	0.163728898
1.049075106	0.815821586	0.234679843	0.164806079
1.050951805	0.814663937	0.233033553	0.165673976
1.052828505	0.813040938	0.231255212	0.166331687
1.054705205	0.8108859	0.229326792	0.166768153
1.056581904	0.808171538	0.227214186	0.166943794
1.058458604	0.804872099	0.224923876	0.166869255
1.060335304	0.800901147	0.222422011	0.166500908
1.062212003	0.796407936	0.219784261	0.16589434
1.064088703	0.791369311	0.216991618	0.165030885
1.065965403	0.785804097	0.214056287	0.163939775
1.067842102	0.779618924	0.210948522	0.16258591
1.069718802	0.772853069	0.207706468	0.160977807
1.071595502	0.765551287	0.204335123	0.159166859
1.073472201	0.757603602	0.200821185	0.15710701
1.075348901	0.749300678	0.197254926	0.154888861
1.0772256	0.740456977	0.193602764	0.152475807
1.0791023	0.731122283	0.189858908	0.149862912
1.080979	0.72124496	0.186025921	0.147027159
1.082855699	0.710861791	0.182133954	0.143992133
1.084732399	0.699843836	0.178131295	0.140700778
1.086609099	0.688271321	0.174037938	0.137180031
1.088485798	0.676154681	0.169856117	0.133452556
1.090362498	0.66356771	0.165616761	0.129529254
1.092239198	0.650607655	0.161344939	0.125460916
1.094115897	0.63740673	0.157080241	0.121313612
1.095992597	0.62406078	0.152847357	0.11710043
1.097869297	0.610660831	0.148689059	0.112878622
1.099745996	0.597305438	0.144619235	0.108676567
1.101622696	0.584105674	0.140669436	0.104536475
1.103499396	0.571056361	0.136845246	0.100467511
1.105376095	0.558167084	0.133147161	0.096450804
1.107252795	0.545499135	0.129589074	0.092502432
1.109129495	0.53303902	0.126155922	0.08863522
1.111006194	0.521045732	0.122901787	0.084929459
1.112882894	0.509563493	0.119840418	0.081380181
1.114759594	0.498338404	0.116909858	0.077941146
1.116636293	0.487845456	0.114210476	0.074767419
1.118512993	0.478085746	0.111743652	0.071832371
1.120389692	0.469048828	0.109484385	0.069159366
1.122266392	0.460898269	0.107481346	0.066798541
1.124143092	0.453594643	0.10569101	0.064782109
1.126019791	0.447031833	0.104088912	0.063013138
1.127896491	0.441346462	0.10269035	0.061537313
1.129773191	0.436549748	0.101485592	0.060305623
1.13164989	0.432291346	0.100364539	0.059261518
1.13352659	0.42885489	0.099391667	0.05842449
1.13540329	0.426139429	0.098526624	0.05778245
1.137279989	0.424077178	0.097744351	0.05729677
1.139156689	0.422610569	0.097026692	0.056937792
1.141033389	0.421721133	0.096365846	0.056696576
1.142910088	0.421414144	0.095755872	0.056568291
1.144786788	0.421659546	0.095193476	0.056526398
1.146663488	0.422378728	0.094651739	0.056552008
1.148540187	0.42349279	0.094102019	0.056663215
1.150416887	0.425118644	0.093590964	0.056869994
1.152293587	0.427261044	0.093121369	0.057177573
1.154170286	0.429923926	0.092688089	0.057595577
1.156046986	0.433015997	0.092275802	0.058104328
1.157923686	0.436544771	0.091887668	0.058707562
1.159800385	0.440429937	0.091502587	0.059367671
1.161677085	0.444672519	0.091122976	0.06008493
1.163553785	0.449173789	0.090736164	0.060831803
1.165430484	0.453914901	0.090344865	0.061603508
1.167307184	0.458861803	0.089936499	0.062382475
1.169183883	0.464007826	0.089518489	0.063172314
1.171060583	0.469294744	0.089083112	0.063947119
1.172937283	0.474692482	0.088630485	0.064711947
1.174813982	0.480212258	0.088170625	0.06546879
1.176690682	0.48582348	0.087703518	0.066209634
1.178567382	0.491559258	0.087238577	0.066941186
1.180444081	0.497378653	0.086764174	0.067665883
1.182320781	0.5033023	0.08628473	0.068403913
1.184197481	0.509376882	0.085827189	0.069155798
1.18607418	0.515554437	0.085385643	0.069931348
1.18795088	0.521907167	0.084975368	0.07075091
1.18982758	0.528436703	0.084604913	0.071620272
1.191704279	0.535149071	0.084265569	0.072547406
1.193580979	0.541990918	0.08394473	0.073512674
1.195457679	0.549018491	0.083664593	0.074544633
1.197334378	0.55621276	0.083423077	0.075624579
1.199211078	0.563510571	0.083221326	0.076756736
1.201087778	0.570952344	0.083051242	0.077926762
1.202964477	0.57845657	0.082893051	0.079119927
1.204841177	0.586016261	0.082747464	0.080333668
1.206717877	0.593602325	0.082621745	0.081572349
1.208594576	0.601292462	0.082528442	0.082832131
1.210471276	0.608995614	0.082445433	0.08409844
1.212347975	0.616694695	0.08236687	0.085353205
1.214224675	0.624231144	0.08226967	0.086555289
1.216101375	0.631700413	0.082171623	0.087720396
1.217978074	0.639018296	0.082050389	0.088823524
1.219854774	0.646106834	0.08189497	0.089843591
1.221731474	0.653019247	0.081717333	0.090786032
1.223608173	0.659781494	0.081522655	0.091646416
1.225484873	0.666209848	0.081284044	0.092392836
1.227361573	0.67240923	0.081017018	0.093037468
1.229238272	0.678374259	0.080723808	0.093573523
1.231114972	0.684029224	0.080397941	0.093995836
1.232991672	0.689351417	0.080026965	0.09429099
1.234868371	0.694315049	0.079608171	0.094453019
1.236745071	0.698934837	0.079137535	0.094481715
1.238621771	0.703248929	0.078619765	0.094391269
1.24049847	0.70730723	0.078066149	0.094198065
1.24237517	0.711137104	0.07749437	0.093912649
1.24425187	0.714768835	0.076896095	0.093542681
1.246128569	0.718205748	0.076269604	0.093093364
1.248005269	0.721489725	0.075638032	0.092584628
1.249881969	0.724628553	0.074987362	0.092016286
1.251758668	0.727626187	0.074317547	0.09139705
1.253635368	0.730545013	0.073642056	0.090752534
1.255512067	0.733435988	0.072979108	0.090103355
1.257388767	0.736350208	0.072323739	0.089458531
1.259265467	0.739317581	0.071678144	0.088839382
1.261142166	0.742416142	0.071067857	0.088267032
1.263018866	0.745682965	0.070503123	0.087756057
1.264895566	0.749124062	0.069973429	0.08730467
1.266772265	0.752725626	0.0694684	0.086908598
1.268648965	0.756508845	0.069009436	0.08657459
1.270525665	0.760471081	0.068597804	0.08630167
1.272402364	0.764604138	0.068228063	0.086087972
1.274279064	0.768930075	0.067887671	0.085943263
1.276155764	0.773490598	0.067590931	0.085867952
1.278032463	0.778298602	0.067353952	0.085870964
1.279909163	0.783339396	0.06716074	0.085956267
1.281785863	0.788610434	0.067015479	0.086120821
1.283662562	0.79410495	0.066935418	0.086368794
1.285539262	0.799820844	0.066925714	0.086701094
1.287415962	0.805762154	0.066986007	0.087105999
1.289292661	0.811907538	0.067100279	0.0875678
1.291169361	0.818197328	0.067248387	0.088066725
1.293046061	0.82459742	0.067422021	0.088591233
1.29492276	0.831127131	0.067620673	0.089144702
1.29679946	0.837825678	0.06785677	0.089740544
1.298676159	0.844688742	0.068140211	0.090377163
1.300552859	0.851696855	0.068460986	0.091048781
1.302429559	0.858845909	0.068816045	0.091750353
1.304306258	0.866117796	0.069202027	0.092480514
1.306182958	0.873481088	0.069602102	0.093226919
1.308059658	0.880971229	0.070029785	0.094004112
1.309936357	0.888606996	0.070504958	0.094817699
1.311813057	0.896342778	0.071005799	0.095650555
1.313689757	0.904155509	0.071528306	0.096496543
1.315566456	0.912035568	0.07207729	0.097351634
1.317443156	0.919947317	0.072639594	0.098201451
1.319319856	0.927876882	0.073207466	0.099038422
1.321196555	0.9358367	0.073785843	0.099866782
1.323073255	0.943847219	0.074380747	0.100685131
1.324949955	0.951920083	0.074985891	0.101495869
1.326826654	0.960031	0.075600126	0.102289957
1.328703354	0.968132221	0.076221042	0.103048968
1.330580054	0.976182141	0.076836543	0.103758589
1.332456753	0.984110203	0.077422789	0.104396083
1.334333453	0.991952436	0.077997158	0.104978229
1.336210153	0.999758273	0.078569801	0.105513371
1.338086852	1.007558588	0.07914594	0.106014266
1.339963552	1.01538103	0.079731246	0.106491227
1.341840251	1.023219671	0.080316363	0.106937016
1.343716951	1.031035109	0.080900279	0.107348844
1.345593651	1.038832627	0.081476324	0.107729196
1.34747035	1.04661543	0.082060816	0.108086812
1.34934705	1.054416744	0.082657012	0.108432059
1.35122375	1.062253701	0.083266137	0.108775653
1.353100449	1.070167069	0.083898077	0.109131815
1.354977149	1.078172801	0.084574659	0.109513221
1.356853849	1.086266821	0.085276314	0.109924729
1.358730548	1.094454592	0.086050729	0.110404308
1.360607248	1.102805373	0.086899007	0.110951881
1.362483948	1.111306438	0.087801202	0.11155243
1.364360647	1.119957435	0.088749429	0.112196226
1.366237347	1.12875861	0.089741836	0.112884658
1.368114047	1.137680607	0.09076837	0.113602842
1.369990746	1.146663719	0.091813203	0.114335622
1.371867446	1.155718026	0.09287906	0.115085451
1.373744146	1.164861366	0.0939773	0.115860418
1.375620845	1.174115444	0.09511551	0.116664786
1.377497545	1.183514517	0.096291841	0.117499455
1.379374245	1.193055309	0.097501415	0.118360554
1.381250944	1.20269572	0.098737783	0.119228862
1.383127644	1.212380659	0.09999026	0.120083774
1.385004343	1.222056074	0.101253023	0.120910792
1.386881043	1.231668789	0.102509066	0.121688139
1.388757743	1.241187415	0.103740246	0.122405047
1.390634442	1.250592491	0.104946271	0.1230574
1.392511142	1.259893446	0.106132409	0.123640787
1.394387842	1.2690976	0.107303694	0.124153757
1.396264541	1.278225336	0.10846673	0.124603418
1.398141241	1.287287809	0.109616368	0.124994957
1.400017941	1.29629306	0.110754343	0.125326757
1.40189464	1.305233388	0.111878883	0.12559622
1.40377134	1.314093945	0.1129923	0.125806251
1.40564804	1.322897285	0.114094682	0.125968121
1.407524739	1.331643116	0.115190018	0.12608004
1.409401439	1.340344093	0.116287599	0.126139268
1.411278139	1.349015304	0.117383004	0.12616676
1.413154838	1.357677297	0.118486402	0.126170193
1.415031538	1.366377553	0.119613543	0.126177437
1.416908238	1.375156864	0.120774966	0.126207743
1.418784937	1.38405301	0.121987358	0.126281787
1.420661637	1.39308427	0.123250965	0.126410518
1.422538337	1.402263108	0.124572039	0.126602407
1.424415036	1.411622521	0.125957899	0.126873757
1.426291736	1.421205408	0.127438439	0.127247507
1.428168435	1.431046743	0.129015786	0.127727273
1.430045135	1.441146626	0.130689557	0.128311532
1.431921835	1.451490984	0.132446644	0.128996838
1.433798534	1.462056986	0.134281547	0.129775363
1.435675234	1.472822331	0.136187076	0.130638821
1.437551934	1.483768963	0.138156924	0.131579808
1.439428633	1.49488079	0.140189464	0.132589589
1.441305333	1.506127603	0.142275638	0.133655581
1.443182033	1.517478288	0.14440193	0.134760803
1.445058732	1.528894342	0.146561201	0.135893014
1.446935432	1.540355881	0.148743895	0.137038615
1.448812132	1.55184952	0.150949109	0.138187444
1.450688831	1.563341996	0.153160356	0.139322048
1.452565531	1.574810111	0.155371754	0.140435492
1.454442231	1.586241951	0.157581991	0.141515994
1.45631893	1.5975933	0.159775853	0.142548435
1.45819563	1.608844995	0.161949695	0.143525703
1.46007233	1.619981187	0.164092742	0.14443939
1.461949029	1.630981124	0.166208184	0.145286525
1.463825729	1.641846506	0.168286085	0.146065037
1.465702429	1.652566094	0.17032701	0.146772495
1.467579128	1.663139749	0.172327537	0.147410907
1.469455828	1.673569347	0.174291818	0.147977598
1.471332528	1.683848978	0.176221161	0.148476656
1.473209227	1.69398211	0.178112897	0.148914044
1.475085927	1.70399173	0.179993667	0.149308832
1.476962626	1.713907992	0.181860381	0.149660332
1.478839326	1.723726102	0.183700826	0.149963043
1.480716026	1.733452071	0.185502525	0.150226605
1.482592725	1.743112784	0.187282373	0.150460933
1.484469425	1.752744042	0.189054234	0.1506731
1.486346125	1.762362411	0.190832072	0.150875161
1.488222824	1.771983031	0.192623764	0.151077155
1.490099524	1.78160488	0.194424755	0.151286551
1.491976224	1.791237844	0.196262038	0.151508572
1.493852923	1.800894884	0.198126355	0.151762685
1.495729623	1.810580709	0.200011236	0.152028194
1.497606323	1.820291073	0.201908273	0.152309238
1.499483022	1.830027932	0.203821048	0.152604079
1.501359722	1.83978541	0.205750228	0.152915974
1.503236422	1.849573911	0.207700466	0.153246016
1.505113121	1.859385127	0.209674805	0.153595992
1.506989821	1.869215682	0.211687329	0.15396888
1.508866521	1.879070106	0.21373698	0.154364864
1.51074322	1.888936719	0.215803278	0.154767689
1.51261992	1.898793148	0.217870718	0.155168476
1.51449662	1.908612112	0.21992896	0.155558691
1.516373319	1.918381262	0.221982091	0.155935509
1.518250019	1.928111171	0.224050737	0.156310675
1.520126718	1.937808356	0.226132925	0.156681987
1.522003418	1.947464999	0.228209814	0.157034559
1.523880118	1.95706973	0.23027644	0.157367385
1.525756817	1.966597856	0.23233748	0.157683796
1.527633517	1.976083017	0.234407092	0.157984678
1.529510217	1.985499206	0.236465665	0.158263234
1.531386916	1.994850086	0.23852458	0.158528442
1.533263616	2.004161547	0.240595724	0.158785225
1.535140316	2.013436647	0.242682499	0.159035838
1.537017015	2.022671373	0.244804379	0.159295728
1.538893715	2.031847891	0.24712338	0.159637717
1.540770415	2.041242707	0.249906304	0.160172202
1.542647114	2.050920782	0.25308151	0.160832144
1.544523814	2.060343995	0.256123675	0.161456758
1.546400514	2.069309185	0.2589251	0.161984828
1.548277213	2.077805998	0.261548875	0.162439593
1.550153913	2.086084406	0.264045105	0.162845024
1.552030613	2.094166316	0.266447751	0.163252689
1.553907312	2.102244639	0.268793733	0.163659011
1.555784012	2.110269971	0.271074726	0.164086562
1.557660712	2.118288064	0.273293262	0.164527922
1.559537411	2.126291011	0.275450755	0.16497198
1.561414111	2.134271508	0.277627938	0.165467424
1.56329081	2.142379764	0.279798242	0.165976867
1.56516751	2.150433973	0.281933621	0.166519275
1.56704421	2.158420165	0.284039446	0.167074674
1.568920909	2.166423541	0.286135612	0.1676364
1.570797609	2.174378735	0.288224304	0.168227354
1.572674309	2.182401343	0.290363079	0.168833891
1.574551008	2.190450936	0.29252859	0.169458861
1.576427708	2.198372746	0.294666535	0.170100901
1.578304408	2.206275169	0.296798221	0.17074624
1.580181107	2.214014993	0.298890324	0.171414813
1.582057807	2.221763065	0.3010092	0.172085735
1.583934507	2.229531802	0.303146671	0.172769136
1.585811206	2.237169003	0.305289478	0.173490918
1.587687906	2.244884123	0.307501763	0.17422519
1.589564606	2.252438697	0.309696204	0.174989935
1.591441305	2.259962495	0.311896212	0.17576151
1.593318005	2.267349167	0.314058201	0.176557879
1.595194705	2.27459436	0.31622547	0.177379544
1.597071404	2.28194082	0.318437974	0.178202831
1.598948104	2.289108035	0.320617934	0.179075606
1.600824804	2.296322543	0.322870679	0.179972679
1.602701503	2.303464228	0.325104458	0.180901188
1.604578203	2.310513639	0.327459332	0.181878916
1.606454902	2.317632893	0.329825173	0.182887002
1.608331602	2.32445988	0.332124563	0.183955256
1.610208302	2.331402835	0.334526415	0.185042812
1.612085001	2.338095591	0.336818821	0.18619734
1.613961701	2.344809702	0.339222853	0.187380214
1.615838401	2.351633408	0.341689131	0.188614172
1.6177151	2.358125953	0.344079524	0.189936473
1.6195918	2.364968137	0.346700459	0.191269376
1.6214685	2.371400501	0.349165246	0.19270516
1.623345199	2.378018101	0.351888208	0.194187144
1.625221899	2.384615189	0.354575492	0.195731236
1.627098599	2.390741664	0.357127536	0.197373938
1.628975298	2.397320041	0.359973913	0.199025476
1.630851998	2.40334705	0.362573641	0.200762096
1.632728698	2.409577965	0.365365991	0.202583869
1.634605397	2.416085659	0.368313044	0.20441876
1.636482097	2.42174783	0.370925099	0.20635829
1.638358797	2.427987317	0.373923804	0.208324812
1.640235496	2.434178781	0.376906172	0.210339818
1.642112196	2.439738759	0.379733279	0.212509251
1.643988896	2.445736516	0.382900017	0.214576217
1.645865595	2.451322219	0.385792876	0.216795786
1.647742295	2.456723446	0.388773075	0.21907134
1.649618994	2.462445841	0.392008209	0.221300057
1.651495694	2.467587178	0.394857194	0.22365892
1.653372394	2.472600835	0.397830481	0.22604571
1.655249093	2.477738956	0.400971157	0.228316673
1.657125793	2.482402782	0.403758325	0.230707093
1.659002493	2.486921682	0.406646584	0.23312844
1.660879192	2.491764981	0.40983198	0.235472203
1.662755892	2.495906024	0.412590357	0.237913664
1.664632592	2.499816204	0.415425834	0.240351191
1.666509291	2.504020384	0.418514285	0.242689311
1.668385991	2.507587259	0.421176135	0.245085699
1.670262691	2.510700902	0.423919108	0.247471762
1.67213939	2.51429995	0.426896077	0.249782228
1.67401609	2.517087622	0.429442157	0.252103696
1.67589279	2.519447657	0.432081304	0.254415233
1.677769489	2.522174354	0.434903163	0.256660101
1.679646189	2.523841803	0.43708989	0.258875639
1.681522889	2.525483186	0.43952035	0.261011544
1.683399588	2.527292642	0.442166249	0.263101975
1.685276288	2.527967457	0.444045935	0.26516663
1.687152988	2.52843775	0.446007425	0.267133328
1.689029687	2.529162001	0.448232306	0.269030378
1.690906387	2.528979134	0.449815632	0.270881076
1.692783086	2.528527952	0.451490927	0.272650772
1.694659786	2.528256418	0.45338782	0.274308922
1.696536486	2.527208499	0.454752004	0.275953519
1.698413185	2.525646204	0.456092617	0.277516488
1.700289885	2.524319686	0.457610784	0.278921931
1.702166585	2.522351477	0.458783789	0.280308434
1.704043284	2.519538382	0.459674739	0.281605637
1.705919984	2.517173286	0.460968249	0.282780531
1.707796684	2.514182487	0.461856867	0.283919554
1.709673383	2.510382569	0.462413493	0.284959422
1.711550083	2.50691965	0.463448374	0.285895079
1.713426783	2.502797684	0.464114675	0.286835313
1.715303482	2.498083948	0.464321244	0.28764821
1.717180182	2.493464256	0.465029872	0.288337947
1.719056882	2.488484098	0.465573415	0.28902247
1.720933581	2.482626217	0.465738189	0.289666869
1.722810281	2.477132881	0.466198502	0.290173843
1.724686981	2.471301083	0.466596141	0.290652028
1.72656368	2.464201213	0.466328069	0.291108919
1.72844038	2.457405181	0.46640544	0.291382881
1.73031708	2.45086694	0.466706327	0.291683631
1.732193779	2.442960716	0.466204533	0.291943401
1.734070479	2.435039107	0.46591375	0.292041305
1.735947178	2.4275711	0.466112698	0.292085748
1.737823878	2.419023014	0.46569717	0.292191514
1.739700578	2.410315268	0.465242452	0.292188187
1.741577277	2.401871819	0.465220664	0.29202277
1.743453977	2.392791539	0.465028527	0.291985198
1.745330677	2.383198229	0.464467773	0.291835516
1.747207376	2.373967381	0.464429553	0.291571627
1.749084076	2.364390143	0.464330914	0.291336707
1.750960776	2.353807369	0.463772741	0.291074624
1.752837475	2.343712223	0.463705982	0.290664911
1.754714175	2.333532853	0.463698181	0.290266215
1.756590875	2.322007968	0.463090318	0.289894388
1.758467574	2.310968356	0.462915953	0.289349289
1.760344274	2.300005889	0.462912165	0.288821058
1.762220974	2.287931756	0.462271176	0.288307403
1.764097673	2.27612324	0.46208466	0.28768034
1.765974373	2.264507183	0.462114397	0.287033198
1.767851073	2.251904628	0.46150822	0.286400521
1.769727772	2.239532049	0.46136131	0.285738662
1.771604472	2.227473506	0.461511526	0.285035007
1.773481172	2.214562205	0.461129169	0.284407631
1.775357871	2.201726408	0.461057947	0.28372207
1.777234571	2.189261051	0.461346679	0.282988961
1.77911127	2.176072967	0.461189668	0.282379104
1.78098797	2.16299577	0.461298918	0.281750848
1.78286467	2.150426217	0.461843438	0.281084692
1.784741369	2.137045789	0.461974708	0.280542272
1.786618069	2.123796887	0.462232699	0.279979394
1.788494769	2.111143512	0.463024915	0.279400363
1.790371468	2.097656959	0.463459968	0.278952317
1.792248168	2.084435748	0.463931739	0.278486184
1.794124868	2.071755314	0.464952363	0.277996636
1.796001567	2.058322003	0.465586357	0.277615389
1.797878267	2.045002074	0.466326204	0.277252489
1.799754967	2.032274132	0.467492252	0.276818183
1.801631666	2.018848165	0.46833402	0.276490454
1.803508366	2.005408294	0.469189675	0.276163173
1.805385066	1.992722559	0.470533428	0.275808579
1.807261765	1.979287649	0.471522023	0.275509822
1.809138465	1.965830861	0.472514976	0.275235249
1.811015165	1.953007258	0.473897921	0.274868109
1.812891864	1.939655382	0.47503992	0.274622599
1.814768564	1.926085904	0.476057636	0.274322859
1.816645264	1.913221293	0.477493767	0.273959007
1.818521963	1.899922065	0.478725975	0.27371872
1.820398663	1.886084352	0.479653913	0.273342029
1.822275363	1.873349309	0.481176978	0.272998799
1.824152062	1.859955073	0.482394033	0.272718239
1.826028762	1.846185692	0.483372468	0.272332275
1.827905461	1.833355874	0.484861504	0.271953551
1.829782161	1.819887202	0.486094318	0.271642784
1.831658861	1.806255827	0.487030827	0.271225133
1.83353556	1.793355971	0.488484855	0.270797622
1.83541226	1.779801482	0.489589324	0.270400009
1.83728896	1.766201712	0.490503419	0.269945772
1.839165659	1.753325918	0.491903679	0.269465307
1.841042359	1.739896087	0.492915157	0.269018944
1.842919059	1.726185087	0.493749708	0.268496795
1.844795758	1.713318084	0.495059886	0.267940069
1.846672458	1.699809394	0.495901555	0.267396848
1.848549158	1.686225584	0.496672281	0.266813163
1.850425857	1.673020673	0.497661751	0.266087521
1.852302557	1.65967942	0.498466988	0.265481192
1.854179257	1.646038656	0.499063529	0.264785803
1.856055956	1.632977785	0.499953117	0.263991088
1.857932656	1.619485453	0.500447539	0.263231502
1.859809356	1.605798184	0.500859107	0.262381475
1.861686055	1.592730852	0.50153305	0.261480991
1.863562755	1.579129133	0.501805838	0.26057978
1.865439455	1.565564931	0.502071239	0.259595206
1.867316154	1.552284691	0.502465721	0.258609988
1.869192854	1.538510822	0.502435044	0.25755417
1.871069553	1.52516377	0.502518695	0.256387438
1.872946253	1.511679547	0.502472197	0.255240516
1.874822953	1.497778822	0.502133128	0.254020905
1.876699652	1.484445081	0.501958273	0.252725807
1.878576352	1.47055153	0.501402957	0.251410575
1.880453052	1.456937984	0.500830967	0.250009818
1.882329751	1.443453109	0.500302202	0.248571418
1.884206451	1.429600057	0.499428225	0.247080618
1.886083151	1.416026637	0.498560827	0.245499562
1.88795985	1.402357795	0.497576435	0.243892234
1.88983655	1.388400414	0.496302374	0.242227212
1.89171325	1.374891886	0.495140454	0.240483486
1.893589949	1.360891097	0.493696099	0.238718674
1.895466649	1.347143207	0.492189952	0.236900658
1.897343349	1.333452812	0.490629861	0.235023689
1.899220048	1.319376849	0.488752726	0.233119835
1.901096748	1.305731115	0.486951155	0.231139981
1.902973448	1.291808801	0.484938478	0.229143617
1.904850147	1.277826187	0.482795128	0.227113767
1.906726847	1.264179313	0.480688994	0.225045614
1.908603547	1.24993468	0.478218137	0.222892473
1.910480246	1.236151165	0.475801103	0.220729387
1.912356946	1.222351708	0.473314583	0.21855611
1.914233645	1.208347235	0.47063001	0.216353446
1.916110345	1.194710524	0.46799937	0.214113159
1.917987045	1.18079126	0.465173995	0.211872335
1.919863744	1.167060687	0.462255848	0.209577735
1.921740444	1.153361235	0.459294813	0.207257156
1.923617144	1.139477525	0.456131234	0.204923592
1.925493843	1.125939936	0.45298918	0.202551152
1.927370543	1.112181886	0.449662329	0.200157711
1.929247243	1.098520618	0.446232284	0.197755451
1.931123942	1.085021802	0.442796666	0.19530957
1.933000642	1.07139805	0.439205014	0.192873643
1.934877342	1.057962003	0.435581903	0.190398271
1.936754041	1.044530237	0.43187766	0.187930679
1.938630741	1.031087912	0.428052851	0.185448904
1.940507441	1.017785908	0.424199785	0.18294003
1.94238414	1.004451415	0.420227396	0.180456381
1.94426084	0.991306451	0.416255176	0.177946115
1.94613754	0.978116112	0.412164759	0.175438874
1.948014239	0.965097403	0.40804755	0.172930779
1.949890939	0.95217245	0.403900419	0.170437397
1.951767639	0.939304435	0.399684721	0.167953253
1.953644338	0.926654458	0.395467074	0.165469717
1.955521038	0.914012225	0.391170502	0.163010682
1.957397737	0.901578586	0.38688108	0.160557856
1.959274437	0.889236348	0.382544001	0.158121178
1.961151137	0.877021506	0.378194545	0.155712481
1.963027836	0.8650115	0.373860711	0.153330162
1.964904536	0.853108462	0.369495652	0.1509715
1.966781236	0.841388265	0.365152293	0.14865929
1.968657935	0.82983257	0.360808466	0.146370357
1.970534635	0.81843298	0.35645	0.144118213
1.972411335	0.807159336	0.352101337	0.141900592
1.974288034	0.796130554	0.347775008	0.139735571
1.976164734	0.78526999	0.343455295	0.137620001
1.978041434	0.774619039	0.339168004	0.135547046
1.979918133	0.764176101	0.334914889	0.133541088
1.981794833	0.753928404	0.330681456	0.131575827
1.983671533	0.743913757	0.326512946	0.12967624
1.985548232	0.734173302	0.322425143	0.127862949
1.987424932	0.724680487	0.31839577	0.126128263
1.989301632	0.715398302	0.314390826	0.124433126
1.991178331	0.706369652	0.310462626	0.122827528
1.993055031	0.697600815	0.306593465	0.121300203
1.994931731	0.689075042	0.302775855	0.119841391
1.99680843	0.680799177	0.299036574	0.118471362
1.99868513	0.672818366	0.295367643	0.117172111
2.000561829	0.665103848	0.291783914	0.115965369
2.002438529	0.657640123	0.288251257	0.114826429
2.004315229	0.650493569	0.284838456	0.113803156
2.006191928	0.64358002	0.281465286	0.112844383
2.008068628	0.6369585	0.278188779	0.111987359
2.009945328	0.630582132	0.274979583	0.111206651
2.011822027	0.624523924	0.271865998	0.110535196
2.013698727	0.618714939	0.268824898	0.10994011
2.015575427	0.613210067	0.265887399	0.109445718
2.017452126	0.607992479	0.263022444	0.109045466
2.019328826	0.603049153	0.260254527	0.108742966
2.021205526	0.598398521	0.257580212	0.108538331
2.023082225	0.594002516	0.254965835	0.108421277
2.024958925	0.58982622	0.252413572	0.108364097
2.026835625	0.585990133	0.249992299	0.108429531
2.028712324	0.582456641	0.247650684	0.108591778
2.030589024	0.579105103	0.245354184	0.108805319
2.032465724	0.576025304	0.243136526	0.109112434
2.034342423	0.573138041	0.240964826	0.109476532
2.036219123	0.570467433	0.238846158	0.10989781
2.038095823	0.567989068	0.236798807	0.110376565
2.039972522	0.565723313	0.23480771	0.110929156
2.041849222	0.563623195	0.232854288	0.111515331
2.043725921	0.561703703	0.230952894	0.112162684
2.045602621	0.559900058	0.229082513	0.112832298
2.047479321	0.558232632	0.227234948	0.113516596
2.04935602	0.556613315	0.225399332	0.114206958
2.05123272	0.555102174	0.223582017	0.114915074
2.05310942	0.55360353	0.221765478	0.115610518
2.054986119	0.552159455	0.219935735	0.116284508
2.056862819	0.550787964	0.218116044	0.11694677
2.058739519	0.549361928	0.216273818	0.117572357
2.060616218	0.547893685	0.214402792	0.118157949
2.062492918	0.546304708	0.212489798	0.118673999
2.064369618	0.544751252	0.210576637	0.119154792
2.066246317	0.543091274	0.208629883	0.119566345
2.068123017	0.541373203	0.206662358	0.119945597
2.069999717	0.539431823	0.20461586	0.120203
2.071876416	0.537326539	0.202500652	0.120345899
2.073753116	0.535094712	0.200350404	0.12041516
2.075629816	0.532672681	0.198142019	0.120382908
2.077506515	0.530144352	0.195906501	0.120260077
2.079383215	0.527364494	0.193608782	0.120016083
2.081259915	0.524374629	0.191256451	0.119677582
2.083136614	0.521148518	0.188842399	0.119217488
2.085013314	0.517718388	0.186382935	0.118654611
2.086890013	0.514124495	0.183881408	0.1179958
2.088766713	0.510165695	0.18128916	0.117178366
2.090643413	0.505976158	0.178626552	0.116236588
2.092520112	0.501502347	0.175899244	0.115148232
2.094396812	0.496763146	0.173095981	0.11392
2.096273512	0.491717112	0.170216213	0.112559253
2.098150211	0.486371347	0.16725767	0.111025929
2.100026911	0.480763591	0.16425153	0.109383132
2.101903611	0.475081536	0.161229215	0.107644169
2.10378031	0.469032809	0.158137764	0.105769256
2.10565701	0.4628438	0.155024828	0.103805319
2.10753371	0.456454202	0.151884007	0.101748183
2.109410409	0.449808156	0.148699175	0.099577691
2.111287109	0.442869618	0.145465568	0.097276798
2.113163809	0.435750268	0.142213368	0.094888683
2.115040508	0.428461345	0.138964246	0.092416855
2.116917208	0.421005949	0.135720915	0.089867724
2.118793908	0.413438865	0.132480149	0.087259975
2.120670607	0.405738869	0.129233557	0.084575881
2.122547307	0.397999301	0.126008575	0.08184182
2.124424007	0.390189972	0.122805735	0.079065217
2.126300706	0.382380006	0.11963942	0.076257737
2.128177406	0.374606846	0.116525188	0.073450117
2.130054106	0.366895012	0.113454836	0.070658718
2.131930805	0.359295483	0.110433942	0.067894267
2.133807505	0.351739235	0.107471196	0.065143169
2.135684204	0.344312428	0.104587325	0.062433981
2.137560904	0.337058308	0.101775803	0.059778674
2.139437604	0.330089056	0.099072347	0.057186654
2.141314303	0.323275577	0.096442219	0.054645759
2.143191003	0.316678048	0.093896748	0.052169367
2.145067703	0.310292165	0.091448597	0.049764693
2.146944402	0.304210322	0.08910898	0.047433399
2.148821102	0.298414806	0.086853436	0.045208121
2.150697802	0.29297803	0.084716222	0.043085871
2.152574501	0.287879771	0.082679292	0.041079565
2.154451201	0.28316066	0.080753636	0.039183293
2.156327901	0.278882707	0.078950901	0.037423172
2.1582046	0.274983028	0.077259107	0.035807227
2.1600813	0.271539849	0.075669718	0.034314179
2.161958	0.26850555	0.074174117	0.032946996
2.163834699	0.265897263	0.07277736	0.031716817
2.165711399	0.263737028	0.071491688	0.030631117
2.167588099	0.261921877	0.070285468	0.02966664
2.169464798	0.260594246	0.069194479	0.028861076
2.171341498	0.259737054	0.068211026	0.02818837
2.173218198	0.259311359	0.067311683	0.027642945
2.175094897	0.25931436	0.066495286	0.02722721
2.176971597	0.259695248	0.065743945	0.026913018
2.178848296	0.260495457	0.065064165	0.026720598
2.180724996	0.261682982	0.064446696	0.026635343
2.182601696	0.263305092	0.063899661	0.026664946
2.184478395	0.265269211	0.063409847	0.026790003
2.186355095	0.267652811	0.062981846	0.027020139
2.188231795	0.270410271	0.062615431	0.027345545
2.190108494	0.273508632	0.062298254	0.027753002
2.191985194	0.276969431	0.062039369	0.028250438
2.193861894	0.280758346	0.061821506	0.02882566
2.195738593	0.284854779	0.061645317	0.029475922
2.197615293	0.289312146	0.061522566	0.030211434
2.199491993	0.294031079	0.061434236	0.031012841
2.201368692	0.299060412	0.061391594	0.031888736
2.203245392	0.304372099	0.061381926	0.032833564
2.205122092	0.309976974	0.061411635	0.033849662
2.206998791	0.315853603	0.061481942	0.034934253
2.208875491	0.321936735	0.061566652	0.036061911
2.210752191	0.328272752	0.061677318	0.037245256
2.21262889	0.334752498	0.061804323	0.038457858
2.21450559	0.341362023	0.06192648	0.03965975
2.21638229	0.348132509	0.062066819	0.04088587
2.218258989	0.355002076	0.06220931	0.042117777
2.220135689	0.361968	0.062353003	0.043352543
2.222012388	0.36901503	0.062493266	0.044585044
2.223889088	0.376146322	0.062633501	0.045822921
2.225765788	0.383350775	0.06277039	0.047055325
2.227642487	0.390611454	0.062905922	0.048283086
2.229519187	0.397899171	0.063032925	0.049493185
2.231395887	0.405200674	0.063153348	0.050685902
2.233272586	0.412529189	0.063274274	0.051865706
2.235149286	0.419855259	0.063392041	0.053031023
2.237025986	0.427227902	0.063546558	0.054204896
2.238902685	0.434630566	0.063728031	0.055377753
2.240779385	0.442064633	0.063912514	0.056534499
2.242656085	0.44948694	0.064087932	0.057664797
2.244532784	0.456889036	0.06424987	0.058767452
2.246409484	0.464298476	0.064407299	0.059843951
2.248286184	0.471710759	0.064573348	0.060901042
2.250162883	0.479086114	0.064737882	0.061926891
2.252039583	0.486438674	0.064902866	0.062928528
2.253916283	0.493781185	0.06506224	0.063906289
2.255792982	0.501112397	0.065215744	0.064860598
2.257669682	0.508433155	0.065359983	0.065796428
2.259546382	0.515730693	0.065500418	0.066694652
2.261423081	0.523000396	0.065641139	0.067557097
2.263299781	0.530241691	0.065772043	0.068389067
2.26517648	0.537475312	0.065887072	0.069214641
2.26705318	0.54466764	0.06600062	0.070010278
2.26892988	0.551815884	0.066106743	0.070774101
2.270806579	0.558884291	0.066202225	0.071499993
2.272683279	0.565919984	0.066295205	0.072202861
2.274559979	0.572910978	0.066390527	0.07287954
2.276436678	0.579845569	0.066482372	0.073523986
2.278313378	0.586712552	0.066562075	0.074127432
2.280190078	0.593513459	0.066631499	0.074690876
2.282066777	0.600256437	0.066691448	0.075217584
2.283943477	0.606949319	0.066744533	0.075705385
2.285820177	0.613618364	0.066792412	0.076166539
2.287696876	0.620260706	0.066836118	0.076594873
2.289573576	0.626837557	0.066877635	0.076983173
2.291450276	0.633353584	0.066908702	0.077330359
2.293326975	0.639803306	0.066928731	0.077633639
2.295203675	0.646216605	0.066941568	0.077907322
2.297080375	0.652608701	0.06694882	0.078153372
2.298957074	0.658967396	0.066953372	0.078365592
2.300833774	0.665290932	0.066962219	0.078550505
2.302710474	0.671604991	0.066975265	0.078716389
2.304587173	0.677956814	0.06699938	0.078878968
2.306463873	0.684384913	0.06704361	0.07905441
2.308340572	0.690909405	0.06710712	0.079250864
2.310217272	0.69753765	0.067197464	0.079477736
2.312093972	0.704262349	0.067313169	0.079741511
2.313970671	0.711058684	0.067464536	0.080055511
2.315847371	0.718043337	0.067697763	0.080463092
2.317724071	0.725267017	0.068002263	0.080964179
2.31960077	0.732711265	0.068357739	0.081544413
2.32147747	0.740355371	0.068757915	0.082193654
2.32335417	0.748207442	0.069213405	0.082916173
2.325230869	0.756263676	0.069703515	0.083715868
2.327107569	0.764553928	0.070246524	0.084602908
2.328984269	0.773103212	0.070849419	0.085589402
2.330860968	0.781863358	0.071513657	0.086646024
2.332737668	0.790865411	0.072235127	0.087779906
2.334614368	0.800050433	0.073000684	0.088977223
2.336491067	0.809407149	0.073799333	0.090230021
2.338367767	0.818878507	0.074614765	0.091519272
2.340244467	0.828474333	0.075457908	0.092842661
2.342121166	0.838167944	0.07633377	0.094191035
2.343997866	0.847949653	0.077244646	0.095556663
2.345874566	0.857785247	0.078184684	0.096922223
2.347751265	0.867633776	0.079136784	0.098267218
2.349627965	0.877448777	0.08008498	0.099571132
2.351504664	0.887173868	0.08100932	0.10081061
2.353381364	0.896778419	0.081906686	0.101970614
2.355258064	0.906251242	0.082781937	0.103043523
2.357134763	0.915581536	0.083637602	0.104023291
2.359011463	0.924757011	0.084473607	0.104898318
2.360888163	0.933757185	0.085282059	0.105661412
2.362764862	0.942538599	0.086055433	0.106296643
2.364641562	0.951062406	0.086780148	0.106789816
2.366518262	0.959318822	0.087447385	0.107138795
2.368394961	0.967336378	0.088058921	0.107355764
2.370271661	0.975146904	0.088620654	0.107452909
2.372148361	0.982801679	0.089148263	0.107448557
2.37402506	0.990348796	0.089649106	0.107359421
2.37590176	0.997823965	0.090143228	0.107210852
2.37777846	1.005280605	0.090642233	0.107028009
2.379655159	1.012758978	0.091150816	0.106834653
2.381531859	1.02029493	0.091674053	0.106649858
2.383408559	1.027940248	0.092237203	0.106499731
2.385285258	1.035748135	0.092849333	0.106407606
2.387161958	1.043749935	0.093519132	0.106391345
2.389038658	1.051988927	0.094255903	0.106472126
2.390915357	1.060506473	0.095070999	0.106660425
2.392792057	1.069341303	0.095974033	0.106981124
2.394668756	1.078488034	0.09696846	0.107429998
2.396545456	1.087944593	0.098038259	0.108011785
2.398422156	1.097716892	0.099194886	0.108739401
2.400298855	1.107808838	0.1004482	0.109598787
2.402175555	1.118192508	0.101784567	0.110586458
2.404052255	1.128846836	0.103226265	0.111711279
2.405928954	1.139736298	0.104770877	0.112949048
2.407805654	1.150804726	0.106385741	0.114266535
2.409682354	1.161980009	0.108049122	0.115630944
2.411559053	1.173247344	0.109762235	0.117021523
2.413435753	1.184590673	0.111515251	0.118425633
2.415312453	1.196013772	0.113294368	0.119833888
2.417189152	1.207467145	0.11508681	0.121228376
2.419065852	1.218904113	0.116880027	0.122588336
2.420942552	1.230290914	0.118667114	0.123900596
2.422819251	1.241611516	0.120436444	0.125155398
2.424695951	1.252819459	0.122182734	0.126333723
2.426572651	1.263868266	0.123893566	0.127421949
2.42844935	1.274740675	0.125560766	0.128410805
2.43032605	1.28542281	0.127186151	0.129293535
2.43220275	1.295888262	0.128759108	0.130061826
2.434079449	1.306165294	0.130285927	0.130723546
2.435956149	1.316242871	0.131762364	0.131275261
2.437832848	1.326158182	0.133200008	0.131724121
2.439709548	1.33591884	0.134597286	0.132075495
2.441586248	1.345522046	0.135957308	0.132334532
2.443462947	1.354975951	0.137286105	0.132500404
2.445339647	1.364285025	0.138579174	0.132581828
2.447216347	1.373458899	0.139839879	0.132587608
2.449093046	1.382524984	0.141076931	0.132528888
2.450969746	1.391498743	0.142297604	0.132411325
2.452846446	1.400404865	0.143509111	0.132251325
2.454723145	1.409298918	0.144723573	0.132079962
2.456599845	1.418218883	0.14595521	0.131908775
2.458476545	1.427195198	0.147213837	0.131752598
2.460353244	1.436272296	0.148513553	0.131630533
2.462229944	1.445475758	0.149861474	0.131559296
2.464106644	1.454837766	0.151266314	0.131554605
2.465983343	1.46437292	0.152737858	0.131624984
2.467860043	1.474099368	0.154284771	0.131778992
2.469736743	1.483986141	0.15590356	0.132010167
2.471613442	1.494090213	0.157624625	0.13235085
2.473490142	1.504427802	0.159440271	0.132795682
2.475366842	1.514990825	0.161337871	0.133339449
2.477243541	1.525770277	0.163315005	0.133975306
2.479120241	1.53674269	0.165364703	0.134697963
2.480996941	1.547901773	0.167483508	0.135506216
2.48287364	1.559217862	0.169665639	0.136390966
2.48475034	1.570670178	0.171906769	0.137340663
2.486627039	1.582254509	0.174207567	0.138349081
2.488503739	1.59394954	0.176561862	0.139406118
2.490380439	1.605743675	0.178954946	0.140504197
2.492257138	1.617597522	0.181379313	0.141627935
2.494133838	1.629487052	0.183830067	0.142764225
2.496010538	1.641371424	0.186295905	0.143897972
2.497887237	1.653237268	0.188767112	0.145021778
2.499763937	1.66505232	0.19123593	0.146124029
2.501640637	1.67678713	0.193691266	0.147192928
2.503517336	1.688418955	0.196118331	0.148217469
2.505394036	1.699929579	0.198536228	0.149193108
2.507270736	1.711317303	0.200937532	0.150108956
2.509147435	1.722559611	0.203294519	0.150953588
2.511024135	1.733646202	0.205599733	0.151723225
2.512900835	1.744571126	0.207851151	0.152414291
2.514777534	1.755337633	0.210052095	0.15303001
2.516654234	1.765947706	0.212202475	0.153574854
2.518530934	1.776399219	0.214305854	0.154048197
2.520407633	1.786687014	0.216359103	0.154451215
2.522284333	1.796824452	0.2183708	0.15479379
2.524161033	1.80685863	0.220375728	0.155104021
2.526037732	1.816820393	0.22236702	0.155380568
2.527914432	1.826694411	0.224324335	0.155617737
2.529791131	1.836458984	0.226245961	0.155801833
2.531667831	1.846115679	0.228132212	0.155943604
2.533544531	1.85568548	0.22999969	0.15605593
2.53542123	1.865199988	0.231862276	0.156153591
2.53729793	1.874682605	0.233724265	0.156257025
2.53917463	1.884118042	0.235602297	0.156361299
2.541051329	1.89352576	0.237490834	0.156457088
2.542928029	1.902889348	0.239376391	0.15654642
2.544804729	1.912223932	0.241256263	0.1566366
2.546681428	1.921533975	0.243149556	0.156735498
2.548558128	1.930830467	0.245066821	0.156851639
2.550434828	1.940128642	0.24700921	0.156985669
2.552311527	1.94940747	0.248955978	0.157124033
2.554188227	1.958648596	0.250899201	0.157262791
2.556064927	1.967870292	0.252867318	0.157409585
2.557941626	1.977089592	0.254857143	0.157565069
2.559818326	1.986306241	0.256862395	0.157731753
2.561695026	1.995513418	0.258893285	0.157912725
2.563571725	2.004713655	0.260952314	0.158098924
2.565448425	2.013886286	0.263053976	0.158304079
2.567325125	2.023010768	0.265381883	0.158616327
2.569201824	2.032356472	0.268178014	0.159126247
2.571078524	2.041955585	0.271357347	0.159759156
2.572955223	2.051271811	0.274393723	0.160355527
2.574831923	2.060084827	0.277143561	0.160838107
2.576708623	2.068506139	0.279745036	0.161253954
2.578585322	2.076640288	0.282178462	0.161614322
2.580462022	2.084585124	0.284513476	0.161969051
2.582338722	2.092544234	0.286800181	0.162328161
2.584215421	2.100389757	0.289004463	0.16270293
2.586092121	2.108280877	0.291139333	0.163072552
2.587968821	2.11607871	0.293235561	0.163465152
2.58984552	2.123960807	0.295348876	0.163885066
2.59172222	2.131860475	0.297410105	0.16432013
2.59359892	2.139665085	0.299430396	0.164784067
2.595475619	2.147491928	0.301451844	0.165266548
2.597352319	2.155314727	0.303461863	0.1657703
2.599229019	2.163141852	0.305490764	0.166294001
2.601105718	2.171071603	0.307578394	0.166839622
2.602982418	2.178874153	0.309640211	0.167408268
2.604859118	2.186682313	0.311702147	0.167991489
2.606735817	2.194365172	0.313739226	0.168596285
2.608612517	2.201994705	0.315771836	0.169215405
2.610489217	2.209684359	0.317835443	0.169837045
2.612365916	2.217210853	0.319865358	0.170486704
2.614242616	2.224760232	0.32196514	0.171144698
2.616119315	2.232274115	0.324071883	0.171822987
2.617996015	2.239710898	0.326203635	0.172528982
2.619872715	2.247038515	0.328274102	0.173244158
2.621749414	2.254141736	0.330321213	0.173992783
2.623626114	2.261341781	0.332406061	0.174727076
2.625502814	2.268388765	0.334462198	0.175494655
2.627379513	2.275374508	0.336551904	0.176281775
2.629256213	2.282410147	0.338663999	0.177092753
2.631132913	2.289234751	0.340827399	0.177961438
2.633009612	2.296225222	0.34307615	0.178858164
2.634886312	2.302895637	0.345232428	0.179814397
2.636763012	2.309648514	0.347491377	0.18078437
2.638639711	2.316183552	0.349632365	0.1818107
2.640516411	2.32269052	0.351865353	0.182877298
2.642393111	2.329348742	0.354192986	0.183985622
2.64426981	2.335617761	0.35640354	0.185196933
2.64614651	2.342253556	0.358859266	0.186414225
2.64802321	2.348556226	0.361169004	0.187732827
2.649899909	2.354952677	0.363703358	0.189110683
2.651776609	2.36146578	0.366267642	0.190541189
2.653653309	2.367458907	0.368685711	0.192086304
2.655530008	2.373904238	0.371389324	0.193634078
2.657406708	2.379875459	0.373872027	0.195284581
2.659283407	2.385947338	0.376516178	0.197011583
2.661160107	2.392366246	0.379317478	0.198745159
2.663036807	2.397975893	0.381833988	0.200637535
2.664913506	2.404110316	0.384703259	0.202525632
2.666790206	2.410291783	0.387591571	0.204465326
2.668666906	2.415756514	0.390244404	0.206571467
2.670543605	2.421759765	0.393336834	0.208583981
2.672420305	2.427272878	0.396109195	0.210737094
2.674297005	2.432723359	0.399028863	0.212978849
2.676173704	2.438433273	0.402190661	0.215165833
2.678050404	2.443688214	0.405011278	0.217531444
2.679927104	2.448663076	0.407883592	0.219892045
2.681803803	2.454062981	0.411071573	0.222188112
2.683680503	2.458624077	0.413687202	0.224550699
2.685557203	2.463223	0.416512755	0.22699955
2.687433902	2.468327401	0.419734929	0.229374113
2.689310602	2.472603074	0.422418338	0.231827472
2.691187302	2.476569079	0.42518216	0.234310714
2.693064001	2.4811084	0.428310697	0.236706626
2.694940701	2.4849621	0.431029372	0.239169284
2.696817401	2.488278227	0.433748519	0.241637301
2.6986941	2.49211411	0.436779015	0.244017188
2.7005708	2.495256423	0.439340082	0.246423923
2.702447499	2.497886822	0.442008849	0.248850307
2.704324199	2.500890428	0.444878846	0.251189347
2.706200899	2.502942214	0.447104816	0.253513674
2.708077598	2.504858874	0.449537302	0.255770512
2.709954298	2.507132225	0.452336516	0.257987705
2.711830998	2.508137384	0.45427951	0.260201536
2.713707697	2.509009031	0.456348874	0.262303427
2.715584397	2.510065943	0.458618449	0.26433352
2.717461097	2.510264299	0.460307072	0.266352055
2.719337796	2.510205465	0.46203094	0.268238231
2.721214496	2.510285059	0.463992273	0.270052604
2.723091196	2.509415028	0.465294711	0.271830631
2.724967895	2.508286298	0.466671778	0.273506599
2.726844595	2.507329794	0.468242726	0.275069653
2.728721295	2.505548052	0.469267627	0.276596846
2.730597994	2.503314998	0.470319867	0.278019787
2.732474694	2.501311014	0.471570123	0.279318106
2.734351394	2.498532201	0.472317631	0.280582737
2.736228093	2.49511406	0.473015983	0.281759359
2.738104793	2.492034783	0.473972105	0.282823081
2.739981493	2.488231693	0.474485694	0.283845963
2.741858192	2.483815322	0.47476301	0.284764167
2.743734892	2.479643541	0.475493496	0.28557005
2.745611591	2.474663554	0.475731839	0.286379509
2.747488291	2.469247875	0.475662958	0.287025755
2.749364991	2.464083466	0.476150442	0.287567491
2.75124169	2.458089586	0.47622337	0.288154994
2.75311839	2.451613279	0.476079121	0.288622202
2.75499509	2.445438628	0.476288147	0.288957764
2.756871789	2.438497199	0.476130124	0.289302686
2.758748489	2.43074152	0.475619333	0.28955526
2.760625189	2.423370416	0.475389734	0.289656595
2.762501888	2.415676585	0.475119717	0.289732822
2.764378588	2.406821209	0.474246905	0.289778667
2.766255288	2.398375144	0.473776788	0.289660936
2.768131987	2.38997598	0.473482902	0.289517571
2.770008687	2.380305439	0.47243031	0.289347765
2.771885387	2.370615201	0.471572481	0.289043652
2.773762086	2.361386254	0.471259897	0.288663113
2.775638786	2.351042492	0.470459914	0.288336813
2.777515486	2.340758079	0.46947001	0.287851157
2.779392185	2.3306481	0.469114855	0.287300787
2.781268885	2.319636986	0.468368903	0.286790476
2.783145585	2.30829684	0.467419198	0.2861748
2.785022284	2.297339155	0.467011973	0.285432235
2.786898984	2.285511045	0.466255215	0.284753378
2.788775684	2.273274947	0.465347061	0.284001712
2.790652383	2.261614031	0.464917818	0.28314051
2.792529083	2.249224889	0.464206894	0.28237264
2.794405782	2.236195971	0.463297413	0.281544763
2.796282482	2.223781339	0.462789457	0.28060405
2.798159182	2.211066426	0.462261744	0.279776777
2.800035881	2.197532989	0.461391632	0.278939505
2.801912581	2.184693612	0.461038096	0.278023646
2.803789281	2.171907699	0.46076922	0.277185809
2.80566598	2.157952669	0.460000198	0.276398961
2.80754268	2.144847443	0.459834817	0.275552092
2.80941938	2.13204738	0.459927916	0.274801101
2.811296079	2.118154393	0.459427789	0.274138361
2.813172779	2.104766436	0.459391502	0.273415277
2.815049479	2.091989375	0.459826457	0.272757163
2.816926178	2.078410817	0.459800448	0.272243896
2.818802878	2.064903867	0.460026007	0.271683922
2.820679578	2.052186425	0.460770399	0.271143905
2.822556277	2.038693737	0.461020359	0.270738487
2.824432977	2.025240125	0.46151551	0.270279121
2.826309677	2.012510278	0.462536672	0.269835495
2.828186376	1.998880486	0.462882331	0.269475645
2.830063076	1.98548035	0.463597752	0.26908164
2.831939776	1.972599122	0.464609408	0.268677381
2.833816475	1.958902956	0.465038192	0.268352853
2.835693175	1.94541046	0.465771419	0.267958818
2.837569874	1.932512151	0.466793138	0.267574159
2.839446574	1.918789516	0.467278502	0.267231312
2.841323274	1.905256157	0.467982317	0.266816124
2.843199973	1.89227475	0.46900635	0.266386512
2.845076673	1.878559436	0.469508867	0.266022187
2.846953373	1.864922974	0.470102678	0.265575829
2.848830072	1.851978453	0.471160846	0.26510043
2.850706772	1.838375946	0.471738375	0.264686308
2.852583472	1.824694131	0.47227851	0.264205211
2.854460171	1.811647764	0.473261879	0.263690127
2.856336871	1.798292986	0.473963139	0.263225619
2.858213571	1.784617502	0.474514844	0.262725961
2.86009027	1.771495732	0.475396958	0.262139438
2.86196697	1.758121247	0.476044073	0.261606119
2.86384367	1.744288679	0.476520837	0.261001039
2.865720369	1.731208754	0.477348738	0.260386644
2.867597069	1.717631566	0.477819608	0.259777523
2.869473769	1.703933128	0.478290599	0.25910335
2.871350468	1.69070665	0.47895534	0.258389478
2.873227168	1.676969081	0.479250061	0.257716597
2.875103868	1.663449165	0.47968575	0.256943945
2.876980567	1.649977148	0.480118417	0.256143893
2.878857267	1.636509131	0.480454244	0.255423138
2.880733966	1.623026479	0.480728139	0.254493096
2.882610666	1.609500888	0.480935266	0.253631675
2.884487366	1.595555259	0.480849924	0.252664454
2.886364065	1.582374802	0.481071535	0.25165955
2.888240765	1.56865192	0.480925786	0.250650823
2.890117465	1.554892673	0.480670196	0.249559582
2.891994164	1.541617044	0.480605508	0.248396052
2.893870864	1.527937779	0.480225175	0.247242361
2.895747564	1.514026211	0.479560162	0.245981914
2.897624263	1.500708121	0.479183457	0.244647006
2.899500963	1.487184724	0.478620707	0.243299722
2.901377663	1.473240243	0.477761602	0.241920447
2.903254362	1.459910721	0.477190745	0.240460352
2.905131062	1.446224966	0.476295097	0.238983009
2.907007762	1.432333698	0.475288334	0.237452764
2.908884461	1.418782193	0.474400285	0.235870762
2.910761161	1.404787039	0.473118765	0.234277548
2.912637861	1.391107224	0.471918715	0.232627538
2.91451456	1.377485366	0.470675293	0.230957404
2.91639126	1.363363327	0.469102141	0.229272568
2.91826796	1.349762408	0.467704976	0.227503809
2.920144659	1.336024345	0.466099525	0.225735065
2.922021359	1.322114315	0.464353246	0.223959465
2.923898058	1.308597143	0.462695833	0.222099124
2.925774758	1.294790615	0.460788519	0.220245342
2.927651458	1.281116706	0.458808811	0.218345407
2.929528157	1.26759197	0.456818675	0.216381209
2.931404857	1.253689428	0.454470425	0.21441784
2.933281557	1.240035935	0.452127846	0.212358832
2.935158256	1.226650941	0.449833245	0.210291113
2.937034956	1.212745213	0.447170088	0.208213293
2.938911656	1.199313473	0.444589487	0.206054755
2.940788355	1.185672653	0.441809878	0.203886348
2.942665055	1.171935639	0.438856799	0.201678355
2.944541755	1.158479799	0.435927773	0.199420555
2.946418454	1.144562892	0.432679227	0.197163316
2.948295154	1.131108157	0.429516165	0.194858622
2.950171854	1.117436639	0.426162366	0.192549162
2.952048553	1.103826893	0.422727963	0.190235411
2.953925253	1.090478124	0.419316703	0.187876685
2.955801953	1.076843506	0.415686301	0.185555499
2.957678652	1.063574186	0.412119442	0.183183855
2.959555352	1.050232839	0.408438679	0.180824916
2.961432052	1.037017417	0.404730895	0.178497445
2.963308751	1.024041748	0.401028583	0.176141123
2.965185451	1.010931093	0.397162315	0.173806494
2.96706215	0.998039069	0.393324274	0.171452129
2.96893885	0.9853098	0.389478996	0.169113364
2.97081555	0.972586829	0.385551396	0.166810431
2.972692249	0.960113862	0.381653274	0.164498655
2.974568949	0.947683477	0.377704877	0.162211734
2.976445649	0.935294902	0.373721401	0.159952167
2.978322348	0.923106294	0.369707425	0.157692175
2.980199048	0.91100228	0.365668392	0.155477276
2.982075748	0.899037514	0.361624811	0.153273682
2.983952447	0.887223054	0.35754755	0.151106856
2.985829147	0.875537669	0.353470207	0.148974209
2.987705847	0.864072431	0.349419804	0.146880096
2.989582546	0.852758018	0.345375998	0.14483148
2.991459246	0.841628881	0.341358717	0.142820879
2.993335946	0.830716692	0.337375434	0.140861011
2.995212645	0.819972215	0.333405781	0.138952122
2.997089345	0.809414947	0.329479235	0.137105885
2.998966045	0.799064973	0.325564861	0.135302053
3.000842744	0.788912908	0.321696827	0.133566864
3.002719444	0.778993994	0.31787365	0.131887727
3.004596144	0.76932439	0.314097991	0.130279273
3.006472843	0.759885396	0.31039912	0.128741794
3.008349543	0.750675248	0.306725642	0.127259195
3.010226242	0.741707696	0.303117291	0.125853315
3.012102942	0.732959825	0.299555611	0.124513237
3.013979642	0.72439856	0.296003667	0.123221999
3.015856341	0.716087277	0.292530418	0.122025003
3.017733041	0.708022738	0.28910066	0.120884038
3.019609741	0.700239879	0.285763502	0.11983117
3.02148644	0.692675262	0.282456756	0.118835151
3.02336314	0.685399616	0.279241843	0.117933491
3.02523984	0.678366611	0.276082994	0.117100343
3.027116539	0.671529363	0.272962361	0.116322921
3.028993239	0.664964103	0.269924392	0.115648648
3.030869939	0.658634879	0.266923219	0.115032904
3.032746638	0.652559326	0.264001818	0.114489025
3.034623338	0.64674075	0.261147445	0.114023712
3.036500038	0.641199817	0.25837839	0.113647064
3.038376737	0.635902601	0.255665079	0.113345777
3.040253437	0.630861489	0.253020444	0.113125508
3.042130137	0.626041024	0.250446478	0.112975278
3.044006836	0.621440336	0.247914325	0.112886509
3.045883536	0.617077553	0.245455308	0.112863466
3.047760236	0.6129459	0.243064046	0.112909951
3.049636935	0.609023709	0.240731206	0.113018168
3.051513635	0.605312703	0.238450766	0.113198148
3.053390334	0.601764729	0.236208294	0.11341909
3.055267034	0.598416831	0.234015257	0.113681741
3.057143734	0.595230325	0.231865214	0.113978613
3.059020433	0.592198751	0.229744986	0.114305516
3.060897133	0.589297374	0.227658212	0.114662556
3.062773833	0.586465256	0.22555919	0.11501777
3.064650532	0.583723866	0.22349295	0.115388779
3.066527232	0.58114937	0.221470885	0.11578883
3.068403932	0.578646961	0.219461461	0.116185594
3.070280631	0.576158317	0.217433538	0.116563237
3.072157331	0.573700478	0.215429073	0.116942668
3.074034031	0.571219187	0.213391328	0.11727947
3.07591073	0.568699452	0.211334246	0.117553432
3.07778743	0.566227331	0.209278259	0.117821496
3.07966413	0.563700765	0.207199045	0.118027727
3.081540829	0.561114984	0.20510322	0.118172884
3.083417529	0.558466061	0.202982832	0.118262431
3.085294229	0.55571939	0.200825143	0.118287625
3.087170928	0.55277988	0.198626037	0.118224023
3.089047628	0.549718425	0.196395712	0.11808608
3.090924328	0.546457428	0.194101649	0.117840682
3.092801027	0.543094652	0.191775974	0.117527708
3.094677727	0.539530001	0.189388407	0.11710191
3.096554426	0.535770586	0.186946468	0.116564873
3.098431126	0.53187787	0.184463212	0.115934054
3.100307826	0.527719663	0.181901839	0.115180088
3.102184525	0.523396144	0.179289741	0.114315393
3.104061225	0.518912302	0.176640385	0.113342893
3.105937925	0.514252328	0.173938446	0.112260505
3.107814624	0.509195701	0.171140869	0.111015798
3.109691324	0.504027348	0.16831729	0.109682618
3.111568024	0.498501418	0.165416107	0.108194242
3.113444723	0.492689712	0.162465748	0.106590803
3.115321423	0.486773705	0.159518526	0.10490061
3.117198123	0.480539977	0.156519311	0.103083244
3.119074822	0.474135126	0.153502443	0.101177353
3.120951522	0.467580526	0.150470482	0.099191398
3.122828222	0.460782402	0.147403009	0.097107226
3.124704921	0.453836032	0.144324258	0.09493797
3.126581621	0.446655824	0.14121112	0.092665724
3.128458321	0.43924892	0.138060615	0.090284916
3.13033502	0.431649577	0.134879303	0.087811996
3.13221172	0.42389798	0.131684311	0.085267868
3.13408842	0.416098021	0.12850588	0.082675388
3.135965119	0.408166658	0.125323895	0.080010548
3.137841819	0.40021473	0.122165923	0.077314113
3.139718519	0.392266476	0.11902932	0.074593619
3.141595218	0.38435302	0.115930199	0.0718566
3.143471918	0.376511756	0.112876185	0.069113218
3.145348617	0.368779014	0.109883055	0.066390467
3.147225317	0.361128243	0.106954501	0.063683503
3.149102017	0.353545881	0.104083987	0.060988778
3.150978716	0.346175952	0.101290118	0.058364469
3.152855416	0.338972292	0.098581409	0.055794305
3.154732116	0.331937455	0.095955957	0.053284206
3.156608815	0.325097805	0.093425467	0.050842021
3.158485515	0.318500254	0.090981463	0.048491932
3.160362215	0.312118528	0.088629605	0.046207476
3.162238914	0.305985086	0.086367456	0.044006251
3.164115614	0.300132518	0.084211684	0.041894785
3.165992314	0.294542993	0.082160979	0.039894927
3.167869013	0.289301642	0.080231994	0.037975541
3.169745713	0.284351381	0.078373722	0.036166773
3.171622413	0.279789597	0.076620263	0.034469191
3.173499112	0.275620525	0.074973041	0.032890247
3.175375812	0.271856983	0.073431441	0.031443127
3.177252512	0.268505986	0.071986757	0.030111696
3.179129211	0.265525966	0.070623539	0.02889485
3.181005911	0.263019102	0.069369355	0.027816186
3.182882611	0.260943167	0.06820593	0.026860351
3.18475931	0.259282785	0.06712686	0.026027081
3.18663601	0.258055919	0.066139381	0.025319246
3.188512709	0.257248887	0.065233974	0.024721769
3.190389409	0.256896474	0.064411457	0.024254818
3.192266109	0.256972148	0.063664384	0.023910817
3.194142808	0.257467139	0.062994855	0.023674426
3.196019508	0.258357091	0.062390954	0.023538851
3.197896208	0.259601833	0.061842461	0.02350995
3.199772907	0.261228088	0.061359243	0.023581634
3.201649607	0.263231911	0.060937806	0.023762508
3.203526307	0.265601023	0.060577694	0.02404722
3.205403006	0.268328047	0.0602657	0.024416583
3.207279706	0.271364238	0.059996289	0.024876507
3.209156406	0.274711252	0.059773449	0.025419705
3.211033105	0.278373304	0.059594034	0.026041403
3.212909805	0.282378172	0.059459653	0.026752661
3.214786505	0.286609843	0.059345192	0.027516653
3.216663204	0.291148208	0.059267725	0.028361413
3.218539904	0.295916815	0.059215922	0.029269857
3.220416604	0.301005676	0.059210284	0.030251262
3.222293303	0.306342031	0.059231544	0.031297001
3.224170003	0.311849487	0.059255566	0.032375237
3.226046703	0.317570493	0.059316143	0.03351375
3.227923402	0.323511284	0.059432094	0.034704845
3.229800102	0.329641847	0.059574996	0.035926281
3.231676801	0.335922041	0.059728298	0.037163396
3.233553501	0.342294416	0.059879814	0.038392293
3.235430201	0.348755119	0.060038675	0.039618891
3.2373069	0.355325856	0.060205291	0.040839135
3.2391836	0.361958062	0.060367633	0.042046034
3.2410603	0.368693197	0.060539486	0.043260545
3.242936999	0.375516081	0.060715935	0.044474042
3.244813699	0.382424541	0.060903004	0.045681771
3.246690399	0.389362843	0.061084389	0.046875699
3.248567098	0.396350113	0.061267014	0.048055039
3.250443798	0.403349446	0.061448072	0.049215517
3.252320498	0.410370231	0.061631445	0.05035843
3.254197197	0.417409411	0.061810306	0.051483158
3.256073897	0.424483024	0.061989203	0.052595604
3.257950597	0.43157527	0.062166737	0.053692875
3.259827296	0.438685688	0.062342146	0.054771996
3.261703996	0.445793839	0.062513361	0.055831125
3.263580696	0.45291405	0.062689917	0.056874858
3.265457395	0.460011624	0.062864366	0.057892896
3.267334095	0.467095793	0.063037231	0.058887669
3.269210795	0.474169713	0.063209301	0.059860954
3.271087494	0.481210048	0.063371043	0.060804856
3.272964194	0.48823256	0.063532779	0.061722473
3.274840893	0.495230324	0.063685728	0.062613718
3.276717593	0.50219052	0.063829284	0.063471378
3.278594293	0.509089206	0.063950963	0.064286142
3.280470992	0.515947843	0.064056743	0.065061749
3.282347692	0.522765339	0.064166675	0.065786762
3.284224392	0.529509353	0.064263739	0.066459985
3.286101091	0.536183131	0.064328194	0.067106644
3.287977791	0.542773111	0.064382184	0.067709294
3.289854491	0.549315723	0.064437377	0.068278329
3.29173119	0.555806415	0.064482796	0.068809625
3.29360789	0.562256708	0.064519559	0.069312728
3.29548459	0.568643862	0.064551784	0.069783562
3.297361289	0.575000988	0.064580464	0.070228636
3.299237989	0.58132981	0.064606416	0.07065329
3.301114689	0.587657687	0.06462996	0.071063138
3.302991388	0.593992362	0.064657927	0.071465578
3.304868088	0.600354705	0.064699434	0.071871619
3.306744788	0.60672239	0.064749059	0.072284694
3.308621487	0.613153573	0.064857798	0.072746062
3.310498187	0.61970771	0.065012693	0.073257323
3.312374887	0.626370892	0.065190499	0.073803933
3.314251586	0.633132096	0.065388513	0.074381729
3.316128286	0.639987053	0.065606885	0.074990367
3.318004985	0.646954653	0.065851375	0.075636754
3.319881685	0.654077268	0.066124021	0.07633067
3.321758385	0.661352631	0.066426986	0.077075254
3.323635084	0.668778465	0.066762746	0.077866667
3.325511784	0.676338945	0.067134319	0.078703382
3.327388484	0.684007139	0.067534353	0.079566445
3.329265183	0.691760546	0.06794811	0.08045724
3.331141883	0.699626668	0.068386161	0.081381046
3.333018583	0.707627667	0.068856894	0.082341535
3.334895282	0.71573154	0.069349779	0.083327883
3.336771982	0.723941285	0.06986915	0.084328812
3.338648682	0.732194796	0.070390866	0.085328535
3.340525381	0.740463596	0.070904604	0.08631231
3.342402081	0.748732094	0.071420109	0.0872699
3.344278781	0.756999285	0.071955493	0.088196853
3.34615548	0.765243972	0.072497523	0.089081452
3.34803218	0.773439426	0.073028875	0.089913401
3.34990888	0.781562433	0.073541057	0.09068259
3.351785579	0.789581009	0.074023831	0.091370271
3.353662279	0.797462578	0.074473379	0.091961143
3.355538979	0.805211096	0.074899683	0.092454523
3.357415678	0.812865824	0.075314135	0.092871781
3.359292378	0.820421276	0.075722748	0.093211596
3.361169077	0.827873472	0.076117019	0.093472456
3.363045777	0.835237887	0.076488969	0.09365925
3.364922477	0.84253257	0.076844727	0.093780541
3.366799176	0.849739739	0.077188936	0.093844046
3.368675876	0.856918639	0.07752082	0.093864556
3.370552576	0.864098999	0.077868854	0.093870556
3.372429275	0.871355377	0.078252674	0.093889289
3.374305975	0.878723858	0.078670759	0.093931297
3.376182675	0.88622141	0.079139591	0.094019948
3.378059374	0.893906068	0.079658121	0.094170702
3.379936074	0.901777204	0.080231457	0.094396309
3.381812774	0.909844364	0.080857994	0.094703035
3.383689473	0.918133057	0.081537241	0.09510491
3.385566173	0.92671345	0.082289667	0.095623747
3.387442873	0.935607872	0.083131018	0.096270678
3.389319572	0.944813767	0.084056093	0.097039343
3.391196272	0.954297574	0.085050561	0.09791991
3.393072972	0.964059336	0.086106929	0.09890941
3.394949671	0.974056729	0.087250924	0.100026746
3.396826371	0.984302818	0.088498743	0.101259963
3.398703071	0.99473749	0.089816093	0.102575267
3.40057977	1.005355608	0.09118758	0.103956583
3.40245647	1.016109894	0.092597695	0.105385649
3.404333169	1.026979905	0.094048607	0.10685805
3.406209869	1.037969017	0.095546398	0.108357751
3.408086569	1.04902351	0.097068435	0.109858389
3.409963268	1.060098333	0.098599349	0.11133814
3.411839968	1.071154733	0.100135165	0.112773318
3.413716668	1.082192494	0.101668305	0.114172285
3.415593367	1.093187717	0.103192197	0.115523371
3.417470067	1.104107066	0.104695292	0.116815722
3.419346767	1.114917685	0.106174693	0.118031492
3.421223466	1.125601072	0.107622128	0.119158391
3.423100166	1.136093157	0.109030168	0.120183979
3.424976866	1.146364125	0.110386647	0.121083939
3.426853565	1.156426612	0.111698728	0.121862051
3.428730265	1.166241237	0.112962497	0.122508743
3.430606965	1.175843317	0.114177343	0.123034574
3.432483664	1.185265448	0.115353083	0.123448825
3.434360364	1.194507881	0.116484982	0.123745043
3.436237064	1.20356181	0.117576558	0.123925376
3.438113763	1.212416246	0.118620825	0.123990063
3.439990463	1.221073914	0.119618717	0.1239475
3.441867163	1.229557317	0.120579715	0.123808495
3.443743862	1.237909543	0.12151834	0.123592522
3.445620562	1.246186006	0.122449265	0.12332506
3.447497262	1.254429857	0.123377556	0.123023958
3.449373961	1.262687087	0.12431656	0.122711875
3.451250661	1.270997219	0.125280779	0.122409543
3.45312736	1.279413694	0.126281256	0.122138438
3.45500406	1.287996428	0.127337434	0.121927732
3.45688076	1.296790658	0.128469617	0.121794725
3.458757459	1.30583036	0.129675711	0.121758096
3.460634159	1.315125006	0.130966352	0.121823431
3.462510859	1.32466666	0.132340062	0.121997313
3.464387558	1.334447788	0.133799045	0.122281941
3.466264258	1.344508925	0.135357324	0.122690481
3.468140958	1.354863957	0.137018517	0.123233443
3.470017657	1.365514857	0.138778571	0.123906837
3.471894357	1.376439705	0.140633157	0.124700043
3.473771057	1.38761802	0.14258129	0.125601913
3.475647756	1.399046337	0.144621958	0.126612102
3.477524456	1.410704878	0.146741728	0.127724828
3.479401156	1.422554478	0.148930868	0.128918305
3.481277855	1.434560565	0.15118848	0.130176427
3.483154555	1.446677883	0.15350235	0.131481312
3.485031255	1.458869328	0.155855386	0.132816888
3.486907954	1.471100971	0.158230868	0.134167993
3.488784654	1.483338814	0.160620368	0.13551636
3.490661354	1.495564921	0.163018223	0.136850226
3.492538053	1.507741575	0.165415849	0.138151597
3.494414753	1.519833618	0.167803099	0.13940883
3.496291452	1.531805305	0.170166719	0.14061152
3.498168152	1.543636266	0.172503812	0.141751608
3.500044852	1.555319293	0.174808524	0.142822322
3.501921551	1.566854795	0.177097842	0.143830888
3.503798251	1.578231948	0.179343654	0.144759147
3.505674951	1.589431917	0.181534567	0.145599406
3.50755165	1.600461581	0.183667576	0.146350293
3.50942835	1.611325234	0.185749653	0.147009142
3.51130505	1.622008655	0.187776548	0.147578501
3.513181749	1.632563181	0.189765483	0.148076452
3.515058449	1.64298065	0.191712318	0.148507018
3.516935149	1.653263888	0.193623328	0.148870834
3.518811848	1.663439408	0.19550639	0.14917973
3.520688548	1.673516837	0.197362028	0.149445227
3.522565248	1.68352607	0.199200642	0.149678862
3.524441947	1.693461214	0.201019252	0.149887545
3.526318647	1.703343875	0.202832338	0.150077734
3.528195347	1.713183617	0.204665093	0.150256375
3.530072046	1.723020214	0.206504855	0.150422592
3.531948746	1.732853858	0.20834634	0.150584682
3.533825446	1.742689391	0.210196019	0.150742262
3.535702145	1.752521582	0.212046364	0.150895321
3.537578845	1.762344818	0.213895292	0.151048278
3.539455544	1.77218264	0.215761767	0.151213351
3.541332244	1.782046415	0.217648649	0.151396388
3.543208944	1.7919338	0.219553051	0.15159184
3.545085643	1.801837861	0.221488745	0.151808436
3.546962343	1.811770265	0.223466065	0.152056218
3.548839043	1.821726402	0.225465881	0.152314857
3.550715742	1.831689874	0.227476619	0.152585973
3.552592442	1.841668998	0.229494818	0.152866305
3.554469142	1.851636212	0.231525678	0.153142924
3.556345841	1.86158324	0.233555946	0.153419295
3.558222541	1.871494548	0.235590274	0.153696855
3.560099241	1.881386664	0.237636813	0.153993148
3.56197594	1.891276831	0.239725013	0.154308195
3.56385264	1.901152107	0.241827503	0.154622178
3.56572934	1.910998677	0.243929549	0.154929925
3.567606039	1.92081214	0.246025235	0.1552395
3.569482739	1.93056996	0.248125117	0.155550334
3.571359439	1.940303159	0.250251826	0.155872059
3.573236138	1.950008997	0.252387516	0.156195019
3.575112838	1.95966752	0.254514604	0.156514319
3.576989538	1.969285906	0.256643432	0.15683351
3.578866237	1.978877968	0.258793602	0.15715175
3.580742937	1.988435143	0.260950369	0.157461702
3.582619636	1.997957307	0.26312084	0.157771684
3.584496336	2.007448847	0.265307521	0.158080654
3.586373036	2.016874346	0.267515483	0.158386127
3.588249735	2.026221462	0.269910454	0.158773693
3.590126435	2.035729823	0.272754988	0.159352053
3.592003135	2.045503852	0.276009951	0.160061434
3.593879834	2.055019189	0.279147189	0.160728552
3.595756534	2.063981652	0.281963664	0.161263974
3.597633234	2.072507797	0.284615231	0.161710097
3.599509933	2.080723417	0.287077976	0.162094453
3.601386633	2.088708335	0.28943975	0.162452932
3.603263333	2.096694144	0.291738664	0.162804188
3.605140032	2.104536406	0.293933464	0.163166142
3.607016732	2.112382258	0.296046803	0.163508497
3.608893432	2.120120864	0.298099791	0.163865162
3.610770131	2.127927066	0.300167933	0.164236817
3.612646831	2.135751494	0.302180241	0.164619058
3.614523531	2.143472995	0.304145939	0.165031826
3.61640023	2.151205172	0.3061046	0.165447417
3.61827693	2.158904351	0.30804185	0.165882978
3.62015363	2.166615047	0.3099993	0.16633935
3.622030329	2.174420159	0.312012609	0.166818083
3.623907029	2.182094619	0.313992713	0.167322137
3.625783728	2.189771683	0.315971831	0.167832298
3.627660428	2.197328207	0.317926565	0.168369337
3.629537128	2.204853573	0.31988699	0.168923802
3.631413827	2.212441966	0.321881618	0.169489628
3.633290527	2.219879361	0.323850605	0.170097834
3.635167227	2.227378699	0.325897223	0.170713535
3.637043926	2.234816325	0.327955405	0.17136257
3.638920626	2.242208773	0.330035357	0.172033817
3.640797326	2.249476036	0.332059308	0.172725898
3.642674025	2.256577179	0.334075834	0.173455556
3.644550725	2.26378607	0.336140375	0.174181997
3.646427425	2.270805359	0.338161353	0.174952392
3.648304124	2.277843865	0.340246	0.175736497
3.650180824	2.284853139	0.342323438	0.176549386
3.652057524	2.29170114	0.344478563	0.177408308
3.653934223	2.29868914	0.346690785	0.178295265
3.655810923	2.305369337	0.348812424	0.179252384
3.657687623	2.312145991	0.351052335	0.180220679
3.659564322	2.318636977	0.353143539	0.181249251
3.661441022	2.325178561	0.355375527	0.182309389
3.663317722	2.331825379	0.35766004	0.183410989
3.665194421	2.338116627	0.359848273	0.184609755
3.667071121	2.344809698	0.362287519	0.185817486
3.66894782	2.351029721	0.36453614	0.187132179
3.67082452	2.35748451	0.367070261	0.188489712
3.67270122	2.363894944	0.369554385	0.189908467
3.674577919	2.369931044	0.371945531	0.191432348
3.676454619	2.376383683	0.374597742	0.192958116
3.678331319	2.382263105	0.377009357	0.194599968
3.680208018	2.388367212	0.379624125	0.196296231
3.682084718	2.394764826	0.38238556	0.198012464
3.683961418	2.400362257	0.384844879	0.199894503
3.685838117	2.406505398	0.387685387	0.201754754
3.687714817	2.412666552	0.3905292	0.20369267
3.689591517	2.418112814	0.393138364	0.205780687
3.691468216	2.424163211	0.396199425	0.207776667
3.693344916	2.429653077	0.398924609	0.209937498
3.695221616	2.435125017	0.401821217	0.212155348
3.697098315	2.440760594	0.404894608	0.214300506
3.698975015	2.446049381	0.407696892	0.216697385
3.700851715	2.451019846	0.410529854	0.219027743
3.702728414	2.456473782	0.413675147	0.221325139
3.704605114	2.461077876	0.4162832	0.223716759
3.706481814	2.465699107	0.419069798	0.22614821
3.708358513	2.470696002	0.422214052	0.228498433
3.710235213	2.475220499	0.424964135	0.230998713
3.712111912	2.479226436	0.427727207	0.233488616
3.713988612	2.483825711	0.43083107	0.235898202
3.715865312	2.487592941	0.433488383	0.238374166
3.717742011	2.491031129	0.436224843	0.240837487
3.719618711	2.494993429	0.439275304	0.24325262
3.721495411	2.498064629	0.441748831	0.245662717
3.72337211	2.500824618	0.444475915	0.248111602
3.72524881	2.503918584	0.447304163	0.25048533
3.72712551	2.506045121	0.449566543	0.252856463
3.729002209	2.508004369	0.452042914	0.25511624
3.730878909	2.510375185	0.454813347	0.257382971
3.732755609	2.511337906	0.456696702	0.259627379
3.734632308	2.512376608	0.458820306	0.2617731
3.736509008	2.513527401	0.461079366	0.263858815
3.738385708	2.51379999	0.462710028	0.265890787
3.740262407	2.513870884	0.464478522	0.267828455
3.742139107	2.513987517	0.466413057	0.269685626
3.744015807	2.51327524	0.467737979	0.271533495
3.745892506	2.512269428	0.469096516	0.273215012
3.747769206	2.511403132	0.470699107	0.274835301
3.749645906	2.509705555	0.471691531	0.27643418
3.751522605	2.50768211	0.472796498	0.277886613
3.753399305	2.505766555	0.47407545	0.279233859
3.755276004	2.502982931	0.474726937	0.280556333
3.757152704	2.499826013	0.475535767	0.281766916
3.759029404	2.496856406	0.476483162	0.282876183
3.760906103	2.493135417	0.476901329	0.283933132
3.762782803	2.48884469	0.477369854	0.28491374
3.764659503	2.484790501	0.478069637	0.285775408
3.766536202	2.479774496	0.478169787	0.286612206
3.768412902	2.474469167	0.478173114	0.28728892
3.770289602	2.469435892	0.478721726	0.287892831
3.772166301	2.463429871	0.478676729	0.288526402
3.774043001	2.457114644	0.478545802	0.289006306
3.775919701	2.451037176	0.478767029	0.289370235
3.7777964	2.443911233	0.478440004	0.289758112
3.7796731	2.436367853	0.477939929	0.290018639
3.7815498	2.429192484	0.477803453	0.290157395
3.783426499	2.421279916	0.477361489	0.290284219
3.785303199	2.412557557	0.476537697	0.290339144
3.787179899	2.404371546	0.476162633	0.290250784
3.789056598	2.395861963	0.475714735	0.290137223
3.790933298	2.386127169	0.474543726	0.289993399
3.792809998	2.376515818	0.473720059	0.289676741
3.794686697	2.367304734	0.473345121	0.28931892
3.796563397	2.357094973	0.472341903	0.288959088
3.798440097	2.346514294	0.471364765	0.288498453
3.800316796	2.336431474	0.470978199	0.287962774
3.802193496	2.325338027	0.470070545	0.287453172
3.804070195	2.314056736	0.469082689	0.286814224
3.805946895	2.30309155	0.468627979	0.286066303
3.807823595	2.291110454	0.467719015	0.285380956
3.809700294	2.278911044	0.466785494	0.284609493
3.811576994	2.267261177	0.46634673	0.283718926
3.813453694	2.254491541	0.465417872	0.282935242
3.815330393	2.241567744	0.464470592	0.282055222
3.817207093	2.229017207	0.463896831	0.281079887
3.819083793	2.215932153	0.463147115	0.280244901
3.820960492	2.202381	0.462224172	0.279332014
3.822837192	2.189557596	0.461819839	0.278371111
3.824713892	2.176198699	0.461229947	0.277503745
3.826590591	2.162267802	0.460438689	0.276633531
3.828467291	2.149142183	0.460191175	0.275730341
3.830343991	2.13588535	0.459975568	0.274942501
3.83222069	2.12182394	0.459398155	0.274216045
3.83409739	2.10847814	0.459355318	0.273421515
3.83597409	2.09547507	0.45959633	0.272750296
3.837850789	2.081474836	0.459310748	0.272184454
3.839727489	2.068012613	0.45953067	0.271563332
3.841604189	2.055024603	0.460121275	0.271001306
3.843480888	2.041325884	0.460239952	0.270582439
3.845357588	2.027819167	0.46066251	0.270069424
3.847234287	2.014857432	0.461496858	0.269593812
3.849110987	2.001138423	0.461860149	0.269249942
3.850987687	1.987699471	0.462541879	0.26883371
3.852864386	1.974729059	0.463519588	0.268431712
3.854741086	1.960837136	0.463898838	0.268114989
3.856617786	1.947324571	0.46460662	0.267715582
3.858494485	1.934241056	0.465553405	0.267332119
3.860371185	1.920446423	0.466058352	0.267036061
3.862247885	1.906843687	0.466740699	0.266614835
3.864124584	1.893713565	0.467668095	0.266200466
3.866001284	1.879834831	0.468109667	0.265862897
3.867877984	1.866200769	0.468745124	0.265426732
3.869754683	1.853095417	0.469691182	0.264955141
3.871631383	1.839424073	0.470208863	0.264599877
3.873508083	1.825647829	0.470695315	0.264108477
3.875384782	1.812546393	0.471637244	0.263605874
3.877261482	1.799054954	0.47222015	0.263153614
3.879138182	1.785263674	0.472730335	0.262641964
3.881014881	1.772106853	0.473526048	0.262066737
3.882891581	1.758716836	0.474153478	0.261548458
3.884768281	1.744905299	0.474656989	0.260960493
3.88664498	1.73169481	0.475392386	0.260332313
3.88852168	1.717973915	0.475758487	0.259716114
3.890398379	1.704367644	0.476251541	0.259037697
3.892275079	1.690922857	0.476832091	0.258321321
3.894151779	1.676953942	0.477030639	0.257616868
3.896028478	1.663690061	0.477573994	0.256862185
3.897905178	1.649994576	0.477850057	0.25607345
3.899781878	1.63610867	0.477930643	0.255223111
3.901658577	1.622884498	0.478320417	0.254326051
3.903535277	1.609046716	0.478335068	0.253437515
3.905411977	1.595176459	0.47819518	0.252448502
3.907288676	1.58182235	0.478301837	0.251407869
3.909165376	1.56791196	0.478008012	0.250337259
3.911042076	1.554024433	0.477555072	0.24921041
3.912918775	1.540613737	0.477359045	0.247975074
3.914795475	1.527038124	0.476967347	0.246746911
3.916672175	1.513095947	0.476287297	0.245476887
3.918548874	1.499657957	0.475873703	0.244086652
3.920425574	1.486031571	0.475177475	0.242699241
3.922302274	1.472112506	0.474352532	0.241256479
3.924178973	1.458515782	0.473632141	0.239714865
3.926055673	1.444521016	0.472565128	0.238188402
3.927932373	1.430689423	0.471502966	0.236594937
3.929809072	1.416999615	0.470418482	0.234937011
3.931685772	1.402784191	0.469005936	0.2333013
3.933562471	1.38907889	0.467722676	0.231546234
3.935439171	1.375214977	0.466305471	0.229814413
3.937315871	1.36107163	0.464653477	0.228046322
3.93919257	1.347400641	0.463162468	0.226203737
3.94106927	1.3335388	0.461451431	0.224373688
3.94294597	1.319609293	0.459617463	0.222510662
3.944822669	1.305998991	0.457838433	0.220570055
3.946699369	1.292022413	0.455758869	0.218642538
3.948576069	1.278259777	0.453658834	0.21662942
3.950452768	1.264695498	0.451560913	0.214590975
3.952329468	1.250657823	0.449067607	0.212529869
3.954206168	1.237050703	0.446687854	0.210401656
3.956082867	1.223513404	0.444239624	0.208243826
3.957959567	1.209423343	0.441411637	0.206063307
3.959836267	1.19592951	0.438742595	0.203810086
3.961712966	1.182112735	0.435832298	0.201587852
3.963589666	1.168376432	0.432821743	0.199308887
3.965466366	1.154821518	0.429789195	0.196972892
3.967343065	1.140858854	0.426463594	0.194666279
3.969219765	1.127372864	0.423253602	0.192297166
3.971096465	1.113644675	0.419836303	0.189936926
3.972973164	1.100049539	0.4163752	0.187577857
3.974849864	1.086732028	0.412949602	0.185183157
3.976726563	1.0731421	0.409302924	0.18282968
3.978603263	1.059903919	0.405733909	0.180426416
3.980479963	1.046648322	0.40206637	0.178050695
3.982356662	1.03336927	0.398273843	0.175685688
3.984233362	1.020458381	0.394564386	0.173291391
3.986110062	1.007498186	0.390768145	0.170947673
3.987986761	0.994689132	0.386959337	0.168594339
3.989863461	0.982068915	0.383149285	0.166257145
3.991740161	0.969431198	0.379232054	0.163949505
3.99361686	0.956954175	0.375323461	0.16162447
3.99549356	0.944625993	0.371391667	0.159344814
3.99737026	0.93232948	0.367417519	0.157082568
3.999246959	0.920271405	0.363452082	0.154845841
4.001123659	0.908268484	0.359414977	0.152632594
4.003000359	0.896443656	0.355412837	0.150459732
4.004877058	0.884803248	0.351391698	0.148316326
4.006753758	0.873314634	0.347392052	0.146229647
4.008630458	0.862053	0.34342793	0.144182768
4.010507157	0.850956208	0.339480954	0.142185417
4.012383857	0.840017354	0.335538299	0.140228525
4.014260557	0.82929414	0.331638561	0.138328646
4.016137256	0.818803291	0.327797081	0.136510994
4.018013956	0.808478216	0.323962736	0.13473676
4.019890655	0.798375926	0.320160147	0.133024014
4.021767355	0.788502704	0.316406498	0.131371614
4.023644055	0.778856798	0.312696934	0.12978313
4.025520754	0.769465583	0.30905124	0.12826964
4.027397454	0.760328854	0.305472983	0.126834317
4.029274154	0.751406186	0.30193376	0.125464788
4.031150853	0.742730978	0.298451432	0.124169752
4.033027553	0.734268614	0.295006308	0.122940606
4.034904253	0.726053482	0.291631099	0.121801964
4.036780952	0.718080288	0.288301604	0.12072145
4.038657652	0.710384464	0.285033376	0.119717971
4.040534352	0.702923649	0.281831949	0.118786461
4.042411051	0.695705	0.278681149	0.11793043
4.044287751	0.688774896	0.27560966	0.117163652
4.046164451	0.682075941	0.272604064	0.116476582
4.04804115	0.675608701	0.269641517	0.115863036
4.04991785	0.669411626	0.266754853	0.115334072
4.05179455	0.663464579	0.263912569	0.114865418
4.053671249	0.657791789	0.261167157	0.114485582
4.055547949	0.652373984	0.258482947	0.114185924
4.057424649	0.647233967	0.255877215	0.11397814
4.059301348	0.642313083	0.25332572	0.113836728
4.061178048	0.637624919	0.250826211	0.113769537
4.063054747	0.63317857	0.248400997	0.113776898
4.064931447	0.628938599	0.246021654	0.11383937
4.066808147	0.624936193	0.243699651	0.113965752
4.068684846	0.621168211	0.241462309	0.114172755
4.070561546	0.617579772	0.239255395	0.114433651
4.072438246	0.614165765	0.237078406	0.114730621
4.074314945	0.610902341	0.23494809	0.115063947
4.076191645	0.607838424	0.232858651	0.115442481
4.078068345	0.604925348	0.230802491	0.115846454
4.079945044	0.602116505	0.228771032	0.116274753
4.081821744	0.599375143	0.226732418	0.116705842
4.083698444	0.596770073	0.224733307	0.117159816
4.085575143	0.594218284	0.222738043	0.117605124
4.087451843	0.591785081	0.220773912	0.118070557
4.089328543	0.58936584	0.218804056	0.118512296
4.091205242	0.586944352	0.216828678	0.11893473
4.093081942	0.584498609	0.214825142	0.119322241
4.094958642	0.582053931	0.212814438	0.119659754
4.096835341	0.579532325	0.210770348	0.11994339
4.098712041	0.577029897	0.208716988	0.120190446
4.100588741	0.574469908	0.206650525	0.120377572
4.10246544	0.57181011	0.204549127	0.120484173
4.10434214	0.569027856	0.20240886	0.120533921
4.10621884	0.566106197	0.200237953	0.120501011
4.108095539	0.562970389	0.198009346	0.12036678
4.109972239	0.559667908	0.19573295	0.120136709
4.111848938	0.556201814	0.193407096	0.119815708
4.113725638	0.552518709	0.191011579	0.119378728
4.115602338	0.548615663	0.188541708	0.118821718
4.117479037	0.544606465	0.186045379	0.11817384
4.119355737	0.540347871	0.183477307	0.117405171
4.121232437	0.535828105	0.18083392	0.116499605
4.123109136	0.531187928	0.178157769	0.115497684
4.124985836	0.526310216	0.175413925	0.114361686
4.126862536	0.521069311	0.172588246	0.113078878
4.128739235	0.515625158	0.169704935	0.111672649
4.130615935	0.509975282	0.166785268	0.1101616
4.132492635	0.503895749	0.16378159	0.108484499
4.134369334	0.497721477	0.160783081	0.106729165
4.136246034	0.49124801	0.157737304	0.104845659
4.138122734	0.484529077	0.154662799	0.102865066
4.139999433	0.477725813	0.151590708	0.100821772
4.141876133	0.470668964	0.148480307	0.098663088
4.143752833	0.46345279	0.145352276	0.096431004
4.145629532	0.455985947	0.142184883	0.094078551
4.147506232	0.448293717	0.13898869	0.09162335
4.149382932	0.440415806	0.135763118	0.089073941
4.151259631	0.4323792	0.132524399	0.086459824
4.153136331	0.424270251	0.129292179	0.083785646
4.15501303	0.416031057	0.126060083	0.081041833
4.15688973	0.407769459	0.122858439	0.07826379
4.15876643	0.399561758	0.119684059	0.075475956
4.160643129	0.391357682	0.116543937	0.072669374
4.162519829	0.383256445	0.113467326	0.069872043
4.164396529	0.37529157	0.110438317	0.06709742
4.166273228	0.367379985	0.107479445	0.064334858
4.168149928	0.35956449	0.104585711	0.061594648
4.170026628	0.352033113	0.101788363	0.058933633
4.171903327	0.344599435	0.099056632	0.056315939
4.173780027	0.337423881	0.096428469	0.053782705
4.175656727	0.330407668	0.093883993	0.051310427
4.177533426	0.323639696	0.091433982	0.048923365
4.179410126	0.317092118	0.08906653	0.046620814
4.181286826	0.310840328	0.086802583	0.044402848
4.183163525	0.304879454	0.084650691	0.042281864
4.185040225	0.299192504	0.082596055	0.040270306
4.186916925	0.293841838	0.080664898	0.038355526
4.188793624	0.288919141	0.078849763	0.036560798
4.190670324	0.284353586	0.077118791	0.034889525
4.192547024	0.280242254	0.075511079	0.033356418
4.194423723	0.276467146	0.073988797	0.031935675
4.196300423	0.273163254	0.072580825	0.030636654
4.198177122	0.27023839	0.071253311	0.029458036
4.200053822	0.26774223	0.070022724	0.028401246
4.201930522	0.265708283	0.068892073	0.027479679
4.203807221	0.264091527	0.067841125	0.026672452
4.205683921	0.262906363	0.06687517	0.025994979
4.207560621	0.262170571	0.066001936	0.025437452
4.20943732	0.261877486	0.065204627	0.02499747
4.21131402	0.262012753	0.064478381	0.024677872
4.21319072	0.26258499	0.063825849	0.02447532
4.215067419	0.263555321	0.063240736	0.024372169
4.216944119	0.26492684	0.062719069	0.024378016
4.218820819	0.266656042	0.062252957	0.024483139
4.220697518	0.268754848	0.061848735	0.024690946
4.222574218	0.271259453	0.06150933	0.025009436
4.224450918	0.274102171	0.061213739	0.025416031
4.226327617	0.277301191	0.060969988	0.025915294
4.228204317	0.280795862	0.060769014	0.026488301
4.230081017	0.284545087	0.060591625	0.027135564
4.231957716	0.288688814	0.060471315	0.027874356
4.233834416	0.293102089	0.060381951	0.028683944
4.235711116	0.297747954	0.060315701	0.029552342
4.237587815	0.302678816	0.060281233	0.030490462
4.239464515	0.307875802	0.060277008	0.031496055
4.241341214	0.31334352	0.060309969	0.032570519
4.243217914	0.319010361	0.060352486	0.033680363
4.245094614	0.324900501	0.060421873	0.034853563
4.246971313	0.330956294	0.060518946	0.036068532
4.248848013	0.337235552	0.060665259	0.037327618
4.250724713	0.343692263	0.060840378	0.038616323
4.252601412	0.350222235	0.061010228	0.039891985
4.254478112	0.356831826	0.06118304	0.041162809
4.256354812	0.363494552	0.061346753	0.042414092
4.258231511	0.370253205	0.061514807	0.043651967
4.260108211	0.377078424	0.061684554	0.044879504
4.261984911	0.384001998	0.061866206	0.046110294
4.26386161	0.390958238	0.062038648	0.047319529
4.26573831	0.397959983	0.062213079	0.04851806
4.26761501	0.404983329	0.062378443	0.049694529
4.269491709	0.412021541	0.062547136	0.050851837
4.271368409	0.419065483	0.062712494	0.051985269
4.273245109	0.426132122	0.06287957	0.053107096
4.275121808	0.433225289	0.063041128	0.054210879
4.276998508	0.440336191	0.063203324	0.05529944
4.278875208	0.447449916	0.06336149	0.056368828
4.280751907	0.454569552	0.063516685	0.057418262
4.282628607	0.461682196	0.063670541	0.058448618
4.284505306	0.46876804	0.063825916	0.059450317
4.286382006	0.47583255	0.063977462	0.060430233
4.288258706	0.482885064	0.064129586	0.061389972
4.290135405	0.489912615	0.064275214	0.062321268
4.292012105	0.496924333	0.064421059	0.063230382
4.293888805	0.503905883	0.064554735	0.064108244
4.295765504	0.510827346	0.064673616	0.064945884
4.297642204	0.517691332	0.064778887	0.065749206
4.299518904	0.524500258	0.06487046	0.066508635
4.301395603	0.531262826	0.064950282	0.067231702
4.303272303	0.537943894	0.065019187	0.06788908
4.305149003	0.544537194	0.065073865	0.06848604
4.307025702	0.551073615	0.065104348	0.069060073
4.308902402	0.55754487	0.065129746	0.069601625
4.310779102	0.563950756	0.065146769	0.070096546
4.312655801	0.570302505	0.06515348	0.070553439
4.314532501	0.576589426	0.065147452	0.070974347
4.316409201	0.582825988	0.065139594	0.071366823
4.3182859	0.589034946	0.065130684	0.071737781
4.3201626	0.595229961	0.065117569	0.072093491
4.3220393	0.601430176	0.065107679	0.072437476
4.323915999	0.607638979	0.065106009	0.072776094
4.325792699	0.613867033	0.065117729	0.073121009
4.327669398	0.620130311	0.065151804	0.07349697
4.329546098	0.626523371	0.065258502	0.073937052
4.331422798	0.633033653	0.065402272	0.074418228
4.333299497	0.639648495	0.065568578	0.074934736
4.335176197	0.646368499	0.065756969	0.075488664
4.337052897	0.653203564	0.065969157	0.076081809
4.338929596	0.660199324	0.066214172	0.07672698
4.340806296	0.667363161	0.066489353	0.077428642
4.342682996	0.674694706	0.066803029	0.078185559
4.344559695	0.682170085	0.06715193	0.078988533
4.346436395	0.689750985	0.067528145	0.079827487
4.348313095	0.697444097	0.067924221	0.080698363
4.350189794	0.705277343	0.068353719	0.081615058
4.352066494	0.713258369	0.06881963	0.082575961
4.353943194	0.721366909	0.069313082	0.083565189
4.355819893	0.729577955	0.069827429	0.084575249
4.357696593	0.737848744	0.070350104	0.085584846
4.359573293	0.746140684	0.070870759	0.086585244
4.361449992	0.754450167	0.071398253	0.087572287
4.363326692	0.762774569	0.071938896	0.088535956
4.365203392	0.771083819	0.072487801	0.089460614
4.367080091	0.779351583	0.073031688	0.090333934
4.368956791	0.787549806	0.073557205	0.091143349
4.37083349	0.795640003	0.074052735	0.091874897
4.37271019	0.803608353	0.074515252	0.092521833
4.37458689	0.811444863	0.074954348	0.093077586
4.376463589	0.819171923	0.075383318	0.093540401
4.378340289	0.826799604	0.075803669	0.09391936
4.380216989	0.834331731	0.076208538	0.094217996
4.382093688	0.841754733	0.076587951	0.09443388
4.383970388	0.849083112	0.076937517	0.094572624
4.385847088	0.856311904	0.077269814	0.094642839
4.387723787	0.863494153	0.077590083	0.094663543
4.389600487	0.870652872	0.077922991	0.094657929
4.391477187	0.877869507	0.078285671	0.094651782
4.393353886	0.885164977	0.07868931	0.094664558
4.395230586	0.892583585	0.079128243	0.094710845
4.397107286	0.900153458	0.079614995	0.094811514
4.398983985	0.907888507	0.080149943	0.094974168
4.400860685	0.915805631	0.080732156	0.09521574
4.402737385	0.923952828	0.08137308	0.095551729
4.404614084	0.932387029	0.082087633	0.096004397
4.406490784	0.9411563	0.082893188	0.0965926
4.408367484	0.950250038	0.083787802	0.097309629
4.410244183	0.959635792	0.084757931	0.098143239
4.412120883	0.969278794	0.085787156	0.099083839
4.413997583	0.979199164	0.086899826	0.100155842
4.415874282	0.98933736	0.088116054	0.101346517
4.417750982	0.999706987	0.089421126	0.102636564
4.419627681	1.010265194	0.090786349	0.104005866
4.421504381	1.020971245	0.092196596	0.105428791
4.423381081	1.031820455	0.093659626	0.106894862
4.42525778	1.042787983	0.095153232	0.108385351
4.42713448	1.053822144	0.096662645	0.10988096
4.42901118	1.064898586	0.098188215	0.111362288
4.430887879	1.075970695	0.099719298	0.112815971
4.432764579	1.087023881	0.101253146	0.114233403
4.434641279	1.098051225	0.102775787	0.115609668
4.436517978	1.109018293	0.104286179	0.116920417
4.438394678	1.119891028	0.10577697	0.118154028
4.440271378	1.130633662	0.107236597	0.119304383
4.442148077	1.141194229	0.10864809	0.120365779
4.444024777	1.151536046	0.110017378	0.121299954
4.445901477	1.161668471	0.111343061	0.122115064
4.447778176	1.171590682	0.112624382	0.122810578
4.449654876	1.181310809	0.113863228	0.123387447
4.451531576	1.190842084	0.115064027	0.123849688
4.453408275	1.200204108	0.116222444	0.124203445
4.455284975	1.209345816	0.117333365	0.124430478
4.457161675	1.218283516	0.118395219	0.124537958
4.459038374	1.227000861	0.119407122	0.124527198
4.460915074	1.235534824	0.120381012	0.124418476
4.462791773	1.243933333	0.121330178	0.124232945
4.464668473	1.252237724	0.12226746	0.123985788
4.466545173	1.260495025	0.123198753	0.123699118
4.468421872	1.268754001	0.124137584	0.123397929
4.470298572	1.277077821	0.125101545	0.123105792
4.472175272	1.285497967	0.12610026	0.12284148
4.474051971	1.294075375	0.127153935	0.122631699
4.475928671	1.302862256	0.128273557	0.122499508
4.477805371	1.311872183	0.129469536	0.12245457
4.47968207	1.321100606	0.130736107	0.122499807
4.48155877	1.330569691	0.132084503	0.122650177
4.48343547	1.340281004	0.133520216	0.122909072
4.485312169	1.35024676	0.135044873	0.123285543
4.487188869	1.360507908	0.136676067	0.123790569
4.489065569	1.371058233	0.138404099	0.124423108
4.490942268	1.381888867	0.140229153	0.125180185
4.492818968	1.392970653	0.142140929	0.12604615
4.494695668	1.404299044	0.144141061	0.12701729
4.496572367	1.415854999	0.14622699	0.128080162
4.498449067	1.427608652	0.148382206	0.129227912
4.500325767	1.43951044	0.150605257	0.130440824
4.502202466	1.451522356	0.152880234	0.131700394
4.504079166	1.463607667	0.155195544	0.132988582
4.505955865	1.475733147	0.157538128	0.134291973
4.507832565	1.487875076	0.159892944	0.135598663
4.509709265	1.500009106	0.162256035	0.136896607
4.511585964	1.512105205	0.16462018	0.138169065
4.513462664	1.524112855	0.166976866	0.13939506
4.515339364	1.53601071	0.169315476	0.140568311
4.517216063	1.547762476	0.171623368	0.141679966
4.519092763	1.559375289	0.173923852	0.14273595
4.520969463	1.570857185	0.176192175	0.143721912
4.522846162	1.58217866	0.178415531	0.144621954
4.524722862	1.593330321	0.180577949	0.145431908
4.526599562	1.604310096	0.182683978	0.14616053
4.528476261	1.615132649	0.184742527	0.146806319
4.530352961	1.625788952	0.186751564	0.147367014
4.532229661	1.636315087	0.188727188	0.147856316
4.53410636	1.646716497	0.190667585	0.148282216
4.53598306	1.656996681	0.192571586	0.148650682
4.53785976	1.667167469	0.194447399	0.148966514
4.539736459	1.6772416	0.196303635	0.149238624
4.541613159	1.687247515	0.198144158	0.149483369
4.543489859	1.697200275	0.19997735	0.149712104
4.545366558	1.707111795	0.201820665	0.149934617
4.547243258	1.716988213	0.203665997	0.150143389
4.549119957	1.72685133	0.205515498	0.15033643
4.550996657	1.736715958	0.207366901	0.150523212
4.552873357	1.746590936	0.209223197	0.150711007
4.554750056	1.756469827	0.211086257	0.150896905
4.556626756	1.766348316	0.212953732	0.151085212
4.558503456	1.776240229	0.214843639	0.151285591
4.560380155	1.786159684	0.216750169	0.151504543
4.562256855	1.796101205	0.218680303	0.151743372
4.564133555	1.806073416	0.220653348	0.152013052
4.566010254	1.816075995	0.222654606	0.152300872
4.567886954	1.826088677	0.224671594	0.152597197
4.569763654	1.836107197	0.226694611	0.152902275
4.571640353	1.846133072	0.228726376	0.153213812
4.573517053	1.856156529	0.230769699	0.153531932
4.575393753	1.866171948	0.232817988	0.153853957
4.577270452	1.876154925	0.2348757	0.154176747
4.579147152	1.886126502	0.236964179	0.154516454
4.581023852	1.896088383	0.239068944	0.154865728
4.582900551	1.906027694	0.241180269	0.155211905
4.584777251	1.915924971	0.243281745	0.155548589
4.586653951	1.925779988	0.24538819	0.15588079
4.58853065	1.935584496	0.247504394	0.1562129
4.59040735	1.945354854	0.249636301	0.15654917
4.592284049	1.95508064	0.251766319	0.156874269
4.594160749	1.964736642	0.253893101	0.157192238
4.596037449	1.974351031	0.25602414	0.157511452
4.597914148	1.983931826	0.258168169	0.157827476
4.599790848	1.993474947	0.260319397	0.158138687
4.601667548	2.002992789	0.262498884	0.158445223
4.603544247	2.012465124	0.264692385	0.158741508
4.605420947	2.021847929	0.266931305	0.159053041
4.607297647	2.031190926	0.269524114	0.159511258
4.609174346	2.040812576	0.272586121	0.160142069
4.611051046	2.050499079	0.275820645	0.160821672
4.612927746	2.05974344	0.278804185	0.16141372
4.614804445	2.068407073	0.281500485	0.161883461
4.616681145	2.076753891	0.284036232	0.162262201
4.618557845	2.084773285	0.2864184	0.162594365
4.620434544	2.092720599	0.28873536	0.162908152
4.622311244	2.100559437	0.290954465	0.163221625
4.624187944	2.108329046	0.293097584	0.163531309
4.626064643	2.116118423	0.295163855	0.163843643
4.627941343	2.123795715	0.297199102	0.164190267
4.629818043	2.13156234	0.299210917	0.164534106
4.631694742	2.13927573	0.301175187	0.164905839
4.633571442	2.146941027	0.303117775	0.165291586
4.635448141	2.15462199	0.305048589	0.165681763
4.637324841	2.162274198	0.306974242	0.166108548
4.639201541	2.170008273	0.308957874	0.166550054
4.64107824	2.177710006	0.310934795	0.167020936
4.64295494	2.185348159	0.312904341	0.167515647
4.64483164	2.192961371	0.314866537	0.168021241
4.646708339	2.200425513	0.316793569	0.168556383
4.648585039	2.207957834	0.318760569	0.16909724
4.650461739	2.21544984	0.320734302	0.169664511
4.652338438	2.222879023	0.322735086	0.170268068
4.654215138	2.230411549	0.324808757	0.170893996
4.656091838	2.237778039	0.326868485	0.171576842
4.657968537	2.245149819	0.328948466	0.172262294
4.659845237	2.252333523	0.330970795	0.172988093
4.661721937	2.259535048	0.333048631	0.173733202
4.663598636	2.266725915	0.335111409	0.174500204
4.665475336	2.27371926	0.337186497	0.175313845
4.667352036	2.280912237	0.339349772	0.17614308
4.669228735	2.287836785	0.341473818	0.177036469
4.671105435	2.294915834	0.343747378	0.177947575
4.672982135	2.301764522	0.345909039	0.17890769
4.674858834	2.308534791	0.348144551	0.179897174
4.676735534	2.315325272	0.35038653	0.180918023
4.678612233	2.32180638	0.352534601	0.182006761
4.680488933	2.328578386	0.354883376	0.183111126
4.682365633	2.335017202	0.357062267	0.184292672
4.684242332	2.341521929	0.359420528	0.185513349
4.686119032	2.348159507	0.361839796	0.186780807
4.687995732	2.354370695	0.36418563	0.188153332
4.689872431	2.361093256	0.366831554	0.18953566
4.691749131	2.367157873	0.369153494	0.191040322
4.693625831	2.373453146	0.371750165	0.192571752
4.69550253	2.379864679	0.374395473	0.194157194
4.69737923	2.385614597	0.376762179	0.195852066
4.69925593	2.392027969	0.379582141	0.197552486
4.701132629	2.398123867	0.382242914	0.199371046
4.703009329	2.403806413	0.384791992	0.201249331
4.704886029	2.41008686	0.387719864	0.203108867
4.706762728	2.415720996	0.390341228	0.205144205
4.708639428	2.421703795	0.393308366	0.207222107
4.710516128	2.427421171	0.39616014	0.209252604
4.712392827	2.432942134	0.398993823	0.211526034
4.714269527	2.438664609	0.402065395	0.213699735
4.716146227	2.444214012	0.405050767	0.215925455
4.718022926	2.449223567	0.40782554	0.218358267
4.719899626	2.4542309	0.410722363	0.22059556
4.721776325	2.459506709	0.413728059	0.222920443
4.723653025	2.463912099	0.416356315	0.225416751
4.725529725	2.468987299	0.419458779	0.227849767
4.727406424	2.473939108	0.422516313	0.230238943
4.729283124	2.477694308	0.425006289	0.232697948
4.731159824	2.482043919	0.427988154	0.235135721
4.733036523	2.486368592	0.431002785	0.237539852
4.734913223	2.490278314	0.433734151	0.240108599
4.736789923	2.493745625	0.436581316	0.242524576
4.738666622	2.497297183	0.439465534	0.244920771
4.740543322	2.500117913	0.441904138	0.247364152
4.742420022	2.503048381	0.444762217	0.249733976
4.744296721	2.50585595	0.44742035	0.252101186
4.746173421	2.507670263	0.449673286	0.254454221
4.748050121	2.509969507	0.452394145	0.256689086
4.74992682	2.511911359	0.454855949	0.25894722
4.75180352	2.512499443	0.45677939	0.261178896
4.75368022	2.513662713	0.458983507	0.263270498
4.755556919	2.514468297	0.460995498	0.265324675
4.757433619	2.514325002	0.462495905	0.26729592
4.759310319	2.514480736	0.464418798	0.269184068
4.761187018	2.514442185	0.466197435	0.271043728
4.763063718	2.51332663	0.467351891	0.272804535
4.764940418	2.512398759	0.468856366	0.274460005
4.766817117	2.511290612	0.470356913	0.276051273
4.768693817	2.509298055	0.471232179	0.277554146
4.770570516	2.507268879	0.47237373	0.278945965
4.772447216	2.50509848	0.473576074	0.280263395
4.774323916	2.502145142	0.474198221	0.281545055
4.776200615	2.498911379	0.47503257	0.28267449
4.778077315	2.495648376	0.475909661	0.283732507
4.779954015	2.491704468	0.476255542	0.284783694
4.781830714	2.487245361	0.476749011	0.285627673
4.783707414	2.482934726	0.477338115	0.286439822
4.785584114	2.47760514	0.477307102	0.287203699
4.787460813	2.47226174	0.477588361	0.287833104
4.789337513	2.467093456	0.478081699	0.288413531
4.791214213	2.460522227	0.477751071	0.288982438
4.793090912	2.454006475	0.477649103	0.289362341
4.794967612	2.447713516	0.477824149	0.289700177
4.796844312	2.440227284	0.477271067	0.290036045
4.798721011	2.432677776	0.47683029	0.290220338
4.800597711	2.42538296	0.476760714	0.290316615
4.802474411	2.41701887	0.47609024	0.290435104
4.80435111	2.408301688	0.475270082	0.290419429
4.80622781	2.400126795	0.47500647	0.290277494
4.80810451	2.391025273	0.474397347	0.290175129
4.809981209	2.381447348	0.473363103	0.289971735
4.811857909	2.372122825	0.472846659	0.289628748
4.813734608	2.362522974	0.472325069	0.289282959
4.815611308	2.352087395	0.471310935	0.28890706
4.817488008	2.341696951	0.470707661	0.288422037
4.819364707	2.331440001	0.470290767	0.287900034
4.821241407	2.320093027	0.469295686	0.28737047
4.823118107	2.308775727	0.46863219	0.286698499
4.824994806	2.297719056	0.468218574	0.285994072
4.826871506	2.285410776	0.467140398	0.285312962
4.828748206	2.273239918	0.466413868	0.284486907
4.830624905	2.261349395	0.46597332	0.283628625
4.832501605	2.248494609	0.464906187	0.282866878
4.834378305	2.235593245	0.464147691	0.281950666
4.836255004	2.223220182	0.463836898	0.281075174
4.838131704	2.209820343	0.462804607	0.280206562
4.840008404	2.196531554	0.462173794	0.279318563
4.841885103	2.183741698	0.461957813	0.278393474
4.843761803	2.170103864	0.461202427	0.277570581
4.845638503	2.156457536	0.460677332	0.276717603
4.847515202	2.143536585	0.460753535	0.27588119
4.849391902	2.129808841	0.460300442	0.275146582
4.851268602	2.116059915	0.459994722	0.274410123
4.853145301	2.103094693	0.46035573	0.27368587
4.855022001	2.089319091	0.460304921	0.273114049
4.8568987	2.075718943	0.460229378	0.272524798
4.8587754	2.062826516	0.460893684	0.271936047
4.8606521	2.049154381	0.461105072	0.271468522
4.862528799	2.035574768	0.461361214	0.271031818
4.864405499	2.022676457	0.462173511	0.270530266
4.866282199	2.009068839	0.462650498	0.270149702
4.868158898	1.995444524	0.463093487	0.269768636
4.870035598	1.982685921	0.464145697	0.269371992
4.871912298	1.968990729	0.464692767	0.269016397
4.873788997	1.955394043	0.465314529	0.268682632
4.875665697	1.942479837	0.466370286	0.268297511
4.877542397	1.928822918	0.467111782	0.26800254
4.879419096	1.914995787	0.467563592	0.267595925
4.881295796	1.902151392	0.468710185	0.26723605
4.883172496	1.888428099	0.46942854	0.26691684
4.885049195	1.87463955	0.469898524	0.266502139
4.886925895	1.861597784	0.470943786	0.266064705
4.888802595	1.848105014	0.471695093	0.265742137
4.890679294	1.834207283	0.472116616	0.26529259
4.892555994	1.820991128	0.473037012	0.264774081
4.894432694	1.80766005	0.473866236	0.264404667
4.896309393	1.793784296	0.474223551	0.263901482
4.898186093	1.780622608	0.475129417	0.263360759
4.900062792	1.767325367	0.475929345	0.262885067
4.901939492	1.753481699	0.476319241	0.262322206
4.903816192	1.740191263	0.477067944	0.261708642
4.905692891	1.726848605	0.477746941	0.261121913
4.907569591	1.713105409	0.478174352	0.260513538
4.909446291	1.699844503	0.478820399	0.259812174
4.91132299	1.686176396	0.4791839	0.259119415
4.91319969	1.672469346	0.479570795	0.258407363
4.91507639	1.659187187	0.480084416	0.257603099
4.916953089	1.645293628	0.480193244	0.256820073
4.918829789	1.631719713	0.48050618	0.255972909
4.920706489	1.618074048	0.480770169	0.255072558
4.922583188	1.604325154	0.480696954	0.254149479
4.924459888	1.59090618	0.480865243	0.253150596
4.926336588	1.577238972	0.480788688	0.252113311
4.928213287	1.563241775	0.480447562	0.251006709
4.930089987	1.549893542	0.480409597	0.249854071
4.931966687	1.536139772	0.480020514	0.248692315
4.933843386	1.522242643	0.479473168	0.247459501
4.935720086	1.508791318	0.479116963	0.246112696
4.937596786	1.495073682	0.478476934	0.244776728
4.939473485	1.481149888	0.477690059	0.243378772
4.941350185	1.467557603	0.477054338	0.241875241
4.943226884	1.453639057	0.476056352	0.240360124
4.945103584	1.439912649	0.475084019	0.23879838
4.946980284	1.426226265	0.474086654	0.237167689
4.948856983	1.412100912	0.472755424	0.235527862
4.950733683	1.398485292	0.471555683	0.233810299
4.952610383	1.3845786	0.47016978	0.232066652
4.954487082	1.370474961	0.468586704	0.230301173
4.956363782	1.356789505	0.467131794	0.228454206
4.958240482	1.342788035	0.465410475	0.226603191
4.960117181	1.328887988	0.463666937	0.224745016
4.961993881	1.315249819	0.461934749	0.22280847
4.963870581	1.301191426	0.459927772	0.220887344
4.96574728	1.287475577	0.457942384	0.218889528
4.96762398	1.2737967	0.455906623	0.216880553
4.96950068	1.259720969	0.45354689	0.214852958
4.971377379	1.246178137	0.451349652	0.212761404
4.973254079	1.232553408	0.449004362	0.210666308
4.975130779	1.218476946	0.446312229	0.208526574
4.977007478	1.205049409	0.443841439	0.206343856
4.978884178	1.191206116	0.441076064	0.204157181
4.980760878	1.177582647	0.438287732	0.201947657
4.982637577	1.164108343	0.435469432	0.199677515
4.984514277	1.150230958	0.43234775	0.197435379
4.986390976	1.136794372	0.429323213	0.195115183
4.988267676	1.123069591	0.426067968	0.192802738
4.990144376	1.109526949	0.422784317	0.190490475
4.992021075	1.096184256	0.419482097	0.188127445
4.993897775	1.082588798	0.415971417	0.185814994
4.995774475	1.069321079	0.412498289	0.183430812
4.997651174	1.05596327	0.40890223	0.181068193
4.999527874	1.042690794	0.405246651	0.178715564
5.001404574	1.029715756	0.401606	0.176337337
5.003281273	1.016544556	0.397771172	0.17398664
5.005157973	1.003631839	0.393976784	0.171605169
5.007034673	0.990850944	0.390129814	0.169231815
5.008911372	0.978074467	0.386235699	0.166906742
5.010788072	0.965560631	0.382363389	0.164566425
5.012664772	0.953082559	0.378423057	0.162255223
5.014541471	0.94065227	0.37442909	0.159953544
5.016418171	0.928423267	0.370432791	0.157667751
5.018294871	0.916264413	0.366390944	0.155420414
5.02017157	0.904277753	0.362353625	0.153194073
5.02204827	0.892427805	0.358274381	0.150987823
5.02392497	0.880694673	0.354195046	0.148833156
5.025801669	0.869194843	0.350129585	0.146703767
5.027678369	0.857855467	0.346075169	0.144633379
5.029555068	0.846709127	0.342063161	0.142599567
5.031431768	0.835742357	0.338050736	0.140598922
5.033308468	0.824978544	0.334080219	0.138677047
5.035185167	0.814434777	0.330163701	0.136822841
5.037061867	0.804073714	0.326241299	0.134997938
5.038938567	0.793925808	0.322380291	0.133257333
5.040815266	0.78399567	0.318540502	0.131561138
5.042691966	0.774327083	0.314767605	0.129944778
5.044568666	0.764888801	0.31106391	0.12840034
5.046445365	0.755698815	0.307398627	0.126916235
5.048322065	0.746770336	0.303797986	0.125515767
5.050198765	0.738047907	0.300240911	0.124178648
5.052075464	0.729559881	0.296733651	0.122918323
5.053952164	0.721305967	0.293263627	0.121722006
5.055828864	0.713277717	0.28985536	0.120606431
5.057705563	0.705545495	0.286528739	0.119574095
5.059582263	0.69805264	0.283253962	0.11860577
5.061458963	0.690822074	0.280039871	0.11771863
5.063335662	0.683861343	0.27690782	0.116919018
5.065212362	0.677182438	0.273859847	0.116217666
5.067089062	0.670677214	0.270833097	0.115558787
