        0.000000        0.000000        0.000000        0.000000        0.000000        0.000000        0.000000
        0.001979       -0.000795       -0.803131     -811.517388        0.000000        0.000000        0.000000
        0.003959       -0.003952       -2.386962     -788.851753        0.000000        0.000000        0.000000
        0.005938       -0.010185       -3.911353     -751.456985        0.000000        0.000000        0.000000
        0.007917       -0.019349       -5.347832     -700.022050        0.000000        0.000000        0.000000
        0.009897       -0.031242       -6.669546     -635.493743        0.000000        0.000000        0.000000
        0.011876       -0.045613       -7.851755     -559.059301        0.000000        0.000000        0.000000
        0.013855       -0.062164       -8.872282     -472.124615        0.000000        0.000000        0.000000
        0.015835       -0.080556       -9.711927     -376.288409        0.000000        0.000000        0.000000
        0.017814       -0.100416      -10.354816     -273.312900        0.000000        0.000000        0.000000
        0.019793       -0.121341      -10.788689     -165.091438        0.000000        0.000000        0.000000
        0.021773       -0.142909      -11.005134      -53.613751        0.000000        0.000000        0.000000
        0.023752       -0.164687      -10.999734       59.070587        0.000000        0.000000        0.000000
        0.025731       -0.186234      -10.772150      170.889779        0.000000        0.000000        0.000000
        0.027711       -0.207114      -10.326130      279.787846        0.000000        0.000000        0.000000
        0.029690       -0.226903       -9.669437      383.762367        0.000000        0.000000        0.000000
        0.031669       -0.245195       -8.813709      480.901243        0.000000        0.000000        0.000000
        0.033649       -0.261612       -7.774244      569.417802        0.000000        0.000000        0.000000
        0.035628       -0.275807       -6.569720      647.683599        0.000000        0.000000        0.000000
        0.037607       -0.287477       -5.221853      714.258311        0.000000        0.000000        0.000000
        0.039587       -0.296361       -3.754995      767.916182        0.000000        0.000000        0.000000
        0.041566       -0.302250       -2.195693      807.668525        0.000000        0.000000        0.000000
        0.043545       -0.304990       -0.572195      832.781876        0.000000        0.000000        0.000000
        0.045525       -0.304481        1.086062      842.791457        0.000000        0.000000        0.000000
        0.047504       -0.300686        2.748999      837.509713        0.000000        0.000000        0.000000
        0.049483       -0.293624        4.386440      817.029753        0.000000        0.000000        0.000000
        0.051463       -0.283376        5.968672      781.723646        0.000000        0.000000        0.000000
        0.053442       -0.270079        7.466985      732.235587        0.000000        0.000000        0.000000
        0.055421       -0.253927        8.854206      669.470075        0.000000        0.000000        0.000000
        0.057401       -0.235163       10.105188      594.575309        0.000000        0.000000        0.000000
        0.059380       -0.214081       11.197282      508.922109        0.000000        0.000000        0.000000
        0.061359       -0.191014       12.110744      414.078753        0.000000        0.000000        0.000000
        0.063339       -0.166331       12.829104      311.782187        0.000000        0.000000        0.000000
        0.065318       -0.140433       13.339463      203.906139        0.000000        0.000000        0.000000
        0.067297       -0.113740       13.632734       92.426719        0.000000        0.000000        0.000000
        0.069277       -0.086686       13.703804      -20.613849        0.000000        0.000000        0.000000
        0.071256       -0.059712       13.551635     -133.144729        0.000000        0.000000        0.000000
        0.073235       -0.033257       13.179274     -243.104477        0.000000        0.000000        0.000000
        0.075215       -0.007751       12.593804     -348.478893        0.000000        0.000000        0.000000
        0.077194        0.016397       11.806211     -447.337992        0.000000        0.000000        0.000000
        0.079173        0.038801       10.831183     -537.871433        0.000000        0.000000        0.000000
        0.081153        0.059107        9.686839     -618.421758        0.000000        0.000000        0.000000
        0.083132        0.077001        8.394398     -687.514811        0.000000        0.000000        0.000000
        0.085111        0.092214        6.977789     -743.886804        0.000000        0.000000        0.000000
        0.087091        0.104527        5.463210     -786.507517        0.000000        0.000000        0.000000
        0.089070        0.113772        3.878650     -814.599206        0.000000        0.000000        0.000000
        0.091049        0.119841        2.253371     -827.650882        0.000000        0.000000        0.000000
        0.093029        0.122682        0.617375     -825.427692        0.000000        0.000000        0.000000
        0.095008        0.122304       -0.999148     -807.975225        0.000000        0.000000        0.000000
        0.096987        0.118775       -2.566376     -775.618675        0.000000        0.000000        0.000000
        0.098967        0.112222       -4.055403     -728.956872        0.000000        0.000000        0.000000
        0.100946        0.102826       -5.438766     -668.851285        0.000000        0.000000        0.000000
        0.102925        0.090822       -6.690952     -596.410204        0.000000        0.000000        0.000000
        0.104905        0.076491       -7.788867     -512.968396        0.000000        0.000000        0.000000
        0.106884        0.060161       -8.712255     -420.062596        0.000000        0.000000        0.000000
        0.108863        0.042192       -9.444080     -319.403297        0.000000        0.000000        0.000000
        0.110843        0.022978       -9.970826     -212.843343        0.000000        0.000000        0.000000
        0.112822        0.002934      -10.282756     -102.343918        0.000000        0.000000        0.000000
        0.114801       -0.017510      -10.374085       10.061467        0.000000        0.000000        0.000000
        0.116781       -0.037914      -10.243087      122.304298        0.000000        0.000000        0.000000
        0.118760       -0.057841       -9.892128      232.319041        0.000000        0.000000        0.000000
        0.120739       -0.076862       -9.327623      338.081060        0.000000        0.000000        0.000000
        0.122719       -0.094565       -8.559914      437.643787        0.000000        0.000000        0.000000
        0.124698       -0.110561       -7.603087      529.174461        0.000000        0.000000        0.000000
        0.126677       -0.124493       -6.474708      610.987773        0.000000        0.000000        0.000000
        0.128657       -0.136043       -5.195501      681.576809        0.000000        0.000000        0.000000
        0.130636       -0.144934       -3.788970      739.640714        0.000000        0.000000        0.000000
        0.132615       -0.150942       -2.280968      784.108577        0.000000        0.000000        0.000000
        0.134595       -0.153891       -0.699217      814.159091        0.000000        0.000000        0.000000
        0.136574       -0.153665        0.927195      829.235633        0.000000        0.000000        0.000000
        0.138553       -0.150206        2.568350      829.056482        0.000000        0.000000        0.000000
        0.140533       -0.143513        4.194051      813.619997        0.000000        0.000000        0.000000
        0.142512       -0.133648        5.774373      783.204644        0.000000        0.000000        0.000000
        0.144491       -0.120728        7.280218      738.363886        0.000000        0.000000        0.000000
        0.146471       -0.104929        8.683841      679.916029        0.000000        0.000000        0.000000
        0.148450       -0.086479        9.959367      608.929193        0.000000        0.000000        0.000000
        0.150429       -0.065654       11.083262      526.701711        0.000000        0.000000        0.000000
        0.152409       -0.042774       12.034766      434.738292        0.000000        0.000000        0.000000
        0.154388       -0.018200       12.796275      334.722401        0.000000        0.000000        0.000000
        0.156367        0.007680       13.353663      228.485353        0.000000        0.000000        0.000000
        0.158347        0.034450       13.696541      117.972696        0.000000        0.000000        0.000000
        0.160326        0.061681       13.818449        5.208496        0.000000        0.000000        0.000000
        0.162305        0.088932       13.716975     -107.741822        0.000000        0.000000        0.000000
        0.164285        0.115762       13.393798     -218.809386        0.000000        0.000000        0.000000
        0.166264        0.141740       12.854659     -325.959860        0.000000        0.000000        0.000000
        0.168243        0.166446       12.109252     -427.230789        0.000000        0.000000        0.000000
        0.170223        0.189485       11.171050     -520.767621        0.000000        0.000000        0.000000
        0.172202        0.210494       10.057057     -604.857758        0.000000        0.000000        0.000000
        0.174181        0.229144        8.787494     -677.961989        0.000000        0.000000        0.000000
        0.176161        0.245150        7.385430     -738.742749        0.000000        0.000000        0.000000
        0.178140        0.258274        5.876357     -786.088672        0.000000        0.000000        0.000000
        0.180119        0.268333        4.287722     -819.134992        0.000000        0.000000        0.000000
        0.182099        0.275198        2.648425     -837.279420        0.000000        0.000000        0.000000
        0.184078        0.278797        0.988287     -840.193193        0.000000        0.000000        0.000000
        0.186057        0.279119       -0.662495     -827.827117        0.000000        0.000000        0.000000
        0.188037        0.276213       -2.273908     -800.412460        0.000000        0.000000        0.000000
        0.190016        0.270186       -3.816668     -758.456713        0.000000        0.000000        0.000000
        0.191995        0.261200       -5.262759     -702.734266        0.000000        0.000000        0.000000
        0.193975        0.249474       -6.585948     -634.272192        0.000000        0.000000        0.000000
        0.195954        0.235274       -7.762269     -554.331393        0.000000        0.000000        0.000000
        0.197933        0.218912       -8.770456     -464.383449        0.000000        0.000000        0.000000
        0.199912        0.200739       -9.592341     -366.083600        0.000000        0.000000        0.000000
        0.201892        0.181138      -10.213182     -261.240358        0.000000        0.000000        0.000000
        0.203871        0.160518      -10.621936     -151.782307        0.000000        0.000000        0.000000
        0.205850        0.139307      -10.811462      -39.722696        0.000000        0.000000        0.000000
        0.207830        0.117940      -10.778650       72.877527        0.000000        0.000000        0.000000
        0.209809        0.096857      -10.524479      183.947543        0.000000        0.000000        0.000000
        0.211788        0.076491      -10.054000      291.444686        0.000000        0.000000        0.000000
        0.213768        0.057261       -9.376240      393.391941        0.000000        0.000000        0.000000
        0.215747        0.039566       -8.504042      487.914243        0.000000        0.000000        0.000000
        0.217726        0.023773       -7.453821      573.272895        0.000000        0.000000        0.000000
        0.219706        0.010215       -6.245270      647.897493        0.000000        0.000000        0.000000
        0.221685       -0.000816       -4.900995      710.414755        0.000000        0.000000        0.000000
        0.223664       -0.009077       -3.446099      759.673735        0.000000        0.000000        0.000000
        0.225644       -0.014375       -1.907722      794.766950        0.000000        0.000000        0.000000
        0.227623       -0.016574       -0.314544      815.047044        0.000000        0.000000        0.000000
        0.229602       -0.015595        1.303743      820.138672        0.000000        0.000000        0.000000
        0.231582       -0.011418        2.916982      809.945389        0.000000        0.000000        0.000000
        0.233561       -0.004083        4.495100      784.651428        0.000000        0.000000        0.000000
        0.235540        0.006312        6.008665      744.718311        0.000000        0.000000        0.000000
        0.237520        0.019612        7.429424      690.876382        0.000000        0.000000        0.000000
        0.239499        0.035605        8.730822      624.111400        0.000000        0.000000        0.000000
        0.241478        0.054032        9.888492      545.646440        0.000000        0.000000        0.000000
        0.243458        0.074586       10.880697      456.919443        0.000000        0.000000        0.000000
        0.245437        0.096922       11.688736      359.556818        0.000000        0.000000        0.000000
        0.247416        0.120661       12.297282      255.343586        0.000000        0.000000        0.000000
        0.249396        0.145394       12.694666      146.190607        0.000000        0.000000        0.000000
        0.251375        0.170698       12.873093       34.099506        0.000000        0.000000        0.000000
        0.253354        0.196134       12.828781      -78.874077        0.000000        0.000000        0.000000
        0.255334        0.221263       12.562034     -190.658221        0.000000        0.000000        0.000000
        0.257313        0.245647       12.077236     -299.202761        0.000000        0.000000        0.000000
        0.259292        0.268865       11.382768     -402.516928        0.000000        0.000000        0.000000
        0.261272        0.290512       10.490858     -498.705890        0.000000        0.000000        0.000000
        0.263251        0.310215        9.417356     -586.005540        0.000000        0.000000        0.000000
        0.265230        0.327632        8.181442     -662.814881        0.000000        0.000000        0.000000
        0.267210        0.342464        6.805271     -727.725418        0.000000        0.000000        0.000000
        0.269189        0.354457        5.313575     -779.547014        0.000000        0.000000        0.000000
        0.271168        0.363410        3.733201     -817.329736        0.000000        0.000000        0.000000
        0.273148        0.369176        2.092621     -840.381297        0.000000        0.000000        0.000000
        0.275127        0.371664        0.421411     -848.279766        0.000000        0.000000        0.000000
        0.277106        0.370844       -1.250294     -840.881308        0.000000        0.000000        0.000000
        0.279086        0.366744       -2.892352     -818.322828        0.000000        0.000000        0.000000
        0.281065        0.359453       -4.475166     -781.019457        0.000000        0.000000        0.000000
        0.283044        0.349115       -5.970231     -729.656930        0.000000        0.000000        0.000000
        0.285024        0.335932       -7.350652     -665.178999        0.000000        0.000000        0.000000
        0.287003        0.320154       -8.591643     -588.770102        0.000000        0.000000        0.000000
        0.288982        0.302080       -9.670976     -501.833624        0.000000        0.000000        0.000000
        0.290962        0.282049      -10.569395     -405.966130        0.000000        0.000000        0.000000
        0.292941        0.260435      -11.270963     -302.928058        0.000000        0.000000        0.000000
        0.294920        0.237638      -11.763361     -194.611395        0.000000        0.000000        0.000000
        0.296900        0.214083      -12.038108      -83.004949        0.000000        0.000000        0.000000
        0.298879        0.190203      -12.090722       29.842166        0.000000        0.000000        0.000000
        0.300858        0.166440      -11.920796      141.858145        0.000000        0.000000        0.000000
        0.302838        0.143230      -11.532011      250.986531        0.000000        0.000000        0.000000
        0.304817        0.120998      -10.932065      355.223963        0.000000        0.000000        0.000000
        0.306796        0.100151      -10.132533      452.656956        0.000000        0.000000        0.000000
        0.308776        0.081069       -9.148653      541.497031        0.000000        0.000000        0.000000
        0.310755        0.064098       -7.999046      620.113546        0.000000        0.000000        0.000000
        0.312734        0.049546       -6.705378      687.063631        0.000000        0.000000        0.000000
        0.314714        0.037672       -5.291954      741.118680        0.000000        0.000000        0.000000
        0.316693        0.028689       -3.785282      781.286901        0.000000        0.000000        0.000000
        0.318672        0.022752       -2.213575      806.831528        0.000000        0.000000        0.000000
        0.320652        0.019961       -0.606243      817.284342        0.000000        0.000000        0.000000
        0.322631        0.020358        1.006653      812.454271        0.000000        0.000000        0.000000
        0.324610        0.023922        2.594953      792.430894        0.000000        0.000000        0.000000
        0.326590        0.030577        4.128949      757.582797        0.000000        0.000000        0.000000
        0.328569        0.040185        5.579931      708.550807        0.000000        0.000000        0.000000
        0.330548        0.052557        6.920718      646.236228        0.000000        0.000000        0.000000
        0.332528        0.067448        8.126151      571.784291        0.000000        0.000000        0.000000
        0.334507        0.084569        9.173561      486.563133        0.000000        0.000000        0.000000
        0.336486        0.103587       10.043183      392.138678        0.000000        0.000000        0.000000
        0.338466        0.124134       10.718515      290.245888        0.000000        0.000000        0.000000
        0.340445        0.145813       11.186630      182.756915        0.000000        0.000000        0.000000
        0.342424        0.168204       11.438405       71.646728        0.000000        0.000000        0.000000
        0.344404        0.190875       11.468692      -41.043142        0.000000        0.000000        0.000000
        0.346383        0.213385       11.276414     -153.242083        0.000000        0.000000        0.000000
        0.348362        0.235297       10.864584     -262.888416        0.000000        0.000000        0.000000
        0.350342        0.256184       10.240248     -367.967242        0.000000        0.000000        0.000000
        0.352321        0.275635        9.414357     -466.547434        0.000000        0.000000        0.000000
        0.354300        0.293267        8.401568     -556.817088        0.000000        0.000000        0.000000
        0.356280        0.308727        7.219973     -637.116790        0.000000        0.000000        0.000000
        0.358259        0.321702        5.890766     -705.970079        0.000000        0.000000        0.000000
        0.360238        0.331924        4.437856     -762.110552        0.000000        0.000000        0.000000
        0.362218        0.339174        2.887430     -804.505115        0.000000        0.000000        0.000000
        0.364197        0.343286        1.267468     -832.372947        0.000000        0.000000        0.000000
        0.366176        0.344151       -0.392768     -845.199840        0.000000        0.000000        0.000000
        0.368156        0.341721       -2.063272     -842.747635        0.000000        0.000000        0.000000
        0.370135        0.336003       -3.713843     -825.058598        0.000000        0.000000        0.000000
        0.372114        0.327068       -5.314641     -792.454643        0.000000        0.000000        0.000000
        0.374094        0.315042       -6.836733     -745.531425        0.000000        0.000000        0.000000
        0.376073        0.300109       -8.252627     -685.147402        0.000000        0.000000        0.000000
        0.378052        0.282503       -9.536773     -612.408082        0.000000        0.000000        0.000000
        0.380032        0.262509      -10.666035     -528.645725        0.000000        0.000000        0.000000
        0.382011        0.240453      -11.620113     -435.394884        0.000000        0.000000        0.000000
        0.383990        0.216699      -12.381918     -334.364241        0.000000        0.000000        0.000000
        0.385970        0.191641      -12.937882     -227.405232        0.000000        0.000000        0.000000
        0.387949        0.165696      -13.278211     -116.478065        0.000000        0.000000        0.000000
        0.389928        0.139296      -13.397064       -3.615732        0.000000        0.000000        0.000000
        0.391908        0.112883      -13.292657      109.113312        0.000000        0.000000        0.000000
        0.393887        0.086894      -12.967298      219.643119        0.000000        0.000000        0.000000
        0.395866        0.061762      -12.427344      325.948177        0.000000        0.000000        0.000000
        0.397846        0.037901      -11.683087      426.080590        0.000000        0.000000        0.000000
        0.399825        0.015701      -10.748559      518.205842        0.000000        0.000000        0.000000
        0.401804       -0.004478       -9.641279      600.636467        0.000000        0.000000        0.000000
        0.403784       -0.022315       -8.381930      671.863034        0.000000        0.000000        0.000000
        0.405763       -0.037532       -6.993978      730.581851        0.000000        0.000000        0.000000
        0.407742       -0.049900       -5.503244      775.718900        0.000000        0.000000        0.000000
        0.409722       -0.059244       -3.937426      806.449553        0.000000        0.000000        0.000000
        0.411701       -0.065442       -2.325593      822.213708        0.000000        0.000000        0.000000
        0.413680       -0.068434       -0.697653      822.726070        0.000000        0.000000        0.000000
        0.415660       -0.068218        0.916203      807.981388        0.000000        0.000000        0.000000
        0.417639       -0.064851        2.486046      778.254551        0.000000        0.000000        0.000000
        0.419618       -0.058449        3.982768      734.095540        0.000000        0.000000        0.000000
        0.421598       -0.049184        5.378607      676.319328        0.000000        0.000000        0.000000
        0.423577       -0.037282        6.647666      605.990920        0.000000        0.000000        0.000000
        0.425556       -0.023017        7.766381      524.405796        0.000000        0.000000        0.000000
        0.427536       -0.006707        8.713958      433.066134        0.000000        0.000000        0.000000
        0.429515        0.011292        9.472754      333.653223        0.000000        0.000000        0.000000
        0.431494        0.030592       10.028599      227.996602        0.000000        0.000000        0.000000
        0.433474        0.050781       10.371060      118.040470        0.000000        0.000000        0.000000
        0.435453        0.071430       10.493629        5.807992        0.000000        0.000000        0.000000
        0.437432        0.092101       10.393843     -106.635843        0.000000        0.000000        0.000000
        0.439412        0.112357       10.073332     -217.222136        0.000000        0.000000        0.000000
        0.441391        0.131765        9.537786     -323.916055        0.000000        0.000000        0.000000
        0.443370        0.149911        8.796853     -424.754198        0.000000        0.000000        0.000000
        0.445350        0.166399        7.863959     -517.880637        0.000000        0.000000        0.000000
        0.447329        0.180868        6.756066     -601.580989        0.000000        0.000000        0.000000
        0.449308        0.192991        5.493357     -674.313892        0.000000        0.000000        0.000000
        0.451288        0.202484        4.098865     -734.739306        0.000000        0.000000        0.000000
        0.453267        0.209112        2.598054     -781.743108        0.000000        0.000000        0.000000
        0.455246        0.212691        1.018349     -814.457554        0.000000        0.000000        0.000000
        0.457226        0.213094       -0.611368     -832.277209        0.000000        0.000000        0.000000
        0.459205        0.210251       -2.261287     -834.870058        0.000000        0.000000        0.000000
        0.461184        0.204152       -3.901216     -822.183612        0.000000        0.000000        0.000000
        0.463164        0.194847       -5.501139     -794.445864        0.000000        0.000000        0.000000
        0.465143        0.182443       -7.031763     -752.161110        0.000000        0.000000        0.000000
        0.467122        0.167107       -8.465059     -696.100692        0.000000        0.000000        0.000000
        0.469102        0.149055       -9.774772     -627.288837        0.000000        0.000000        0.000000
        0.471081        0.128558      -10.936910     -546.983860        0.000000        0.000000        0.000000
        0.473060        0.105927      -11.930177     -456.655058        0.000000        0.000000        0.000000
        0.475040        0.081515      -12.736369     -357.955746        0.000000        0.000000        0.000000
        0.477019        0.055708      -13.340707     -252.692900        0.000000        0.000000        0.000000
        0.478998        0.028915      -13.732107     -142.793989        0.000000        0.000000        0.000000
        0.480978        0.001565      -13.903384      -30.271591        0.000000        0.000000        0.000000
        0.482957       -0.025903      -13.851385       82.813553        0.000000        0.000000        0.000000
        0.484936       -0.053048      -13.577046      194.390368        0.000000        0.000000        0.000000
        0.486916       -0.079435      -13.085374      302.415466        0.000000        0.000000        0.000000
        0.488895       -0.104643      -12.385358      404.910657        0.000000        0.000000        0.000000
        0.490874       -0.128271      -11.489799      499.999265        0.000000        0.000000        0.000000
        0.492854       -0.149950      -10.415082      585.940575        0.000000        0.000000        0.000000
        0.494833       -0.169343       -9.180867      661.161790        0.000000        0.000000        0.000000
        0.496812       -0.186158       -7.809736      724.286906        0.000000        0.000000        0.000000
        0.498792       -0.200149       -6.326772      774.161968        0.000000        0.000000        0.000000
        0.500771       -0.211120       -4.759104      809.876252        0.000000        0.000000        0.000000
        0.502750       -0.218933       -3.135403      830.778987        0.000000        0.000000        0.000000
        0.504730       -0.223506       -1.485363      836.491297        0.000000        0.000000        0.000000
        0.506709       -0.224817        0.160852      826.913156        0.000000        0.000000        0.000000
        0.508688       -0.222903        1.773154      802.225225        0.000000        0.000000        0.000000
        0.510668       -0.217860        3.322091      762.885529        0.000000        0.000000        0.000000
        0.512647       -0.209842        4.779380      709.621052        0.000000        0.000000        0.000000
        0.514626       -0.199057        6.118433      643.414387        0.000000        0.000000        0.000000
        0.516606       -0.185763        7.314840      565.485695        0.000000        0.000000        0.000000
        0.518585       -0.170263        8.346820      477.270305        0.000000        0.000000        0.000000
        0.520564       -0.152902        9.195620      380.392365        0.000000        0.000000        0.000000
        0.522544       -0.134057        9.845857      276.635017        0.000000        0.000000        0.000000
        0.524523       -0.114133       10.285806      167.907668        0.000000        0.000000        0.000000
        0.526502       -0.093555       10.507608       56.210931        0.000000        0.000000        0.000000
        0.528482       -0.072757       10.507421      -56.400104        0.000000        0.000000        0.000000
        0.530461       -0.052179       10.285485     -167.853597        0.000000        0.000000        0.000000
        0.532440       -0.032255        9.846120     -276.098997        0.000000        0.000000        0.000000
        0.534420       -0.013408        9.197648     -379.144687        0.000000        0.000000        0.000000
        0.536399        0.003960        8.352237     -475.094546        0.000000        0.000000        0.000000
        0.538378        0.019476        7.325679     -562.182764        0.000000        0.000000        0.000000
        0.540358        0.032800        6.137101     -638.806254        0.000000        0.000000        0.000000
        0.542337        0.043632        4.808613     -703.554091        0.000000        0.000000        0.000000
        0.544316        0.051721        3.364901     -755.233409        0.000000        0.000000        0.000000
        0.546296        0.056865        1.832775     -792.891305        0.000000        0.000000        0.000000
        0.548275        0.058917        0.240676     -815.832330        0.000000        0.000000        0.000000
        0.550254        0.057788       -1.381845     -823.631263        0.000000        0.000000        0.000000
        0.552234        0.053447       -3.004672     -816.140913        0.000000        0.000000        0.000000
        0.554213        0.045923       -4.597673     -793.494826        0.000000        0.000000        0.000000
        0.556192        0.035305       -6.131259     -756.104833        0.000000        0.000000        0.000000
        0.558172        0.021738       -7.576922     -704.653491        0.000000        0.000000        0.000000
        0.560151        0.005424       -8.907760     -640.081554        0.000000        0.000000        0.000000
        0.562130       -0.013386      -10.098974     -563.570703        0.000000        0.000000        0.000000
        0.564110       -0.034394      -11.128318     -476.521854        0.000000        0.000000        0.000000
        0.566089       -0.057260      -11.976512     -380.529441        0.000000        0.000000        0.000000
        0.568068       -0.081610      -12.627595     -277.352147        0.000000        0.000000        0.000000
        0.570048       -0.107041      -13.069216     -168.880615        0.000000        0.000000        0.000000
        0.572027       -0.133131      -13.292864      -57.102745        0.000000        0.000000        0.000000
        0.574006       -0.159443      -13.294022       55.932800        0.000000        0.000000        0.000000
        0.575986       -0.185537      -13.072251      168.154207        0.000000        0.000000        0.000000
        0.577965       -0.210975      -12.631198      277.504541        0.000000        0.000000        0.000000
        0.579944       -0.235330      -11.978529      381.979511        0.000000        0.000000        0.000000
        0.581924       -0.258196      -11.125790      479.664258        0.000000        0.000000        0.000000
        0.583903       -0.279190      -10.088191      568.768515        0.000000        0.000000        0.000000
        0.585882       -0.297967       -8.884334      647.659464        0.000000        0.000000        0.000000
        0.587862       -0.314217       -7.535864      714.891719        0.000000        0.000000        0.000000
        0.589841       -0.327680       -6.067076      769.233852        0.000000        0.000000        0.000000
        0.591820       -0.338142       -4.504468      809.691005        0.000000        0.000000        0.000000
        0.593799       -0.345446       -2.876255      835.523150        0.000000        0.000000        0.000000
        0.595779       -0.349492       -1.211853      846.258674        0.000000        0.000000        0.000000
        0.597758       -0.350238        0.458665      841.703035        0.000000        0.000000        0.000000
        0.599737       -0.347700        2.105118      821.942337        0.000000        0.000000        0.000000
        0.601717       -0.341958        3.697771      787.341744        0.000000        0.000000        0.000000
        0.603696       -0.333144        5.207883      738.538778        0.000000        0.000000        0.000000
        0.605675       -0.321450        6.608231      676.431612        0.000000        0.000000        0.000000
        0.607655       -0.307118        7.873612      602.162584        0.000000        0.000000        0.000000
        0.609634       -0.290437        8.981305      517.097222        0.000000        0.000000        0.000000
        0.611613       -0.271739        9.911488      422.799176        0.000000        0.000000        0.000000
        0.613593       -0.251393       10.647603      321.001513        0.000000        0.000000        0.000000
        0.615572       -0.229794       11.176655      213.574897        0.000000        0.000000        0.000000
        0.617551       -0.207362       11.489456      102.493250        0.000000        0.000000        0.000000
        0.619531       -0.184530       11.580793      -10.202491        0.000000        0.000000        0.000000
        0.621510       -0.161738       11.449520     -122.441836        0.000000        0.000000        0.000000
        0.623489       -0.139423       11.098580     -232.162757        0.000000        0.000000        0.000000
        0.625469       -0.118013       10.534953     -337.349545        0.000000        0.000000        0.000000
        0.627448       -0.097918        9.769526     -436.069812        0.000000        0.000000        0.000000
        0.629427       -0.079524        8.816894     -526.509967        0.000000        0.000000        0.000000
        0.631407       -0.063183        7.695089     -607.008512        0.000000        0.000000        0.000000
        0.633386       -0.049208        6.425254     -676.086546        0.000000        0.000000        0.000000
        0.635365       -0.037870        5.031249     -732.474910        0.000000        0.000000        0.000000
        0.637345       -0.029388        3.539216     -775.137492        0.000000        0.000000        0.000000
        0.639324       -0.023929        1.977100     -803.290247        0.000000        0.000000        0.000000
        0.641303       -0.021602        0.374133     -816.415589        0.000000        0.000000        0.000000
        0.643283       -0.022459       -1.239703     -814.271896        0.000000        0.000000        0.000000
        0.645262       -0.026490       -2.834223     -796.897944        0.000000        0.000000        0.000000
        0.647241       -0.033630       -4.379596     -764.612195        0.000000        0.000000        0.000000
        0.649221       -0.043751       -5.846893     -718.006954        0.000000        0.000000        0.000000
        0.651200       -0.056671       -7.208618     -657.937491        0.000000        0.000000        0.000000
        0.653179       -0.072157       -8.439212     -585.506343        0.000000        0.000000        0.000000
        0.655159       -0.089926       -9.515523     -502.043073        0.000000        0.000000        0.000000
        0.657138       -0.109653      -10.417230     -409.079859        0.000000        0.000000        0.000000
        0.659117       -0.130975      -11.127220     -308.323370        0.000000        0.000000        0.000000
        0.661097       -0.153499      -11.631896     -201.623433        0.000000        0.000000        0.000000
        0.663076       -0.176809      -11.921436      -90.939073        0.000000        0.000000        0.000000
        0.665055       -0.200473      -11.989962       21.697454        0.000000        0.000000        0.000000
        0.667035       -0.224053      -11.835658      134.217962        0.000000        0.000000        0.000000
        0.669014       -0.247108      -11.460798      244.556312        0.000000        0.000000        0.000000
        0.670993       -0.269210      -10.871706      350.686336        0.000000        0.000000        0.000000
        0.672973       -0.289944      -10.078642      450.659039        0.000000        0.000000        0.000000
        0.674952       -0.308920       -9.095610      542.638376        0.000000        0.000000        0.000000
        0.676931       -0.325780       -7.940102      624.934960        0.000000        0.000000        0.000000
        0.678911       -0.340202       -6.632781      696.037075        0.000000        0.000000        0.000000
        0.680890       -0.351909       -5.197097      754.638433        0.000000        0.000000        0.000000
        0.682869       -0.360674       -3.658859      799.662148        0.000000        0.000000        0.000000
        0.684849       -0.366320       -2.045761      830.280514        0.000000        0.000000        0.000000
        0.686828       -0.368727       -0.386872      845.930195        0.000000        0.000000        0.000000
        0.688807       -0.367835        1.287893      846.322568        0.000000        0.000000        0.000000
        0.690787       -0.363643        2.948326      831.449026        0.000000        0.000000        0.000000
        0.692766       -0.356208        4.564480      801.581130        0.000000        0.000000        0.000000
        0.694745       -0.345646        6.107217      757.265631        0.000000        0.000000        0.000000
        0.696725       -0.332132        7.548745      699.314428        0.000000        0.000000        0.000000
        0.698704       -0.315889        8.863124      628.789665        0.000000        0.000000        0.000000
        0.700683       -0.297195       10.026747      546.984232        0.000000        0.000000        0.000000
        0.702663       -0.276367       11.018771      455.398033        0.000000        0.000000        0.000000
        0.704642       -0.253762       11.821497      355.710448        0.000000        0.000000        0.000000
        0.706621       -0.229771       12.420700      249.749504        0.000000        0.000000        0.000000
        0.708601       -0.204805       12.805886      139.458318        0.000000        0.000000        0.000000
        0.710580       -0.179295       12.970485       26.859422        0.000000        0.000000        0.000000
        0.712559       -0.153680       12.911973      -85.982362        0.000000        0.000000        0.000000
        0.714539       -0.128400       12.631917     -196.997832        0.000000        0.000000        0.000000
        0.716518       -0.103888       12.135947     -304.151388        0.000000        0.000000        0.000000
        0.718497       -0.080562       11.433651     -405.478405        0.000000        0.000000        0.000000
        0.720477       -0.058817       10.538399     -499.121298        0.000000        0.000000        0.000000
        0.722456       -0.039018        9.467101     -583.363620        0.000000        0.000000        0.000000
        0.724435       -0.021494        8.239890     -656.661576        0.000000        0.000000        0.000000
        0.726415       -0.006531        6.879759     -717.672364        0.000000        0.000000        0.000000
        0.728394        0.005634        5.412133     -765.278822        0.000000        0.000000        0.000000
        0.730373        0.014815        3.864405     -798.609938        0.000000        0.000000        0.000000
        0.732353        0.020881        2.265435     -817.056840        0.000000        0.000000        0.000000
        0.734332        0.023762        0.645015     -820.283971        0.000000        0.000000        0.000000
        0.736311        0.023443       -0.966675     -808.235250        0.000000        0.000000        0.000000
        0.738291        0.019973       -2.539620     -781.135101        0.000000        0.000000        0.000000
        0.740270        0.013457       -4.044525     -739.484330        0.000000        0.000000        0.000000
        0.742249        0.004057       -5.453350     -684.050932        0.000000        0.000000        0.000000
        0.744229       -0.008010       -6.739823     -615.855988        0.000000        0.000000        0.000000
        0.746208       -0.022478       -7.879929     -536.154922        0.000000        0.000000        0.000000
        0.748187       -0.039038       -8.852344     -446.414453        0.000000        0.000000        0.000000
        0.750167       -0.057338       -9.638832     -348.285663        0.000000        0.000000        0.000000
        0.752146       -0.076996      -10.224575     -243.573689        0.000000        0.000000        0.000000
        0.754125       -0.097604      -10.598449     -134.204583        0.000000        0.000000        0.000000
        0.756105       -0.118735      -10.753227      -22.189949        0.000000        0.000000        0.000000
        0.758084       -0.139952      -10.685712       90.409985        0.000000        0.000000        0.000000
        0.760063       -0.160817      -10.396795      201.524192        0.000000        0.000000        0.000000
        0.762043       -0.180895       -9.891439      309.108866        0.000000        0.000000        0.000000
        0.764022       -0.199768       -9.178589      411.184945        0.000000        0.000000        0.000000
        0.766001       -0.217038       -8.271006      505.874444        0.000000        0.000000        0.000000
        0.767981       -0.232334       -7.185037      591.434931        0.000000        0.000000        0.000000
        0.769960       -0.245324       -5.940308      666.291520        0.000000        0.000000        0.000000
        0.771939       -0.255715       -4.559371      729.065782        0.000000        0.000000        0.000000
        0.773919       -0.263263       -3.067284      778.601049        0.000000        0.000000        0.000000
        0.775898       -0.267774       -1.491158      813.983655        0.000000        0.000000        0.000000
        0.777877       -0.269111        0.140350      834.559709        0.000000        0.000000        0.000000
        0.779857       -0.267193        1.797552      839.947097        0.000000        0.000000        0.000000
        0.781836       -0.261999        3.450283      830.042504        0.000000        0.000000        0.000000
        0.783815       -0.253569        5.068452      805.023305        0.000000        0.000000        0.000000
        0.785795       -0.241999        6.622591      765.344318        0.000000        0.000000        0.000000
        0.787774       -0.227444        8.084401      711.729450        0.000000        0.000000        0.000000
        0.789753       -0.210113        9.427266      645.158411        0.000000        0.000000        0.000000
        0.791733       -0.190266       10.626748      566.848730        0.000000        0.000000        0.000000
        0.793712       -0.168209       11.661030      478.233402        0.000000        0.000000        0.000000
        0.795691       -0.144286       12.511320      380.934587        0.000000        0.000000        0.000000
        0.797671       -0.118878       13.162192      276.733826        0.000000        0.000000        0.000000
        0.799650       -0.092390       13.601874      167.539342        0.000000        0.000000        0.000000
        0.801629       -0.065249       13.822461       55.351004        0.000000        0.000000        0.000000
        0.803609       -0.037893       13.820060      -57.776379        0.000000        0.000000        0.000000
        0.805588       -0.010761       13.594865     -169.770785        0.000000        0.000000        0.000000
        0.807567        0.015709       13.151146     -278.581012        0.000000        0.000000        0.000000
        0.809547        0.041092       12.497180     -382.214336        0.000000        0.000000        0.000000
        0.811526        0.064985       11.645090     -478.773091        0.000000        0.000000        0.000000
        0.813505        0.087010       10.610629     -566.489503        0.000000        0.000000        0.000000
        0.815485        0.106827        9.412888     -643.758146        0.000000        0.000000        0.000000
        0.817464        0.124133        8.073946     -709.165411        0.000000        0.000000        0.000000
        0.819443        0.138674        6.618463     -761.515455        0.000000        0.000000        0.000000
        0.821423        0.150245        5.073231     -799.852155        0.000000        0.000000        0.000000
        0.823402        0.158696        3.466678     -823.476657        0.000000        0.000000        0.000000
        0.825381        0.163937        1.828349     -831.960205        0.000000        0.000000        0.000000
        0.827361        0.165932        0.188362     -825.152013        0.000000        0.000000        0.000000
        0.829340        0.164710       -1.423145     -803.182029        0.000000        0.000000        0.000000
        0.831319        0.160356       -2.976565     -766.458546        0.000000        0.000000        0.000000
        0.833299        0.153013       -4.443367     -715.660712        0.000000        0.000000        0.000000
        0.835278        0.142879       -5.796623     -651.726051        0.000000        0.000000        0.000000
        0.837257        0.130203       -7.011497     -575.833259        0.000000        0.000000        0.000000
        0.839237        0.115282       -8.065703     -489.380558        0.000000        0.000000        0.000000
        0.841216        0.098452       -8.939915     -393.960029        0.000000        0.000000        0.000000
        0.843195        0.080085       -9.618121     -291.328379        0.000000        0.000000        0.000000
        0.845175        0.060583      -10.087919     -183.374693        0.000000        0.000000        0.000000
        0.847154        0.040366      -10.340739      -72.085752        0.000000        0.000000        0.000000
        0.849133        0.019867      -10.372008       40.490445        0.000000        0.000000        0.000000
        0.851113       -0.000474      -10.181227      152.282278        0.000000        0.000000        0.000000
        0.853092       -0.020221       -9.771986      261.232537        0.000000        0.000000        0.000000
        0.855071       -0.038949       -9.151892      365.336197        0.000000        0.000000        0.000000
        0.857051       -0.056253       -8.332436      462.677218        0.000000        0.000000        0.000000
        0.859030       -0.071752       -7.328775      551.463732        0.000000        0.000000        0.000000
        0.861009       -0.085101       -6.159460      630.060931        0.000000        0.000000        0.000000
        0.862989       -0.095993       -4.846093      697.021087        0.000000        0.000000        0.000000
        0.864968       -0.104167       -3.412927      751.110130        0.000000        0.000000        0.000000
        0.866947       -0.109411       -1.886426      791.330300        0.000000        0.000000        0.000000
        0.868927       -0.111570       -0.294777      816.938472        0.000000        0.000000        0.000000
        0.870906       -0.110543        1.332627      827.459797        0.000000        0.000000        0.000000
        0.872885       -0.106289        2.965731      822.696420        0.000000        0.000000        0.000000
        0.874865       -0.098827        4.574361      802.731115        0.000000        0.000000        0.000000
        0.876844       -0.088234        6.128786      767.925767        0.000000        0.000000        0.000000
        0.878823       -0.074647        7.600261      718.914729        0.000000        0.000000        0.000000
        0.880803       -0.058256        8.961555      656.593179        0.000000        0.000000        0.000000
        0.882782       -0.039305       10.187448      582.100684        0.000000        0.000000        0.000000
        0.884761       -0.018084       11.255199      496.800288        0.000000        0.000000        0.000000
        0.886741        0.005074       12.144962      402.253482        0.000000        0.000000        0.000000
        0.888720        0.029801       12.840148      300.191547        0.000000        0.000000        0.000000
        0.890699        0.055699       13.327732      192.483766        0.000000        0.000000        0.000000
        0.892679        0.082347       13.598491       81.103112        0.000000        0.000000        0.000000
        0.894658        0.109311       13.647176      -31.909972        0.000000        0.000000        0.000000
        0.896637        0.136150       13.472604     -144.485031        0.000000        0.000000        0.000000
        0.898617        0.162426       13.077683     -254.559605        0.000000        0.000000        0.000000
        0.900596        0.187709       12.469359     -360.117091        0.000000        0.000000        0.000000
        0.902575        0.211588       11.658485     -459.223766        0.000000        0.000000        0.000000
        0.904555        0.233675       10.659627     -550.064280        0.000000        0.000000        0.000000
        0.906534        0.253617        9.490793     -630.974988        0.000000        0.000000        0.000000
        0.908513        0.271099        8.173103     -700.474482        0.000000        0.000000        0.000000
        0.910493        0.285848        6.730402     -757.290795        0.000000        0.000000        0.000000
        0.912472        0.297644        5.188824     -800.384744        0.000000        0.000000        0.000000
        0.914451        0.306319        3.576308     -828.969009        0.000000        0.000000        0.000000
        0.916431        0.311760        1.922090     -842.522584        0.000000        0.000000        0.000000
        0.918410        0.313916        0.256163     -840.800344        0.000000        0.000000        0.000000
        0.920389        0.312793       -1.391272     -823.837541        0.000000        0.000000        0.000000
        0.922369        0.308456       -2.990361     -791.949156        0.000000        0.000000        0.000000
        0.924348        0.301031       -4.512144     -745.724115        0.000000        0.000000        0.000000
        0.926327        0.290698       -5.929087     -686.014480        0.000000        0.000000        0.000000
        0.928307        0.277689       -7.215587     -613.919799        0.000000        0.000000        0.000000
        0.930286        0.262286       -8.348445     -530.766927        0.000000        0.000000        0.000000
        0.932265        0.244813       -9.307285     -438.085659        0.000000        0.000000        0.000000
        0.934245        0.225631      -10.074935     -337.580649        0.000000        0.000000        0.000000
        0.936224        0.205132      -10.637739     -231.100116        0.000000        0.000000        0.000000
        0.938203        0.183732      -10.985807     -120.601906        0.000000        0.000000        0.000000
        0.940183        0.161861      -11.113196       -8.117557        0.000000        0.000000        0.000000
        0.942162        0.139959      -11.018022      104.285002        0.000000        0.000000        0.000000
        0.944141        0.118463      -10.702493      214.539416        0.000000        0.000000        0.000000
        0.946121        0.097803      -10.172865      320.618836        0.000000        0.000000        0.000000
        0.948100        0.078394       -9.439332      420.573132        0.000000        0.000000        0.000000
        0.950079        0.060624       -8.515838      512.564695        0.000000        0.000000        0.000000
        0.952059        0.044853       -7.419816      594.902169        0.000000        0.000000        0.000000
        0.954038        0.031402       -6.171873      666.071509        0.000000        0.000000        0.000000
        0.956017        0.020548       -4.795411      724.763769        0.000000        0.000000        0.000000
        0.957997        0.012520       -3.316194      769.899138        0.000000        0.000000        0.000000
        0.959976        0.007495       -1.761879      800.646763        0.000000        0.000000        0.000000
        0.961955        0.005591       -0.161503      816.440002        0.000000        0.000000        0.000000
        0.963935        0.006871        1.455044      816.986828        0.000000        0.000000        0.000000
        0.965914        0.011337        3.057572      802.275188        0.000000        0.000000        0.000000
        0.967893        0.018932        4.616146      772.573231        0.000000        0.000000        0.000000
        0.969873        0.029539        6.101632      728.424378        0.000000        0.000000        0.000000
        0.971852        0.042986        7.486235      670.637353        0.000000        0.000000        0.000000
        0.973831        0.059049        8.744010      600.271332        0.000000        0.000000        0.000000
        0.975811        0.077452        9.851335      518.616504        0.000000        0.000000        0.000000
        0.977790        0.097877       10.787348      427.170379        0.000000        0.000000        0.000000
        0.979769        0.119968       11.534329      327.610305        0.000000        0.000000        0.000000
        0.981749        0.143337       12.078025      221.762668        0.000000        0.000000        0.000000
        0.983728        0.167569       12.407912      111.569368        0.000000        0.000000        0.000000
        0.985707        0.192237       12.517390       -0.947832        0.000000        0.000000        0.000000
        0.987687        0.216901       12.403903     -113.724422        0.000000        0.000000        0.000000
        0.989666        0.241121       12.068985     -224.691045        0.000000        0.000000        0.000000
        0.991645        0.264464       11.518233     -331.811486        0.000000        0.000000        0.000000
        0.993624        0.286514       10.761207     -433.120053        0.000000        0.000000        0.000000
        0.995604        0.306873        9.811248     -526.757664        0.000000        0.000000        0.000000
        0.997583        0.325179        8.685243     -611.005976        0.000000        0.000000        0.000000
        0.999562        0.341101        7.403304     -684.318930        0.000000        0.000000        0.000000
        1.001542        0.354354        5.988408     -745.351134        0.000000        0.000000        0.000000
        1.003521        0.364701        4.465972     -792.982561        0.000000        0.000000        0.000000
        1.005500        0.371954        2.863385     -826.339113        0.000000        0.000000        0.000000
        1.007480        0.375985        1.209507     -844.808666        0.000000        0.000000        0.000000
        1.009459        0.376721       -0.465860     -848.052305        0.000000        0.000000        0.000000
        1.011438        0.374150       -2.132519     -836.010551        0.000000        0.000000        0.000000
        1.013418        0.368317       -3.760436     -808.904450        0.000000        0.000000        0.000000
        1.015397        0.359331       -5.320283     -767.231514        0.000000        0.000000        0.000000
        1.017376        0.347351       -6.783987     -711.756591        0.000000        0.000000        0.000000
        1.019356        0.332596       -8.125236     -643.497819        0.000000        0.000000        0.000000
        1.021335        0.315331       -9.319967     -563.707940        0.000000        0.000000        0.000000
        1.023314        0.295868      -10.346804     -473.851299        0.000000        0.000000        0.000000
        1.025294        0.274556      -11.187454     -375.576960        0.000000        0.000000        0.000000
        1.027273        0.251779      -11.827041     -270.688438        0.000000        0.000000        0.000000
        1.029252        0.227947      -12.254377     -161.110583        0.000000        0.000000        0.000000
        1.031232        0.203486      -12.462172      -48.854247        0.000000        0.000000        0.000000
        1.033211        0.178834      -12.447163       64.020628        0.000000        0.000000        0.000000
        1.035190        0.154431      -12.210174      175.442836        0.000000        0.000000        0.000000
        1.037170        0.130713      -11.756105      283.367922        0.000000        0.000000        0.000000
        1.039149        0.108099      -11.093836      385.815714        0.000000        0.000000        0.000000
        1.041128        0.086989      -10.236071      480.906684        0.000000        0.000000        0.000000
        1.043108        0.067755       -9.199096      566.896442        0.000000        0.000000        0.000000
        1.045087        0.050731       -8.002487      642.207764        0.000000        0.000000        0.000000
        1.047066        0.036212       -6.668746      705.459548        0.000000        0.000000        0.000000
        1.049046        0.024443       -5.222892      755.492167        0.000000        0.000000        0.000000
        1.051025        0.015620       -3.691997      791.388754        0.000000        0.000000        0.000000
        1.053004        0.009883       -2.104691      812.492038        0.000000        0.000000        0.000000
        1.054984        0.007315       -0.490637      818.416408        0.000000        0.000000        0.000000
        1.056963        0.007938        1.120016      809.054992        0.000000        0.000000        0.000000
        1.058942        0.011716        2.697184      784.581616        0.000000        0.000000        0.000000
        1.060922        0.018553        4.211401      745.447617        0.000000        0.000000        0.000000
        1.062901        0.028297        5.634364      692.373552        0.000000        0.000000        0.000000
        1.064880        0.040741        6.939446      626.335971        0.000000        0.000000        0.000000
        1.066860        0.055627        8.102190      548.549489        0.000000        0.000000        0.000000
        1.068839        0.072652        9.100756      460.444489        0.000000        0.000000        0.000000
        1.070818        0.091472        9.916326      363.640855        0.000000        0.000000        0.000000
        1.072798        0.111711       10.533441      259.918244        0.000000        0.000000        0.000000
        1.074777        0.132963       10.940294      151.183402        0.000000        0.000000        0.000000
        1.076756        0.154804       11.128943       39.435168        0.000000        0.000000        0.000000
        1.078736        0.176799       11.095455      -73.272225        0.000000        0.000000        0.000000
        1.080715        0.198507       10.839984     -184.866865        0.000000        0.000000        0.000000
        1.082694        0.219495       10.366761     -293.297196        0.000000        0.000000        0.000000
        1.084674        0.239339        9.684023     -396.569683        0.000000        0.000000        0.000000
        1.086653        0.257635        8.803859     -492.785409        0.000000        0.000000        0.000000
        1.088632        0.274010        7.741987     -580.174938        0.000000        0.000000        0.000000
        1.090612        0.288122        6.517468     -657.130800        0.000000        0.000000        0.000000
        1.092591        0.299672        5.152355     -722.237000        0.000000        0.000000        0.000000
        1.094570        0.308404        3.671288     -774.295019        0.000000        0.000000        0.000000
        1.096550        0.314117        2.101044     -812.345811        0.000000        0.000000        0.000000
        1.098529        0.316661        0.470042     -835.687415        0.000000        0.000000        0.000000
        1.100508        0.315947       -1.192177     -843.887842        0.000000        0.000000        0.000000
        1.102488        0.311941       -2.855489     -836.793006        0.000000        0.000000        0.000000
        1.104467        0.304671       -4.489747     -814.529555        0.000000        0.000000        0.000000
        1.106446        0.294225       -6.065326     -777.502543        0.000000        0.000000        0.000000
        1.108426        0.280747       -7.553676     -726.388002        0.000000        0.000000        0.000000
        1.110405        0.264436       -8.927835     -662.120526        0.000000        0.000000        0.000000
        1.112384        0.245542      -10.162935     -585.876119        0.000000        0.000000        0.000000
        1.114364        0.224364      -11.236650     -499.050603        0.000000        0.000000        0.000000
        1.116343        0.201239      -12.129610     -403.233999        0.000000        0.000000        0.000000
        1.118322        0.176542      -12.825756     -300.181333        0.000000        0.000000        0.000000
        1.120302        0.150673      -13.312634     -191.780425        0.000000        0.000000        0.000000
        1.122281        0.124057      -13.581622      -80.017225        0.000000        0.000000        0.000000
        1.124260        0.097129      -13.628094       33.060638        0.000000        0.000000        0.000000
        1.126240        0.070329      -13.451496      145.381449        0.000000        0.000000        0.000000
        1.128219        0.044096      -13.055363      254.887435        0.000000        0.000000        0.000000
        1.130198        0.018857      -12.447253      359.572544        0.000000        0.000000        0.000000
        1.132178       -0.004980      -11.638605      457.519272        0.000000        0.000000        0.000000
        1.134157       -0.027033      -10.644532      546.933860        0.000000        0.000000        0.000000
        1.136136       -0.046953       -9.483543      626.179224        0.000000        0.000000        0.000000
        1.138116       -0.064431       -8.177199      693.805011        0.000000        0.000000        0.000000
        1.140095       -0.079204       -6.749726      748.574218        0.000000        0.000000        0.000000
        1.142074       -0.091057       -5.227560      789.485904        0.000000        0.000000        0.000000
        1.144054       -0.099832       -3.638870      815.793562        0.000000        0.000000        0.000000
        1.146033       -0.105426       -2.013035      827.018824        0.000000        0.000000        0.000000
        1.148012       -0.107794       -0.380107      822.960239        0.000000        0.000000        0.000000
        1.149992       -0.106953        1.229740      803.696972        0.000000        0.000000        0.000000
        1.151971       -0.102978        2.786766      769.587347        0.000000        0.000000        0.000000
        1.153950       -0.096002        4.262209      721.262272        0.000000        0.000000        0.000000
        1.155930       -0.086213        5.628815      659.613648        0.000000        0.000000        0.000000
        1.157909       -0.073852        6.861336      585.778002        0.000000        0.000000        0.000000
        1.159888       -0.059207        7.936998      501.115612        0.000000        0.000000        0.000000
        1.161868       -0.042607        8.835912      407.185544        0.000000        0.000000        0.000000
        1.163847       -0.024420        9.541448      305.717017        0.000000        0.000000        0.000000
        1.165826       -0.005040       10.040531      198.577666        0.000000        0.000000        0.000000
        1.167806        0.015114       10.323889       87.739248        0.000000        0.000000        0.000000
        1.169785        0.035610       10.386219      -24.758553        0.000000        0.000000        0.000000
        1.171764        0.056009       10.226285     -136.845577        0.000000        0.000000        0.000000
        1.173744        0.075875        9.846941     -246.459191        0.000000        0.000000        0.000000
        1.175723        0.094780        9.255080     -351.582157        0.000000        0.000000        0.000000
        1.177702        0.112313        8.461505     -450.279667        0.000000        0.000000        0.000000
        1.179682        0.128091        7.480731     -540.734864        0.000000        0.000000        0.000000
        1.181661        0.141759        6.330723     -621.282198        0.000000        0.000000        0.000000
        1.183640        0.153005        5.032558     -690.438003        0.000000        0.000000        0.000000
        1.185620        0.161559        3.610046     -746.927737        0.000000        0.000000        0.000000
        1.187599        0.167199        2.089289     -789.709384        0.000000        0.000000        0.000000
        1.189578        0.169760        0.498201     -817.992578        0.000000        0.000000        0.000000
        1.191558        0.169131       -1.134001     -831.253122        0.000000        0.000000        0.000000
        1.193537        0.165260       -2.777337     -829.242610        0.000000        0.000000        0.000000
        1.195516        0.158155       -4.401611     -811.992986        0.000000        0.000000        0.000000
        1.197496        0.147884       -5.976970     -779.815965        0.000000        0.000000        0.000000
        1.199475        0.134571       -7.474447     -733.297306        0.000000        0.000000        0.000000
        1.201454        0.118399       -8.866494     -673.286064        0.000000        0.000000        0.000000
        1.203434        0.099601      -10.127492     -600.879003        0.000000        0.000000        0.000000
        1.205413        0.078460      -11.234215     -517.400461        0.000000        0.000000        0.000000
        1.207392        0.055302      -12.166261     -424.378044        0.000000        0.000000        0.000000
        1.209372        0.030488      -12.906425     -323.514579        0.000000        0.000000        0.000000
        1.211351        0.004413      -13.441014     -216.656855        0.000000        0.000000        0.000000
        1.213330       -0.022507      -13.760101     -105.761724        0.000000        0.000000        0.000000
        1.215310       -0.049839      -13.857703        7.139825        0.000000        0.000000        0.000000
        1.217289       -0.077144      -13.731897      119.979950        0.000000        0.000000        0.000000
        1.219268       -0.103980      -13.384849      230.691914        0.000000        0.000000        0.000000
        1.221248       -0.129917      -12.822778      337.248025        0.000000        0.000000        0.000000
        1.223227       -0.154539      -12.055842      437.696864        0.000000        0.000000        0.000000
        1.225206       -0.177453      -11.097948      530.199101        0.000000        0.000000        0.000000
        1.227186       -0.198300       -9.966503      613.061268        0.000000        0.000000        0.000000
        1.229165       -0.216756       -8.682087      684.766839        0.000000        0.000000        0.000000
        1.231144       -0.232541       -7.268081      744.004076        0.000000        0.000000        0.000000
        1.233124       -0.245425       -5.750236      789.690102        0.000000        0.000000        0.000000
        1.235103       -0.255229       -4.156200      820.990788        0.000000        0.000000        0.000000
        1.237082       -0.261831       -2.515011      837.336055        0.000000        0.000000        0.000000
        1.239062       -0.265168       -0.856562      838.430345        0.000000        0.000000        0.000000
        1.241041       -0.265235        0.788944      824.258043        0.000000        0.000000        0.000000
        1.243020       -0.262087        2.391551      795.083764        0.000000        0.000000        0.000000
        1.245000       -0.255839        3.922100      751.447490        0.000000        0.000000        0.000000
        1.246979       -0.246660        5.352763      694.154659        0.000000        0.000000        0.000000
        1.248958       -0.234774        6.657555      624.261379        0.000000        0.000000        0.000000
        1.250938       -0.220453        7.812808      543.055031        0.000000        0.000000        0.000000
        1.252917       -0.204014        8.797610      452.030641        0.000000        0.000000        0.000000
        1.254896       -0.185812        9.594186      352.863430        0.000000        0.000000        0.000000
        1.256876       -0.166234       10.188225      247.378059        0.000000        0.000000        0.000000
        1.258855       -0.145692       10.569140      137.515129        0.000000        0.000000        0.000000
        1.260834       -0.124612       10.730269       25.295556        0.000000        0.000000        0.000000
        1.262814       -0.103434       10.668987      -87.216535        0.000000        0.000000        0.000000
        1.264793       -0.082596       10.386766     -197.951697        0.000000        0.000000        0.000000
        1.266772       -0.062530        9.889138     -304.873161        0.000000        0.000000        0.000000
        1.268752       -0.043652        9.185597     -406.014227        0.000000        0.000000        0.000000
        1.270731       -0.026358        8.289426     -499.514368        0.000000        0.000000        0.000000
        1.272710       -0.011011        7.217452     -583.653386        0.000000        0.000000        0.000000
        1.274690        0.002060        5.989735     -656.883000        0.000000        0.000000        0.000000
        1.276669        0.012569        4.629204     -717.855261        0.000000        0.000000        0.000000
        1.278648        0.020279        3.161230     -765.447309        0.000000        0.000000        0.000000
        1.280628        0.025004        1.613166     -798.781977        0.000000        0.000000        0.000000
        1.282607        0.026614        0.013840     -817.243907        0.000000        0.000000        0.000000
        1.284586        0.025037       -1.606970     -820.490837        0.000000        0.000000        0.000000
        1.286566        0.020261       -3.219087     -808.459894        0.000000        0.000000        0.000000
        1.288545        0.012333       -4.792486     -781.368744        0.000000        0.000000        0.000000
        1.290524        0.001357       -6.297847     -739.711597        0.000000        0.000000        0.000000
        1.292504       -0.012503       -7.707093     -684.250141        0.000000        0.000000        0.000000
        1.294483       -0.029032       -8.993906     -615.999551        0.000000        0.000000        0.000000
        1.296462       -0.047962      -10.134208     -536.209859        0.000000        0.000000        0.000000
        1.298442       -0.068984      -11.106607     -446.343008        0.000000        0.000000        0.000000
        1.300421       -0.091745      -11.892787     -348.046006        0.000000        0.000000        0.000000
        1.302400       -0.115864      -12.477845     -243.120702        0.000000        0.000000        0.000000
        1.304380       -0.140931      -12.850564     -133.490697        0.000000        0.000000        0.000000
        1.306359       -0.166518      -13.003623      -21.166039        0.000000        0.000000        0.000000
        1.308338       -0.192187      -12.933725       91.793680        0.000000        0.000000        0.000000
        1.310318       -0.217498      -12.641664      203.317134        0.000000        0.000000        0.000000
        1.312297       -0.242016      -12.132306      311.359289        0.000000        0.000000        0.000000
        1.314276       -0.265320      -11.414503      413.938942        0.000000        0.000000        0.000000
        1.316256       -0.287009      -10.500929      509.175095        0.000000        0.000000        0.000000
        1.318235       -0.306712       -9.407846      595.321484        0.000000        0.000000        0.000000
        1.320214       -0.324093       -8.154810      670.798640        0.000000        0.000000        0.000000
        1.322194       -0.338858       -6.764309      734.222878        0.000000        0.000000        0.000000
        1.324173       -0.350759       -5.261348      784.431706        0.000000        0.000000        0.000000
        1.326152       -0.359601       -3.672997      820.505160        0.000000        0.000000        0.000000
        1.328132       -0.365243       -2.027887      841.782696        0.000000        0.000000        0.000000
        1.330111       -0.367602       -0.355691      847.875314        0.000000        0.000000        0.000000
        1.332090       -0.366654        1.313428      838.672699        0.000000        0.000000        0.000000
        1.334070       -0.362435        2.949364      814.345245        0.000000        0.000000        0.000000
        1.336049       -0.355041        4.522622      775.340930        0.000000        0.000000        0.000000
        1.338028       -0.344622        6.004862      722.377086        0.000000        0.000000        0.000000
        1.340008       -0.331386        7.369418      656.427235        0.000000        0.000000        0.000000
        1.341987       -0.315590        8.591784      578.703212        0.000000        0.000000        0.000000
        1.343966       -0.297536        9.650070      490.632921        0.000000        0.000000        0.000000
        1.345946       -0.277569       10.525396      393.834119        0.000000        0.000000        0.000000
        1.347925       -0.256066       11.202247      290.084717        0.000000        0.000000        0.000000
        1.349904       -0.233432       11.668751      181.290142        0.000000        0.000000        0.000000
        1.351884       -0.210090       11.916898       69.448353        0.000000        0.000000        0.000000
        1.353863       -0.186477       11.942691      -43.386835        0.000000        0.000000        0.000000
        1.355842       -0.163033       11.746212     -155.143456        0.000000        0.000000        0.000000
        1.357822       -0.140193       11.331628     -263.769432        0.000000        0.000000        0.000000
        1.359801       -0.118382       10.707110     -367.270246        0.000000        0.000000        0.000000
        1.361780       -0.098003        9.884682     -463.745554        0.000000        0.000000        0.000000
        1.363760       -0.079432        8.880003     -551.424078        0.000000        0.000000        0.000000
        1.365739       -0.063012        7.712078     -628.696117        0.000000        0.000000        0.000000
        1.367718       -0.049043        6.402910     -694.143105        0.000000        0.000000        0.000000
        1.369698       -0.037780        4.977091     -746.563648        0.000000        0.000000        0.000000
        1.371677       -0.029429        3.461360     -784.995580        0.000000        0.000000        0.000000
        1.373656       -0.024139        1.884100     -808.733631        0.000000        0.000000        0.000000
        1.375636       -0.022002        0.274828     -817.342370        0.000000        0.000000        0.000000
        1.377615       -0.023053       -1.336354     -810.664198        0.000000        0.000000        0.000000
        1.379594       -0.027264       -2.919311     -788.822247        0.000000        0.000000        0.000000
        1.381574       -0.034552       -4.444426     -752.218111        0.000000        0.000000        0.000000
        1.383553       -0.044773       -5.883146     -701.524482        0.000000        0.000000        0.000000
        1.385532       -0.057729       -7.208503     -637.672792        0.000000        0.000000        0.000000
        1.387511       -0.073172       -8.395616     -561.836121        0.000000        0.000000        0.000000
        1.389491       -0.090806       -9.422141     -475.407654        0.000000        0.000000        0.000000
        1.391470       -0.110293      -10.268684     -379.975111        0.000000        0.000000        0.000000
        1.393449       -0.131262      -10.919159     -277.291593        0.000000        0.000000        0.000000
        1.395429       -0.153312      -11.361079     -169.243402        0.000000        0.000000        0.000000
        1.397408       -0.176022      -11.585791      -57.815410        0.000000        0.000000        0.000000
        1.399387       -0.198957      -11.588632       54.945380        0.000000        0.000000        0.000000
        1.401367       -0.221677      -11.369012      166.967414        0.000000        0.000000        0.000000
        1.403346       -0.243746      -10.930432      276.192616        0.000000        0.000000        0.000000
        1.405325       -0.264738      -10.280413      380.614175        0.000000        0.000000        0.000000
        1.407305       -0.284245       -9.430361      478.313382        0.000000        0.000000        0.000000
        1.409284       -0.301886       -8.395361      567.494857        0.000000        0.000000        0.000000
        1.411263       -0.317314       -7.193892      646.519509        0.000000        0.000000        0.000000
        1.413243       -0.330221       -5.847497      713.934630        0.000000        0.000000        0.000000
        1.415222       -0.340343       -4.380382      768.500560        0.000000        0.000000        0.000000
        1.417201       -0.347468       -2.818972      809.213448        0.000000        0.000000        0.000000
        1.419181       -0.351437       -1.191430      835.323684        0.000000        0.000000        0.000000
        1.421160       -0.352148        0.472865      846.349656        0.000000        0.000000        0.000000
        1.423139       -0.349559        2.143853      842.086596        0.000000        0.000000        0.000000
        1.425119       -0.343685        3.791346      822.610339        0.000000        0.000000        0.000000
        1.427098       -0.334603        5.385585      788.275931        0.000000        0.000000        0.000000
        1.429077       -0.322446        6.897782      739.711112        0.000000        0.000000        0.000000
        1.431057       -0.307405        8.300649      677.804794        0.000000        0.000000        0.000000
        1.433036       -0.289720        9.568901      603.690740        0.000000        0.000000        0.000000
        1.435015       -0.269681       10.679720      518.726754        0.000000        0.000000        0.000000
        1.436995       -0.247618       11.613169      424.469753        0.000000        0.000000        0.000000
        1.438974       -0.223900       12.352565      322.647187        0.000000        0.000000        0.000000
        1.440953       -0.198923       12.884780      215.125325        0.000000        0.000000        0.000000
        1.442933       -0.173108       13.200484      103.874999        0.000000        0.000000        0.000000
        1.444912       -0.146887       13.294314       -9.064582        0.000000        0.000000        0.000000
        1.446891       -0.120701       13.164977     -121.623263        0.000000        0.000000        0.000000
        1.448871       -0.094989       12.815268     -231.737948        0.000000        0.000000        0.000000
        1.450850       -0.070181       12.252021     -337.390473        0.000000        0.000000        0.000000
        1.452829       -0.046688       11.485985     -436.644655        0.000000        0.000000        0.000000
        1.454809       -0.024898       10.531624     -527.681837        0.000000        0.000000        0.000000
        1.456788       -0.005166        9.406852     -608.834272        0.000000        0.000000        0.000000
        1.458767        0.012193        8.132707     -678.615741        0.000000        0.000000        0.000000
        1.460747        0.026905        6.732959     -735.748835        0.000000        0.000000        0.000000
        1.462726        0.038748        5.233677     -779.188404        0.000000        0.000000        0.000000
        1.464705        0.047552        3.662752     -808.140745        0.000000        0.000000        0.000000
        1.466685        0.053205        2.049380     -822.078172        0.000000        0.000000        0.000000
        1.468664        0.055653        0.423530     -820.748697        0.000000        0.000000        0.000000
        1.470643        0.054899       -1.184607     -804.180663        0.000000        0.000000        0.000000
        1.472623        0.051010       -2.745174     -772.682217        0.000000        0.000000        0.000000
        1.474602        0.044108       -4.229196     -726.835651        0.000000        0.000000        0.000000
        1.476581        0.034371       -5.609109     -667.486716        0.000000        0.000000        0.000000
        1.478561        0.022032       -6.859271     -595.729089        0.000000        0.000000        0.000000
        1.480540        0.007369       -7.956427     -512.884297        0.000000        0.000000        0.000000
        1.482519       -0.009293       -8.880144     -420.477454        0.000000        0.000000        0.000000
        1.484499       -0.027596       -9.613176     -320.209260        0.000000        0.000000        0.000000
        1.486478       -0.047147      -10.141790     -213.924781        0.000000        0.000000        0.000000
        1.488457       -0.067531      -10.456013     -103.579572        0.000000        0.000000        0.000000
        1.490437       -0.088320      -10.549817        8.796224        0.000000        0.000000        0.000000
        1.492416       -0.109075      -10.421229      121.135143        0.000000        0.000000        0.000000
        1.494395       -0.129356      -10.072366      231.370363        0.000000        0.000000        0.000000
        1.496375       -0.148736       -9.509400      337.473644        0.000000        0.000000        0.000000
        1.498354       -0.166799       -8.742443      437.492565        0.000000        0.000000        0.000000
        1.500333       -0.183156       -7.785358      529.586370        0.000000        0.000000        0.000000
        1.502313       -0.197448       -6.655510      612.059760        0.000000        0.000000        0.000000
        1.504292       -0.209352       -5.373443      683.394018        0.000000        0.000000        0.000000
        1.506271       -0.218592       -3.962508      742.274893        0.000000        0.000000        0.000000
        1.508251       -0.224936       -2.448426      787.616726        0.000000        0.000000        0.000000
        1.510230       -0.228209       -0.858826      818.582386        0.000000        0.000000        0.000000
        1.512209       -0.228290        0.777271      834.598633        0.000000        0.000000        0.000000
        1.514189       -0.225116        2.429979      835.366652        0.000000        0.000000        0.000000
        1.516168       -0.218684        4.069097      820.867532        0.000000        0.000000        0.000000
        1.518147       -0.209051        5.664666      791.362620        0.000000        0.000000        0.000000
        1.520127       -0.196332        7.187516      747.388723        0.000000        0.000000        0.000000
        1.522106       -0.180698        8.609801      689.748253        0.000000        0.000000        0.000000
        1.524085       -0.162374        9.905514      619.494500        0.000000        0.000000        0.000000
        1.526065       -0.141634       11.050960      537.912298        0.000000        0.000000        0.000000
        1.528044       -0.118796       12.025194      446.494434        0.000000        0.000000        0.000000
        1.530023       -0.094217       12.810403      346.914250        0.000000        0.000000        0.000000
        1.532003       -0.068285       13.392237      240.994922        0.000000        0.000000        0.000000
        1.533982       -0.041413       13.760067      130.675994        0.000000        0.000000        0.000000
        1.535961       -0.014032       13.907184       17.977770        0.000000        0.000000        0.000000
        1.537941        0.013419       13.830923      -95.035773        0.000000        0.000000        0.000000
        1.539920        0.040500       13.532706     -206.294874        0.000000        0.000000        0.000000
        1.541899        0.066776       13.018023     -313.761981        0.000000        0.000000        0.000000
        1.543879        0.091829       12.296328     -415.469160        0.000000        0.000000        0.000000
        1.545858        0.115262       11.380864     -509.554219        0.000000        0.000000        0.000000
        1.547837        0.136707       10.288423     -594.294891        0.000000        0.000000        0.000000
        1.549817        0.155835        9.039033     -668.140454        0.000000        0.000000        0.000000
        1.551796        0.172357        7.655599     -729.740195        0.000000        0.000000        0.000000
        1.553775        0.186033        6.163471     -777.968206        0.000000        0.000000        0.000000
        1.555755        0.196676        4.589989     -811.944054        0.000000        0.000000        0.000000
        1.557734        0.204151        2.963975     -831.048939        0.000000        0.000000        0.000000
        1.559713        0.208386        1.315206     -834.937056        0.000000        0.000000        0.000000
        1.561693        0.209365       -0.326134     -823.541939        0.000000        0.000000        0.000000
        1.563672        0.207132       -1.930006     -797.077682        0.000000        0.000000        0.000000
        1.565651        0.201791       -3.467068     -756.035007        0.000000        0.000000        0.000000
        1.567631        0.193501       -4.909217     -701.172250        0.000000        0.000000        0.000000
        1.569610        0.182477       -6.230098     -633.501443        0.000000        0.000000        0.000000
        1.571589        0.168982       -7.405594     -554.269731        0.000000        0.000000        0.000000
        1.573569        0.153326       -8.414268     -464.936476        0.000000        0.000000        0.000000
        1.575548        0.135856       -9.237752     -367.146461        0.000000        0.000000        0.000000
        1.577527        0.116955       -9.861089     -262.699697        0.000000        0.000000        0.000000
        1.579507        0.097029      -10.273006     -153.518377        0.000000        0.000000        0.000000
        1.581486        0.076504      -10.466119      -41.611582        0.000000        0.000000        0.000000
        1.583465        0.055817      -10.437073       70.961599        0.000000        0.000000        0.000000
        1.585445        0.035406      -10.186597      182.129873        0.000000        0.000000        0.000000
        1.587424        0.015706       -9.719496      289.847770        0.000000        0.000000        0.000000
        1.589403       -0.002864       -9.044563      392.133198        0.000000        0.000000        0.000000
        1.591383       -0.019905       -8.174412      487.103828        0.000000        0.000000        0.000000
        1.593362       -0.035047       -7.125252      573.011651        0.000000        0.000000        0.000000
        1.595341       -0.047954       -5.916587      648.275076        0.000000        0.000000        0.000000
        1.597321       -0.058333       -4.570856      711.507960        0.000000        0.000000        0.000000
        1.599300       -0.065937       -3.113026      761.545059        0.000000        0.000000        0.000000
        1.601279       -0.070572       -1.570128      797.463423        0.000000        0.000000        0.000000
        1.603259       -0.072097        0.029234      818.599337        0.000000        0.000000        0.000000
        1.605238       -0.070430        1.655413      824.560511        0.000000        0.000000        0.000000
        1.607217       -0.065547        3.278261      815.233279        0.000000        0.000000        0.000000
        1.609197       -0.057485        4.867682      790.784691        0.000000        0.000000        0.000000
        1.611176       -0.046340        6.394186      751.659446        0.000000        0.000000        0.000000
        1.613155       -0.032263        7.829431      698.571727        0.000000        0.000000        0.000000
        1.615135       -0.015462        9.146739      632.492095        0.000000        0.000000        0.000000
        1.617114        0.003805       10.321593      554.629671        0.000000        0.000000        0.000000
        1.619093        0.025235       11.332081      466.409939        0.000000        0.000000        0.000000
        1.621073        0.048483       12.159302      369.448577        0.000000        0.000000        0.000000
        1.623052        0.073172       12.787710      265.521802        0.000000        0.000000        0.000000
        1.625031        0.098897       13.205404      156.533757        0.000000        0.000000        0.000000
        1.627011        0.125232       13.404342       44.481560        0.000000        0.000000        0.000000
        1.628990        0.151740       13.380491      -68.581360        0.000000        0.000000        0.000000
        1.630969        0.177980       13.133902     -180.582961        0.000000        0.000000        0.000000
        1.632949        0.203516       12.668706     -289.470622        0.000000        0.000000        0.000000
        1.634928        0.227923       11.993042     -393.248828        0.000000        0.000000        0.000000
        1.636907        0.250796       11.118905     -490.015801        0.000000        0.000000        0.000000
        1.638887        0.271758       10.061928     -577.998412        0.000000        0.000000        0.000000
        1.640866        0.290466        8.841093     -655.584733        0.000000        0.000000        0.000000
        1.642845        0.306616        7.478384     -721.353627        0.000000        0.000000        0.000000
        1.644825        0.319954        5.998384     -774.100836        0.000000        0.000000        0.000000
        1.646804        0.330272        4.427822     -812.861091        0.000000        0.000000        0.000000
        1.648783        0.337421        2.795084     -836.925826        0.000000        0.000000        0.000000
        1.650763        0.341305        1.129692     -845.856192        0.000000        0.000000        0.000000
        1.652742        0.341890       -0.538239     -839.491107        0.000000        0.000000        0.000000
        1.654721        0.339202       -2.178552     -817.950215        0.000000        0.000000        0.000000
        1.656701        0.333323       -3.761603     -781.631689        0.000000        0.000000        0.000000
        1.658680        0.324396       -5.258806     -731.204919        0.000000        0.000000        0.000000
        1.660659        0.312617       -6.643154     -667.598221        0.000000        0.000000        0.000000
        1.662639        0.298234       -7.889717     -591.981799        0.000000        0.000000        0.000000
        1.664618        0.281542       -8.976101     -505.746257        0.000000        0.000000        0.000000
        1.666597        0.262878       -9.882856     -410.477069        0.000000        0.000000        0.000000
        1.668577        0.242613      -10.593834     -307.925477        0.000000        0.000000        0.000000
        1.670556        0.221147      -11.096487     -199.976334        0.000000        0.000000        0.000000
        1.672535        0.198901      -11.382095      -88.613505        0.000000        0.000000        0.000000
        1.674515        0.176309      -11.445925       24.116557        0.000000        0.000000        0.000000
        1.676494        0.153810      -11.287322      136.142375        0.000000        0.000000        0.000000
        1.678473        0.131843      -10.909718      245.405484        0.000000        0.000000        0.000000
        1.680453        0.110832      -10.320566      349.898219        0.000000        0.000000        0.000000
        1.682432        0.091185       -9.531210      447.700569        0.000000        0.000000        0.000000
        1.684411        0.073284       -8.556670      537.015431        0.000000        0.000000        0.000000
        1.686391        0.057477       -7.415370      616.201600        0.000000        0.000000        0.000000
        1.688370        0.044073       -6.128799      683.803896        0.000000        0.000000        0.000000
        1.690349        0.033335       -4.721115      738.579885        0.000000        0.000000        0.000000
        1.692329        0.025477       -3.218700      779.522684        0.000000        0.000000        0.000000
        1.694308        0.020659       -1.649682      805.879444        0.000000        0.000000        0.000000
        1.696287        0.018984       -0.043410      817.165179        0.000000        0.000000        0.000000
        1.698267        0.020495        1.570078      813.171661        0.000000        0.000000        0.000000
        1.700246        0.025177        3.160613      793.971250        0.000000        0.000000        0.000000
        1.702225        0.032954        4.698442      759.915562        0.000000        0.000000        0.000000
        1.704205        0.043695        6.154779      711.629014        0.000000        0.000000        0.000000
        1.706184        0.057211        7.502334      649.997365        0.000000        0.000000        0.000000
        1.708163        0.073262        8.715812      576.151449        0.000000        0.000000        0.000000
        1.710143        0.091559        9.772377      491.446421        0.000000        0.000000        0.000000
        1.712122        0.111772       10.652074      397.436877        0.000000        0.000000        0.000000
        1.714101        0.133535       11.338195      295.848314        0.000000        0.000000        0.000000
        1.716081        0.156452       11.817583      188.545450        0.000000        0.000000        0.000000
        1.718060        0.180103       12.080877       77.497999        0.000000        0.000000        0.000000
        1.720039        0.204057       12.122683      -35.255497        0.000000        0.000000        0.000000
        1.722019        0.227873       11.941672     -147.645088        0.000000        0.000000        0.000000
        1.723998        0.251112       11.540608     -257.607416        0.000000        0.000000        0.000000
        1.725977        0.273347       10.926292     -363.123600        0.000000        0.000000        0.000000
        1.727957        0.294165       10.109441     -462.256291        0.000000        0.000000        0.000000
        1.729936        0.313181        9.104493     -553.185245        0.000000        0.000000        0.000000
        1.731915        0.330038        7.929339     -634.240736        0.000000        0.000000        0.000000
        1.733895        0.344423        6.604993     -703.934211        0.000000        0.000000        0.000000
        1.735874        0.356061        5.155211     -760.985616        0.000000        0.000000        0.000000
        1.737853        0.364732        3.606055     -804.346896        0.000000        0.000000        0.000000
        1.739833        0.370266        1.985410     -833.221238        0.000000        0.000000        0.000000
        1.741812        0.372550        0.322476     -847.077695        0.000000        0.000000        0.000000
        1.743791        0.371530       -1.352770     -845.660938        0.000000        0.000000        0.000000
        1.745771        0.367212       -3.010121     -828.995939        0.000000        0.000000        0.000000
        1.747750        0.359661       -4.619697     -797.387517        0.000000        0.000000        0.000000
        1.749729        0.349000       -6.152493     -751.414740        0.000000        0.000000        0.000000
        1.751709        0.335409       -7.580913     -691.920297        0.000000        0.000000        0.000000
        1.753688        0.319119       -8.879271     -619.995024        0.000000        0.000000        0.000000
        1.755667        0.300411      -10.024267     -536.957883        0.000000        0.000000        0.000000
        1.757647        0.279608      -10.995416     -444.331747        0.000000        0.000000        0.000000
        1.759626        0.257073      -11.775419     -343.815443        0.000000        0.000000        0.000000
        1.761605        0.233196      -12.350482     -237.252565        0.000000        0.000000        0.000000
        1.763585        0.208394      -12.710572     -126.597629        0.000000        0.000000        0.000000
        1.765564        0.183098      -12.849598      -13.880193        0.000000        0.000000        0.000000
        1.767543        0.157748      -12.765524       98.832399        0.000000        0.000000        0.000000
        1.769523        0.132782      -12.460404      209.472976        0.000000        0.000000        0.000000
        1.771502        0.108634      -11.940349      316.012482        0.000000        0.000000        0.000000
        1.773481        0.085717      -11.215409      416.497229        0.000000        0.000000        0.000000
        1.775461        0.064425      -10.299393      509.084760        0.000000        0.000000        0.000000
        1.777440        0.045117       -9.209610      592.077676        0.000000        0.000000        0.000000
        1.779419        0.028119       -7.966557      663.954794        0.000000        0.000000        0.000000
        1.781398        0.013709       -6.593541      723.399071        0.000000        0.000000        0.000000
        1.783378        0.002120       -5.116246      769.321785        0.000000        0.000000        0.000000
        1.785357       -0.006469       -3.562268      800.882522        0.000000        0.000000        0.000000
        1.787336       -0.011934       -1.960606      817.504598        0.000000        0.000000        0.000000
        1.789316       -0.014212       -0.341126      818.885650        0.000000        0.000000        0.000000
        1.791295       -0.013297        1.265981      805.003186        0.000000        0.000000        0.000000
        1.793274       -0.009243        2.830760      776.114994        0.000000        0.000000        0.000000
        1.795254       -0.002162        4.324036      732.754410        0.000000        0.000000        0.000000
        1.797233        0.007777        5.717956      675.720528        0.000000        0.000000        0.000000
        1.799212        0.020350        6.986494      606.063525        0.000000        0.000000        0.000000
        1.801192        0.035286        8.105933      525.065385        0.000000        0.000000        0.000000
        1.803171        0.052270        9.055302      434.216360        0.000000        0.000000        0.000000
        1.805150        0.070947        9.816754      335.187612        0.000000        0.000000        0.000000
        1.807130        0.090931       10.375904      229.800533        0.000000        0.000000        0.000000
        1.809109        0.111811       10.722083      119.993303        0.000000        0.000000        0.000000
        1.811088        0.133159       10.848541        7.785312        0.000000        0.000000        0.000000
        1.813068        0.154537       10.752569     -104.759914        0.000000        0.000000        0.000000
        1.815047        0.175506       10.435546     -215.572602        0.000000        0.000000        0.000000
        1.817026        0.195634        9.902921     -322.614723        0.000000        0.000000        0.000000
        1.819006        0.214504        9.164103     -423.917415        0.000000        0.000000        0.000000
        1.820985        0.231721        8.232299     -517.617121        0.000000        0.000000        0.000000
        1.822964        0.246919        7.124262     -601.989809        0.000000        0.000000        0.000000
        1.824944        0.259769        5.859991     -675.482621        0.000000        0.000000        0.000000
        1.826923        0.269984        4.462361     -736.742378        0.000000        0.000000        0.000000
        1.828902        0.277327        2.956700     -784.640429        0.000000        0.000000        0.000000
        1.830882        0.281609        1.370331     -818.293369        0.000000        0.000000        0.000000
        1.832861        0.282700       -0.267935     -837.079259        0.000000        0.000000        0.000000
        1.834840        0.280526       -1.928325     -840.649044        0.000000        0.000000        0.000000
        1.836820        0.275074       -3.580653     -828.932964        0.000000        0.000000        0.000000
        1.838799        0.266390       -5.194872     -802.141833        0.000000        0.000000        0.000000
        1.840778        0.254576       -6.741626     -760.763175        0.000000        0.000000        0.000000
        1.842758        0.239796       -8.192788     -705.552268        0.000000        0.000000        0.000000
        1.844737        0.222265       -9.521979     -637.518289        0.000000        0.000000        0.000000
        1.846716        0.202247      -10.705050     -557.905780        0.000000        0.000000        0.000000
        1.848696        0.180053      -11.720524     -468.171808        0.000000        0.000000        0.000000
        1.850675        0.156033      -12.549993     -369.959214        0.000000        0.000000        0.000000
        1.852654        0.130571      -13.178456     -265.066454        0.000000        0.000000        0.000000
        1.854634        0.104074      -13.594592     -155.414588        0.000000        0.000000        0.000000
        1.856613        0.076972      -13.790968      -43.012011        0.000000        0.000000        0.000000
        1.858592        0.049701      -13.764177       70.082417        0.000000        0.000000        0.000000
        1.860572        0.022704      -13.514901      181.797162        0.000000        0.000000        0.000000
        1.862551       -0.003584      -13.047894      290.086050        0.000000        0.000000        0.000000
        1.864530       -0.028741      -12.371901      392.965824        0.000000        0.000000        0.000000
        1.866510       -0.052366      -11.499492      488.552557        0.000000        0.000000        0.000000
        1.868489       -0.074086      -10.446836      575.096233        0.000000        0.000000        0.000000
        1.870468       -0.093562       -9.233397      651.012871        0.000000        0.000000        0.000000
        1.872448       -0.110501       -7.881587      714.913607        0.000000        0.000000        0.000000
        1.874427       -0.124651       -6.416343      765.630186        0.000000        0.000000        0.000000
        1.876406       -0.135815       -4.864679      802.236409        0.000000        0.000000        0.000000
        1.878386       -0.143851       -3.255184      824.065136        0.000000        0.000000        0.000000
        1.880365       -0.148673       -1.617499      830.720530        0.000000        0.000000        0.000000
        1.882344       -0.150256        0.018226      822.085321        0.000000        0.000000        0.000000
        1.884324       -0.148633        1.621889      798.322963        0.000000        0.000000        0.000000
        1.886303       -0.143897        3.163984      759.874625        0.000000        0.000000        0.000000
        1.888282       -0.136197        4.616146      707.451096        0.000000        0.000000        0.000000
        1.890262       -0.125738        5.951671      642.019731        0.000000        0.000000        0.000000
        1.892241       -0.112776        7.146006      564.786692        0.000000        0.000000        0.000000
        1.894220       -0.097611        8.177200      477.174803        0.000000        0.000000        0.000000
        1.896200       -0.080585        9.026306      380.797428        0.000000        0.000000        0.000000
        1.898179       -0.062075        9.677730      277.428854        0.000000        0.000000        0.000000
        1.900158       -0.042482       10.119517      168.971710        0.000000        0.000000        0.000000
        1.902138       -0.022230       10.343572       57.422044        0.000000        0.000000        0.000000
        1.904117       -0.001755       10.345803      -55.167328        0.000000        0.000000        0.000000
        1.906096        0.018506       10.126204     -166.724506        0.000000        0.000000        0.000000
        1.908076        0.038116        9.688850     -275.196546        0.000000        0.000000        0.000000
        1.910055        0.056653        9.041823     -378.587149        0.000000        0.000000        0.000000
        1.912034        0.073714        8.197063     -474.993310        0.000000        0.000000        0.000000
        1.914014        0.088922        7.170153     -562.640258        0.000000        0.000000        0.000000
        1.915993        0.101936        5.980026     -639.914036        0.000000        0.000000        0.000000
        1.917972        0.112455        4.648623     -705.391135        0.000000        0.000000        0.000000
        1.919952        0.120223        3.200489     -757.864625        0.000000        0.000000        0.000000
        1.921931        0.125036        1.662320     -796.366318        0.000000        0.000000        0.000000
        1.923910        0.126743        0.062475     -820.184540        0.000000        0.000000        0.000000
        1.925890        0.125251       -1.569545     -828.877197        0.000000        0.000000        0.000000
        1.927869        0.120527       -3.203639     -822.279898        0.000000        0.000000        0.000000
        1.929848        0.112597       -4.809658     -800.508968        0.000000        0.000000        0.000000
        1.931828        0.101545       -6.357959     -763.959317        0.000000        0.000000        0.000000
        1.933807        0.087513       -7.819949     -713.297193        0.000000        0.000000        0.000000
        1.935786        0.070700       -9.168611     -649.447949        0.000000        0.000000        0.000000
        1.937766        0.051355      -10.378999     -573.579059        0.000000        0.000000        0.000000
        1.939745        0.029772      -11.428696     -487.078686        0.000000        0.000000        0.000000
        1.941724        0.006291      -12.298225     -391.530198        0.000000        0.000000        0.000000
        1.943704       -0.018718      -12.971409     -288.683105        0.000000        0.000000        0.000000
        1.945683       -0.044852      -13.435665     -180.420939        0.000000        0.000000        0.000000
        1.947662       -0.071690      -13.682238      -68.726678        0.000000        0.000000        0.000000
        1.949642       -0.098795      -13.706359       44.353653        0.000000        0.000000        0.000000
        1.951621       -0.125728      -13.507335      156.748549        0.000000        0.000000        0.000000
        1.953600       -0.152049      -13.088561      266.399047        0.000000        0.000000        0.000000
        1.955580       -0.177331      -12.457455      371.296523        0.000000        0.000000        0.000000
        1.957559       -0.201165      -11.625328      469.519572        0.000000        0.000000        0.000000
        1.959538       -0.223167      -10.607171      559.269273        0.000000        0.000000        0.000000
        1.961518       -0.242989       -9.421382      638.902215        0.000000        0.000000        0.000000
        1.963497       -0.260319       -8.089427      706.960669        0.000000        0.000000        0.000000
        1.965476       -0.274892       -6.635450      762.199344        0.000000        0.000000        0.000000
        1.967456       -0.286492       -5.085823      803.608246        0.000000        0.000000        0.000000
        1.969435       -0.294958       -3.468670      830.431226        0.000000        0.000000        0.000000
        1.971414       -0.300185       -1.813344      842.179849        0.000000        0.000000        0.000000
        1.973394       -0.302128       -0.149892      838.642370        0.000000        0.000000        0.000000
        1.975373       -0.300800        1.491498      819.887615        0.000000        0.000000        0.000000
        1.977352       -0.296275        3.081052      786.263716        0.000000        0.000000        0.000000
        1.979332       -0.288683        4.589951      738.391719        0.000000        0.000000        0.000000
        1.981311       -0.278212        5.990868      677.154185        0.000000        0.000000        0.000000
        1.983290       -0.265099        7.258465      603.678980        0.000000        0.000000        0.000000
        1.985270       -0.249633        8.369857      519.318577        0.000000        0.000000        0.000000
        1.987249       -0.232140        9.305036      425.625216        0.000000        0.000000        0.000000
        1.989228       -0.212988       10.047234      324.322415        0.000000        0.000000        0.000000
        1.991208       -0.192571       10.583232      217.273325        0.000000        0.000000        0.000000
        1.993187       -0.171306       10.903607      106.446522        0.000000        0.000000        0.000000
        1.995166       -0.149626       11.002896       -6.120129        0.000000        0.000000        0.000000
        1.997146       -0.127969       10.879706     -118.356888        0.000000        0.000000        0.000000
        1.999125       -0.106774       10.536730     -228.200139        0.000000        0.000000        0.000000
        2.001104       -0.086469        9.980706     -333.630275        0.000000        0.000000        0.000000
        2.003084       -0.067464        9.222286     -432.708773        0.000000        0.000000        0.000000
        2.005063       -0.050147        8.275846     -523.613786        0.000000        0.000000        0.000000
        2.007042       -0.034872        7.159219     -604.673587        0.000000        0.000000        0.000000
        2.009022       -0.021954        5.893366     -674.397263        0.000000        0.000000        0.000000
        2.011001       -0.011666        4.501996     -731.502081        0.000000        0.000000        0.000000
        2.012980       -0.004230        3.011124     -774.937045        0.000000        0.000000        0.000000
        2.014960        0.000183        1.448601     -803.902183        0.000000        0.000000        0.000000
        2.016939        0.001462       -0.156405     -817.863241        0.000000        0.000000        0.000000
        2.018918       -0.000448       -1.773939     -816.561488        0.000000        0.000000        0.000000
        2.020898       -0.005543       -3.373813     -800.018466        0.000000        0.000000        0.000000
        2.022877       -0.013757       -4.926157     -768.535598        0.000000        0.000000        0.000000
        2.024856       -0.024968       -6.401971     -722.688653        0.000000        0.000000        0.000000
        2.026836       -0.038997       -7.773654     -663.317177        0.000000        0.000000        0.000000
        2.028815       -0.055613       -9.015512     -591.509081        0.000000        0.000000        0.000000
        2.030794       -0.074535      -10.104233     -508.580672        0.000000        0.000000        0.000000
        2.032774       -0.095440      -11.019311     -416.052483        0.000000        0.000000        0.000000
        2.034753       -0.117968      -11.743424     -315.621365        0.000000        0.000000        0.000000
        2.036732       -0.141726      -12.262752     -209.129334        0.000000        0.000000        0.000000
        2.038712       -0.166299      -12.567231      -98.529755        0.000000        0.000000        0.000000
        2.040691       -0.191257      -12.650741       14.148517        0.000000        0.000000        0.000000
        2.042670       -0.216159      -12.511211      126.838383        0.000000        0.000000        0.000000
        2.044650       -0.240566      -12.150665      237.472448        0.000000        0.000000        0.000000
        2.046629       -0.264046      -11.575181      344.020974        0.000000        0.000000        0.000000
        2.048608       -0.286185      -10.794779      444.529141        0.000000        0.000000        0.000000
        2.050588       -0.306590       -9.823242      537.152934        0.000000        0.000000        0.000000
        2.052567       -0.324900       -8.677857      620.192999        0.000000        0.000000        0.000000
        2.054546       -0.340791       -7.379099      692.125834        0.000000        0.000000        0.000000
        2.056526       -0.353983       -5.950262      751.631761        0.000000        0.000000        0.000000
        2.058505       -0.364243       -4.417021      797.619151        0.000000        0.000000        0.000000
        2.060484       -0.371392       -2.806970      829.244467        0.000000        0.000000        0.000000
        2.062464       -0.375307       -1.149109      845.927746        0.000000        0.000000        0.000000
        2.064443       -0.375923        0.526683      847.363248        0.000000        0.000000        0.000000
        2.066422       -0.373234        2.190201      833.525068        0.000000        0.000000        0.000000
        2.068402       -0.367295        3.811464      804.667612        0.000000        0.000000        0.000000
        2.070381       -0.358217        5.361270      761.320926        0.000000        0.000000        0.000000
        2.072360       -0.346170        6.811726      704.280963        0.000000        0.000000        0.000000
        2.074340       -0.331376        8.136765      634.594977        0.000000        0.000000        0.000000
        2.076319       -0.314107        9.312624      553.542291        0.000000        0.000000        0.000000
        2.078298       -0.294679       10.318276      462.610812        0.000000        0.000000        0.000000
        2.080278       -0.273446       11.135820      363.469719        0.000000        0.000000        0.000000
        2.082257       -0.250796       11.750807      257.938817        0.000000        0.000000        0.000000
        2.084236       -0.227140       12.152506      147.955129        0.000000        0.000000        0.000000
        2.086216       -0.202906       12.334102       35.537335        0.000000        0.000000        0.000000
        2.088195       -0.178534       12.292819      -77.251282        0.000000        0.000000        0.000000
        2.090174       -0.154462       12.029972     -188.340722        0.000000        0.000000        0.000000
        2.092154       -0.131125       11.550941     -295.692263        0.000000        0.000000        0.000000
        2.094133       -0.108941       10.865075     -397.335891        0.000000        0.000000        0.000000
        2.096112       -0.088306        9.985517     -491.406465        0.000000        0.000000        0.000000
        2.098092       -0.069587        8.928965     -576.177958        0.000000        0.000000        0.000000
        2.100071       -0.053114        7.715365     -650.095142        0.000000        0.000000        0.000000
        2.102050       -0.039177        6.367541     -711.802140        0.000000        0.000000        0.000000
        2.104030       -0.028015        4.910783     -760.167318        0.000000        0.000000        0.000000
        2.106009       -0.019818        3.372376     -794.304056        0.000000        0.000000        0.000000
        2.107988       -0.014717        1.781101     -813.587030        0.000000        0.000000        0.000000
        2.109968       -0.012790        0.166708     -817.663684        0.000000        0.000000        0.000000
        2.111947       -0.014050       -1.440632     -806.460711        0.000000        0.000000        0.000000
        2.113926       -0.018456       -3.010882     -780.185387        0.000000        0.000000        0.000000
        2.115906       -0.025904       -4.514686     -739.321778        0.000000        0.000000        0.000000
        2.117885       -0.036235       -5.923914     -684.621842        0.000000        0.000000        0.000000
        2.119864       -0.049235       -7.212176     -617.091631        0.000000        0.000000        0.000000
        2.121844       -0.064641       -8.355303     -537.972816        0.000000        0.000000        0.000000
        2.123823       -0.082146       -9.331799     -448.719895        0.000000        0.000000        0.000000
        2.125802       -0.101400      -10.123229     -350.973490        0.000000        0.000000        0.000000
        2.127782       -0.122022      -10.714558     -246.530227        0.000000        0.000000        0.000000
        2.129761       -0.143606      -11.094431     -137.309750        0.000000        0.000000        0.000000
        2.131740       -0.165725      -11.255380      -25.319485        0.000000        0.000000        0.000000
        2.133720       -0.187942      -11.193958       87.382219        0.000000        0.000000        0.000000
        2.135699       -0.209818      -10.910809      198.723878        0.000000        0.000000        0.000000
        2.137678       -0.230919      -10.410649      306.658898        0.000000        0.000000        0.000000
        2.139658       -0.250824       -9.702185      409.203152        0.000000        0.000000        0.000000
        2.141637       -0.269133       -8.797952      504.471405        0.000000        0.000000        0.000000
        2.143616       -0.285475       -7.714086      590.711921        0.000000        0.000000        0.000000
        2.145596       -0.299512       -6.470027      666.338628        0.000000        0.000000        0.000000
        2.147575       -0.310951       -5.088157      729.960232        0.000000        0.000000        0.000000
        2.149554       -0.319543       -3.593400      780.405762        0.000000        0.000000        0.000000
        2.151534       -0.325091       -2.012753      816.746067        0.000000        0.000000        0.000000
        2.153513       -0.327454       -0.374800      838.310875        0.000000        0.000000        0.000000
        2.155492       -0.326547        1.290820      844.701096        0.000000        0.000000        0.000000
        2.157472       -0.322347        2.953950      835.796156        0.000000        0.000000        0.000000
        2.159451       -0.314886        4.584477      811.756203        0.000000        0.000000        0.000000
        2.161430       -0.304260        6.152875      773.019176        0.000000        0.000000        0.000000
        2.163410       -0.290618        7.630755      720.292761        0.000000        0.000000        0.000000
        2.165389       -0.274168        8.991381      654.541404        0.000000        0.000000        0.000000
        2.167368       -0.255165       10.210164      576.968602        0.000000        0.000000        0.000000
        2.169348       -0.233912       11.265112      488.994815        0.000000        0.000000        0.000000
        2.171327       -0.210751       12.137231      392.231386        0.000000        0.000000        0.000000
        2.173306       -0.186061       12.810879      288.450963        0.000000        0.000000        0.000000
        2.175285       -0.160245       13.274049      179.554957        0.000000        0.000000        0.000000
        2.177265       -0.133730       13.518589       67.538637        0.000000        0.000000        0.000000
        2.179244       -0.106950       13.540355      -45.545500        0.000000        0.000000        0.000000
        2.181223       -0.080349       13.339284     -157.625405        0.000000        0.000000        0.000000
        2.183203       -0.054361       12.919395     -266.647517        0.000000        0.000000        0.000000
        2.185182       -0.029414       12.288719     -370.614463        0.000000        0.000000        0.000000
        2.187161       -0.005911       11.459145     -467.621721        0.000000        0.000000        0.000000
        2.189141        0.015768       10.446208     -555.892584        0.000000        0.000000        0.000000
        2.191120        0.035279        9.268799     -633.810778        0.000000        0.000000        0.000000
        2.193099        0.052319        7.948821     -699.950129        0.000000        0.000000        0.000000
        2.195079        0.066629        6.510787     -753.100748        0.000000        0.000000        0.000000
        2.197058        0.078002        4.981365     -792.291236        0.000000        0.000000        0.000000
        2.199037        0.086286        3.388896     -816.806520        0.000000        0.000000        0.000000
        2.201017        0.091385        1.762868     -826.200976        0.000000        0.000000        0.000000
        2.202996        0.093261        0.133375     -820.306612        0.000000        0.000000        0.000000
        2.204975        0.091939       -1.469431     -799.236148        0.000000        0.000000        0.000000
        2.206955        0.087500       -3.015900     -763.380944        0.000000        0.000000        0.000000
        2.208934        0.080084       -4.477423     -713.403818        0.000000        0.000000        0.000000
        2.210913        0.069886       -5.826962     -650.226874        0.000000        0.000000        0.000000
        2.212893        0.057153       -7.039541     -575.014573        0.000000        0.000000        0.000000
        2.214872        0.042177       -8.092711     -489.152352        0.000000        0.000000        0.000000
        2.216851        0.025294       -8.966956     -394.221192        0.000000        0.000000        0.000000
        2.218831        0.006873       -9.646054     -291.968591        0.000000        0.000000        0.000000
        2.220810       -0.012686      -10.117378     -184.276480        0.000000        0.000000        0.000000
        2.222789       -0.032964      -10.372121      -73.126675        0.000000        0.000000        0.000000
        2.224769       -0.053527      -10.405464       39.435507        0.000000        0.000000        0.000000
        2.226748       -0.073936      -10.216661      151.338800        0.000000        0.000000        0.000000
        2.228727       -0.093755       -9.809054      260.524014        0.000000        0.000000        0.000000
        2.230707       -0.112557       -9.190013      364.981840        0.000000        0.000000        0.000000
        2.232686       -0.129937       -8.370795      462.789737        0.000000        0.000000        0.000000
        2.234665       -0.145511       -7.366347      552.147230        0.000000        0.000000        0.000000
        2.236645       -0.158933       -6.195022      631.408964        0.000000        0.000000        0.000000
        2.238624       -0.169891       -4.878248      699.114911        0.000000        0.000000        0.000000
        2.240603       -0.178124       -3.440133      754.017178        0.000000        0.000000        0.000000
        2.242583       -0.183416       -1.907021      795.102913        0.000000        0.000000        0.000000
        2.244562       -0.185607       -0.307013      821.612902        0.000000        0.000000        0.000000
        2.246541       -0.184594        1.330556      833.055511        0.000000        0.000000        0.000000
        2.248521       -0.180332        2.975649      829.215712        0.000000        0.000000        0.000000
        2.250500       -0.172837        4.598082      810.159028        0.000000        0.000000        0.000000
        2.252479       -0.162182        6.168077      776.230338        0.000000        0.000000        0.000000
        2.254459       -0.148500        7.656810      728.047542        0.000000        0.000000        0.000000
        2.256438       -0.131979        9.036936      666.490223        0.000000        0.000000        0.000000
        2.258417       -0.112858       10.283097      592.683497        0.000000        0.000000        0.000000
        2.260397       -0.091427       11.372384      507.977363        0.000000        0.000000        0.000000
        2.262376       -0.068014       12.284756      413.921919        0.000000        0.000000        0.000000
        2.264355       -0.042987       13.003413      312.238906        0.000000        0.000000        0.000000
        2.266335       -0.016743       13.515099      204.790104        0.000000        0.000000        0.000000
        2.268314        0.010301       13.810349       93.543151        0.000000        0.000000        0.000000
        2.270293        0.037708       13.883662      -19.464575        0.000000        0.000000        0.000000
        2.272273        0.065040       13.733601     -132.163357        0.000000        0.000000        0.000000
        2.274252        0.091857       13.362820     -242.489136        0.000000        0.000000        0.000000
        2.276231        0.117727       12.778016     -348.421401        0.000000        0.000000        0.000000
        2.278211        0.142239       11.989805     -448.020278        0.000000        0.000000        0.000000
        2.280190        0.165004       11.012527     -539.462147        0.000000        0.000000        0.000000
        2.282169        0.185665        9.863985     -621.073111        0.000000        0.000000        0.000000
        2.284149        0.203903        8.565115     -691.359732        0.000000        0.000000        0.000000
        2.286128        0.219446        7.139604     -749.036440        0.000000        0.000000        0.000000
        2.288107        0.232067        5.613455     -793.049138        0.000000        0.000000        0.000000
        2.290087        0.241595        4.014508     -822.594546        0.000000        0.000000        0.000000
        2.292066        0.247916        2.371930     -837.134952        0.000000        0.000000        0.000000
        2.294045        0.250972        0.715682     -836.408077        0.000000        0.000000        0.000000
        2.296025        0.250765       -0.924036     -820.431893        0.000000        0.000000        0.000000
        2.298004        0.247360       -2.517335     -789.504288        0.000000        0.000000        0.000000
        2.299983        0.240875       -4.035187     -744.197598        0.000000        0.000000        0.000000
        2.301963        0.231488       -5.449960     -685.348098        0.000000        0.000000        0.000000
        2.303942        0.219428       -6.735920     -614.040648        0.000000        0.000000        0.000000
        2.305921        0.204973       -7.869711     -531.588775        0.000000        0.000000        0.000000
        2.307901        0.188445       -8.830775     -439.510559        0.000000        0.000000        0.000000
        2.309880        0.170203       -9.601736     -339.500762        0.000000        0.000000        0.000000
        2.311859        0.150637      -10.168716     -233.399712        0.000000        0.000000        0.000000
        2.313839        0.130160      -10.521590     -123.159518        0.000000        0.000000        0.000000
        2.315818        0.109203      -10.654173      -10.808234        0.000000        0.000000        0.000000
        2.317797        0.088204      -10.564332      101.587379        0.000000        0.000000        0.000000
        2.319777        0.067601      -10.254025      211.959793        0.000000        0.000000        0.000000
        2.321756        0.047824       -9.729266      318.278670        0.000000        0.000000        0.000000
        2.323735        0.029288       -9.000015      418.588138        0.000000        0.000000        0.000000
        2.325715        0.012385       -8.079991      511.042699        0.000000        0.000000        0.000000
        2.327694       -0.002526       -6.986426      593.941108        0.000000        0.000000        0.000000
        2.329673       -0.015120       -5.739745      665.757609        0.000000        0.000000        0.000000
        2.331653       -0.025119       -4.363192      725.169944        0.000000        0.000000        0.000000
        2.333632       -0.032290       -2.882401      771.083629        0.000000        0.000000        0.000000
        2.335611       -0.036453       -1.324928      802.652049        0.000000        0.000000        0.000000
        2.337591       -0.037487        0.280254      819.292000        0.000000        0.000000        0.000000
        2.339570       -0.035326        1.903293      820.694398        0.000000        0.000000        0.000000
        2.341549       -0.029965        3.513998      806.829952        0.000000        0.000000        0.000000
        2.343529       -0.021458        5.082400      777.949708        0.000000        0.000000        0.000000
        2.345508       -0.009916        6.579300      734.580435        0.000000        0.000000        0.000000
        2.347487        0.004489        7.976802      677.514958        0.000000        0.000000        0.000000
        2.349467        0.021537        9.248832      607.797607        0.000000        0.000000        0.000000
        2.351446        0.040955       10.371611      526.705042        0.000000        0.000000        0.000000
        2.353425        0.062426       11.324093      435.722818        0.000000        0.000000        0.000000
        2.355405        0.085597       12.088353      336.518116        0.000000        0.000000        0.000000
        2.357384        0.110079       12.649917      230.909134        0.000000        0.000000        0.000000
        2.359363        0.135462       12.998022      120.831711        0.000000        0.000000        0.000000
        2.361343        0.161316       13.125823        8.303790        0.000000        0.000000        0.000000
        2.363322        0.187202       13.030511     -104.611629        0.000000        0.000000        0.000000
        2.365301        0.212680       12.713367     -215.844360        0.000000        0.000000        0.000000
        2.367281        0.237316       12.179739     -323.355032        0.000000        0.000000        0.000000
        2.369260        0.260690       11.438947     -425.172535        0.000000        0.000000        0.000000
        2.371239        0.282407       10.504106     -519.430198        0.000000        0.000000        0.000000
        2.373219        0.302097        9.391890     -604.400059        0.000000        0.000000        0.000000
        2.375198        0.319430        8.122223     -678.524588        0.000000        0.000000        0.000000
        2.377177        0.334117        6.717917     -740.445280        0.000000        0.000000        0.000000
        2.379157        0.345916        5.204250     -789.027592        0.000000        0.000000        0.000000
        2.381136        0.354638        3.608504     -823.381769        0.000000        0.000000        0.000000
        2.383115        0.360148        1.959462     -842.879184        0.000000        0.000000        0.000000
        2.385095        0.362371        0.286884     -847.163872        0.000000        0.000000        0.000000
        2.387074        0.361290       -1.379043     -836.159066        0.000000        0.000000        0.000000
        2.389053        0.356948       -3.008258     -810.068606        0.000000        0.000000        0.000000
        2.391033        0.349447       -4.571378     -769.373196        0.000000        0.000000        0.000000
        2.393012        0.338945       -6.040235     -714.821580        0.000000        0.000000        0.000000
        2.394991        0.325655       -7.388396     -647.416792        0.000000        0.000000        0.000000
        2.396971        0.309840       -8.591646     -568.397748        0.000000        0.000000        0.000000
        2.398950        0.291808       -9.628434     -479.216493        0.000000        0.000000        0.000000
        2.400929        0.271908      -10.480267     -381.511553        0.000000        0.000000        0.000000
        2.402909        0.250519      -11.132050     -277.077846        0.000000        0.000000        0.000000
        2.404888        0.228049      -11.572364     -167.833735        0.000000        0.000000        0.000000
        2.406867        0.204924      -11.793673      -55.785807        0.000000        0.000000        0.000000
        2.408847        0.181582      -11.792463       57.007962        0.000000        0.000000        0.000000
        2.410826        0.158462      -11.569309      168.475989        0.000000        0.000000        0.000000
        2.412805        0.135998      -11.128861      276.571116        0.000000        0.000000        0.000000
        2.414785        0.114613      -10.479760      379.308191        0.000000        0.000000        0.000000
        2.416764        0.094706       -9.634478      474.800514        0.000000        0.000000        0.000000
        2.418743        0.076651       -8.609090      561.294469        0.000000        0.000000        0.000000
        2.420723        0.060785       -7.422979      637.201725        0.000000        0.000000        0.000000
        2.422702        0.047403       -6.098480      701.128387        0.000000        0.000000        0.000000
        2.424681        0.036755       -4.660467      751.900590        0.000000        0.000000        0.000000
        2.426661        0.029040       -3.135900      788.586050        0.000000        0.000000        0.000000
        2.428640        0.024399       -1.553328      810.511176        0.000000        0.000000        0.000000
        2.430619        0.022919        0.057635      817.273438        0.000000        0.000000        0.000000
        2.432599        0.024625        1.666854      808.748756        0.000000        0.000000        0.000000
        2.434578        0.029486        3.244225      785.093778        0.000000        0.000000        0.000000
        2.436557        0.037407        4.760232      746.743005        0.000000        0.000000        0.000000
        2.438537        0.048241        6.186482      694.400811        0.000000        0.000000        0.000000
        2.440516        0.061782        7.496235      629.028518        0.000000        0.000000        0.000000
        2.442495        0.077776        8.664887      551.826741        0.000000        0.000000        0.000000
        2.444475        0.095922        9.670427      464.213352        0.000000        0.000000        0.000000
        2.446454        0.115878       10.493840      367.797447        0.000000        0.000000        0.000000
        2.448433        0.137268       11.119455      264.349806        0.000000        0.000000        0.000000
        2.450413        0.159689       11.535233      155.770386        0.000000        0.000000        0.000000
        2.452392        0.182716       11.732992       44.053440        0.000000        0.000000        0.000000
        2.454371        0.205916       11.708552      -68.749095        0.000000        0.000000        0.000000
        2.456351        0.228846       11.461814     -180.565265        0.000000        0.000000        0.000000
        2.458330        0.251073       10.996763     -289.341143        0.000000        0.000000        0.000000
        2.460309        0.272171       10.321396     -393.078528        0.000000        0.000000        0.000000
        2.462289        0.291736        9.447570     -489.871636        0.000000        0.000000        0.000000
        2.464268        0.309390        8.390792     -577.942080        0.000000        0.000000        0.000000
        2.466247        0.324789        7.169926     -655.671526        0.000000        0.000000        0.000000
        2.468227        0.337632        5.806857     -721.631398        0.000000        0.000000        0.000000
        2.470206        0.347660        4.326079     -774.609105        0.000000        0.000000        0.000000
        2.472185        0.354667        2.754252     -813.630305        0.000000        0.000000        0.000000
        2.474165        0.358501        1.119713     -837.976791        0.000000        0.000000        0.000000
        2.476144        0.359067       -0.548048     -847.199676        0.000000        0.000000        0.000000
        2.478123        0.356329       -2.218928     -841.127637        0.000000        0.000000        0.000000
        2.480103        0.350310       -3.862761     -819.870058        0.000000        0.000000        0.000000
        2.482082        0.341094       -5.449873     -783.815022        0.000000        0.000000        0.000000
        2.484061        0.328820       -6.951629     -733.622192        0.000000        0.000000        0.000000
        2.486041        0.313686       -8.340954     -670.210695        0.000000        0.000000        0.000000
        2.488020        0.295937       -9.592835     -594.742255        0.000000        0.000000        0.000000
        2.489999        0.275869      -10.684775     -508.599861        0.000000        0.000000        0.000000
        2.491979        0.253817      -11.597210     -413.362385        0.000000        0.000000        0.000000
        2.493958        0.230153      -12.313864     -310.775592        0.000000        0.000000        0.000000
        2.495937        0.205277      -12.822053     -202.720093        0.000000        0.000000        0.000000
        2.497917        0.179610      -13.112913      -91.176823        0.000000        0.000000        0.000000
        2.499896        0.153588      -13.181564       21.809325        0.000000        0.000000        0.000000
        2.501875        0.127650      -13.027199      134.167043        0.000000        0.000000        0.000000
        2.503855        0.102235      -12.653102      243.836627        0.000000        0.000000        0.000000
        2.505834        0.077771      -12.066582      348.807792        0.000000        0.000000        0.000000
        2.507813        0.054666      -11.278843      447.156579        0.000000        0.000000        0.000000
        2.509793        0.033306      -10.304777      537.080667        0.000000        0.000000        0.000000
        2.511772        0.014040       -9.162690      616.932467        0.000000        0.000000        0.000000
        2.513751       -0.002821       -7.873965      685.249363        0.000000        0.000000        0.000000
        2.515731       -0.017010       -6.462672      740.780563        0.000000        0.000000        0.000000
        2.517710       -0.028309       -4.955123      782.510062        0.000000        0.000000        0.000000
        2.519689       -0.036558       -3.379392      809.675292        0.000000        0.000000        0.000000
        2.521669       -0.041649       -1.764795      821.781118        0.000000        0.000000        0.000000
        2.523648       -0.043535       -0.141357      818.608931        0.000000        0.000000        0.000000
        2.525627       -0.042229        1.460743      800.220657        0.000000        0.000000        0.000000
        2.527607       -0.037803        3.011726      766.957620        0.000000        0.000000        0.000000
        2.529586       -0.030386        4.482757      719.434274        0.000000        0.000000        0.000000
        2.531565       -0.020164        5.846478      658.526923        0.000000        0.000000        0.000000
        2.533545       -0.007373        7.077508      585.357631        0.000000        0.000000        0.000000
        2.535524        0.007700        8.152910      501.273624        0.000000        0.000000        0.000000
        2.537503        0.024727        9.052612      407.822552        0.000000        0.000000        0.000000
        2.539483        0.043345        9.759774      306.724079        0.000000        0.000000        0.000000
        2.541462        0.063159       10.261102      199.838313        0.000000        0.000000        0.000000
        2.543441        0.083753       10.547085       89.131652        0.000000        0.000000        0.000000
        2.545421        0.104693       10.612178      -23.359314        0.000000        0.000000        0.000000
        2.547400        0.125543       10.454896     -135.565192        0.000000        0.000000        0.000000
        2.549379        0.145863       10.077846     -245.421779        0.000000        0.000000        0.000000
        2.551359        0.165226        9.487679     -350.907957        0.000000        0.000000        0.000000
        2.553338        0.183221        8.694966     -450.082801        0.000000        0.000000        0.000000
        2.555317        0.199461        7.714005     -541.121210        0.000000        0.000000        0.000000
        2.557297        0.213590        6.562560     -622.347414        0.000000        0.000000        0.000000
        2.559276        0.225291        5.261532     -692.265739        0.000000        0.000000        0.000000
        2.561255        0.234294        3.834578     -749.588070        0.000000        0.000000        0.000000
        2.563235        0.240372        2.307677     -793.257496        0.000000        0.000000        0.000000
        2.565214        0.243358        0.708649     -822.467714        0.000000        0.000000        0.000000
        2.567193        0.243135       -0.933351     -836.677837        0.000000        0.000000        0.000000
        2.569173        0.239650       -2.588369     -835.622321        0.000000        0.000000        0.000000
        2.571152        0.232906       -4.226205     -819.315842        0.000000        0.000000        0.000000
        2.573131        0.222966       -5.816963     -788.053031        0.000000        0.000000        0.000000
        2.575110        0.209954       -7.331603     -742.403063        0.000000        0.000000        0.000000
        2.577090        0.194046       -8.742473     -683.199211        0.000000        0.000000        0.000000
        2.579069        0.175473      -10.023816     -611.523549        0.000000        0.000000        0.000000
        2.581048        0.154516      -11.152243     -528.687091        0.000000        0.000000        0.000000
        2.583028        0.131497      -12.107165     -436.205723        0.000000        0.000000        0.000000
        2.585007        0.106777      -12.871165     -335.772374        0.000000        0.000000        0.000000
        2.586986        0.080747      -13.430325     -229.225940        0.000000        0.000000        0.000000
        2.588966        0.053823      -13.774474     -118.517530        0.000000        0.000000        0.000000
        2.590945        0.026438      -13.897383       -5.674640        0.000000        0.000000        0.000000
        2.592924       -0.000970      -13.796871      107.236058        0.000000        0.000000        0.000000
        2.594904       -0.027960      -13.474851      218.146659        0.000000        0.000000        0.000000
        2.596883       -0.054100      -12.937292      325.025986        0.000000        0.000000        0.000000
        2.598862       -0.078971      -12.194109      425.916878        0.000000        0.000000        0.000000
        2.600842       -0.102182      -11.258985      518.972116        0.000000        0.000000        0.000000
        2.602821       -0.123369      -10.149114      602.488335        0.000000        0.000000        0.000000
        2.604800       -0.142206       -8.884889      674.937295        0.000000        0.000000        0.000000
        2.606780       -0.158411       -7.489529      734.993930        0.000000        0.000000        0.000000
        2.608759       -0.171750       -5.988646      781.560677        0.000000        0.000000        0.000000
        2.610738       -0.182041       -4.409785      813.787623        0.000000        0.000000        0.000000
        2.612718       -0.189159       -2.781907      831.088103        0.000000        0.000000        0.000000
        2.614697       -0.193035       -1.134868      833.149475        0.000000        0.000000        0.000000
        2.616676       -0.193662        0.501137      819.938850        0.000000        0.000000        0.000000
        2.618656       -0.191092        2.096124      791.703700        0.000000        0.000000        0.000000
        2.620635       -0.185434        3.620874      748.967314        0.000000        0.000000        0.000000
        2.622614       -0.176855        5.047464      692.519183        0.000000        0.000000        0.000000
        2.624594       -0.165575        6.349785      623.400514        0.000000        0.000000        0.000000
        2.626573       -0.151865        7.504018      542.885107        0.000000        0.000000        0.000000
        2.628552       -0.136037        8.489073      452.455970        0.000000        0.000000        0.000000
        2.630532       -0.118445        9.286975      353.778095        0.000000        0.000000        0.000000
        2.632511       -0.099473        9.883195      248.667888        0.000000        0.000000        0.000000
        2.634490       -0.079531       10.266916      139.059820        0.000000        0.000000        0.000000
        2.636470       -0.059046       10.431231       26.970918        0.000000        0.000000        0.000000
        2.638449       -0.038457       10.373271      -85.536274        0.000000        0.000000        0.000000
        2.640428       -0.018201       10.094257     -196.391553        0.000000        0.000000        0.000000
        2.642408        0.001289        9.599476     -303.555069        0.000000        0.000000        0.000000
        2.644387        0.019596        8.898189     -405.054774        0.000000        0.000000        0.000000
        2.646366        0.036323        8.003455     -499.022623        0.000000        0.000000        0.000000
        2.648346        0.051104        6.931893     -583.728872        0.000000        0.000000        0.000000
        2.650325        0.063608        5.703378     -657.613836        0.000000        0.000000        0.000000
        2.652304        0.073549        4.340677     -719.316520        0.000000        0.000000        0.000000
        2.654284        0.080684        2.869028     -767.699610        0.000000        0.000000        0.000000
        2.656263        0.084825        1.315679     -801.870348        0.000000        0.000000        0.000000
        2.658242        0.085840       -0.290616     -821.196928        0.000000        0.000000        0.000000
        2.660222        0.083652       -1.920117     -825.320092        0.000000        0.000000        0.000000
        2.662201        0.078246       -3.542654     -814.159732        0.000000        0.000000        0.000000
        2.664180        0.069664       -5.128174     -787.916357        0.000000        0.000000        0.000000
        2.666160        0.058011       -6.647295     -747.067413        0.000000        0.000000        0.000000
        2.668139        0.043444       -8.071846     -692.358525        0.000000        0.000000        0.000000
        2.670118        0.026177       -9.375383     -624.789805        0.000000        0.000000        0.000000
        2.672098        0.006473      -10.533675     -545.597493        0.000000        0.000000        0.000000
        2.674077       -0.015358      -11.525151     -456.231268        0.000000        0.000000        0.000000
        2.676056       -0.038967      -12.331292     -358.327628        0.000000        0.000000        0.000000
        2.678036       -0.063975      -12.936975     -253.679856        0.000000        0.000000        0.000000
        2.680015       -0.089971      -13.330748     -144.205094        0.000000        0.000000        0.000000
        2.681994       -0.116529      -13.505042      -31.909153        0.000000        0.000000        0.000000
        2.683974       -0.143212      -13.456310       81.150312        0.000000        0.000000        0.000000
        2.685953       -0.169578      -13.185090      192.901575        0.000000        0.000000        0.000000
        2.687932       -0.195192      -12.695999      301.296868        0.000000        0.000000        0.000000
        2.689912       -0.219630      -11.997644      404.349979        0.000000        0.000000        0.000000
        2.691891       -0.242492      -11.102469      500.172707        0.000000        0.000000        0.000000
        2.693870       -0.263402      -10.026522      587.009532        0.000000        0.000000        0.000000
        2.695850       -0.282023       -8.789163      663.269836        0.000000        0.000000        0.000000
        2.697829       -0.298058       -7.412709      727.557107        0.000000        0.000000        0.000000
        2.699808       -0.311255       -5.922023      778.694574        0.000000        0.000000        0.000000
        2.701788       -0.321415       -4.344059      815.746808        0.000000        0.000000        0.000000
        2.703767       -0.328393       -2.707366      838.036896        0.000000        0.000000        0.000000
        2.705746       -0.332104       -1.041565      845.158865        0.000000        0.000000        0.000000
        2.707726       -0.332518        0.623196      836.985137        0.000000        0.000000        0.000000
        2.709705       -0.329667        2.256792      813.668865        0.000000        0.000000        0.000000
        2.711684       -0.323644        3.829677      775.641125        0.000000        0.000000        0.000000
        2.713664       -0.314595        5.313428      723.603001        0.000000        0.000000        0.000000
        2.715643       -0.302724        6.681261      658.512708        0.000000        0.000000        0.000000
        2.717622       -0.288285        7.908526      581.568009        0.000000        0.000000        0.000000
        2.719602       -0.271578        8.973162      494.184218        0.000000        0.000000        0.000000
        2.721581       -0.252944        9.856094      397.968218        0.000000        0.000000        0.000000
        2.723560       -0.232757       10.541594      294.688964        0.000000        0.000000        0.000000
        2.725540       -0.211420       11.017557      186.245004        0.000000        0.000000        0.000000
        2.727519       -0.189357       11.275736       74.629624        0.000000        0.000000        0.000000
        2.729498       -0.167003       11.311883      -38.105741        0.000000        0.000000        0.000000
        2.731478       -0.144797       11.125830     -149.889177        0.000000        0.000000        0.000000
        2.733457       -0.123176       10.721497     -258.666319        0.000000        0.000000        0.000000
        2.735436       -0.102563       10.106811     -362.438073        0.000000        0.000000        0.000000
        2.737416       -0.083363        9.293568     -459.297312        0.000000        0.000000        0.000000
        2.739395       -0.065954        8.297211     -547.463892        0.000000        0.000000        0.000000
        2.741374       -0.050680        7.136549     -625.317330        0.000000        0.000000        0.000000
        2.743354       -0.037844        5.833413     -691.426554        0.000000        0.000000        0.000000
        2.745333       -0.027704        4.412250     -744.576177        0.000000        0.000000        0.000000
        2.747312       -0.020468        2.899679     -783.788808        0.000000        0.000000        0.000000
        2.749292       -0.016287        1.324001     -808.342999        0.000000        0.000000        0.000000
        2.751271       -0.015260       -0.285324     -817.786484        0.000000        0.000000        0.000000
        2.753250       -0.017421       -1.898213     -811.944489        0.000000        0.000000        0.000000
        2.755230       -0.022748       -3.484516     -790.922936        0.000000        0.000000        0.000000
        2.757209       -0.031159       -5.014569     -755.106501        0.000000        0.000000        0.000000
        2.759188       -0.042515       -6.459736     -705.151553        0.000000        0.000000        0.000000
        2.761168       -0.056620       -7.792940     -641.974103        0.000000        0.000000        0.000000
        2.763147       -0.073229       -8.989157     -566.732989        0.000000        0.000000        0.000000
        2.765126       -0.092047      -10.025873     -480.808600        0.000000        0.000000        0.000000
        2.767106       -0.112740      -10.883503     -385.777540        0.000000        0.000000        0.000000
        2.769085       -0.134938      -11.545749     -283.383680        0.000000        0.000000        0.000000
        2.771064       -0.158240      -11.999897     -175.506143        0.000000        0.000000        0.000000
        2.773044       -0.182227      -12.237051      -64.124811        0.000000        0.000000        0.000000
        2.775023       -0.206463      -12.252301       48.716023        0.000000        0.000000        0.000000
        2.777002       -0.230509      -12.044807      160.945188        0.000000        0.000000        0.000000
        2.778982       -0.253927      -11.617817      270.502652        0.000000        0.000000        0.000000
        2.780961       -0.276290      -10.978612      375.377348        0.000000        0.000000        0.000000
        2.782940       -0.297189      -10.138364      473.644084        0.000000        0.000000        0.000000
        2.784920       -0.316240       -9.111939      563.498894        0.000000        0.000000        0.000000
        2.786899       -0.333094       -7.917620      643.292154        0.000000        0.000000        0.000000
        2.788878       -0.347438       -6.576770      711.558862        0.000000        0.000000        0.000000
        2.790858       -0.359008       -5.113446      767.045537        0.000000        0.000000        0.000000
        2.792837       -0.367586       -3.553951      808.733230        0.000000        0.000000        0.000000
        2.794816       -0.373009       -1.926357      835.856230        0.000000        0.000000        0.000000
        2.796796       -0.375173       -0.259985      847.916119        0.000000        0.000000        0.000000
        2.798775       -0.374030        1.415130      844.690926        0.000000        0.000000        0.000000
        2.800754       -0.369592        3.068793      826.239198        0.000000        0.000000        0.000000
        2.802734       -0.361932        4.671198      792.898932        0.000000        0.000000        0.000000
        2.804713       -0.351180        6.193483      745.281360        0.000000        0.000000        0.000000
        2.806692       -0.337521        7.608251      684.259739        0.000000        0.000000        0.000000
        2.808672       -0.321193        8.890079      610.953311        0.000000        0.000000        0.000000
        2.810651       -0.302482       10.015982      526.706764        0.000000        0.000000        0.000000
        2.812630       -0.281717       10.965836      433.065538        0.000000        0.000000        0.000000
        2.814610       -0.259263       11.722745      331.747461        0.000000        0.000000        0.000000
        2.816589       -0.235515       12.273354      224.611208        0.000000        0.000000        0.000000
        2.818568       -0.210891       12.608092      113.622183        0.000000        0.000000        0.000000
        2.820548       -0.185823       12.721348        0.816436        0.000000        0.000000        0.000000
        2.822527       -0.160752       12.611574     -111.736714        0.000000        0.000000        0.000000
        2.824506       -0.136116       12.281314     -221.972667        0.000000        0.000000        0.000000
        2.826486       -0.112346       11.737154     -327.869444        0.000000        0.000000        0.000000
        2.828465       -0.089854       10.989605     -427.484808        0.000000        0.000000        0.000000
        2.830444       -0.069029       10.052910     -518.991918        0.000000        0.000000        0.000000
        2.832424       -0.050228        8.944776     -600.712866        0.000000        0.000000        0.000000
        2.834403       -0.033769        7.686057     -671.149478        0.000000        0.000000        0.000000
        2.836382       -0.019927        6.300367     -729.010822        0.000000        0.000000        0.000000
        2.838362       -0.008928        4.813643     -773.236903        0.000000        0.000000        0.000000
        2.840341       -0.000944        3.253678     -803.018120        0.000000        0.000000        0.000000
        2.842320        0.003909        1.649599     -817.810133        0.000000        0.000000        0.000000
        2.844300        0.005573        0.031343     -817.343854        0.000000        0.000000        0.000000
        2.846279        0.004049       -1.570900     -801.630381        0.000000        0.000000        0.000000
        2.848258       -0.000601       -3.127240     -770.960802        0.000000        0.000000        0.000000
        2.850238       -0.008257       -4.608633     -725.900843        0.000000        0.000000        0.000000
        2.852217       -0.018743       -5.987417     -667.280488        0.000000        0.000000        0.000000
        2.854196       -0.031832       -7.237819     -596.178733        0.000000        0.000000        0.000000
        2.856176       -0.047245       -8.336430     -513.903785        0.000000        0.000000        0.000000
        2.858155       -0.064662       -9.262631     -421.969040        0.000000        0.000000        0.000000
        2.860134       -0.083725       -9.998977     -322.065299        0.000000        0.000000        0.000000
        2.862114       -0.104043      -10.531511     -216.029729        0.000000        0.000000        0.000000
        2.864093       -0.125204      -10.850027     -105.812133        0.000000        0.000000        0.000000
        2.866072       -0.146777      -10.948252        6.560844        0.000000        0.000000        0.000000
        2.868052       -0.168324      -10.823966      119.022923        0.000000        0.000000        0.000000
        2.870031       -0.189407      -10.479039      229.506125        0.000000        0.000000        0.000000
        2.872010       -0.209594       -9.919398      335.978736        0.000000        0.000000        0.000000
        2.873990       -0.228472       -9.154919      436.482608        0.000000        0.000000        0.000000
        2.875969       -0.245646       -8.199247      529.169105        0.000000        0.000000        0.000000
        2.877948       -0.260757       -7.069541      612.333046        0.000000        0.000000        0.000000
        2.879928       -0.273480       -5.786165      684.444006        0.000000        0.000000        0.000000
        2.881907       -0.283534       -4.372311      744.174417        0.000000        0.000000        0.000000
        2.883886       -0.290685       -2.853571      790.423936        0.000000        0.000000        0.000000
        2.885866       -0.294754       -1.257474      822.339654        0.000000        0.000000        0.000000
        2.887845       -0.295615        0.387025      839.331745        0.000000        0.000000        0.000000
        2.889824       -0.293203        2.050076      841.084306        0.000000        0.000000        0.000000
        2.891804       -0.287511        3.701477      827.561148        0.000000        0.000000        0.000000
        2.893783       -0.278591        5.311236      799.006470        0.000000        0.000000        0.000000
        2.895762       -0.266556        6.850113      755.940371        0.000000        0.000000        0.000000
        2.897742       -0.251572        8.290166      699.149305        0.000000        0.000000        0.000000
        2.899721       -0.233861        9.605255      629.671646        0.000000        0.000000        0.000000
        2.901700       -0.213695       10.771527      548.778626        0.000000        0.000000        0.000000
        2.903680       -0.191389       11.767852      457.950997        0.000000        0.000000        0.000000
        2.905659       -0.167296       12.576214      358.851849        0.000000        0.000000        0.000000
        2.907638       -0.141804       13.182036      253.296083        0.000000        0.000000        0.000000
        2.909618       -0.115324       13.574452      143.217089        0.000000        0.000000        0.000000
        2.911597       -0.088286       13.746504       30.631258        0.000000        0.000000        0.000000
        2.913576       -0.061127       13.695271      -82.399036        0.000000        0.000000        0.000000
        2.915556       -0.034290       13.421923     -193.803297        0.000000        0.000000        0.000000
        2.917535       -0.008209       12.931697     -301.540913        0.000000        0.000000        0.000000
        2.919514        0.016696       12.233805     -403.638619        0.000000        0.000000        0.000000
        2.921494        0.040028       11.341260     -498.226721        0.000000        0.000000        0.000000
        2.923473        0.061416       10.270639     -583.573420        0.000000        0.000000        0.000000
        2.925452        0.080529        9.041781     -658.116598        0.000000        0.000000        0.000000
        2.927432        0.097075        7.677419     -720.492502        0.000000        0.000000        0.000000
        2.929411        0.110812        6.202764     -769.560772        0.000000        0.000000        0.000000
        2.931390        0.121548        4.645044     -804.425379        0.000000        0.000000        0.000000
        2.933370        0.129147        3.033000     -824.451069        0.000000        0.000000        0.000000
        2.935349        0.133530        1.396364     -829.275028        0.000000        0.000000        0.000000
        2.937328        0.134680       -0.234693     -818.813538        0.000000        0.000000        0.000000
        2.939308        0.132636       -1.830110     -793.263513        0.000000        0.000000        0.000000
        2.941287        0.127499       -3.360492     -753.098884        0.000000        0.000000        0.000000
        2.943266        0.119426       -4.797646     -699.061894        0.000000        0.000000        0.000000
        2.945246        0.108626       -6.115101     -632.149474        0.000000        0.000000        0.000000
        2.947225        0.095360       -7.288591     -553.594937        0.000000        0.000000        0.000000
        2.949204        0.079936       -8.296507     -464.845336        0.000000        0.000000        0.000000
        2.951184        0.062700       -9.120285     -367.534896        0.000000        0.000000        0.000000
        2.953163        0.044030       -9.744754     -263.455013        0.000000        0.000000        0.000000
        2.955142        0.024332      -10.158411     -154.521366        0.000000        0.000000        0.000000
        2.957122        0.004032      -10.353633      -42.738742        0.000000        0.000000        0.000000
        2.959101       -0.016435      -10.326816       69.835763        0.000000        0.000000        0.000000
        2.961080       -0.036629      -10.078443      181.130514        0.000000        0.000000        0.000000
        2.963060       -0.056117       -9.613075      289.097370        0.000000        0.000000        0.000000
        2.965039       -0.074478       -8.939264      391.749284        0.000000        0.000000        0.000000
        2.967018       -0.091311       -8.069401      487.196785        0.000000        0.000000        0.000000
        2.968997       -0.106244       -7.019485      573.682665        0.000000        0.000000        0.000000
        2.970977       -0.118939       -5.808830      649.614242        0.000000        0.000000        0.000000
        2.972956       -0.129102       -4.459711      713.592599        0.000000        0.000000        0.000000
        2.974935       -0.136481       -2.996954      764.438265        0.000000        0.000000        0.000000
        2.976915       -0.140880       -1.447482      801.212875        0.000000        0.000000        0.000000
        2.978894       -0.142154        0.160179      823.236391        0.000000        0.000000        0.000000
        2.980873       -0.140217        1.796430      830.099596        0.000000        0.000000        0.000000
        2.982853       -0.135044        3.431131      821.671600        0.000000        0.000000        0.000000
        2.984832       -0.126666        5.034166      798.102249        0.000000        0.000000        0.000000
        2.986811       -0.115176        6.575988      759.819377        0.000000        0.000000        0.000000
        2.988791       -0.100723        8.028164      707.520949        0.000000        0.000000        0.000000
        2.990770       -0.083510        9.363900      642.162249        0.000000        0.000000        0.000000
        2.992749       -0.063794       10.558526      564.938351        0.000000        0.000000        0.000000
        2.994729       -0.041874       11.589956      477.262172        0.000000        0.000000        0.000000
        2.996708       -0.018094       12.439090      380.738540        0.000000        0.000000        0.000000
        2.998687        0.007172       13.090165      277.134735        0.000000        0.000000        0.000000
        3.000667        0.033518       13.531044      168.348042        0.000000        0.000000        0.000000
        3.002646        0.060521       13.753441       56.370925        0.000000        0.000000        0.000000
        3.004625        0.087743       13.753070      -56.745553        0.000000        0.000000        0.000000
        3.006605        0.114744       13.529727     -168.929378        0.000000        0.000000        0.000000
        3.008584        0.141086       13.087292     -278.125624        0.000000        0.000000        0.000000
        3.010563        0.166343       12.433658     -382.334179        0.000000        0.000000        0.000000
        3.012543        0.190109       11.580585     -479.646457        0.000000        0.000000        0.000000
        3.014522        0.212004       10.543487     -568.280439        0.000000        0.000000        0.000000
        3.016501        0.231683        9.341148     -646.613386        0.000000        0.000000        0.000000
        3.018481        0.248841        7.995376     -713.211625        0.000000        0.000000        0.000000
        3.020460        0.263217        6.530603     -766.856870        0.000000        0.000000        0.000000
        3.022439        0.274602        4.973437     -806.568586        0.000000        0.000000        0.000000
        3.024419        0.282841        3.352176     -831.621988        0.000000        0.000000        0.000000
        3.026398        0.287838        1.696284     -841.561346        0.000000        0.000000        0.000000
        3.028377        0.289552        0.035852     -836.208348        0.000000        0.000000        0.000000
        3.030357        0.288005       -1.598951     -815.665377        0.000000        0.000000        0.000000
        3.032336        0.283277       -3.178436     -780.313625        0.000000        0.000000        0.000000
        3.034315        0.275506       -4.673940     -730.806095        0.000000        0.000000        0.000000
        3.036295        0.264884       -6.058346     -668.055615        0.000000        0.000000        0.000000
        3.038274        0.251658       -7.306585     -593.218075        0.000000        0.000000        0.000000
        3.040253        0.236117       -8.396098     -507.671207        0.000000        0.000000        0.000000
        3.042233        0.218597       -9.307244     -412.989293        0.000000        0.000000        0.000000
        3.044212        0.199466      -10.023666     -310.914260        0.000000        0.000000        0.000000
        3.046191        0.179122      -10.532590     -203.323701        0.000000        0.000000        0.000000
        3.048171        0.157985      -10.825056      -92.196406        0.000000        0.000000        0.000000
        3.050150        0.136488      -10.896087       20.423967        0.000000        0.000000        0.000000
        3.052129        0.115071      -10.744777      132.466413        0.000000        0.000000        0.000000
        3.054109        0.094170      -10.374308      241.870596        0.000000        0.000000        0.000000
        3.056088        0.074212       -9.791894      346.624680        0.000000        0.000000        0.000000
        3.058067        0.055606       -9.008646      444.802260        0.000000        0.000000        0.000000
        3.060047        0.038734       -8.039368      534.597730        0.000000        0.000000        0.000000
        3.062026        0.023947       -6.902284      614.359429        0.000000        0.000000        0.000000
        3.064005        0.011555       -5.618708      682.619967        0.000000        0.000000        0.000000
        3.065985        0.001826       -4.212647      738.123165        0.000000        0.000000        0.000000
        3.067964       -0.005026       -2.710363      779.847113        0.000000        0.000000        0.000000
        3.069943       -0.008836       -1.139892      807.022934        0.000000        0.000000        0.000000
        3.071923       -0.009500        0.469474      819.148900        0.000000        0.000000        0.000000
        3.073902       -0.006969        2.087725      815.999644        0.000000        0.000000        0.000000
        3.075881       -0.001256        3.684679      797.630296        0.000000        0.000000        0.000000
        3.077861        0.007567        5.230543      764.375476        0.000000        0.000000        0.000000
        3.079840        0.019371        6.696455      716.843148        0.000000        0.000000        0.000000
        3.081819        0.033970        8.055015      655.903459        0.000000        0.000000        0.000000
        3.083799        0.051126        9.280792      582.672770        0.000000        0.000000        0.000000
        3.085778        0.070555       10.350785      498.493159        0.000000        0.000000        0.000000
        3.087757        0.091927       11.244850      404.907782        0.000000        0.000000        0.000000
        3.089737        0.114879       11.946068      303.632549        0.000000        0.000000        0.000000
        3.091716        0.139014       12.441056      196.524619        0.000000        0.000000        0.000000
        3.093695        0.163915       12.720214       85.548310        0.000000        0.000000        0.000000
        3.095675        0.189150       12.777899      -27.260965        0.000000        0.000000        0.000000
        3.097654        0.214278       12.612531     -139.834061        0.000000        0.000000        0.000000
        3.099633        0.238860       12.226620     -250.106089        0.000000        0.000000        0.000000
        3.101613        0.262467       11.626724     -356.054319        0.000000        0.000000        0.000000
        3.103592        0.284685       10.823324     -455.735319        0.000000        0.000000        0.000000
        3.105571        0.305126        9.830634     -547.320628        0.000000        0.000000        0.000000
        3.107551        0.323431        8.666340     -629.130323        0.000000        0.000000        0.000000
        3.109530        0.339283        7.351278     -699.663861        0.000000        0.000000        0.000000
        3.111509        0.352407        5.909046     -757.627626        0.000000        0.000000        0.000000
        3.113489        0.362575        4.365577     -801.958674        0.000000        0.000000        0.000000
        3.115468        0.369616        2.748658     -831.844249        0.000000        0.000000        0.000000
        3.117447        0.373412        1.087424     -846.736704        0.000000        0.000000        0.000000
        3.119427        0.373906       -0.588179     -846.363552        0.000000        0.000000        0.000000
        3.121406        0.371100       -2.247944     -830.732470        0.000000        0.000000        0.000000
        3.123385        0.365053       -3.861954     -800.131157        0.000000        0.000000        0.000000
        3.125365        0.355885       -5.401135     -755.122051        0.000000        0.000000        0.000000
        3.127344        0.343773       -6.837787     -696.532008        0.000000        0.000000        0.000000
        3.129323        0.328944       -8.146095     -625.437117        0.000000        0.000000        0.000000
        3.131303        0.311676       -9.302599     -543.142946        0.000000        0.000000        0.000000
        3.133282        0.292289      -10.286627     -451.160576        0.000000        0.000000        0.000000
        3.135261        0.271142      -11.080675     -351.178860        0.000000        0.000000        0.000000
        3.137241        0.248626      -11.670726     -245.033414        0.000000        0.000000        0.000000
        3.139220        0.225154      -12.046508     -134.672926        0.000000        0.000000        0.000000
        3.141199        0.201156      -12.201684      -22.123376        0.000000        0.000000        0.000000
        3.143179        0.177072      -12.133966       90.549158        0.000000        0.000000        0.000000
        3.145158        0.153341      -11.845156      201.276424        0.000000        0.000000        0.000000
        3.147137        0.130394      -11.341117      308.025970        0.000000        0.000000        0.000000
        3.149117        0.108648      -10.631660      408.838457        0.000000        0.000000        0.000000
        3.151096        0.088497       -9.730370      501.863622        0.000000        0.000000        0.000000
        3.153075        0.070302       -8.654348      585.394254        0.000000        0.000000        0.000000
        3.155055        0.054390       -7.423904      657.897529        0.000000        0.000000        0.000000
        3.157034        0.041043       -6.062183      718.043153        0.000000        0.000000        0.000000
        3.159013        0.030497       -4.594735      764.727782        0.000000        0.000000        0.000000
        3.160993        0.022932       -3.049052      797.095276        0.000000        0.000000        0.000000
        3.162972        0.018475       -1.454060      814.552421        0.000000        0.000000        0.000000
        3.164951        0.017195        0.160414      816.779812        0.000000        0.000000        0.000000
        3.166931        0.019100        1.764185      803.737722        0.000000        0.000000        0.000000
        3.168910        0.024138        3.327268      775.666828        0.000000        0.000000        0.000000
        3.170889        0.032202        4.820427      733.083794        0.000000        0.000000        0.000000
        3.172869        0.043124        6.215713      676.771784        0.000000        0.000000        0.000000
        3.174848        0.056685        7.486976      607.766084        0.000000        0.000000        0.000000
        3.176827        0.072616        8.610347      527.335098        0.000000        0.000000        0.000000
        3.178807        0.090603        9.564674      436.957058        0.000000        0.000000        0.000000
        3.180786        0.110294       10.331912      338.292891        0.000000        0.000000        0.000000
        3.182765        0.131304       10.897455      233.155720        0.000000        0.000000        0.000000
        3.184745        0.153223       11.250403      123.477585        0.000000        0.000000        0.000000
        3.186724        0.175623       11.383762       11.273968        0.000000        0.000000        0.000000
        3.188703        0.198067       11.294574     -101.393205        0.000000        0.000000        0.000000
        3.190683        0.220116       10.983971     -212.453420        0.000000        0.000000        0.000000
        3.192662        0.241335       10.457153     -319.865585        0.000000        0.000000        0.000000
        3.194641        0.261307        9.723295     -421.655502        0.000000        0.000000        0.000000
        3.196621        0.279634        8.795377     -515.952112        0.000000        0.000000        0.000000
        3.198600        0.295949        7.689946     -601.021840        0.000000        0.000000        0.000000
        3.200579        0.309920        6.426813     -675.300428        0.000000        0.000000        0.000000
        3.202559        0.321257        5.028690     -737.421649        0.000000        0.000000        0.000000
        3.204538        0.329719        3.520772     -786.242388        0.000000        0.000000        0.000000
        3.206517        0.335113        1.930274     -820.863632        0.000000        0.000000        0.000000
        3.208497        0.337307        0.285934     -840.646972        0.000000        0.000000        0.000000
        3.210476        0.336221       -1.382517     -845.226325        0.000000        0.000000        0.000000
        3.212455        0.331840       -3.044900     -834.514656        0.000000        0.000000        0.000000
        3.214435        0.324203       -4.671138     -808.705576        0.000000        0.000000        0.000000
        3.216414        0.313413       -6.231817     -768.269790        0.000000        0.000000        0.000000
        3.218393        0.299627       -7.698716     -713.946454        0.000000        0.000000        0.000000
        3.220373        0.283056       -9.045330     -646.729609        0.000000        0.000000        0.000000
        3.222352        0.263962      -10.247358     -567.849931        0.000000        0.000000        0.000000
        3.224331        0.242654      -11.283145     -478.752143        0.000000        0.000000        0.000000
        3.226311        0.219479      -12.134080     -381.068487        0.000000        0.000000        0.000000
        3.228290        0.194817      -12.784941     -276.588765        0.000000        0.000000        0.000000
        3.230269        0.169077      -13.224170     -167.227483        0.000000        0.000000        0.000000
        3.232249        0.142684      -13.444090      -54.988701        0.000000        0.000000        0.000000
        3.234228        0.116077      -13.441040       58.070754        0.000000        0.000000        0.000000
        3.236207        0.089696      -13.215446      169.879045        0.000000        0.000000        0.000000
        3.238187        0.063977      -12.771812      278.387365        0.000000        0.000000        0.000000
        3.240166        0.039344      -12.118638      381.607540        0.000000        0.000000        0.000000
        3.242145        0.016199      -11.268261      477.648535        0.000000        0.000000        0.000000
        3.244125       -0.005084      -10.236634      564.751162        0.000000        0.000000        0.000000
        3.246104       -0.024164       -9.043026      641.320381        0.000000        0.000000        0.000000
        3.248083       -0.040744       -7.709674      705.954574        0.000000        0.000000        0.000000
        3.250063       -0.054570       -6.261371      757.471282        0.000000        0.000000        0.000000
        3.252042       -0.065443       -4.725014      794.928905        0.000000        0.000000        0.000000
        3.254021       -0.073216       -3.129106      817.643990        0.000000        0.000000        0.000000
        3.256001       -0.077801       -1.503235      825.203780        0.000000        0.000000        0.000000
        3.257980       -0.079167        0.122466      817.473781        0.000000        0.000000        0.000000
        3.259959       -0.077346        1.717881      794.600240        0.000000        0.000000        0.000000
        3.261939       -0.072426        3.253454      757.007453        0.000000        0.000000        0.000000
        3.263918       -0.064554        4.700739      705.389973        0.000000        0.000000        0.000000
        3.265897       -0.053931        6.032918      640.699864        0.000000        0.000000        0.000000
        3.267877       -0.040810        7.225296      564.129217        0.000000        0.000000        0.000000
        3.269856       -0.025489        8.255754      477.088262        0.000000        0.000000        0.000000
        3.271835       -0.008307        9.105152      381.179485        0.000000        0.000000        0.000000
        3.273815        0.010361        9.757686      278.168198        0.000000        0.000000        0.000000
        3.275794        0.030113       10.201173      169.950139        0.000000        0.000000        0.000000
        3.277773        0.050528       10.427279       58.516660        0.000000        0.000000        0.000000
        3.279753        0.071172       10.431668      -54.081826        0.000000        0.000000        0.000000
        3.281732        0.091604       10.214085     -165.773491        0.000000        0.000000        0.000000
        3.283711        0.111390        9.778358     -274.503129        0.000000        0.000000        0.000000
        3.285691        0.130105        9.132331     -378.269885        0.000000        0.000000        0.000000
        3.287670        0.147345        8.287716     -475.163991        0.000000        0.000000        0.000000
        3.289649        0.162732        7.259883     -563.401827        0.000000        0.000000        0.000000
        3.291629        0.175922        6.067573     -641.358666        0.000000        0.000000        0.000000
        3.293608        0.186611        4.732556     -707.598501        0.000000        0.000000        0.000000
        3.295587        0.194540        3.279233     -760.900412        0.000000        0.000000        0.000000
        3.297567        0.199501        1.734185     -800.280980        0.000000        0.000000        0.000000
        3.299546        0.201342        0.125688     -825.012343        0.000000        0.000000        0.000000
        3.301525        0.199965       -1.516809     -834.635556        0.000000        0.000000        0.000000
        3.303505        0.195333       -3.163222     -828.969026        0.000000        0.000000        0.000000
        3.305484        0.187469       -4.783385     -808.111837        0.000000        0.000000        0.000000
        3.307463        0.176453       -6.347605     -772.441942        0.000000        0.000000        0.000000
        3.309443        0.162425       -7.827206     -722.609219        0.000000        0.000000        0.000000
        3.311422        0.145578       -9.195055     -659.523546        0.000000        0.000000        0.000000
        3.313401        0.126160      -10.426063     -584.338097        0.000000        0.000000        0.000000
        3.315381        0.104463      -11.497639     -498.428174        0.000000        0.000000        0.000000
        3.317360        0.080822      -12.390114     -403.365960        0.000000        0.000000        0.000000
        3.319339        0.055608      -13.087094     -300.891660        0.000000        0.000000        0.000000
        3.321319        0.029221      -13.575764     -192.881550        0.000000        0.000000        0.000000
        3.323298        0.002081      -13.847126      -81.313541        0.000000        0.000000        0.000000
        3.325277       -0.025375      -13.896158       31.769136        0.000000        0.000000        0.000000
        3.327257       -0.052708      -13.721913      144.295436        0.000000        0.000000        0.000000
        3.329236       -0.079478      -13.327532      254.204521        0.000000        0.000000        0.000000
        3.331215       -0.105257      -12.720185      359.483589        0.000000        0.000000        0.000000
        3.333195       -0.129633      -11.910947      458.204826        0.000000        0.000000        0.000000
        3.335174       -0.152223      -10.914586      548.560796        0.000000        0.000000        0.000000
        3.337153       -0.172673       -9.749295      628.897619        0.000000        0.000000        0.000000
        3.339133       -0.190671       -8.436362      697.745334        0.000000        0.000000        0.000000
        3.341112       -0.205947       -6.999773      753.844880        0.000000        0.000000        0.000000
        3.343091       -0.218284       -5.465775      796.171214        0.000000        0.000000        0.000000
        3.345071       -0.227516       -3.862394      823.952120        0.000000        0.000000        0.000000
        3.347050       -0.233534       -2.218921      836.682393        0.000000        0.000000        0.000000
        3.349029       -0.236290       -0.565372      834.133103        0.000000        0.000000        0.000000
        3.351009       -0.235792        1.068061      816.355804        0.000000        0.000000        0.000000
        3.352988       -0.232111        2.651563      783.681580        0.000000        0.000000        0.000000
        3.354967       -0.225374        4.156248      736.714971        0.000000        0.000000        0.000000
        3.356947       -0.215763        5.554683      676.322868        0.000000        0.000000        0.000000
        3.358926       -0.203515        6.821397      603.618601        0.000000        0.000000        0.000000
        3.360905       -0.188913        7.933346      519.941497        0.000000        0.000000        0.000000
        3.362884       -0.172283        8.870336      426.832291        0.000000        0.000000        0.000000
        3.364864       -0.153988        9.615393      326.004840        0.000000        0.000000        0.000000
        3.366843       -0.134422       10.155077      219.314658        0.000000        0.000000        0.000000
        3.368822       -0.114000       10.479727      108.724851        0.000000        0.000000        0.000000
        3.370802       -0.093155       10.583636       -3.729926        0.000000        0.000000        0.000000
        3.372781       -0.072323       10.465163     -115.980817        0.000000        0.000000        0.000000
        3.374760       -0.051944       10.126753     -225.962754        0.000000        0.000000        0.000000
        3.376740       -0.032446        9.574900     -331.652364        0.000000        0.000000        0.000000
        3.378719       -0.014241        8.820025     -431.105119        0.000000        0.000000        0.000000
        3.380698        0.002282        7.876284     -522.491033        0.000000        0.000000        0.000000
        3.382678        0.016769        6.761307     -604.128259        0.000000        0.000000        0.000000
        3.384657        0.028899        5.495879     -674.513970        0.000000        0.000000        0.000000
        3.386636        0.038399        4.103552     -732.351943        0.000000        0.000000        0.000000
        3.388616        0.045044        2.610217     -776.576360        0.000000        0.000000        0.000000
        3.390595        0.048660        1.043627     -806.371377        0.000000        0.000000        0.000000
        3.392574        0.049132       -0.567111     -821.186099        0.000000        0.000000        0.000000
        3.394554        0.046401       -2.192073     -820.744700        0.000000        0.000000        0.000000
        3.396533        0.040470       -3.801068     -805.051480        0.000000        0.000000        0.000000
        3.398512        0.031399       -5.364188     -774.390797        0.000000        0.000000        0.000000
        3.400492        0.019309       -6.852361     -729.321838        0.000000        0.000000        0.000000
        3.402471        0.004375       -8.237884     -670.668363        0.000000        0.000000        0.000000
        3.404450       -0.013175       -9.494930     -599.503577        0.000000        0.000000        0.000000
        3.406430       -0.033062      -10.600024     -517.130432        0.000000        0.000000        0.000000
        3.408409       -0.054966      -11.532476     -425.057709        0.000000        0.000000        0.000000
        3.410388       -0.078527      -12.274755     -324.972317        0.000000        0.000000        0.000000
        3.412368       -0.103356      -12.812817     -218.708330        0.000000        0.000000        0.000000
        3.414347       -0.129037      -13.136360     -108.213314        0.000000        0.000000        0.000000
        3.416326       -0.155139      -13.239014        4.487424        0.000000        0.000000        0.000000
        3.418306       -0.181225      -13.118457      117.328018        0.000000        0.000000        0.000000
        3.420285       -0.206852      -12.776461      228.239963        0.000000        0.000000        0.000000
        3.422264       -0.231589      -12.218853      335.190094        0.000000        0.000000        0.000000
        3.424244       -0.255018      -11.455417      436.217907        0.000000        0.000000        0.000000
        3.426223       -0.276747      -10.499707      529.471549        0.000000        0.000000        0.000000
        3.428202       -0.296410       -9.368803      613.241815        0.000000        0.000000        0.000000
        3.430182       -0.313681       -8.082994      685.993527        0.000000        0.000000        0.000000
        3.432161       -0.328277       -6.665409      746.393713        0.000000        0.000000        0.000000
        3.434140       -0.339962       -5.141591      793.336076        0.000000        0.000000        0.000000
        3.436120       -0.348553       -3.539028      825.961310        0.000000        0.000000        0.000000
        3.438099       -0.353923       -1.886648      843.672866        0.000000        0.000000        0.000000
        3.440078       -0.356002       -0.214290      846.147909        0.000000        0.000000        0.000000
        3.442058       -0.354781        1.447845      833.343240        0.000000        0.000000        0.000000
        3.444037       -0.350310        3.069748      805.496090        0.000000        0.000000        0.000000
        3.446016       -0.342698        4.622154      763.119767        0.000000        0.000000        0.000000
        3.447996       -0.332109        6.077075      706.994226        0.000000        0.000000        0.000000
        3.449975       -0.318763        7.408320      638.151753        0.000000        0.000000        0.000000
        3.451954       -0.302928        8.591970      557.858017        0.000000        0.000000        0.000000
        3.453934       -0.284918        9.606820      467.588825        0.000000        0.000000        0.000000
        3.455913       -0.265083       10.434766      369.003039        0.000000        0.000000        0.000000
        3.457892       -0.243809       11.061141      263.912113        0.000000        0.000000        0.000000
        3.459872       -0.221506       11.474979      154.246843        0.000000        0.000000        0.000000
        3.461851       -0.198601       11.669219       42.021917        0.000000        0.000000        0.000000
        3.463830       -0.175532       11.640836      -70.701069        0.000000        0.000000        0.000000
        3.465810       -0.152738       11.390894     -181.851460        0.000000        0.000000        0.000000
        3.467789       -0.130653       10.924524     -289.387555        0.000000        0.000000        0.000000
        3.469768       -0.109697       10.250838     -391.334091        0.000000        0.000000        0.000000
        3.471748       -0.090266        9.382750     -485.818503        0.000000        0.000000        0.000000
        3.473727       -0.072730        8.336748     -571.105305        0.000000        0.000000        0.000000
        3.475706       -0.057420        7.132589     -645.627944        0.000000        0.000000        0.000000
        3.477686       -0.044628        5.792932     -708.017570        0.000000        0.000000        0.000000
        3.479665       -0.034597        4.342927     -757.128153        0.000000        0.000000        0.000000
        3.481644       -0.027519        2.809751     -792.057535        0.000000        0.000000        0.000000
        3.483624       -0.023528        1.222108     -812.163982        0.000000        0.000000        0.000000
        3.485603       -0.022705       -0.390297     -817.077971        0.000000        0.000000        0.000000
        3.487582       -0.025068       -1.997303     -806.708972        0.000000        0.000000        0.000000
        3.489562       -0.030577       -3.568849     -781.247110        0.000000        0.000000        0.000000
        3.491541       -0.039132       -5.075523     -741.159675        0.000000        0.000000        0.000000
        3.493520       -0.050577       -6.489105     -687.182544        0.000000        0.000000        0.000000
        3.495500       -0.064702       -7.783082     -620.306672        0.000000        0.000000        0.000000
        3.497479       -0.081245       -8.933140     -541.759896        0.000000        0.000000        0.000000
        3.499458       -0.099901       -9.917604     -452.984399        0.000000        0.000000        0.000000
        3.501438       -0.120323      -10.717843     -355.610233        0.000000        0.000000        0.000000
        3.503417       -0.142132      -11.318605     -251.425391        0.000000        0.000000        0.000000
        3.505396       -0.164921      -11.708304     -142.342986        0.000000        0.000000        0.000000
        3.507376       -0.188265      -11.879229      -30.366128        0.000000        0.000000        0.000000
        3.509355       -0.211726      -11.827684       82.448851        0.000000        0.000000        0.000000
        3.511334       -0.234867      -11.554062      194.030143        0.000000        0.000000        0.000000
        3.513314       -0.257250      -11.062833      302.328506        0.000000        0.000000        0.000000
        3.515293       -0.278454      -10.362463      405.354878        0.000000        0.000000        0.000000
        3.517272       -0.298076       -9.465260      501.216898        0.000000        0.000000        0.000000
        3.519252       -0.315744       -8.387147      588.153641        0.000000        0.000000        0.000000
        3.521231       -0.331118       -7.147371      664.567953        0.000000        0.000000        0.000000
        3.523210       -0.343900       -5.768150      729.055767        0.000000        0.000000        0.000000
        3.525190       -0.353839       -4.274261      780.431879        0.000000        0.000000        0.000000
        3.527169       -0.360734       -2.692593      817.751712        0.000000        0.000000        0.000000
        3.529148       -0.364439       -1.051648      840.328650        0.000000        0.000000        0.000000
        3.531128       -0.364868        0.618982      847.746651        0.000000        0.000000        0.000000
        3.533107       -0.361990        2.289157      839.867879        0.000000        0.000000        0.000000
        3.535086       -0.355836        3.928739      816.835239        0.000000        0.000000        0.000000
        3.537066       -0.346497        5.508152      779.069750        0.000000        0.000000        0.000000
        3.539045       -0.334119        6.998918      727.262821        0.000000        0.000000        0.000000
        3.541024       -0.318904        8.374184      662.363557        0.000000        0.000000        0.000000
        3.543004       -0.301107        9.609212      585.561334        0.000000        0.000000        0.000000
        3.544983       -0.281026       10.681837      498.263965        0.000000        0.000000        0.000000
        3.546962       -0.259001       11.572869      402.071859        0.000000        0.000000        0.000000
        3.548942       -0.235408       12.266447      298.748637        0.000000        0.000000        0.000000
        3.550921       -0.210650       12.750331      190.188759        0.000000        0.000000        0.000000
        3.552900       -0.185149       13.016128       78.382743        0.000000        0.000000        0.000000
        3.554880       -0.159343       13.059439      -34.619373        0.000000        0.000000        0.000000
        3.556859       -0.133672       12.879948     -146.745672        0.000000        0.000000        0.000000
        3.558838       -0.108573       12.481423     -255.940383        0.000000        0.000000        0.000000
        3.560818       -0.084471       11.871648     -360.201632        0.000000        0.000000        0.000000
        3.562797       -0.061774       11.062280     -457.618185        0.000000        0.000000        0.000000
        3.564776       -0.040862       10.068633     -546.404534        0.000000        0.000000        0.000000
        3.566756       -0.022080        8.909400     -624.933680        0.000000        0.000000        0.000000
        3.568735       -0.005735        7.606306     -691.766995        0.000000        0.000000        0.000000
        3.570714        0.007913        6.183713     -745.680635        0.000000        0.000000        0.000000
        3.572694        0.018652        4.668170     -785.688005        0.000000        0.000000        0.000000
        3.574673        0.026328        3.087925     -811.057871        0.000000        0.000000        0.000000
        3.576652        0.030841        1.472409     -821.327786        0.000000        0.000000        0.000000
        3.578632        0.032152       -0.148308     -816.312571        0.000000        0.000000        0.000000
        3.580611        0.030279       -1.744065     -796.107721        0.000000        0.000000        0.000000
        3.582590        0.025302       -3.285168     -761.087649        0.000000        0.000000        0.000000
        3.584570        0.017357       -4.742932     -711.898809        0.000000        0.000000        0.000000
        3.586549        0.006635       -6.090211     -649.447829        0.000000        0.000000        0.000000
        3.588528       -0.006618       -7.301891     -574.884865        0.000000        0.000000        0.000000
        3.590508       -0.022114       -8.355358     -489.582486        0.000000        0.000000        0.000000
        3.592487       -0.039518       -9.230908     -395.110475        0.000000        0.000000        0.000000
        3.594466       -0.058463       -9.912113     -293.207008        0.000000        0.000000        0.000000
        3.596446       -0.078552      -10.386117     -185.746745        0.000000        0.000000        0.000000
        3.598425       -0.099365      -10.643878      -74.706412        0.000000        0.000000        0.000000
        3.600404       -0.120468      -10.680333       37.871490        0.000000        0.000000        0.000000
        3.602384       -0.141424      -10.494486      149.916181        0.000000        0.000000        0.000000
        3.604363       -0.161796      -10.089432      259.366619        0.000000        0.000000        0.000000
        3.606342       -0.181155       -9.472301      364.209341        0.000000        0.000000        0.000000
        3.608322       -0.199094       -8.654119      462.515426        0.000000        0.000000        0.000000
        3.610301       -0.215230       -7.649617      552.475906        0.000000        0.000000        0.000000
        3.612280       -0.229210       -6.476951      632.434982        0.000000        0.000000        0.000000
        3.614260       -0.240724       -5.157375      700.920415        0.000000        0.000000        0.000000
        3.616239       -0.249505       -3.714847      756.670564        0.000000        0.000000        0.000000
        3.618218       -0.255334       -2.175592      798.657541        0.000000        0.000000        0.000000
        3.620198       -0.258049       -0.567619      826.106088        0.000000        0.000000        0.000000
        3.622177       -0.257542        1.079793      838.507807        0.000000        0.000000        0.000000
        3.624156       -0.253765        2.736630      835.630498        0.000000        0.000000        0.000000
        3.626136       -0.246729        4.372699      817.522419        0.000000        0.000000        0.000000
        3.628115       -0.236505        5.958177      784.511405        0.000000        0.000000        0.000000
        3.630094       -0.223222        7.464162      737.198851        0.000000        0.000000        0.000000
        3.632074       -0.207063        8.863201      676.448670        0.000000        0.000000        0.000000
        3.634053       -0.188266       10.129795      603.371437        0.000000        0.000000        0.000000
        3.636032       -0.167117       11.240868      519.304001        0.000000        0.000000        0.000000
        3.638012       -0.143941       12.176191      425.784946        0.000000        0.000000        0.000000
        3.639991       -0.119106       12.918748      324.526345        0.000000        0.000000        0.000000
        3.641970       -0.093005       13.455056      217.382330        0.000000        0.000000        0.000000
        3.643950       -0.066056       13.775409      106.315058        0.000000        0.000000        0.000000
        3.645929       -0.038692       13.874052       -6.641310        0.000000        0.000000        0.000000
        3.647908       -0.011354       13.749296     -119.417954        0.000000        0.000000        0.000000
        3.649888        0.015518       13.403539     -229.949370        0.000000        0.000000        0.000000
        3.651867        0.041494       12.843229     -336.211288        0.000000        0.000000        0.000000
        3.653846        0.066158       12.078743     -436.257834        0.000000        0.000000        0.000000
        3.655826        0.089121       11.124195     -528.257251        0.000000        0.000000        0.000000
        3.657805        0.110025        9.997181     -610.525524        0.000000        0.000000        0.000000
        3.659784        0.128547        8.718451     -681.557294        0.000000        0.000000        0.000000
        3.661764        0.144411        7.311531     -740.053493        0.000000        0.000000        0.000000
        3.663743        0.157389        5.802292     -784.945191        0.000000        0.000000        0.000000
        3.665722        0.167307        4.218472     -815.413219        0.000000        0.000000        0.000000
        3.667702        0.174044        2.589169     -830.903203        0.000000        0.000000        0.000000
        3.669681        0.177541        0.944306     -831.135744        0.000000        0.000000        0.000000
        3.671660        0.177797       -0.685919     -816.111541        0.000000        0.000000        0.000000
        3.673640        0.174870       -2.271584     -786.111380        0.000000        0.000000        0.000000
        3.675619        0.168877       -3.783598     -741.690977        0.000000        0.000000        0.000000
        3.677598        0.159992       -5.194230     -683.670776        0.000000        0.000000        0.000000
        3.679578        0.148441       -6.477620     -613.120880        0.000000        0.000000        0.000000
        3.681557        0.134498       -7.610255     -531.341412        0.000000        0.000000        0.000000
        3.683536        0.118484       -8.571399     -439.838639        0.000000        0.000000        0.000000
        3.685516        0.100754       -9.343473     -340.297323        0.000000        0.000000        0.000000
        3.687495        0.081697       -9.912379     -234.549787        0.000000        0.000000        0.000000
        3.689474        0.061726      -10.267761     -124.542277        0.000000        0.000000        0.000000
        3.691454        0.041268      -10.403188      -12.299229        0.000000        0.000000        0.000000
        3.693433        0.020763      -10.316281      100.113894        0.000000        0.000000        0.000000
        3.695412        0.000648      -10.008750      210.628525        0.000000        0.000000        0.000000
        3.697392       -0.018646       -9.486365      317.210969        0.000000        0.000000        0.000000
        3.699371       -0.036702       -8.758851      417.899739        0.000000        0.000000        0.000000
        3.701350       -0.053129       -7.839707      510.841565        0.000000        0.000000        0.000000
        3.703330       -0.067564       -6.745961      594.325423        0.000000        0.000000        0.000000
        3.705309       -0.079681       -5.497855      666.813942        0.000000        0.000000        0.000000
        3.707288       -0.089198       -4.118473      726.971634        0.000000        0.000000        0.000000
        3.709268       -0.095880       -2.633320      773.689410        0.000000        0.000000        0.000000
        3.711247       -0.099545       -1.069852      806.104942        0.000000        0.000000        0.000000
        3.713226       -0.100067        0.543030      823.618496        0.000000        0.000000        0.000000
        3.715206       -0.097376        2.175506      825.903944        0.000000        0.000000        0.000000
        3.717185       -0.091465        3.797389      812.914752        0.000000        0.000000        0.000000
        3.719164       -0.082384        5.378677      784.884834        0.000000        0.000000        0.000000
        3.721144       -0.070242        6.890103      742.324263        0.000000        0.000000        0.000000
        3.723123       -0.055205        8.303677      686.009906        0.000000        0.000000        0.000000
        3.725102       -0.037493        9.593193      616.971161        0.000000        0.000000        0.000000
        3.727082       -0.017375       10.734715      536.471067        0.000000        0.000000        0.000000
        3.729061        0.004834       11.707016      445.983111        0.000000        0.000000        0.000000
        3.731040        0.028783       12.491967      347.164184        0.000000        0.000000        0.000000
        3.733020        0.054086       13.074869      241.824162        0.000000        0.000000        0.000000
        3.734999        0.080332       13.444724      131.892683        0.000000        0.000000        0.000000
        3.736978        0.107091       13.594437       19.383722        0.000000        0.000000        0.000000
        3.738958        0.133926       13.520946      -93.641381        0.000000        0.000000        0.000000
        3.740937        0.160396       13.225281     -205.111759        0.000000        0.000000        0.000000
        3.742916        0.186066       12.712538     -312.985038        0.000000        0.000000        0.000000
        3.744896        0.210515       11.991794     -415.284828        0.000000        0.000000        0.000000
        3.746875        0.233344       11.075936     -510.137006        0.000000        0.000000        0.000000
        3.748854        0.254184        9.981424     -595.804118        0.000000        0.000000        0.000000
        3.750834        0.272700        8.727991     -670.717278        0.000000        0.000000        0.000000
        3.752813        0.288600        7.338280     -733.504965        0.000000        0.000000        0.000000
        3.754792        0.301640        5.837429     -783.018202        0.000000        0.000000        0.000000
        3.756771        0.311626        4.252608     -818.351651        0.000000        0.000000        0.000000
        3.758751        0.318420        2.612522     -838.860227        0.000000        0.000000        0.000000
        3.760730        0.321943        0.946883     -844.170942        0.000000        0.000000        0.000000
        3.762709        0.322173       -0.714133     -834.189752        0.000000        0.000000        0.000000
        3.764689        0.319150       -2.340444     -809.103283        0.000000        0.000000        0.000000
        3.766668        0.312971       -3.902610     -769.375401        0.000000        0.000000        0.000000
        3.768647        0.303792       -5.372377     -715.738697        0.000000        0.000000        0.000000
        3.770627        0.291822       -6.723191     -649.181037        0.000000        0.000000        0.000000
        3.772606        0.277319       -7.930691     -570.927425        0.000000        0.000000        0.000000
        3.774585        0.260590       -8.973151     -482.417515        0.000000        0.000000        0.000000
        3.776565        0.241979       -9.831880     -385.279178        0.000000        0.000000        0.000000
        3.778544        0.221866      -10.491570     -281.298616        0.000000        0.000000        0.000000
        3.780523        0.200655      -10.940567     -172.387573        0.000000        0.000000        0.000000
        3.782503        0.178772      -11.171096      -60.548235        0.000000        0.000000        0.000000
        3.784482        0.156653      -11.179394       52.163525        0.000000        0.000000        0.000000
        3.786461        0.134736      -10.965785      163.675894        0.000000        0.000000        0.000000
        3.788441        0.113458      -10.534672      271.939151        0.000000        0.000000        0.000000
        3.790420        0.093240       -9.894455      374.963296        0.000000        0.000000        0.000000
        3.792399        0.074484       -9.057378      470.854588        0.000000        0.000000        0.000000
        3.794379        0.057564       -8.039303      557.850309        0.000000        0.000000        0.000000
        3.796358        0.042819       -6.859422      634.351124        0.000000        0.000000        0.000000
        3.798337        0.030548       -5.539899      698.950445        0.000000        0.000000        0.000000
        3.800317        0.021002       -4.105467      750.460251        0.000000        0.000000        0.000000
        3.802296        0.014383       -2.582972      787.932903        0.000000        0.000000        0.000000
        3.804275        0.010836       -1.000881      810.678536        0.000000        0.000000        0.000000
        3.806255        0.010451        0.611241      818.277729        0.000000        0.000000        0.000000
        3.808234        0.013256        2.223275      810.589205        0.000000        0.000000        0.000000
        3.810213        0.019222        3.805100      787.752421        0.000000        0.000000        0.000000
        3.812193        0.028260        5.327144      750.185012        0.000000        0.000000        0.000000
        3.814172        0.040223        6.760932      698.575126        0.000000        0.000000        0.000000
        3.816151        0.054910        8.079606      633.868785        0.000000        0.000000        0.000000
        3.818131        0.072069        9.258418      557.252525        0.000000        0.000000        0.000000
        3.820110        0.091401       10.275185      470.131610        0.000000        0.000000        0.000000
        3.822089        0.112566       11.110697      374.104234        0.000000        0.000000        0.000000
        3.824069        0.135189       11.749067      270.932185        0.000000        0.000000        0.000000
        3.826048        0.158869       12.178029      162.508497        0.000000        0.000000        0.000000
        3.828027        0.183182       12.389155       50.822701        0.000000        0.000000        0.000000
        3.830007        0.207694       12.378018      -62.075699        0.000000        0.000000        0.000000
        3.831986        0.231962       12.144269     -174.114852        0.000000        0.000000        0.000000
        3.833965        0.255552       11.691642     -283.238597        0.000000        0.000000        0.000000
        3.835945        0.278037       11.027890     -387.444206        0.000000        0.000000        0.000000
        3.837924        0.299010       10.164641     -484.819152        0.000000        0.000000        0.000000
        3.839903        0.318093        9.117183     -573.576223        0.000000        0.000000        0.000000
        3.841883        0.334938        7.904187     -652.086326        0.000000        0.000000        0.000000
        3.843862        0.349240        6.547360     -718.908398        0.000000        0.000000        0.000000
        3.845841        0.360739        5.071051     -772.815860        0.000000        0.000000        0.000000
        3.847821        0.369223        3.501803     -812.819135        0.000000        0.000000        0.000000
        3.849800        0.374537        1.867861     -838.183817        0.000000        0.000000        0.000000
        3.851779        0.376582        0.198663     -848.444147        0.000000        0.000000        0.000000
        3.853759        0.375319       -1.475709     -843.411571        0.000000        0.000000        0.000000
        3.855738        0.370765       -3.125075     -823.178197        0.000000        0.000000        0.000000
        3.857717        0.363002       -4.719717     -788.115106        0.000000        0.000000        0.000000
        3.859697        0.352164       -6.230918     -738.865539        0.000000        0.000000        0.000000
        3.861676        0.338445       -7.631492     -676.333088        0.000000        0.000000        0.000000
        3.863655        0.322088       -8.896283     -601.665110        0.000000        0.000000        0.000000
        3.865635        0.303384      -10.002627     -516.231661        0.000000        0.000000        0.000000
        3.867614        0.282667      -10.930767     -421.600345        0.000000        0.000000        0.000000
        3.869593        0.260306      -11.664217     -319.507538        0.000000        0.000000        0.000000
        3.871573        0.236698      -12.190060     -211.826509        0.000000        0.000000        0.000000
        3.873552        0.212264      -12.499191     -100.533032        0.000000        0.000000        0.000000
        3.875531        0.187438      -12.586482       12.330887        0.000000        0.000000        0.000000
        3.877511        0.162659      -12.450873      124.694494        0.000000        0.000000        0.000000
        3.879490        0.138366      -12.095394      234.496306        0.000000        0.000000        0.000000
        3.881469        0.114988      -11.527109      339.721954        0.000000        0.000000        0.000000
        3.883449        0.092934      -10.756988      438.441160        0.000000        0.000000        0.000000
        3.885428        0.072590       -9.799700      528.843179        0.000000        0.000000        0.000000
        3.887407        0.054308       -8.673348      609.270036        0.000000        0.000000        0.000000
        3.889387        0.038401       -7.399136      678.246962        0.000000        0.000000        0.000000
        3.891366        0.025140       -6.000980      734.509472        0.000000        0.000000        0.000000
        3.893345        0.014742       -4.505064      777.026575        0.000000        0.000000        0.000000
        3.895325        0.007375       -2.939367      805.019703        0.000000        0.000000        0.000000
        3.897304        0.003146       -1.333143      817.976999        0.000000        0.000000        0.000000
        3.899283        0.002108        0.283615      815.662718        0.000000        0.000000        0.000000
        3.901263        0.004250        1.880722      798.121551        0.000000        0.000000        0.000000
        3.903242        0.009504        3.428361      765.677807        0.000000        0.000000        0.000000
        3.905221        0.017744        4.897626      718.929455        0.000000        0.000000        0.000000
        3.907201        0.028787        6.261055      658.737149        0.000000        0.000000        0.000000
        3.909180        0.042399        7.493136      586.208422        0.000000        0.000000        0.000000
        3.911159        0.058297        8.570769      502.677360        0.000000        0.000000        0.000000
        3.913139        0.076155        9.473698      409.680106        0.000000        0.000000        0.000000
        3.915118        0.095611       10.184878      308.926656        0.000000        0.000000        0.000000
        3.917097        0.116271       10.690792      202.269470        0.000000        0.000000        0.000000
        3.919077        0.137719       10.981693       91.669461        0.000000        0.000000        0.000000
        3.921056        0.159525       11.051790      -20.840004        0.000000        0.000000        0.000000
        3.923035        0.181249       10.899352     -133.190433        0.000000        0.000000        0.000000
        3.925015        0.202454       10.526736     -243.316187        0.000000        0.000000        0.000000
        3.926994        0.222709        9.940350     -349.192400        0.000000        0.000000        0.000000
        3.928973        0.241603        9.150533     -448.872151        0.000000        0.000000        0.000000
        3.930953        0.258746        8.171363     -540.522211        0.000000        0.000000        0.000000
        3.932932        0.273781        7.020403     -622.456697        0.000000        0.000000        0.000000
        3.934911        0.286388        5.718374     -693.168021        0.000000        0.000000        0.000000
        3.936891        0.296291        4.288779     -751.354571        0.000000        0.000000        0.000000
        3.938870        0.303265        2.757470     -795.944606        0.000000        0.000000        0.000000
        3.940849        0.307134        1.152172     -826.115930        0.000000        0.000000        0.000000
        3.942829        0.307782       -0.498023     -841.310991        0.000000        0.000000        0.000000
        3.944808        0.305148       -2.163193     -841.247117        0.000000        0.000000        0.000000
        3.946787        0.299233       -3.813133     -825.921702        0.000000        0.000000        0.000000
        3.948767        0.290098       -5.417910     -795.612261        0.000000        0.000000        0.000000
        3.950746        0.277859       -6.948412     -750.871335        0.000000        0.000000        0.000000
        3.952725        0.262692       -8.376884     -692.516345        0.000000        0.000000        0.000000
        3.954705        0.244824       -9.677434     -621.614590        0.000000        0.000000        0.000000
        3.956684        0.224532      -10.826513     -539.463655        0.000000        0.000000        0.000000
        3.958663        0.202136      -11.803345     -447.567590        0.000000        0.000000        0.000000
        3.960643        0.177995      -12.590304     -347.609297        0.000000        0.000000        0.000000
        3.962622        0.152498      -13.173246     -241.419641        0.000000        0.000000        0.000000
        3.964601        0.126059      -13.541761     -130.943837        0.000000        0.000000        0.000000
        3.966581        0.099109      -13.689369      -18.205741        0.000000        0.000000        0.000000
        3.968560        0.072088      -13.613637       94.729304        0.000000        0.000000        0.000000
        3.970539        0.045436      -13.316221      205.792381        0.000000        0.000000        0.000000
        3.972519        0.019587      -12.802840      312.948978        0.000000        0.000000        0.000000
        3.974498       -0.005042      -12.083170      414.236342        0.000000        0.000000        0.000000
        3.976477       -0.028055      -11.170662      507.799503        0.000000        0.000000        0.000000
        3.978457       -0.049088      -10.082302      591.925333        0.000000        0.000000        0.000000
        3.980436       -0.067813       -8.838293      665.073991        0.000000        0.000000        0.000000
        3.982415       -0.083945       -7.461686      725.907191        0.000000        0.000000        0.000000
        3.984395       -0.097246       -5.977960      773.312770        0.000000        0.000000        0.000000
        3.986374       -0.107531       -4.414547      806.425103        0.000000        0.000000        0.000000
        3.988353       -0.114671       -2.800337      824.640992        0.000000        0.000000        0.000000
        3.990333       -0.118596       -1.165140      827.630741        0.000000        0.000000        0.000000
        3.992312       -0.119293        0.460857      815.344205        0.000000        0.000000        0.000000
        3.994291       -0.116810        2.047643      788.011708        0.000000        0.000000        0.000000
        3.996271       -0.111255        3.565940      746.139817        0.000000        0.000000        0.000000
        3.998250       -0.102789        4.987736      690.502038        0.000000        0.000000        0.000000
        4.000229       -0.091631        6.286798      622.124615        0.000000        0.000000        0.000000
        4.002209       -0.078047        7.439157      542.267687        0.000000        0.000000        0.000000
        4.004188       -0.062348        8.423548      452.402157        0.000000        0.000000        0.000000
        4.006167       -0.044885        9.221797      354.182682        0.000000        0.000000        0.000000
        4.008147       -0.026041        9.819159      249.417298        0.000000        0.000000        0.000000
        4.010126       -0.006224       10.204586      140.034227        0.000000        0.000000        0.000000
        4.012105        0.014139       10.370930       28.046474        0.000000        0.000000        0.000000
        4.014085        0.034611       10.315074      -84.485128        0.000000        0.000000        0.000000
        4.016064        0.054754       10.037993     -195.489753        0.000000        0.000000        0.000000
        4.018043        0.074134        9.544729     -302.924599        0.000000        0.000000        0.000000
        4.020023        0.092333        8.844306     -404.812396        0.000000        0.000000        0.000000
        4.022002        0.108953        7.949559     -499.277699        0.000000        0.000000        0.000000
        4.023981        0.123626        6.876901     -584.581329        0.000000        0.000000        0.000000
        4.025961        0.136020        5.646020     -659.152293        0.000000        0.000000        0.000000
        4.027940        0.145843        4.279520     -721.616633        0.000000        0.000000        0.000000
        4.029919        0.152852        2.802504     -770.822650        0.000000        0.000000        0.000000
        4.031899        0.156855        1.242113     -805.862044        0.000000        0.000000        0.000000
        4.033878        0.157715       -0.372971     -826.086596        0.000000        0.000000        0.000000
        4.035857        0.155353       -2.013051     -831.120068        0.000000        0.000000        0.000000
        4.037837        0.149751       -3.647965     -820.865109        0.000000        0.000000        0.000000
        4.039816        0.140947       -5.247631     -795.505046        0.000000        0.000000        0.000000
        4.041795        0.129041       -6.782608     -755.500521        0.000000        0.000000        0.000000
        4.043775        0.114189       -8.224632     -701.581032        0.000000        0.000000        0.000000
        4.045754        0.096601       -9.547135     -634.731547        0.000000        0.000000        0.000000
        4.047733        0.076538      -10.725734     -556.174421        0.000000        0.000000        0.000000
        4.049713        0.054305      -11.738678     -467.346956        0.000000        0.000000        0.000000
        4.051692        0.030251      -12.567248     -369.875017        0.000000        0.000000        0.000000
        4.053671        0.004754      -13.196100     -265.543189        0.000000        0.000000        0.000000
        4.055651       -0.021779      -13.613546     -156.262010        0.000000        0.000000        0.000000
        4.057630       -0.048921      -13.811771      -44.032905        0.000000        0.000000        0.000000
        4.059609       -0.076235      -13.786974       69.088559        0.000000        0.000000        0.000000
        4.061589       -0.103279      -13.539440      181.030409        0.000000        0.000000        0.000000
        4.063568       -0.129616      -13.073532      289.742296        0.000000        0.000000        0.000000
        4.065547       -0.154824      -12.397615      393.233143        0.000000        0.000000        0.000000
        4.067527       -0.178499      -11.523898      489.607688        0.000000        0.000000        0.000000
        4.069506       -0.200264      -10.468212      577.101284        0.000000        0.000000        0.000000
        4.071485       -0.219778       -9.249722      654.112285        0.000000        0.000000        0.000000
        4.073465       -0.236741       -7.890571      719.231456        0.000000        0.000000        0.000000
        4.075444       -0.250899       -6.415474      771.267836        0.000000        0.000000        0.000000
        4.077423       -0.262049       -4.851270      809.270605        0.000000        0.000000        0.000000
        4.079403       -0.270044       -3.226419      832.546536        0.000000        0.000000        0.000000
        4.081382       -0.274791       -1.570491      840.672721        0.000000        0.000000        0.000000
        4.083361       -0.276260        0.086384      833.504332        0.000000        0.000000        0.000000
        4.085341       -0.274478        1.714070      811.177278        0.000000        0.000000        0.000000
        4.087320       -0.269532        3.282970      774.105714        0.000000        0.000000        0.000000
        4.089299       -0.261568        4.764579      722.974429        0.000000        0.000000        0.000000
        4.091279       -0.250784        6.132001      658.726277        0.000000        0.000000        0.000000
        4.093258       -0.237431        7.360445      582.544869        0.000000        0.000000        0.000000
        4.095237       -0.221806        8.427678      495.832836        0.000000        0.000000        0.000000
        4.097217       -0.204247        9.314438      400.186086        0.000000        0.000000        0.000000
        4.099196       -0.185128       10.004780      297.364499        0.000000        0.000000        0.000000
        4.101175       -0.164848       10.486375      189.259618        0.000000        0.000000        0.000000
        4.103155       -0.143831       10.750734       77.859925        0.000000        0.000000        0.000000
        4.105134       -0.122509       10.793363      -34.785665        0.000000        0.000000        0.000000
        4.107113       -0.101323       10.613847     -146.605424        0.000000        0.000000        0.000000
        4.109093       -0.080709       10.215854     -255.542839        0.000000        0.000000        0.000000
        4.111072       -0.061091        9.607074     -359.594374        0.000000        0.000000        0.000000
        4.113051       -0.042875        8.799070     -456.846245        0.000000        0.000000        0.000000
        4.115031       -0.026440        7.807073     -545.509563        0.000000        0.000000        0.000000
        4.117010       -0.012133        6.649696     -623.953167        0.000000        0.000000        0.000000
        4.118989       -0.000259        5.348595     -690.733578        0.000000        0.000000        0.000000
        4.120969        0.008922        3.928073     -744.621495        0.000000        0.000000        0.000000
        4.122948        0.015199        2.414631     -784.624366        0.000000        0.000000        0.000000
        4.124927        0.018417        0.836481     -810.004608        0.000000        0.000000        0.000000
        4.126907        0.018476       -0.776969     -820.293154        0.000000        0.000000        0.000000
        4.128886        0.015336       -2.395657     -815.298058        0.000000        0.000000        0.000000
        4.130865        0.009017       -3.989421     -795.108025        0.000000        0.000000        0.000000
        4.132845       -0.000403       -5.528548     -760.090782        0.000000        0.000000        0.000000
        4.134824       -0.012786       -6.984324     -710.886327        0.000000        0.000000        0.000000
        4.136803       -0.027942       -8.329559     -648.395183        0.000000        0.000000        0.000000
        4.138783       -0.045626       -9.539086     -573.761864        0.000000        0.000000        0.000000
        4.140762       -0.065547      -10.590225     -488.353866        0.000000        0.000000        0.000000
        4.142741       -0.087373      -11.463200     -393.736565        0.000000        0.000000        0.000000
        4.144721       -0.110734      -12.141498     -291.644476        0.000000        0.000000        0.000000
        4.146700       -0.135231      -12.612177     -183.949415        0.000000        0.000000        0.000000
        4.148679       -0.160446      -12.866101      -72.626135        0.000000        0.000000        0.000000
        4.150659       -0.185944      -12.898109       40.283927        0.000000        0.000000        0.000000
        4.152638       -0.211285      -12.707110      152.710125        0.000000        0.000000        0.000000
        4.154617       -0.236030      -12.296101      262.590617        0.000000        0.000000        0.000000
        4.156596       -0.259750      -11.672116      367.910216        0.000000        0.000000        0.000000
        4.158576       -0.282036      -10.846094      466.737386        0.000000        0.000000        0.000000
        4.160555       -0.302501       -9.832679      557.259699        0.000000        0.000000        0.000000
        4.162534       -0.320793       -8.649952      637.817110        0.000000        0.000000        0.000000
        4.164514       -0.336597       -7.319099      706.932426        0.000000        0.000000        0.000000
        4.166493       -0.349643       -5.864022      763.338433        0.000000        0.000000        0.000000
        4.168472       -0.359713       -4.310901      806.001151        0.000000        0.000000        0.000000
        4.170452       -0.366640       -2.687710      834.138822        0.000000        0.000000        0.000000
        4.172431       -0.370313       -1.023711      847.236255        0.000000        0.000000        0.000000
        4.174410       -0.370681        0.651091      845.054289        0.000000        0.000000        0.000000
        4.176390       -0.367754        2.306494      827.634182        0.000000        0.000000        0.000000
        4.178369       -0.361599        3.912653      795.296849        0.000000        0.000000        0.000000
        4.180348       -0.352343        5.440632      748.636976        0.000000        0.000000        0.000000
        4.182328       -0.340166        6.862929      688.512100        0.000000        0.000000        0.000000
        4.184307       -0.325305        8.153987      616.026863        0.000000        0.000000        0.000000
        4.186286       -0.308040        9.290657      532.512738        0.000000        0.000000        0.000000
        4.188266       -0.288699       10.252629      439.503581        0.000000        0.000000        0.000000
        4.190245       -0.267643       11.022798      338.707473        0.000000        0.000000        0.000000
        4.192224       -0.245267       11.587583      231.975364        0.000000        0.000000        0.000000
        4.194204       -0.221985       11.937175      121.267091        0.000000        0.000000        0.000000
        4.196183       -0.198230       12.065715        8.615400        0.000000        0.000000        0.000000
        4.198162       -0.174442       11.971404     -103.911373        0.000000        0.000000        0.000000
        4.200142       -0.151058       11.656533     -214.247273        0.000000        0.000000        0.000000
        4.202121       -0.128509       11.127444     -320.366652        0.000000        0.000000        0.000000
        4.204100       -0.107210       10.394411     -420.321356        0.000000        0.000000        0.000000
        4.206080       -0.087549        9.471450     -512.276491        0.000000        0.000000        0.000000
        4.208059       -0.069886        8.376068     -594.544108        0.000000        0.000000        0.000000
        4.210038       -0.054541        7.128932     -665.614193        0.000000        0.000000        0.000000
        4.212018       -0.041792        5.753498     -724.182381        0.000000        0.000000        0.000000
        4.213997       -0.031867        4.275574     -769.173909        0.000000        0.000000        0.000000
        4.215976       -0.024941        2.722851     -799.763345        0.000000        0.000000        0.000000
        4.217956       -0.021133        1.124389     -815.389737        0.000000        0.000000        0.000000
        4.219935       -0.020505       -0.489911     -815.766917        0.000000        0.000000        0.000000
        4.221914       -0.023058       -2.089860     -800.888749        0.000000        0.000000        0.000000
        4.223894       -0.028734       -3.645534     -771.029246        0.000000        0.000000        0.000000
        4.225873       -0.037417       -5.127822     -726.737537        0.000000        0.000000        0.000000
        4.227852       -0.048934       -6.508965     -668.827783        0.000000        0.000000        0.000000
        4.229832       -0.063058       -7.763062     -598.364236        0.000000        0.000000        0.000000
        4.231811       -0.079516       -8.866545     -516.641697        0.000000        0.000000        0.000000
        4.233790       -0.097988       -9.798616     -425.161745        0.000000        0.000000        0.000000
        4.235770       -0.118118      -10.541624     -325.605174        0.000000        0.000000        0.000000
        4.237749       -0.139518      -11.081394     -219.801131        0.000000        0.000000        0.000000
        4.239728       -0.161774      -11.407484     -109.693540        0.000000        0.000000        0.000000
        4.241708       -0.184458      -11.513377        2.694587        0.000000        0.000000        0.000000
        4.243687       -0.207131      -11.396604      115.298290        0.000000        0.000000        0.000000
        4.245666       -0.229355      -11.058784      226.048569        0.000000        0.000000        0.000000
        4.247646       -0.250696      -10.505602      332.910370        0.000000        0.000000        0.000000
        4.249625       -0.270739       -9.746696      433.919942        0.000000        0.000000        0.000000
        4.251604       -0.289090       -8.795488      527.220893        0.000000        0.000000        0.000000
        4.253584       -0.305384       -7.668932      611.098267        0.000000        0.000000        0.000000
        4.255563       -0.319295       -6.387208      684.010029        0.000000        0.000000        0.000000
        4.257542       -0.330538       -4.973346      744.615376        0.000000        0.000000        0.000000
        4.259522       -0.338877       -3.452809      791.799352        0.000000        0.000000        0.000000
        4.261501       -0.344128       -1.853021      824.693316        0.000000        0.000000        0.000000
        4.263480       -0.346163       -0.202868      842.690891        0.000000        0.000000        0.000000
        4.265460       -0.344911        1.467836      845.459096        0.000000        0.000000        0.000000
        4.267439       -0.340362        3.128895      832.944459        0.000000        0.000000        0.000000
        4.269418       -0.332564        4.750283      805.374002        0.000000        0.000000        0.000000
        4.271398       -0.321625        6.302697      763.251070        0.000000        0.000000        0.000000
        4.273377       -0.307710        7.758097      707.346097        0.000000        0.000000        0.000000
        4.275356       -0.291036        9.090215      638.682457        0.000000        0.000000        0.000000
        4.277336       -0.271870       10.275044      558.517683        0.000000        0.000000        0.000000
        4.279315       -0.250527       11.291270      468.320376        0.000000        0.000000        0.000000
        4.281294       -0.227357       12.120673      369.743252        0.000000        0.000000        0.000000
        4.283274       -0.202745       12.748454      264.592796        0.000000        0.000000        0.000000
        4.285253       -0.177101       13.163509      154.796103        0.000000        0.000000        0.000000
        4.287232       -0.150853       13.358633       42.365499        0.000000        0.000000        0.000000
        4.289212       -0.124439       13.330652      -70.638400        0.000000        0.000000        0.000000
        4.291191       -0.098301       13.080481     -182.144516        0.000000        0.000000        0.000000
        4.293170       -0.072873       12.613108     -290.109329        0.000000        0.000000        0.000000
        4.295150       -0.048576       11.937499     -392.554394        0.000000        0.000000        0.000000
        4.297129       -0.025810       11.066438     -487.602655        0.000000        0.000000        0.000000
        4.299108       -0.004945       10.016288     -573.512909        0.000000        0.000000        0.000000
        4.301088        0.013684        8.806694     -648.711767        0.000000        0.000000        0.000000
        4.303067        0.029782        7.460219     -711.822538        0.000000        0.000000        0.000000
        4.305046        0.043105        6.001934     -761.690502        0.000000        0.000000        0.000000
        4.307026        0.053458        4.458951     -797.404107        0.000000        0.000000        0.000000
        4.309005        0.060701        2.859933     -818.311702        0.000000        0.000000        0.000000
        4.310984        0.064754        1.234560     -824.033500        0.000000        0.000000        0.000000
        4.312964        0.065592       -0.387010     -814.468548        0.000000        0.000000        0.000000
        4.314943        0.063255       -1.974696     -789.796578        0.000000        0.000000        0.000000
        4.316922        0.057838       -3.499050     -750.474709        0.000000        0.000000        0.000000
        4.318902        0.049494       -4.931793     -697.229051        0.000000        0.000000        0.000000
        4.320881        0.038432       -6.246337     -631.041377        0.000000        0.000000        0.000000
        4.322860        0.024908       -7.418272     -553.131094        0.000000        0.000000        0.000000
        4.324840        0.009228       -8.425815     -464.932857        0.000000        0.000000        0.000000
        4.326819       -0.008266       -9.250210     -368.070232        0.000000        0.000000        0.000000
        4.328798       -0.027194       -9.876071     -264.325887        0.000000        0.000000        0.000000
        4.330778       -0.047154      -10.291666     -155.608865        0.000000        0.000000        0.000000
        4.332757       -0.067720      -10.489132      -43.919533        0.000000        0.000000        0.000000
        4.334736       -0.088457      -10.464620       68.687138        0.000000        0.000000        0.000000
        4.336716       -0.108926      -10.218365      180.139302        0.000000        0.000000        0.000000
        4.338695       -0.128693       -9.754682      288.386276        0.000000        0.000000        0.000000
        4.340674       -0.147335       -9.081885      391.436188        0.000000        0.000000        0.000000
        4.342654       -0.164450       -8.212138      487.392541        0.000000        0.000000        0.000000
        4.344633       -0.179664       -7.161230      574.489040        0.000000        0.000000        0.000000
        4.346612       -0.192638       -5.948285      651.122010        0.000000        0.000000        0.000000
        4.348592       -0.203073       -4.595410      715.879844        0.000000        0.000000        0.000000
        4.350571       -0.210716       -3.127291      767.568917        0.000000        0.000000        0.000000
        4.352550       -0.215366       -1.570740      805.235498        0.000000        0.000000        0.000000
        4.354530       -0.216875        0.045799      828.183267        0.000000        0.000000        0.000000
        4.356509       -0.215154        1.692770      835.986092        0.000000        0.000000        0.000000
        4.358488       -0.210173        3.340051      828.495858        0.000000        0.000000        0.000000
        4.360468       -0.201961        4.957503      805.845187        0.000000        0.000000        0.000000
        4.362447       -0.190607        6.515524      768.445004        0.000000        0.000000        0.000000
        4.364426       -0.176256        7.985595      716.976995        0.000000        0.000000        0.000000
        4.366406       -0.159108        9.340802      652.381093        0.000000        0.000000        0.000000
        4.368385       -0.139417       10.556329      575.838227        0.000000        0.000000        0.000000
        4.370364       -0.117480       11.609914      488.748639        0.000000        0.000000        0.000000
        4.372344       -0.093637       12.482260      392.706185        0.000000        0.000000        0.000000
        4.374323       -0.068262       13.157385      289.469073        0.000000        0.000000        0.000000
        4.376302       -0.041758       13.622921      180.927585        0.000000        0.000000        0.000000
        4.378282       -0.014549       13.870334       69.069384        0.000000        0.000000        0.000000
        4.380261        0.012929       13.895088      -44.056986        0.000000        0.000000        0.000000
        4.382240        0.040236       13.696723     -156.379694        0.000000        0.000000        0.000000
        4.384220        0.066933       13.278865     -265.841665        0.000000        0.000000        0.000000
        4.386199        0.092593       12.649160     -370.438337        0.000000        0.000000        0.000000
        4.388178        0.116808       11.819135     -468.254461        0.000000        0.000000        0.000000
        4.390158        0.139198       10.803981     -557.499263        0.000000        0.000000        0.000000
        4.392137        0.159413        9.622282     -636.539314        0.000000        0.000000        0.000000
        4.394116        0.177146        8.295667     -703.928516        0.000000        0.000000        0.000000
        4.396096        0.192133        6.848416     -758.434650        0.000000        0.000000        0.000000
        4.398075        0.204163        5.307015     -799.061994        0.000000        0.000000        0.000000
        4.400054        0.213077        3.699667     -825.069604        0.000000        0.000000        0.000000
        4.402034        0.218773        2.055778     -835.984910        0.000000        0.000000        0.000000
        4.404013        0.221208        0.405414     -831.612395        0.000000        0.000000        0.000000
        4.405992        0.220401       -1.221250     -812.037180        0.000000        0.000000        0.000000
        4.407972        0.216427       -2.794482     -777.623460        0.000000        0.000000        0.000000
        4.409951        0.209420       -4.285544     -729.007820        0.000000        0.000000        0.000000
        4.411930        0.199570       -5.667212     -667.087539        0.000000        0.000000        0.000000
        4.413910        0.187118       -6.914282     -593.004126        0.000000        0.000000        0.000000
        4.415889        0.172354       -8.004029     -508.122356        0.000000        0.000000        0.000000
        4.417868        0.155609       -8.916627     -414.005215        0.000000        0.000000        0.000000
        4.419848        0.137248       -9.635511     -312.385204        0.000000        0.000000        0.000000
        4.421827        0.117669      -10.147680     -205.132537        0.000000        0.000000        0.000000
        4.423806        0.097291      -10.443940      -94.220798        0.000000        0.000000        0.000000
        4.425786        0.076544      -10.519067       18.309284        0.000000        0.000000        0.000000
        4.427765        0.055869      -10.371907      130.387309        0.000000        0.000000        0.000000
        4.429744        0.035702      -10.005396      239.951206        0.000000        0.000000        0.000000
        4.431724        0.016471       -9.426504      344.985102        0.000000        0.000000        0.000000
        4.433703       -0.001415       -8.646112      443.556320        0.000000        0.000000        0.000000
        4.435682       -0.017571       -7.678805      533.850868        0.000000        0.000000        0.000000
        4.437662       -0.031645       -6.542612      614.206741        0.000000        0.000000        0.000000
        4.439641       -0.043325       -5.258668      683.144432        0.000000        0.000000        0.000000
        4.441620       -0.052340       -3.850830      739.394094        0.000000        0.000000        0.000000
        4.443600       -0.058472       -2.345239      781.918856        0.000000        0.000000        0.000000
        4.445579       -0.061555       -0.769836      809.933857        0.000000        0.000000        0.000000
        4.447558       -0.061479        0.846144      822.920660        0.000000        0.000000        0.000000
        4.449538       -0.058195        2.472717      820.636762        0.000000        0.000000        0.000000
        4.451517       -0.051710        4.079693      803.120059        0.000000        0.000000        0.000000
        4.453496       -0.042094        5.637237      770.688142        0.000000        0.000000        0.000000
        4.455476       -0.029472        7.116412      723.932472        0.000000        0.000000        0.000000
        4.457455       -0.014027        8.489712      663.707523        0.000000        0.000000        0.000000
        4.459434        0.004006        9.731567      591.115095        0.000000        0.000000        0.000000
        4.461414        0.024344       10.818813      507.484090        0.000000        0.000000        0.000000
        4.463393        0.046661       11.731117      414.346116        0.000000        0.000000        0.000000
        4.465372        0.070594       12.451350      313.407369        0.000000        0.000000        0.000000
        4.467352        0.095748       12.965902      206.517314        0.000000        0.000000        0.000000
        4.469331        0.121708       13.264931       95.634733        0.000000        0.000000        0.000000
        4.471310        0.148040       13.342547      -17.208235        0.000000        0.000000        0.000000
        4.473290        0.174306       13.196916     -129.943400        0.000000        0.000000        0.000000
        4.475269        0.200064       12.830297     -240.504486        0.000000        0.000000        0.000000
        4.477248        0.224884       12.248997     -346.865064        0.000000        0.000000        0.000000
        4.479228        0.248351       11.463261     -447.075753        0.000000        0.000000        0.000000
        4.481207        0.270075       10.487079     -539.300007        0.000000        0.000000        0.000000
        4.483186        0.289695        9.337930     -621.847827        0.000000        0.000000        0.000000
        4.485166        0.306890        8.036466     -693.206787        0.000000        0.000000        0.000000
        4.487145        0.321381        6.606125     -752.069801        0.000000        0.000000        0.000000
        4.489124        0.332939        5.072708     -797.359112        0.000000        0.000000        0.000000
        4.491104        0.341388        3.463902     -828.246082        0.000000        0.000000        0.000000
        4.493083        0.346606        1.808773     -844.166403        0.000000        0.000000        0.000000
        4.495062        0.348532        0.137230     -844.830453        0.000000        0.000000        0.000000
        4.497042        0.347163       -1.520519     -830.228612        0.000000        0.000000        0.000000
        4.499021        0.342556       -3.134525     -800.631443        0.000000        0.000000        0.000000
        4.501000        0.334826       -4.675649     -756.584719        0.000000        0.000000        0.000000
        4.502980        0.324146       -6.116092     -698.899403        0.000000        0.000000        0.000000
        4.504959        0.310740       -7.429909     -628.636763        0.000000        0.000000        0.000000
        4.506938        0.294882       -8.593484     -547.088886        0.000000        0.000000        0.000000
        4.508918        0.276891       -9.585965     -455.754956        0.000000        0.000000        0.000000
        4.510897        0.257121      -10.389641     -356.313734        0.000000        0.000000        0.000000
        4.512876        0.235962      -10.990276     -250.592735        0.000000        0.000000        0.000000
        4.514856        0.213826      -11.377361     -140.534679        0.000000        0.000000        0.000000
        4.516835        0.191141      -11.544314      -28.161827        0.000000        0.000000        0.000000
        4.518814        0.168346      -11.488597       84.461147        0.000000        0.000000        0.000000
        4.520794        0.145881      -11.211761      195.265060        0.000000        0.000000        0.000000
        4.522773        0.124176      -10.719423      302.214205        0.000000        0.000000        0.000000
        4.524752        0.103650      -10.021157      403.343725        0.000000        0.000000        0.000000
        4.526732        0.084696       -9.130319      496.795685        0.000000        0.000000        0.000000
        4.528711        0.067680       -8.063807      580.853180        0.000000        0.000000        0.000000
        4.530690        0.052928       -6.841743      653.971855        0.000000        0.000000        0.000000
        4.532670        0.040727       -5.487108      714.808255        0.000000        0.000000        0.000000
        4.534649        0.031313       -4.025319      762.244494        0.000000        0.000000        0.000000
        4.536628        0.024871       -2.483763      795.408771        0.000000        0.000000        0.000000
        4.538608        0.021531       -0.891292      813.691381        0.000000        0.000000        0.000000
        4.540587        0.021363        0.722306      816.755905        0.000000        0.000000        0.000000
        4.542566        0.024381        2.326853      804.545385        0.000000        0.000000        0.000000
        4.544546        0.030536        3.892335      777.283375        0.000000        0.000000        0.000000
        4.546525        0.039722        5.389455      735.469831        0.000000        0.000000        0.000000
        4.548504        0.051776        6.790170      679.871938        0.000000        0.000000        0.000000
        4.550483        0.066480        8.068207      611.510024        0.000000        0.000000        0.000000
        4.552463        0.083570        9.199542      531.638826        0.000000        0.000000        0.000000
        4.554442        0.102732       10.162846      441.724461        0.000000        0.000000        0.000000
        4.556421        0.123617       10.939875      343.417505        0.000000        0.000000        0.000000
        4.558401        0.145840       11.515801      238.522696        0.000000        0.000000        0.000000
        4.560380        0.168994       11.879492      128.965800        0.000000        0.000000        0.000000
        4.562359        0.192650       12.023710       16.758256        0.000000        0.000000        0.000000
        4.564339        0.216371       11.945248      -96.039745        0.000000        0.000000        0.000000
        4.566318        0.239718       11.644986     -207.357090        0.000000        0.000000        0.000000
        4.568297        0.262255       11.127879     -315.149758        0.000000        0.000000        0.000000
        4.570277        0.283563       10.402862     -417.438349        0.000000        0.000000        0.000000
        4.572256        0.303243        9.482687     -512.344421        0.000000        0.000000        0.000000
        4.574235        0.320925        8.383694     -598.124977        0.000000        0.000000        0.000000
        4.576215        0.336274        7.125502     -673.204460        0.000000        0.000000        0.000000
        4.578194        0.348997        5.730659     -736.203680        0.000000        0.000000        0.000000
        4.580173        0.358849        4.224221     -785.965134        0.000000        0.000000        0.000000
        4.582153        0.365636        2.633294     -821.574256        0.000000        0.000000        0.000000
        4.584132        0.369219        0.986539     -842.376204        0.000000        0.000000        0.000000
        4.586111        0.369516       -0.686356     -847.987886        0.000000        0.000000        0.000000
        4.588091        0.366505       -2.355223     -838.304993        0.000000        0.000000        0.000000
        4.590070        0.360226       -3.989962     -813.503910        0.000000        0.000000        0.000000
        4.592049        0.350774       -5.561098     -774.038483        0.000000        0.000000        0.000000
        4.594029        0.338302       -7.040322     -720.631687        0.000000        0.000000        0.000000
        4.596008        0.323021       -8.401008     -654.262351        0.000000        0.000000        0.000000
        4.597987        0.305187       -9.618702     -576.147193        0.000000        0.000000        0.000000
        4.599967        0.285106      -10.671574     -487.718480        0.000000        0.000000        0.000000
        4.601946        0.263124      -11.540813     -390.597736        0.000000        0.000000        0.000000
        4.603925        0.239617      -12.210979     -286.565977        0.000000        0.000000        0.000000
        4.605905        0.214993      -12.670280     -177.531010        0.000000        0.000000        0.000000
        4.607884        0.189676      -12.910792      -65.492415        0.000000        0.000000        0.000000
        4.609863        0.164104      -12.928603       47.495165        0.000000        0.000000        0.000000
        4.611843        0.138717      -12.723886      159.359747        0.000000        0.000000        0.000000
        4.613822        0.113951      -12.300893      268.050036        0.000000        0.000000        0.000000
        4.615801        0.090229      -11.667880      371.573093        0.000000        0.000000        0.000000
        4.617781        0.067957      -10.836952      468.030912        0.000000        0.000000        0.000000
        4.619760        0.047510       -9.823845      555.655270        0.000000        0.000000        0.000000
        4.621739        0.029229       -8.647632      632.840182        0.000000        0.000000        0.000000
        4.623719        0.013416       -7.330375      698.171389        0.000000        0.000000        0.000000
        4.625698        0.000326       -5.896722      750.452315        0.000000        0.000000        0.000000
        4.627677       -0.009838       -4.373450      788.726035        0.000000        0.000000        0.000000
        4.629657       -0.016926       -2.788976      812.292846        0.000000        0.000000        0.000000
        4.631636       -0.020847       -1.172836      820.723102        0.000000        0.000000        0.000000
        4.633615       -0.021568        0.444860      813.865110        0.000000        0.000000        0.000000
        4.635595       -0.019115        2.033980      791.847909        0.000000        0.000000        0.000000
        4.637574       -0.013573        3.564920      755.078900        0.000000        0.000000        0.000000
        4.639553       -0.005088        5.009155      704.236368        0.000000        0.000000        0.000000
        4.641533        0.006144        6.339754      640.257027        0.000000        0.000000        0.000000
        4.643512        0.019872        7.531881      564.318824        0.000000        0.000000        0.000000
        4.645491        0.035801        8.563250      477.819311        0.000000        0.000000        0.000000
        4.647471        0.053593        9.414530      382.349992        0.000000        0.000000        0.000000
        4.649450        0.072876       10.069706      279.667097        0.000000        0.000000        0.000000
        4.651429        0.093249       10.516368      171.659347        0.000000        0.000000        0.000000
        4.653409        0.114291       10.745944       60.313276        0.000000        0.000000        0.000000
        4.655388        0.135569       10.753851      -52.323240        0.000000        0.000000        0.000000
        4.657367        0.156642       10.539587     -164.178576        0.000000        0.000000        0.000000
        4.659347        0.177075       10.106732     -273.195396        0.000000        0.000000        0.000000
        4.661326        0.196443        9.462892     -377.368418        0.000000        0.000000        0.000000
        4.663305        0.214338        8.619548     -474.781231        0.000000        0.000000        0.000000
        4.665285        0.230382        7.591857     -563.641478        0.000000        0.000000        0.000000
        4.667264        0.244228        6.398364     -642.313762        0.000000        0.000000        0.000000
        4.669243        0.255569        5.060669     -709.349668        0.000000        0.000000        0.000000
        4.671223        0.264143        3.603026     -763.514359        0.000000        0.000000        0.000000
        4.673202        0.269739        2.051899     -803.809242        0.000000        0.000000        0.000000
        4.675181        0.272201        0.435478     -829.490303        0.000000        0.000000        0.000000
        4.677161        0.271428       -1.216840     -840.081770        0.000000        0.000000        0.000000
        4.679140        0.267378       -2.874992     -835.384844        0.000000        0.000000        0.000000
        4.681119        0.260071       -4.508798     -815.481355        0.000000        0.000000        0.000000
        4.683099        0.249583       -6.088516     -780.732255        0.000000        0.000000        0.000000
        4.685078        0.236050       -7.585389     -731.771000        0.000000        0.000000        0.000000
        4.687057        0.219664       -8.972171     -669.491915        0.000000        0.000000        0.000000
        4.689037        0.200666      -10.223629     -595.033785        0.000000        0.000000        0.000000
        4.691016        0.179348      -11.317004     -509.758941        0.000000        0.000000        0.000000
        4.692995        0.156042      -12.232433     -415.228261        0.000000        0.000000        0.000000
        4.694975        0.131117      -12.953306     -313.172510        0.000000        0.000000        0.000000
        4.696954        0.104970      -13.466579     -205.460569        0.000000        0.000000        0.000000
        4.698933        0.078022      -13.763010      -94.065131        0.000000        0.000000        0.000000
        4.700913        0.050707      -13.837325       18.973520        0.000000        0.000000        0.000000
        4.702892        0.023465      -13.688323      131.584955        0.000000        0.000000        0.000000
        4.704871       -0.003263      -13.318889      241.706616        0.000000        0.000000        0.000000
        4.706851       -0.029048      -12.735948      347.321673        0.000000        0.000000        0.000000
        4.708830       -0.053480      -11.950333      446.496051        0.000000        0.000000        0.000000
        4.710809       -0.076170      -10.976591      537.413936        0.000000        0.000000        0.000000
        4.712789       -0.096764       -9.832711      618.411104        0.000000        0.000000        0.000000
        4.714768       -0.114946       -8.539795      688.005475        0.000000        0.000000        0.000000
        4.716747       -0.130446       -7.121673      744.924322        0.000000        0.000000        0.000000
        4.718727       -0.143041       -5.604464      788.127629        0.000000        0.000000        0.000000
        4.720706       -0.152562       -4.016095      816.827186        0.000000        0.000000        0.000000
        4.722685       -0.158898       -2.385791      830.501056        0.000000        0.000000        0.000000
        4.724665       -0.161995       -0.743535      828.903157        0.000000        0.000000        0.000000
        4.726644       -0.161859        0.880478      812.067776        0.000000        0.000000        0.000000
        4.728623       -0.158557        2.456399      780.308940        0.000000        0.000000        0.000000
        4.730603       -0.152211        3.955271      734.214649        0.000000        0.000000        0.000000
        4.732582       -0.143002        5.349562      674.636079        0.000000        0.000000        0.000000
        4.734561       -0.131163        6.613670      602.671954        0.000000        0.000000        0.000000
        4.736541       -0.116973        7.724393      519.648376        0.000000        0.000000        0.000000
        4.738520       -0.100757        8.661352      427.094477        0.000000        0.000000        0.000000
        4.740499       -0.082875        9.407370      326.714345        0.000000        0.000000        0.000000
        4.742479       -0.063718        9.948787      220.355740        0.000000        0.000000        0.000000
        4.744458       -0.043703       10.275705      109.976170        0.000000        0.000000        0.000000
        4.746437       -0.023259       10.382177       -2.393047        0.000000        0.000000        0.000000
        4.748417       -0.002823       10.266309     -114.684075        0.000000        0.000000        0.000000
        4.750396        0.017164        9.930303     -224.830526        0.000000        0.000000        0.000000
        4.752375        0.036276        9.380409     -330.805391        0.000000        0.000000        0.000000
        4.754355        0.054097        8.626815     -430.658262        0.000000        0.000000        0.000000
        4.756334        0.070238        7.683456     -522.551131        0.000000        0.000000        0.000000
        4.758313        0.084342        6.567763     -604.792139        0.000000        0.000000        0.000000
        4.760293        0.096088        5.300339     -675.866638        0.000000        0.000000        0.000000
        4.762272        0.105198        3.904582     -734.464994        0.000000        0.000000        0.000000
        4.764251        0.111443        2.406256     -779.506635        0.000000        0.000000        0.000000
        4.766231        0.114649        0.833017     -810.159889        0.000000        0.000000        0.000000
        4.768210        0.114695       -0.786093     -825.857251        0.000000        0.000000        0.000000
        4.770189        0.111521       -2.421182     -826.305807        0.000000        0.000000        0.000000
        4.772169        0.105125       -4.042056     -811.492611        0.000000        0.000000        0.000000
        4.774148        0.095564       -5.618769     -781.684921        0.000000        0.000000        0.000000
        4.776127        0.082955       -7.122180     -737.425300        0.000000        0.000000        0.000000
        4.778107        0.067470       -8.524484     -679.521652        0.000000        0.000000        0.000000
        4.780086        0.049335       -9.799722     -609.032393        0.000000        0.000000        0.000000
        4.782065        0.028825      -10.924259     -527.247025        0.000000        0.000000        0.000000
        4.784045        0.006259      -11.877218     -435.662460        0.000000        0.000000        0.000000
        4.786024       -0.018006      -12.640862     -335.955541        0.000000        0.000000        0.000000
        4.788003       -0.043580      -13.200921     -229.952266        0.000000        0.000000        0.000000
        4.789983       -0.070052      -13.546856     -119.594257        0.000000        0.000000        0.000000
        4.791962       -0.096989      -13.672046       -6.903125        0.000000        0.000000        0.000000
        4.793941       -0.123954      -13.573917      106.056644        0.000000        0.000000        0.000000
        4.795921       -0.150504      -13.253986      217.215592        0.000000        0.000000        0.000000
        4.797900       -0.176208      -12.717831      324.537272        0.000000        0.000000        0.000000
        4.799879       -0.200645      -11.974995      426.055638        0.000000        0.000000        0.000000
        4.801859       -0.223421      -11.038804      519.911136        0.000000        0.000000        0.000000
        4.803838       -0.244170       -9.926127      604.384837        0.000000        0.000000        0.000000
        4.805817       -0.262561       -8.657064      677.929997        0.000000        0.000000        0.000000
        4.807797       -0.278308       -7.254578      739.200449        0.000000        0.000000        0.000000
        4.809776       -0.291172       -5.744075      787.075314        0.000000        0.000000        0.000000
        4.811755       -0.300967       -4.152935      820.679579        0.000000        0.000000        0.000000
        4.813735       -0.307561       -2.510011      839.400158        0.000000        0.000000        0.000000
        4.815714       -0.310882       -0.845099      842.897148        0.000000        0.000000        0.000000
        4.817693       -0.310915        0.811609      831.110065        0.000000        0.000000        0.000000
        4.819673       -0.307707        2.430078      804.258956        0.000000        0.000000        0.000000
        4.821652       -0.301362        3.980983      762.840356        0.000000        0.000000        0.000000
        4.823631       -0.292042        5.436245      707.618173        0.000000        0.000000        0.000000
        4.825611       -0.279962        6.769551      639.609663        0.000000        0.000000        0.000000
        4.827590       -0.265388        7.956829      560.066751        0.000000        0.000000        0.000000
        4.829569       -0.248629        8.976700      470.453051        0.000000        0.000000        0.000000
        4.831549       -0.230036        9.810859      372.416994        0.000000        0.000000        0.000000
        4.833528       -0.209990       10.444422      267.761562        0.000000        0.000000        0.000000
        4.835507       -0.188900       10.866191      158.411193        0.000000        0.000000        0.000000
        4.837487       -0.167191       11.068862       46.376446        0.000000        0.000000        0.000000
        4.839466       -0.145302       11.049161      -66.282908        0.000000        0.000000        0.000000
        4.841445       -0.123671       10.807902     -177.495702        0.000000        0.000000        0.000000
        4.843425       -0.102731       10.349971     -285.217394        0.000000        0.000000        0.000000
        4.845404       -0.082904        9.684237     -387.467605        0.000000        0.000000        0.000000
        4.847383       -0.064588        8.823392     -482.366476        0.000000        0.000000        0.000000
        4.849363       -0.048152        7.783713     -568.169177        0.000000        0.000000        0.000000
        4.851342       -0.033932        6.584765     -643.297942        0.000000        0.000000        0.000000
        4.853321       -0.022221        5.249044     -706.371035        0.000000        0.000000        0.000000
        4.855301       -0.013264        3.801560     -756.228116        0.000000        0.000000        0.000000
        4.857280       -0.007256        2.269379     -791.951541        0.000000        0.000000        0.000000
        4.859259       -0.004336        0.681129     -812.883217        0.000000        0.000000        0.000000
        4.861239       -0.004585       -0.933531     -818.636673        0.000000        0.000000        0.000000
        4.863218       -0.008027       -2.544450     -809.104166        0.000000        0.000000        0.000000
        4.865197       -0.014625       -4.121545     -784.458652        0.000000        0.000000        0.000000
        4.867177       -0.024281       -5.635347     -745.150617        0.000000        0.000000        0.000000
        4.869156       -0.036842       -7.057546     -691.899803        0.000000        0.000000        0.000000
        4.871135       -0.052102       -8.361512     -625.681999        0.000000        0.000000        0.000000
        4.873115       -0.069802       -9.522779     -547.711124        0.000000        0.000000        0.000000
        4.875094       -0.089637      -10.519499     -459.416947        0.000000        0.000000        0.000000
        4.877073       -0.111263      -11.332842     -362.418835        0.000000        0.000000        0.000000
        4.879053       -0.134303      -11.947340     -258.496027        0.000000        0.000000        0.000000
        4.881032       -0.158350      -12.351175     -149.554971        0.000000        0.000000        0.000000
        4.883011       -0.182981      -12.536390      -37.594326        0.000000        0.000000        0.000000
        4.884991       -0.207757      -12.499042       75.331734        0.000000        0.000000        0.000000
        4.886970       -0.232240      -12.239272      187.151224        0.000000        0.000000        0.000000
        4.888949       -0.255992      -11.761299      295.812389        0.000000        0.000000        0.000000
        4.890929       -0.278591      -11.073349      399.321370        0.000000        0.000000        0.000000
        4.892908       -0.299632      -10.187499      495.778809        0.000000        0.000000        0.000000
        4.894887       -0.318740       -9.119458      583.414712        0.000000        0.000000        0.000000
        4.896867       -0.335572       -7.888279      660.620951        0.000000        0.000000        0.000000
        4.898846       -0.349827       -6.516006      725.980779        0.000000        0.000000        0.000000
        4.900825       -0.361251       -5.027276      778.294840        0.000000        0.000000        0.000000
        4.902805       -0.369640       -3.448860      816.603192        0.000000        0.000000        0.000000
        4.904784       -0.374843       -1.809176      840.202923        0.000000        0.000000        0.000000
        4.906763       -0.376770       -0.137765      848.661058        0.000000        0.000000        0.000000
        4.908743       -0.375387        1.535249      841.822510        0.000000        0.000000        0.000000
        4.910722       -0.370721        3.179713      819.812921        0.000000        0.000000        0.000000
        4.912701       -0.362857        4.765998      783.036361        0.000000        0.000000        0.000000
        4.914681       -0.351940        6.265544      732.167910        0.000000        0.000000        0.000000
        4.916660       -0.338167        7.651382      668.141258        0.000000        0.000000        0.000000
        4.918639       -0.321788        8.898631      592.131574        0.000000        0.000000        0.000000
        4.920619       -0.303099        9.984953      505.533923        0.000000        0.000000        0.000000
        4.922598       -0.282439       10.890964      409.937661        0.000000        0.000000        0.000000
        4.924577       -0.260180       11.600589      307.097255        0.000000        0.000000        0.000000
        4.926557       -0.236723       12.101357      198.900077        0.000000        0.000000        0.000000
        4.928536       -0.212490       12.384631       87.331750        0.000000        0.000000        0.000000
        4.930515       -0.187916       12.445764      -25.560298        0.000000        0.000000        0.000000
        4.932495       -0.163442       12.284187     -137.704427        0.000000        0.000000        0.000000
        4.934474       -0.139504       11.903416     -247.042809        0.000000        0.000000        0.000000
        4.936453       -0.116530       11.310990     -351.569214        0.000000        0.000000        0.000000
        4.938433       -0.094926       10.518332     -449.365834        0.000000        0.000000        0.000000
        4.940412       -0.075074        9.540538     -538.638494        0.000000        0.000000        0.000000
        4.942391       -0.057323        8.396100     -617.749586        0.000000        0.000000        0.000000
        4.944370       -0.041981        7.106567     -685.248136        0.000000        0.000000        0.000000
        4.946350       -0.029310        5.696151     -739.896439        0.000000        0.000000        0.000000
        4.948329       -0.019525        4.191275     -780.692779        0.000000        0.000000        0.000000
        4.950308       -0.012784        2.620099     -806.889823        0.000000        0.000000        0.000000
        4.952288       -0.009189        1.011993     -818.008334        0.000000        0.000000        0.000000
        4.954267       -0.008785       -0.602998     -813.845972        0.000000        0.000000        0.000000
        4.956246       -0.011553       -2.194704     -794.481010        0.000000        0.000000        0.000000
        4.958226       -0.017420       -3.733389     -760.270892        0.000000        0.000000        0.000000
        4.960205       -0.026252       -5.190292     -711.845673        0.000000        0.000000        0.000000
        4.962184       -0.037859       -6.538160     -650.096450        0.000000        0.000000        0.000000
        4.964164       -0.052001       -7.751743     -576.159005        0.000000        0.000000        0.000000
        4.966143       -0.068390       -8.808262     -491.392952        0.000000        0.000000        0.000000
        4.968122       -0.086695       -9.687828     -397.356775        0.000000        0.000000        0.000000
        4.970102       -0.106549      -10.373801     -295.779219        0.000000        0.000000        0.000000
        4.972081       -0.127557      -10.853103     -188.527549        0.000000        0.000000        0.000000
        4.974060       -0.149299      -11.116453      -77.573273        0.000000        0.000000        0.000000
        4.976040       -0.171344      -11.158543       35.044053        0.000000        0.000000        0.000000
        4.978019       -0.193252      -10.978129      147.254270        0.000000        0.000000        0.000000
        4.979998       -0.214586      -10.578057      256.994620        0.000000        0.000000        0.000000
        4.981978       -0.234916       -9.965215      362.247614        0.000000        0.000000        0.000000
        4.983957       -0.253835       -9.150397      461.078074        0.000000        0.000000        0.000000
        4.985936       -0.270954       -8.148116      551.668656        0.000000        0.000000        0.000000
        4.987916       -0.285922       -6.976330      632.353219        0.000000        0.000000        0.000000
        4.989895       -0.298424       -5.656116      701.647409        0.000000        0.000000        0.000000
        4.991874       -0.308190       -4.211279      758.275911        0.000000        0.000000        0.000000
        4.993854       -0.314998       -2.667923      801.195865        0.000000        0.000000        0.000000
        4.995833       -0.318681       -1.053965      829.616008        0.000000        0.000000        0.000000
        4.997812       -0.319129        0.601377      843.011205        0.000000        0.000000        0.000000
        4.999792       -0.316289        2.268116      841.132088        0.000000        0.000000        0.000000
        5.001771       -0.310169        3.916050      824.009637        0.000000        0.000000        0.000000
        5.003750       -0.300835        5.515315      791.954610        0.000000        0.000000        0.000000
        5.005730       -0.288413        7.036932      745.551841        0.000000        0.000000        0.000000
        5.007709       -0.273083        8.453344      685.649505        0.000000        0.000000        0.000000
        5.009688       -0.255078        9.738913      613.343547        0.000000        0.000000        0.000000
        5.011668       -0.234682       10.870399      529.957561        0.000000        0.000000        0.000000
        5.013647       -0.212219       11.827382      437.018500        0.000000        0.000000        0.000000
        5.015626       -0.188051       12.592638      336.228635        0.000000        0.000000        0.000000
        5.017606       -0.162572       13.152455      229.434315        0.000000        0.000000        0.000000
        5.019585       -0.136198       13.496885      118.592067        0.000000        0.000000        0.000000
        5.021564       -0.109361       13.619925        5.732679        0.000000        0.000000        0.000000
        5.023544       -0.082502       13.519629     -107.076079        0.000000        0.000000        0.000000
        5.025523       -0.056061       13.198143     -217.767411        0.000000        0.000000        0.000000
        5.027502       -0.030468       12.661664     -324.313445        0.000000        0.000000        0.000000
        5.029482       -0.006140       11.920329     -424.762451        0.000000        0.000000        0.000000
        5.031461        0.016531       10.988027     -517.274674        0.000000        0.000000        0.000000
        5.033440        0.037186        9.882144     -600.156109        0.000000        0.000000        0.000000
        5.035420        0.055500        8.623244     -671.889593        0.000000        0.000000        0.000000
        5.037399        0.071194        7.234691     -731.162663        0.000000        0.000000        0.000000
        5.039378        0.084037        5.742221     -776.891643        0.000000        0.000000        0.000000
        5.041358        0.093850        4.173469     -808.241541        0.000000        0.000000        0.000000
        5.043337        0.100512        2.557460     -824.641373        0.000000        0.000000        0.000000
        5.045316        0.103957        0.924080     -825.794650        0.000000        0.000000        0.000000
        5.047296        0.104182       -0.696477     -811.684811        0.000000        0.000000        0.000000
        5.049275        0.101242       -2.274262     -782.575533        0.000000        0.000000        0.000000
        5.051254        0.095250       -3.780119     -739.005885        0.000000        0.000000        0.000000
        5.053234        0.086377       -5.186223     -681.780432        0.000000        0.000000        0.000000
        5.055213        0.074844       -6.466588     -611.954462        0.000000        0.000000        0.000000
        5.057192        0.060926       -7.597548     -530.814612        0.000000        0.000000        0.000000
        5.059172        0.044937       -8.558187     -439.855246        0.000000        0.000000        0.000000
        5.061151        0.027233       -9.330726     -340.751019        0.000000        0.000000        0.000000
        5.063130        0.008200       -9.900850     -235.326135        0.000000        0.000000        0.000000
        5.065110       -0.011751      -10.257968     -125.520850        0.000000        0.000000        0.000000
        5.067089       -0.032190      -10.395409      -13.355859        0.000000        0.000000        0.000000
        5.069068       -0.052682      -10.310546       99.104809        0.000000        0.000000        0.000000
        5.071048       -0.072788      -10.004842      209.791680        0.000000        0.000000        0.000000
        5.073027       -0.092075       -9.483823      316.667830        0.000000        0.000000        0.000000
        5.075006       -0.110127       -8.756979      417.766280        0.000000        0.000000        0.000000
        5.076986       -0.126551       -7.837587      511.226110        0.000000        0.000000        0.000000
        5.078965       -0.140980       -6.742469      595.326619        0.000000        0.000000        0.000000
        5.080944       -0.153088       -5.491685      668.518921        0.000000        0.000000        0.000000
        5.082924       -0.162588       -4.108158      729.454378        0.000000        0.000000        0.000000
        5.084903       -0.169244       -2.617263      777.009360        0.000000        0.000000        0.000000
        5.086882       -0.172870       -1.046351      810.305876        0.000000        0.000000        0.000000
        5.088862       -0.173336        0.575745      828.727692        0.000000        0.000000        0.000000
        5.090841       -0.170570        2.219242      831.931649        0.000000        0.000000        0.000000
        5.092820       -0.164559        3.853958      819.853959        0.000000        0.000000        0.000000
        5.094800       -0.155352        5.449859      792.711381        0.000000        0.000000        0.000000
        5.096779       -0.143052        6.977615      750.997245        0.000000        0.000000        0.000000
        5.098758       -0.127825        8.409136      695.472391        0.000000        0.000000        0.000000
        5.100738       -0.109885        9.718092      627.151210        0.000000        0.000000        0.000000
        5.102717       -0.089499       10.880389      547.283015        0.000000        0.000000        0.000000
        5.104696       -0.066979       11.874619      457.329117        0.000000        0.000000        0.000000
        5.106676       -0.042676       12.682449      358.935989        0.000000        0.000000        0.000000
        5.108655       -0.016973       13.288957      253.905052        0.000000        0.000000        0.000000
        5.110634        0.009720       13.682908      144.159595        0.000000        0.000000        0.000000
        5.112614        0.036975       13.856960       31.709478        0.000000        0.000000        0.000000
        5.114593        0.064354       13.807797      -81.385772        0.000000        0.000000        0.000000
        5.116572        0.091416       13.536192     -193.054763        0.000000        0.000000        0.000000
        5.118552        0.117724       13.046993     -301.252267        0.000000        0.000000        0.000000
        5.120531        0.142858       12.349033     -403.996762        0.000000        0.000000        0.000000
        5.122510        0.166416       11.454965     -499.406811        0.000000        0.000000        0.000000
        5.124490        0.188026       10.381037     -585.735600        0.000000        0.000000        0.000000
        5.126469        0.207352        9.146786     -661.403002        0.000000        0.000000        0.000000
        5.128448        0.224099        7.774686     -725.024586        0.000000        0.000000        0.000000
        5.130428        0.238018        6.289730     -775.437033        0.000000        0.000000        0.000000
        5.132407        0.248913        4.718976     -811.719487        0.000000        0.000000        0.000000
        5.134386        0.256642        3.091045     -833.210462        0.000000        0.000000        0.000000
        5.136366        0.261122        1.435601     -839.519982        0.000000        0.000000        0.000000
        5.138345        0.262328       -0.217197     -830.536741        0.000000        0.000000        0.000000
        5.140324        0.260294       -1.837248     -806.430143        0.000000        0.000000        0.000000
        5.142304        0.255116       -3.395058     -767.647194        0.000000        0.000000        0.000000
        5.144283        0.246944       -4.862289     -714.904289        0.000000        0.000000        0.000000
        5.146262        0.235984       -6.212270     -649.174064        0.000000        0.000000        0.000000
        5.148242        0.222492       -7.420496     -571.667536        0.000000        0.000000        0.000000
        5.150221        0.206771       -8.465068     -483.811871        0.000000        0.000000        0.000000
        5.152200        0.189162       -9.327102     -387.224182        0.000000        0.000000        0.000000
        5.154180        0.170044       -9.991075     -283.681837        0.000000        0.000000        0.000000
        5.156159        0.149819      -10.445106     -175.089838        0.000000        0.000000        0.000000
        5.158138        0.128911      -10.681176      -63.445834        0.000000        0.000000        0.000000
        5.160118        0.107755      -10.695278       49.196542        0.000000        0.000000        0.000000
        5.162097        0.086792      -10.487486      160.765381        0.000000        0.000000        0.000000
        5.164076        0.066455      -10.061956      269.208535        0.000000        0.000000        0.000000
        5.166056        0.047167       -9.426848      372.531292        0.000000        0.000000        0.000000
        5.168035        0.029332       -8.594178      468.832996        0.000000        0.000000        0.000000
        5.170014        0.013326       -7.579597      556.341939        0.000000        0.000000        0.000000
        5.171994       -0.000512       -6.402103      633.447892        0.000000        0.000000        0.000000
        5.173973       -0.011879       -5.083691      698.731664        0.000000        0.000000        0.000000
        5.175952       -0.020521       -3.648949      750.991156        0.000000        0.000000        0.000000
        5.177932       -0.026235       -2.124612      789.263435        0.000000        0.000000        0.000000
        5.179911       -0.028871       -0.539063      812.842406        0.000000        0.000000        0.000000
        5.181890       -0.028338        1.078184      821.291782        0.000000        0.000000        0.000000
        5.183870       -0.024601        2.697025      814.453092        0.000000        0.000000        0.000000
        5.185849       -0.017689        4.287321      792.448591        0.000000        0.000000        0.000000
        5.187828       -0.007687        5.819450      755.679017        0.000000        0.000000        0.000000
        5.189808        0.005262        7.264852      704.816233        0.000000        0.000000        0.000000
        5.191787        0.020960        8.596553      640.790900        0.000000        0.000000        0.000000
        5.193766        0.039156        9.789661      564.775384        0.000000        0.000000        0.000000
        5.195746        0.059554       10.821821      478.162243        0.000000        0.000000        0.000000
        5.197725        0.081817       11.673627      382.538657        0.000000        0.000000        0.000000
        5.199704        0.105572       12.328980      279.657292        0.000000        0.000000        0.000000
        5.201684        0.130417       12.775380      171.404129        0.000000        0.000000        0.000000
        5.203663        0.155930       13.004159       59.763836        0.000000        0.000000        0.000000
        5.205642        0.181676       13.010638      -53.216663        0.000000        0.000000        0.000000
        5.207622        0.207214       12.794216     -165.465763        0.000000        0.000000        0.000000
        5.209601        0.232107       12.358376     -274.925214        0.000000        0.000000        0.000000
        5.211580        0.255927       11.710627     -379.587899        0.000000        0.000000        0.000000
        5.213560        0.278267       10.862362     -477.534689        0.000000        0.000000        0.000000
        5.215539        0.298744        9.828651     -566.969664        0.000000        0.000000        0.000000
        5.217518        0.317010        8.627966     -646.253090        0.000000        0.000000        0.000000
        5.219498        0.332755        7.281838     -713.931518        0.000000        0.000000        0.000000
        5.221477        0.345716        5.814465     -768.764466        0.000000        0.000000        0.000000
        5.223456        0.355679        4.252266     -809.747191        0.000000        0.000000        0.000000
        5.225436        0.362484        2.623398     -836.129136        0.000000        0.000000        0.000000
        5.227415        0.366027        0.957239     -847.427706        0.000000        0.000000        0.000000
        5.229394        0.366266       -0.716152     -843.437126        0.000000        0.000000        0.000000
        5.231374        0.363215       -2.366587     -824.232224        0.000000        0.000000        0.000000
        5.233353        0.356949       -3.964303     -790.167049        0.000000        0.000000        0.000000
        5.235332        0.347602       -5.480506     -741.868377        0.000000        0.000000        0.000000
        5.237312        0.335362       -6.887903     -680.224199        0.000000        0.000000        0.000000
        5.239291        0.320468       -8.161198     -606.367425        0.000000        0.000000        0.000000
        5.241270        0.303210       -9.277564     -521.655078        0.000000        0.000000        0.000000
        5.243250        0.283916      -10.217052     -427.643388        0.000000        0.000000        0.000000
        5.245229        0.262955      -10.962966     -326.059218        0.000000        0.000000        0.000000
        5.247208        0.240722      -11.502163     -218.768361        0.000000        0.000000        0.000000
        5.249188        0.217636      -11.825298     -107.741290        0.000000        0.000000        0.000000
        5.251167        0.194129      -11.926995        4.983017        0.000000        0.000000        0.000000
        5.253146        0.170641      -11.805941      117.334511        0.000000        0.000000        0.000000
        5.255126        0.147611      -11.464918      227.250074        0.000000        0.000000        0.000000
        5.257105        0.125467      -10.910743      332.711395        0.000000        0.000000        0.000000
        5.259084        0.104619      -10.154150      431.782019        0.000000        0.000000        0.000000
        5.261064        0.085456       -9.209588      522.642902        0.000000        0.000000        0.000000
        5.263043        0.068330       -8.094959      603.625803        0.000000        0.000000        0.000000
        5.265022        0.053558       -6.831284      673.243908        0.000000        0.000000        0.000000
        5.267002        0.041411       -5.442325      730.219131        0.000000        0.000000        0.000000
        5.268981        0.032112       -3.954140      773.505571        0.000000        0.000000        0.000000
        5.270960        0.025829       -2.394610      802.308716        0.000000        0.000000        0.000000
        5.272940        0.022674       -0.792926      816.100030        0.000000        0.000000        0.000000
        5.274919        0.022702        0.820948      814.626654        0.000000        0.000000        0.000000
        5.276898        0.025906        2.416826      797.916046        0.000000        0.000000        0.000000
        5.278878        0.032222        3.964853      766.275482        0.000000        0.000000        0.000000
        5.280857        0.041526        5.436053      720.286410        0.000000        0.000000        0.000000
        5.282836        0.053638        6.802861      660.793779        0.000000        0.000000        0.000000
        5.284816        0.068327        8.039631      588.890523        0.000000        0.000000        0.000000
        5.286795        0.085313        9.123105      505.897501        0.000000        0.000000        0.000000
        5.288774        0.104271       10.032842      413.339246        0.000000        0.000000        0.000000
        5.290754        0.124840       10.751592      312.915976        0.000000        0.000000        0.000000
        5.292733        0.146630       11.265613      206.472381        0.000000        0.000000        0.000000
        5.294712        0.169224       11.564924       95.963761        0.000000        0.000000        0.000000
        5.296692        0.192193       11.643487      -16.579877        0.000000        0.000000        0.000000
        5.298671        0.215097       11.499322     -129.091078        0.000000        0.000000        0.000000
        5.300650        0.237497       11.134537     -239.502902        0.000000        0.000000        0.000000
        5.302630        0.258962       10.555296     -345.786866        0.000000        0.000000        0.000000
        5.304609        0.279079        9.771701     -445.990183        0.000000        0.000000        0.000000
        5.306588        0.297457        8.797611     -538.271617        0.000000        0.000000        0.000000
        5.308568        0.313735        7.650383     -620.935278        0.000000        0.000000        0.000000
        5.310547        0.327591        6.350559     -692.461761        0.000000        0.000000        0.000000
        5.312526        0.338747        4.921484     -751.536041        0.000000        0.000000        0.000000
        5.314506        0.346971        3.388880     -797.071610        0.000000        0.000000        0.000000
        5.316485        0.352087        1.780374     -828.230430        0.000000        0.000000        0.000000
        5.318464        0.353973        0.124991     -844.438314        0.000000        0.000000        0.000000
        5.320444        0.352565       -1.547380     -845.395469        0.000000        0.000000        0.000000
        5.322423        0.347860       -3.206533     -831.082002        0.000000        0.000000        0.000000
        5.324402        0.339914       -4.822499     -801.758284        0.000000        0.000000        0.000000
        5.326382        0.328841       -6.366099     -757.960171        0.000000        0.000000        0.000000
        5.328361        0.314812       -7.809476     -700.489167        0.000000        0.000000        0.000000
        5.330340        0.298051       -9.126610     -630.397715        0.000000        0.000000        0.000000
        5.332320        0.278831      -10.293790     -548.969868        0.000000        0.000000        0.000000
        5.334299        0.257470      -11.290054     -457.697726        0.000000        0.000000        0.000000
        5.336278        0.234324      -12.097574     -358.254040        0.000000        0.000000        0.000000
        5.338257        0.209781      -12.701978     -252.461504        0.000000        0.000000        0.000000
        5.340237        0.184253      -13.092620     -142.259295        0.000000        0.000000        0.000000
        5.342216        0.158170      -13.262770      -29.667477        0.000000        0.000000        0.000000
        5.344195        0.131971      -13.209741       83.250089        0.000000        0.000000        0.000000
        5.346175        0.106097      -12.934937      194.423626        0.000000        0.000000        0.000000
        5.348154        0.080980      -12.443826      301.815442        0.000000        0.000000        0.000000
        5.350133        0.057040      -11.745841      403.457337        0.000000        0.000000        0.000000
        5.352113        0.034674      -10.854208      497.486731        0.000000        0.000000        0.000000
        5.354092        0.014247       -9.785698      582.180861        0.000000        0.000000        0.000000
        5.356071       -0.003909       -8.560324      655.988405        0.000000        0.000000        0.000000
        5.358051       -0.019507       -7.200972      717.557960        0.000000        0.000000        0.000000
        5.360030       -0.032308       -5.732980      765.762849        0.000000        0.000000        0.000000
        5.362009       -0.042122       -4.183673      799.721809        0.000000        0.000000        0.000000
        5.363989       -0.048818       -2.581863      818.815162        0.000000        0.000000        0.000000
        5.365968       -0.052320       -0.957315      822.696191        0.000000        0.000000        0.000000
        5.367947       -0.052615        0.659793      811.297509        0.000000        0.000000        0.000000
        5.369927       -0.049745        2.239428      784.832290        0.000000        0.000000        0.000000
        5.371906       -0.043816        3.752254      743.790355        0.000000        0.000000        0.000000
        5.373885       -0.034985        5.170167      688.929180        0.000000        0.000000        0.000000
        5.375865       -0.023469        6.466817      621.259989        0.000000        0.000000        0.000000
        5.377844       -0.009529        7.618084      542.029184        0.000000        0.000000        0.000000
        5.379823        0.006524        8.602529      452.695471        0.000000        0.000000        0.000000
        5.381803        0.024342        9.401782      354.903069        0.000000        0.000000        0.000000
        5.383782        0.043544       10.000881      250.451533        0.000000        0.000000        0.000000
        5.385761        0.063723       10.388547      141.262709        0.000000        0.000000        0.000000
        5.387741        0.084452       10.557392       29.345457        0.000000        0.000000        0.000000
        5.389720        0.105296       10.504053      -83.241236        0.000000        0.000000        0.000000
        5.391699        0.125815       10.229255     -194.426050        0.000000        0.000000        0.000000
        5.393679        0.145576        9.737798     -302.163364        0.000000        0.000000        0.000000
        5.395658        0.164158        9.038466     -404.470809        0.000000        0.000000        0.000000
        5.397637        0.181163        8.143871     -499.465662        0.000000        0.000000        0.000000
        5.399617        0.196220        7.070217     -585.399411        0.000000        0.000000        0.000000
        5.401596        0.208994        5.837005     -660.689858        0.000000        0.000000        0.000000
        5.403575        0.219191        4.466674     -723.950165        0.000000        0.000000        0.000000
        5.405555        0.226565        2.984190     -774.014313        0.000000        0.000000        0.000000
        5.407534        0.230920        1.416586     -809.958514        0.000000        0.000000        0.000000
        5.409513        0.232116       -0.207531     -831.118170        0.000000        0.000000        0.000000
        5.411493        0.230072       -1.858510     -837.100072        0.000000        0.000000        0.000000
        5.413472        0.224763       -3.506195     -827.789626        0.000000        0.000000        0.000000
        5.415451        0.216225       -5.120481     -803.352952        0.000000        0.000000        0.000000
        5.417431        0.204554       -6.671868     -764.233840        0.000000        0.000000        0.000000
        5.419410        0.189904       -8.132000     -711.145604        0.000000        0.000000        0.000000
        5.421389        0.172479       -9.474189     -645.057987        0.000000        0.000000        0.000000
        5.423369        0.152539      -10.673899     -567.179358        0.000000        0.000000        0.000000
        5.425348        0.130388      -11.709202     -478.934535        0.000000        0.000000        0.000000
        5.427327        0.106368      -12.561178     -381.938625        0.000000        0.000000        0.000000
        5.429307        0.080859      -13.214265     -277.967376        0.000000        0.000000        0.000000
        5.431286        0.054266      -13.656539     -168.924583        0.000000        0.000000        0.000000
        5.433265        0.027014      -13.879938      -56.807131        0.000000        0.000000        0.000000
        5.435245       -0.000459      -13.880408       56.331655        0.000000        0.000000        0.000000
        5.437224       -0.027713      -13.657979      168.419707        0.000000        0.000000        0.000000
        5.439203       -0.054310      -13.216763      277.404252        0.000000        0.000000        0.000000
        5.441183       -0.079825      -12.564876      381.289496        0.000000        0.000000        0.000000
        5.443162       -0.103854      -11.714295      478.173260        0.000000        0.000000        0.000000
        5.445141       -0.126017      -10.680633      566.281901        0.000000        0.000000        0.000000
        5.447121       -0.145972       -9.482856      644.002871        0.000000        0.000000        0.000000
        5.449100       -0.163416       -8.142930      709.914316        0.000000        0.000000        0.000000
        5.451079       -0.178091       -6.685424      762.811183        0.000000        0.000000        0.000000
        5.453059       -0.189791       -5.137054      801.727336        0.000000        0.000000        0.000000
        5.455038       -0.198365       -3.526194      825.953292        0.000000        0.000000        0.000000
        5.457017       -0.203718       -1.882357      835.049247        0.000000        0.000000        0.000000
        5.458997       -0.205814       -0.235649      828.853145        0.000000        0.000000        0.000000
        5.460976       -0.204678        1.383777      807.483654        0.000000        0.000000        0.000000
        5.462955       -0.200392        2.946283      771.337985        0.000000        0.000000        0.000000
        5.464935       -0.193099        4.423283      721.084598        0.000000        0.000000        0.000000
        5.466914       -0.182993        5.787770      657.650929        0.000000        0.000000        0.000000
        5.468893       -0.170323        7.014815      582.206363        0.000000        0.000000        0.000000
        5.470873       -0.155382        8.082018      496.140766        0.000000        0.000000        0.000000
        5.472852       -0.138507        8.969926      401.038964        0.000000        0.000000        0.000000
        5.474831       -0.120067        9.662386      298.651650        0.000000        0.000000        0.000000
        5.476811       -0.100462       10.146842      190.863243        0.000000        0.000000        0.000000
        5.478790       -0.080113       10.414567       79.657292        0.000000        0.000000        0.000000
        5.480769       -0.059454       10.460821      -32.919943        0.000000        0.000000        0.000000
        5.482749       -0.038922       10.284941     -144.797054        0.000000        0.000000        0.000000
        5.484728       -0.018956        9.890349     -253.915516        0.000000        0.000000        0.000000
        5.486707        0.000021        9.284492     -358.267478        0.000000        0.000000        0.000000
        5.488687        0.017601        8.478706     -455.932626        0.000000        0.000000        0.000000
        5.490666        0.033403        7.488005     -545.113439        0.000000        0.000000        0.000000
        5.492645        0.047079        6.330807     -624.168186        0.000000        0.000000        0.000000
        5.494625        0.058321        5.028596     -691.641072        0.000000        0.000000        0.000000
        5.496604        0.066865        3.605525     -746.288958        0.000000        0.000000        0.000000
        5.498583        0.072500        2.087979     -787.104193        0.000000        0.000000        0.000000
        5.500563        0.075065        0.504080     -813.333105        0.000000        0.000000        0.000000
        5.502542        0.074459       -1.116817     -824.489847        0.000000        0.000000        0.000000
        5.504521        0.070637       -2.744674     -820.365309        0.000000        0.000000        0.000000
        5.506501        0.063617       -4.349314     -801.030966        0.000000        0.000000        0.000000
        5.508480        0.053472       -5.900980     -766.837563        0.000000        0.000000        0.000000
        5.510459        0.040338       -7.370878     -718.408676        0.000000        0.000000        0.000000
        5.512439        0.024401       -8.731706     -656.629269        0.000000        0.000000        0.000000
        5.514418        0.005905       -9.958158     -582.629449        0.000000        0.000000        0.000000
        5.516397       -0.014864      -11.027386     -497.763716        0.000000        0.000000        0.000000
        5.518377       -0.037574      -11.919421     -403.586103        0.000000        0.000000        0.000000
        5.520356       -0.061857      -12.617539     -301.821644        0.000000        0.000000        0.000000
        5.522335       -0.087317      -13.108568     -194.334711        0.000000        0.000000        0.000000
        5.524315       -0.113535      -13.383131      -83.094784        0.000000        0.000000        0.000000
        5.526294       -0.140077      -13.435816       29.859700        0.000000        0.000000        0.000000
        5.528273       -0.166502      -13.265278      142.458770        0.000000        0.000000        0.000000
        5.530253       -0.192372      -12.874263      252.638922        0.000000        0.000000        0.000000
        5.532232       -0.217256      -12.269558      358.380997        0.000000        0.000000        0.000000
        5.534211       -0.240742      -11.461863      457.747250        0.000000        0.000000        0.000000
        5.536191       -0.262443      -10.465602      548.916923        0.000000        0.000000        0.000000
        5.538170       -0.282003       -9.298651      630.219667        0.000000        0.000000        0.000000
        5.540149       -0.299105       -7.982014      700.166209        0.000000        0.000000        0.000000
        5.542129       -0.313476       -6.539435      757.475690        0.000000        0.000000        0.000000
        5.544108       -0.324893       -4.996967      801.099177        0.000000        0.000000        0.000000
        5.546087       -0.333186       -3.382487      830.238921        0.000000        0.000000        0.000000
        5.548067       -0.338241       -1.725191      844.362999        0.000000        0.000000        0.000000
        5.550046       -0.340003       -0.055053      843.215079        0.000000        0.000000        0.000000
        5.552025       -0.338476        1.597723      826.819127        0.000000        0.000000        0.000000
        5.554005       -0.333725        3.203256      795.478961        0.000000        0.000000        0.000000
        5.555984       -0.325871        4.732539      749.772680        0.000000        0.000000        0.000000
        5.557963       -0.315093        6.157969      690.542042        0.000000        0.000000        0.000000
        5.559943       -0.301622        7.453856      618.877017        0.000000        0.000000        0.000000
        5.561922       -0.285737        8.596894      536.095771        0.000000        0.000000        0.000000
        5.563901       -0.267761        9.566584      443.720472        0.000000        0.000000        0.000000
        5.565881       -0.248055       10.345619      343.449338        0.000000        0.000000        0.000000
        5.567860       -0.227009       10.920194      237.125464        0.000000        0.000000        0.000000
        5.569839       -0.205038       11.280263      126.702987        0.000000        0.000000        0.000000
        5.571819       -0.182572       11.419721       14.211207        0.000000        0.000000        0.000000
        5.573798       -0.160051       11.336518      -98.282667        0.000000        0.000000        0.000000
        5.575777       -0.137913       11.032697     -208.711465        0.000000        0.000000        0.000000
        5.577757       -0.116589       10.514352     -315.046010        0.000000        0.000000        0.000000
        5.579736       -0.096493        9.791521     -415.332368        0.000000        0.000000        0.000000
        5.581715       -0.078016        8.878000     -507.727721        0.000000        0.000000        0.000000
        5.583695       -0.061519        7.791088     -590.534197        0.000000        0.000000        0.000000
        5.585674       -0.047325        6.551270     -662.230042        0.000000        0.000000        0.000000
        5.587653       -0.035713        5.181842     -721.497554        0.000000        0.000000        0.000000
        5.589633       -0.026915        3.708482     -767.247279        0.000000        0.000000        0.000000
        5.591612       -0.021108        2.158779     -798.638008        0.000000        0.000000        0.000000
        5.593591       -0.018416        0.561725     -815.092221        0.000000        0.000000        0.000000
        5.595571       -0.018902       -1.052815     -816.306691        0.000000        0.000000        0.000000
        5.597550       -0.022571       -2.654653     -802.258050        0.000000        0.000000        0.000000
        5.599529       -0.029369       -4.213833     -773.203219        0.000000        0.000000        0.000000
        5.601509       -0.039181       -5.701180     -729.674691        0.000000        0.000000        0.000000
        5.603488       -0.051839       -7.088835     -672.470756        0.000000        0.000000        0.000000
        5.605467       -0.067119       -8.350770     -602.640847        0.000000        0.000000        0.000000
        5.607447       -0.084749       -9.463260     -521.466271        0.000000        0.000000        0.000000
        5.609426       -0.104412      -10.405326     -430.436693        0.000000        0.000000        0.000000
        5.611405       -0.125754      -11.159114     -331.222782        0.000000        0.000000        0.000000
        5.613385       -0.148387      -11.710228     -225.645545        0.000000        0.000000        0.000000
        5.615364       -0.171899      -12.047989     -115.642895        0.000000        0.000000        0.000000
        5.617343       -0.195863      -12.165638       -3.234073        0.000000        0.000000        0.000000
        5.619323       -0.219839      -12.060453      109.517418        0.000000        0.000000        0.000000
        5.621302       -0.243387      -11.733805      220.541696        0.000000        0.000000        0.000000
        5.623281       -0.266075      -11.191129      327.800504        0.000000        0.000000        0.000000
        5.625261       -0.287484      -10.441828      429.324622        0.000000        0.000000        0.000000
        5.627240       -0.307219       -9.499098      523.250023        0.000000        0.000000        0.000000
        5.629219       -0.324913       -8.379684      607.852091        0.000000        0.000000        0.000000
        5.631199       -0.340237       -7.103580      681.577284        0.000000        0.000000        0.000000
        5.633178       -0.352901       -5.693654      743.071652        0.000000        0.000000        0.000000
        5.635157       -0.362668       -4.175232      791.205694        0.000000        0.000000        0.000000
        5.637137       -0.369349       -2.575634      825.095096        0.000000        0.000000        0.000000
        5.639116       -0.372813       -0.923672      844.116963        0.000000        0.000000        0.000000
        5.641095       -0.372984        0.750880      847.921254        0.000000        0.000000        0.000000
        5.643075       -0.369848        2.417832      836.437211        0.000000        0.000000        0.000000
        5.645054       -0.363450        4.047131      809.874657        0.000000        0.000000        0.000000
        5.647033       -0.353893        5.609412      768.720144        0.000000        0.000000        0.000000
        5.649013       -0.341338        7.076540      713.728020        0.000000        0.000000        0.000000
        5.650992       -0.325999        8.422124      645.906586        0.000000        0.000000        0.000000
        5.652971       -0.308142        9.622001      566.499577        0.000000        0.000000        0.000000
        5.654951       -0.288075       10.654681      476.963339        0.000000        0.000000        0.000000
        5.656930       -0.266147       11.501739      378.940087        0.000000        0.000000        0.000000
        5.658909       -0.242742       12.148157      274.227760        0.000000        0.000000        0.000000
        5.660889       -0.218266       12.582595      164.747014        0.000000        0.000000        0.000000
        5.662868       -0.193149       12.797603       52.505964        0.000000        0.000000        0.000000
        5.664847       -0.167826       12.789755      -60.436683        0.000000        0.000000        0.000000
        5.666827       -0.142738       12.559711     -172.009421        0.000000        0.000000        0.000000
        5.668806       -0.118321       12.112208     -280.165973        0.000000        0.000000        0.000000
        5.670785       -0.094997       11.455972     -382.922856        0.000000        0.000000        0.000000
        5.672765       -0.073165       10.603554     -478.395794        0.000000        0.000000        0.000000
        5.674744       -0.053199        9.571105     -564.834309        0.000000        0.000000        0.000000
        5.676723       -0.035435        8.378074     -640.653859        0.000000        0.000000        0.000000
        5.678703       -0.020170        7.046856     -704.464921        0.000000        0.000000        0.000000
        5.680682       -0.007651        5.602376     -755.098502        0.000000        0.000000        0.000000
        5.682661        0.001923        4.071634     -791.627603        0.000000        0.000000        0.000000
        5.684641        0.008410        2.483209     -813.384229        0.000000        0.000000        0.000000
        5.686620        0.011725        0.866732     -819.971656        0.000000        0.000000        0.000000
        5.688599        0.011843       -0.747653     -811.271712        0.000000        0.000000        0.000000
        5.690579        0.008797       -2.329851     -787.446946        0.000000        0.000000        0.000000
        5.692558        0.002681       -3.850358     -748.937644        0.000000        0.000000        0.000000
        5.694537       -0.006356       -5.280812     -696.453741        0.000000        0.000000        0.000000
        5.696517       -0.018108       -6.594510     -630.961793        0.000000        0.000000        0.000000
        5.698496       -0.032321       -7.766897     -553.667228        0.000000        0.000000        0.000000
        5.700475       -0.048693       -8.776019     -465.992215        0.000000        0.000000        0.000000
        5.702455       -0.066882       -9.602926     -369.549558        0.000000        0.000000        0.000000
        5.704434       -0.086512      -10.232020     -266.113083        0.000000        0.000000        0.000000
        5.706413       -0.107180      -10.651340     -157.585076        0.000000        0.000000        0.000000
        5.708393       -0.128462      -10.852782      -45.961355        0.000000        0.000000        0.000000
        5.710372       -0.149923      -10.832253       66.705364        0.000000        0.000000        0.000000
        5.712351       -0.171123      -10.589737      178.343158        0.000000        0.000000        0.000000
        5.714331       -0.191628      -10.129302      286.898935        0.000000        0.000000        0.000000
        5.716310       -0.211014       -9.459027      390.376121        0.000000        0.000000        0.000000
        5.718289       -0.228877       -8.590845      486.871319        0.000000        0.000000        0.000000
        5.720269       -0.244842       -7.540334      574.609253        0.000000        0.000000        0.000000
        5.722248       -0.258565       -6.326425      651.975358        0.000000        0.000000        0.000000
        5.724227       -0.269746       -4.971057      717.545423        0.000000        0.000000        0.000000
        5.726207       -0.278128       -3.498773      770.111738        0.000000        0.000000        0.000000
        5.728186       -0.283507       -1.936272      808.705267        0.000000        0.000000        0.000000
        5.730165       -0.285732       -0.311915      832.613438        0.000000        0.000000        0.000000
        5.732145       -0.284710        1.344792      841.393226        0.000000        0.000000        0.000000
        5.734124       -0.280406        3.003742      834.879289        0.000000        0.000000        0.000000
        5.736103       -0.272847        4.634777      813.187002        0.000000        0.000000        0.000000
        5.738082       -0.262116        6.208244      776.710343        0.000000        0.000000        0.000000
        5.740062       -0.248356        7.695538      726.114659        0.000000        0.000000        0.000000
        5.742041       -0.231764        9.069629      662.324455        0.000000        0.000000        0.000000
        5.744020       -0.212589       10.305554      586.506421        0.000000        0.000000        0.000000
        5.746000       -0.191127       11.380880      500.048017        0.000000        0.000000        0.000000
        5.747979       -0.167714       12.276112      404.532002        0.000000        0.000000        0.000000
        5.749958       -0.142724       12.975053      301.707378        0.000000        0.000000        0.000000
        5.751938       -0.116557       13.465101      193.457284        0.000000        0.000000        0.000000
        5.753917       -0.089635       13.737478       81.764426        0.000000        0.000000        0.000000
        5.755896       -0.062395       13.787396      -31.325318        0.000000        0.000000        0.000000
        5.757876       -0.035277       13.614139     -143.740462        0.000000        0.000000        0.000000
        5.759855       -0.008719       13.221081     -253.421931        0.000000        0.000000        0.000000
        5.761834        0.016851       12.615621     -358.360868        0.000000        0.000000        0.000000
        5.763814        0.041023       11.809047     -456.635506        0.000000        0.000000        0.000000
        5.765793        0.063415       10.816331     -546.446450        0.000000        0.000000        0.000000
        5.767772        0.083675        9.655852     -626.149707        0.000000        0.000000        0.000000
        5.769752        0.101494        8.349061     -694.286866        0.000000        0.000000        0.000000
        5.771731        0.116606        6.920084     -749.611873        0.000000        0.000000        0.000000
        5.773710        0.128794        5.395281     -791.113901        0.000000        0.000000        0.000000
        5.775690        0.137897        3.802760     -818.035907        0.000000        0.000000        0.000000
        5.777669        0.143810        2.171865     -829.888529        0.000000        0.000000        0.000000
        5.779648        0.146486        0.532635     -826.459067        0.000000        0.000000        0.000000
        5.781628        0.145940       -1.084751     -807.815388        0.000000        0.000000        0.000000
        5.783607        0.142243       -2.650521     -774.304677        0.000000        0.000000        0.000000
        5.785586        0.135527       -4.135863     -726.547064        0.000000        0.000000        0.000000
        5.787566        0.125977       -5.513449     -665.424234        0.000000        0.000000        0.000000
        5.789545        0.113833       -6.757941     -592.063243        0.000000        0.000000        0.000000
        5.791524        0.099379       -7.846454     -507.815825        0.000000        0.000000        0.000000
        5.793504        0.082945       -8.758975     -414.233575        0.000000        0.000000        0.000000
        5.795483        0.064896       -9.478732     -313.039461        0.000000        0.000000        0.000000
        5.797462        0.045626       -9.992503     -206.096194        0.000000        0.000000        0.000000
        5.799442        0.025552      -10.290856      -95.372030        0.000000        0.000000        0.000000
        5.801421        0.005107      -10.368324       17.095365        0.000000        0.000000        0.000000
        5.803400       -0.015272      -10.223504      129.236325        0.000000        0.000000        0.000000
        5.805380       -0.035147       -9.859086      238.987180        0.000000        0.000000        0.000000
        5.807359       -0.054090       -9.281799      344.328145        0.000000        0.000000        0.000000
        5.809338       -0.071691       -8.502290      443.320398        0.000000        0.000000        0.000000
        5.811318       -0.087562       -7.534929      534.141678        0.000000        0.000000        0.000000
        5.813297       -0.101351       -6.397544      615.119736        0.000000        0.000000        0.000000
        5.815276       -0.112740       -5.111095      684.763042        0.000000        0.000000        0.000000
        5.817256       -0.121460       -3.699286      741.788161        0.000000        0.000000        0.000000
        5.819235       -0.127286       -2.188134      785.143323        0.000000        0.000000        0.000000
        5.821214       -0.130051       -0.605489      814.027727        0.000000        0.000000        0.000000
        5.823194       -0.129641        1.019477      827.906249        0.000000        0.000000        0.000000
        5.825173       -0.126003        2.656806      826.519264        0.000000        0.000000        0.000000
        5.827152       -0.119142        4.276301      809.887415        0.000000        0.000000        0.000000
        5.829132       -0.109122        5.848087      778.311236        0.000000        0.000000        0.000000
        5.831111       -0.096067        7.343153      732.365635        0.000000        0.000000        0.000000
        5.833090       -0.080156        8.733885      672.889342        0.000000        0.000000        0.000000
        5.835070       -0.061621        9.994580      600.969513        0.000000        0.000000        0.000000
        5.837049       -0.040743       11.101908      517.921772        0.000000        0.000000        0.000000
        5.839028       -0.017845       12.035349      425.266061        0.000000        0.000000        0.000000
        5.841008        0.006712       12.777564      324.698738        0.000000        0.000000        0.000000
        5.842987        0.032535       13.314715      218.061437        0.000000        0.000000        0.000000
        5.844966        0.059207       13.636721      107.307259        0.000000        0.000000        0.000000
        5.846946        0.086299       13.737442       -5.535082        0.000000        0.000000        0.000000
        5.848925        0.113368       13.614789     -118.398501        0.000000        0.000000        0.000000
        5.850904        0.139976       13.270767     -229.215488        0.000000        0.000000        0.000000
        5.852884        0.165690       12.711436     -335.956061        0.000000        0.000000        0.000000
        5.854863        0.190093       11.946799     -436.665036        0.000000        0.000000        0.000000
        5.856842        0.212794       10.990621     -529.497915        0.000000        0.000000        0.000000
        5.858822        0.233429        9.860173     -612.754747        0.000000        0.000000        0.000000
        5.860801        0.251674        8.575917     -684.911339        0.000000        0.000000        0.000000
        5.862780        0.267249        7.161132     -744.647228        0.000000        0.000000        0.000000
        5.864760        0.279919        5.641483     -790.869929        0.000000        0.000000        0.000000
        5.866739        0.289505        4.044553     -822.734987        0.000000        0.000000        0.000000
        5.868718        0.295882        2.399336     -839.661475        0.000000        0.000000        0.000000
        5.870698        0.298985        0.735704     -841.342664        0.000000        0.000000        0.000000
        5.872677        0.298806       -0.916142     -827.751646        0.000000        0.000000        0.000000
        5.874656        0.295400       -2.526223     -799.141832        0.000000        0.000000        0.000000
        5.876636        0.288876       -4.065335     -756.042298        0.000000        0.000000        0.000000
        5.878615        0.279404       -5.505587     -699.248066        0.000000        0.000000        0.000000
        5.880594        0.267205       -6.820906     -629.805514        0.000000        0.000000        0.000000
        5.882574        0.252550       -7.987522     -548.993162        0.000000        0.000000        0.000000
        5.884553        0.235753       -8.984404     -458.298200        0.000000        0.000000        0.000000
        5.886532        0.217169       -9.793641     -359.389183        0.000000        0.000000        0.000000
        5.888512        0.197183      -10.400776     -254.085403        0.000000        0.000000        0.000000
        5.890491        0.176207      -10.795068     -144.323484        0.000000        0.000000        0.000000
        5.892470        0.154667      -10.969690      -32.121830        0.000000        0.000000        0.000000
        5.894450        0.133002      -10.921855       80.456429        0.000000        0.000000        0.000000
        5.896429        0.111650      -10.652866      191.341317        0.000000        0.000000        0.000000
        5.898408        0.091044      -10.168092      298.494009        0.000000        0.000000        0.000000
        5.900388        0.071602       -9.476872      399.944267        0.000000        0.000000        0.000000
        5.902367        0.053720       -8.592337      493.826605        0.000000        0.000000        0.000000
        5.904346        0.037763       -7.531177      578.414542        0.000000        0.000000        0.000000
        5.906326        0.024061       -6.313327      652.152296        0.000000        0.000000        0.000000
        5.908305        0.012903       -4.961606      713.683344        0.000000        0.000000        0.000000
        5.910284        0.004527       -3.501296      761.875329        0.000000        0.000000        0.000000
        5.912264       -0.000877       -1.959678      795.840851        0.000000        0.000000        0.000000
        5.914243       -0.003178       -0.365529      814.953753        0.000000        0.000000        0.000000
        5.916222       -0.002302        1.251401      818.860621        0.000000        0.000000        0.000000
        5.918202        0.001768        2.860942      807.487273        0.000000        0.000000        0.000000
        5.920181        0.008987        4.433053      781.040118        0.000000        0.000000        0.000000
        5.922160        0.019251        5.938377      740.002372        0.000000        0.000000        0.000000
        5.924140        0.032401        7.348777      685.125186        0.000000        0.000000        0.000000
        5.926119        0.048222        8.637855      617.413855        0.000000        0.000000        0.000000
        5.928098        0.066451        9.781437      538.109366        0.000000        0.000000        0.000000
        5.930078        0.086778       10.758015      448.665614        0.000000        0.000000        0.000000
        5.932057        0.108855       11.549142      350.722714        0.000000        0.000000        0.000000
        5.934036        0.132299       12.139774      246.076890        0.000000        0.000000        0.000000
        5.936016        0.156703       12.518543      136.647502        0.000000        0.000000        0.000000
        5.937995        0.181639       12.677968       24.441808        0.000000        0.000000        0.000000
        5.939974        0.206670       12.614590      -88.481882        0.000000        0.000000        0.000000
        5.941954        0.231356       12.329038     -200.051995        0.000000        0.000000        0.000000
        5.943933        0.255261       11.826016     -308.221724        0.000000        0.000000        0.000000
        5.945912        0.277964       11.114221     -411.006603        0.000000        0.000000        0.000000
        5.947892        0.299065       10.206175     -506.520938        0.000000        0.000000        0.000000
        5.949871        0.318189        9.118005     -593.012425        0.000000        0.000000        0.000000
        5.951850        0.335001        7.869139     -668.894317        0.000000        0.000000        0.000000
        5.953830        0.349203        6.481955     -732.774558        0.000000        0.000000        0.000000
        5.955809        0.360548        4.981368     -783.481332        0.000000        0.000000        0.000000
        5.957788        0.368837        3.394374     -820.084580        0.000000        0.000000        0.000000
        5.959768        0.373928        1.749551     -841.913073        0.000000        0.000000        0.000000
        5.961747        0.375735        0.076541     -848.566732        0.000000        0.000000        0.000000
        5.963726        0.374233       -1.594500     -839.923977        0.000000        0.000000        0.000000
        5.965706        0.369455       -3.233454     -816.143952        0.000000        0.000000        0.000000
        5.967685        0.361494       -4.810791     -777.663613        0.000000        0.000000        0.000000
        5.969664        0.350500       -6.298114     -725.189694        0.000000        0.000000        0.000000
        5.971644        0.336677       -7.668677     -659.685745        0.000000        0.000000        0.000000
        5.973623        0.320282       -8.897882     -582.354433        0.000000        0.000000        0.000000
        5.975602        0.301615       -9.963723     -494.615468        0.000000        0.000000        0.000000
        5.977582        0.281020      -10.847192     -398.079540        0.000000        0.000000        0.000000
        5.979561        0.258871      -11.532633     -294.518748        0.000000        0.000000        0.000000
        5.981540        0.235574      -12.008022     -185.834066        0.000000        0.000000        0.000000
        5.983520        0.211551      -12.265191      -74.020447        0.000000        0.000000        0.000000
        5.985499        0.187240      -12.299978       38.869798        0.000000        0.000000        0.000000
        5.987478        0.163080      -12.112304      150.764685        0.000000        0.000000        0.000000
        5.989458        0.139508      -11.706169      259.610585        0.000000        0.000000        0.000000
        5.991437        0.116947      -11.089587      363.409934        0.000000        0.000000        0.000000
        5.993416        0.095804      -10.274431      460.257895        0.000000        0.000000        0.000000
        5.995396        0.076456       -9.276219      548.377337        0.000000        0.000000        0.000000
        5.997375        0.059245       -8.113828      626.151450        0.000000        0.000000        0.000000
        5.999354        0.044476       -6.809147      692.153436        0.000000        0.000000        0.000000
        6.001334        0.032407       -5.386675      745.172694        0.000000        0.000000        0.000000
        6.003313        0.023243       -3.873070      784.237048        0.000000        0.000000        0.000000
        6.005292        0.017137       -2.296663      808.630595        0.000000        0.000000        0.000000
        6.007272        0.014184       -0.686935      817.906845        0.000000        0.000000        0.000000
        6.009251        0.014420        0.926026      811.896919        0.000000        0.000000        0.000000
        6.011230        0.017823        2.512074      790.712647        0.000000        0.000000        0.000000
        6.013210        0.024309        4.041560      754.744516        0.000000        0.000000        0.000000
        6.015189        0.033738        5.485878      704.654501        0.000000        0.000000        0.000000
        6.017168        0.045915        6.817986      641.363912        0.000000        0.000000        0.000000
        6.019148        0.060592        8.012909      566.036477        0.000000        0.000000        0.000000
        6.021127        0.077477        9.048192      480.056982        0.000000        0.000000        0.000000
        6.023106        0.096234        9.904315      385.005844        0.000000        0.000000        0.000000
        6.025086        0.116492       10.565052      282.630100        0.000000        0.000000        0.000000
        6.027065        0.137851       11.017766      174.811334        0.000000        0.000000        0.000000
        6.029044        0.159893       11.253645       63.531128        0.000000        0.000000        0.000000
        6.031024        0.182181       11.267863      -49.165308        0.000000        0.000000        0.000000
        6.033003        0.204278       11.059665     -161.206691        0.000000        0.000000        0.000000
        6.034982        0.225746       10.632386     -270.533685        0.000000        0.000000        0.000000
        6.036962        0.246159        9.993388     -375.136712        0.000000        0.000000        0.000000
        6.038941        0.265108        9.153924     -473.092841        0.000000        0.000000        0.000000
        6.040920        0.282212        8.128933     -562.601093        0.000000        0.000000        0.000000
        6.042900        0.297122        6.936765     -642.015506        0.000000        0.000000        0.000000
        6.044879        0.309528        5.598845     -709.875347        0.000000        0.000000        0.000000
        6.046858        0.319166        4.139279     -764.931937        0.000000        0.000000        0.000000
        6.048838        0.325820        2.584411     -806.171567        0.000000        0.000000        0.000000
        6.050817        0.329330        0.962343     -832.834117        0.000000        0.000000        0.000000
        6.052796        0.329592       -0.697585     -844.427005        0.000000        0.000000        0.000000
        6.054776        0.326561       -2.365331     -840.734236        0.000000        0.000000        0.000000
        6.056755        0.320251       -4.010705     -821.820363        0.000000        0.000000        0.000000
        6.058734        0.310736       -5.603918     -788.029306        0.000000        0.000000        0.000000
        6.060714        0.298147       -7.116134     -739.978042        0.000000        0.000000        0.000000
        6.062693        0.282672       -8.519999     -678.545272        0.000000        0.000000        0.000000
        6.064672        0.264552       -9.790136     -604.855298        0.000000        0.000000        0.000000
        6.066652        0.244072      -10.903622     -520.257379        0.000000        0.000000        0.000000
        6.068631        0.221563      -11.840398     -426.300966        0.000000        0.000000        0.000000
        6.070610        0.197391      -12.583645     -324.707255        0.000000        0.000000        0.000000
        6.072590        0.171953      -13.120089     -217.337589        0.000000        0.000000        0.000000
        6.074569        0.145667      -13.440242     -106.159294        0.000000        0.000000        0.000000
        6.076548        0.118967      -13.538584        6.790443        0.000000        0.000000        0.000000
        6.078528        0.092293      -13.413657      119.441967        0.000000        0.000000        0.000000
        6.080507        0.066085      -13.068092      229.731153        0.000000        0.000000        0.000000
        6.082486        0.040773      -12.508566      335.637295        0.000000        0.000000        0.000000
        6.084466        0.016769      -11.745675      435.220204        0.000000        0.000000        0.000000
        6.086445       -0.005537      -10.793739      526.655823        0.000000        0.000000        0.000000
        6.088424       -0.025790       -9.670542      608.269713        0.000000        0.000000        0.000000
        6.090404       -0.043671       -8.397003      678.567792        0.000000        0.000000        0.000000
        6.092383       -0.058906       -6.996792      736.263762        0.000000        0.000000        0.000000
        6.094362       -0.071269       -5.495898      780.302721        0.000000        0.000000        0.000000
        6.096342       -0.080590       -3.922148      809.880529        0.000000        0.000000        0.000000
        6.098321       -0.086752       -2.304699      824.458569        0.000000        0.000000        0.000000
        6.100300       -0.089700       -0.673500      823.773633        0.000000        0.000000        0.000000
        6.102280       -0.089435        0.941255      807.842753        0.000000        0.000000        0.000000
        6.104259       -0.086020        2.509683      776.962887        0.000000        0.000000        0.000000
        6.106238       -0.079574        4.002761      731.705466        0.000000        0.000000        0.000000
        6.108218       -0.070276        5.392857      672.905904        0.000000        0.000000        0.000000
        6.110197       -0.058353        6.654240      601.648255        0.000000        0.000000        0.000000
        6.112176       -0.044084        7.763550      519.245316        0.000000        0.000000        0.000000
        6.114156       -0.027791        8.700229      427.214521        0.000000        0.000000        0.000000
        6.116135       -0.009831        9.446896      327.250083        0.000000        0.000000        0.000000
        6.118114        0.009404        9.989671      221.191892        0.000000        0.000000        0.000000
        6.120094        0.029503       10.318422      110.991734        0.000000        0.000000        0.000000
        6.122073        0.050034       10.426957       -1.322540        0.000000        0.000000        0.000000
        6.124052        0.070559       10.313139     -113.684246        0.000000        0.000000        0.000000
        6.126032        0.090642        9.978919     -224.025806        0.000000        0.000000        0.000000
        6.128011        0.109850        9.430305     -330.316707        0.000000        0.000000        0.000000
        6.129990        0.127771        8.677251     -430.600780        0.000000        0.000000        0.000000
        6.131969        0.144012        7.733473     -523.032115        0.000000        0.000000        0.000000
        6.133949        0.158213        6.616199     -605.908947        0.000000        0.000000        0.000000
        6.135928        0.170052        5.345850     -677.704897        0.000000        0.000000        0.000000
        6.137907        0.179247        3.945669     -737.097003        0.000000        0.000000        0.000000
        6.139887        0.185568        2.441291     -782.990001        0.000000        0.000000        0.000000
        6.141866        0.188836        0.860273     -814.536436        0.000000        0.000000        0.000000
        6.143845        0.188927       -0.768408     -831.152223        0.000000        0.000000        0.000000
        6.145825        0.185776       -2.414895     -832.527370        0.000000        0.000000        0.000000
        6.147804        0.179379       -4.048991     -818.631669        0.000000        0.000000        0.000000
        6.149783        0.169790       -5.640717     -789.715256        0.000000        0.000000        0.000000
        6.151763        0.157120       -7.160863     -746.304014        0.000000        0.000000        0.000000
        6.153742        0.141541       -8.581522     -689.189928        0.000000        0.000000        0.000000
        6.155721        0.123273       -9.876605     -619.416542        0.000000        0.000000        0.000000
        6.157701        0.102590      -11.022318     -538.259803        0.000000        0.000000        0.000000
        6.159680        0.079808      -11.997598     -447.204641        0.000000        0.000000        0.000000
        6.161659        0.055282      -12.784504     -347.917709        0.000000        0.000000        0.000000
        6.163639        0.029399      -13.368540     -242.216786        0.000000        0.000000        0.000000
        6.165618        0.002572      -13.738926     -132.037409        0.000000        0.000000        0.000000
        6.167597       -0.024770      -13.888796      -19.397342        0.000000        0.000000        0.000000
        6.169577       -0.052188      -13.815320       93.640467        0.000000        0.000000        0.000000
        6.171556       -0.079240      -13.519760      205.005755        0.000000        0.000000        0.000000
        6.173535       -0.105494      -13.007445      312.658948        0.000000        0.000000        0.000000
        6.175515       -0.130527      -12.287674      414.628606        0.000000        0.000000        0.000000
        6.177494       -0.153944      -11.373543      509.047609        0.000000        0.000000        0.000000
        6.179473       -0.175375      -10.281709      594.187436        0.000000        0.000000        0.000000
        6.181453       -0.194490       -9.032080      668.489894        0.000000        0.000000        0.000000
        6.183432       -0.210997       -7.647453      730.595723        0.000000        0.000000        0.000000
        6.185411       -0.224655       -6.153092      779.369547        0.000000        0.000000        0.000000
        6.187391       -0.235273       -4.576267      813.920721        0.000000        0.000000        0.000000
        6.189370       -0.242717       -2.945752      833.619671        0.000000        0.000000        0.000000
        6.191349       -0.246911       -1.291299      838.109458        0.000000        0.000000        0.000000
        6.193329       -0.247835        0.356912      827.312328        0.000000        0.000000        0.000000
        6.195308       -0.245534        1.968824      801.431135        0.000000        0.000000        0.000000
        6.197287       -0.240107        3.515054      760.945618        0.000000        0.000000        0.000000
        6.199267       -0.231712        4.967438      706.603593        0.000000        0.000000        0.000000
        6.201246       -0.220561        6.299539      639.407219        0.000000        0.000000        0.000000
        6.203225       -0.206917        7.487139      560.594606        0.000000        0.000000        0.000000
        6.205205       -0.191086        8.508684      471.617075        0.000000        0.000000        0.000000
        6.207184       -0.173417        9.345674      374.112521        0.000000        0.000000        0.000000
        6.209163       -0.154288        9.983007      269.875339        0.000000        0.000000        0.000000
        6.211143       -0.134106       10.409254      160.823481        0.000000        0.000000        0.000000
        6.213122       -0.113297       10.616873       48.963244        0.000000        0.000000        0.000000
        6.215101       -0.092297       10.602341      -63.647561        0.000000        0.000000        0.000000
        6.217081       -0.071546       10.366221     -174.937390        0.000000        0.000000        0.000000
        6.219060       -0.051476        9.913156     -282.858997        0.000000        0.000000        0.000000
        6.221039       -0.032509        9.251776     -385.427020        0.000000        0.000000        0.000000
        6.223019       -0.015045        8.394546     -480.754425        0.000000        0.000000        0.000000
        6.224998        0.000544        7.357533     -567.087157        0.000000        0.000000        0.000000
        6.226977        0.013922        6.160113     -642.836338        0.000000        0.000000        0.000000
        6.228957        0.024794        4.824614     -706.607437        0.000000        0.000000        0.000000
        6.230936        0.032909        3.375909     -757.225876        0.000000        0.000000        0.000000
        6.232915        0.038072        1.840952     -793.758589        0.000000        0.000000        0.000000
        6.234895        0.040140        0.248293     -815.531157        0.000000        0.000000        0.000000
        6.236874        0.039027       -1.372454     -822.140189        0.000000        0.000000        0.000000
        6.238853        0.034709       -2.991153     -813.460728        0.000000        0.000000        0.000000
        6.240833        0.027218       -4.577695     -789.648546        0.000000        0.000000        0.000000
        6.242812        0.016648       -6.102558     -751.137286        0.000000        0.000000        0.000000
        6.244791        0.003149       -7.537344     -698.630503        0.000000        0.000000        0.000000
        6.246771       -0.013074       -8.855301     -633.088747        0.000000        0.000000        0.000000
        6.248750       -0.031766      -10.031816     -555.711931        0.000000        0.000000        0.000000
        6.250729       -0.052625      -11.044867     -467.917306        0.000000        0.000000        0.000000
        6.252709       -0.075308      -11.875425     -371.313439        0.000000        0.000000        0.000000
        6.254688       -0.099439      -12.507806     -267.670688        0.000000        0.000000        0.000000
        6.256667       -0.124614      -12.929957     -158.888699        0.000000        0.000000        0.000000
        6.258647       -0.150408      -13.133680      -46.961538        0.000000        0.000000        0.000000
        6.260626       -0.176386      -13.114780       66.058923        0.000000        0.000000        0.000000
        6.262605       -0.202105      -12.873144      178.100667        0.000000        0.000000        0.000000
        6.264585       -0.227130      -12.412741      287.109575        0.000000        0.000000        0.000000
        6.266564       -0.251034      -11.741553      391.087131        0.000000        0.000000        0.000000
        6.268543       -0.273414      -10.871424      488.127112        0.000000        0.000000        0.000000
        6.270523       -0.293889       -9.817848      576.450582        0.000000        0.000000        0.000000
        6.272502       -0.312116       -8.599679      654.438550        0.000000        0.000000        0.000000
        6.274481       -0.327791       -7.238790      720.661689        0.000000        0.000000        0.000000
        6.276461       -0.340655       -5.759667      773.906579        0.000000        0.000000        0.000000
        6.278440       -0.350501       -4.188963      813.197977        0.000000        0.000000        0.000000
        6.280419       -0.357175       -2.555011      837.816725        0.000000        0.000000        0.000000
        6.282399       -0.360582       -0.887295      847.312949        0.000000        0.000000        0.000000
        6.284378       -0.360684        0.784079      841.514317        0.000000        0.000000        0.000000
        6.286357       -0.357504        2.428947      820.529205        0.000000        0.000000        0.000000
        6.288337       -0.351124        4.017632      784.744704        0.000000        0.000000        0.000000
        6.290316       -0.341684        5.521493      734.819515        0.000000        0.000000        0.000000
        6.292295       -0.329377        6.913449      671.671852        0.000000        0.000000        0.000000
        6.294275       -0.314451        8.168478      596.462591        0.000000        0.000000        0.000000
        6.296254       -0.297199        9.264075      510.573954        0.000000        0.000000        0.000000
        6.298233       -0.277955       10.180662      415.584133        0.000000        0.000000        0.000000
        6.300213       -0.257090       10.901952      313.238317        0.000000        0.000000        0.000000
        6.302192       -0.235004       11.415247      205.416656        0.000000        0.000000        0.000000
        6.304171       -0.212116       11.711669       94.099740        0.000000        0.000000        0.000000
        6.306151       -0.188861       11.786321      -18.667756        0.000000        0.000000        0.000000
        6.308130       -0.165678       11.638383     -130.814617        0.000000        0.000000        0.000000
        6.310109       -0.143005       11.271123     -240.281102        0.000000        0.000000        0.000000
        6.312089       -0.121269       10.691834     -345.056767        0.000000        0.000000        0.000000
        6.314068       -0.100879        9.911706     -443.217365        0.000000        0.000000        0.000000
        6.316047       -0.082216        8.945616     -532.960181        0.000000        0.000000        0.000000
        6.318027       -0.065632        7.811858     -612.637117        0.000000        0.000000        0.000000
        6.320006       -0.051437        6.531802     -680.784957        0.000000        0.000000        0.000000
        6.321985       -0.039896        5.129508     -736.152222        0.000000        0.000000        0.000000
        6.323965       -0.031226        3.631278     -777.722151        0.000000        0.000000        0.000000
        6.325944       -0.025588        2.065178     -804.731364        0.000000        0.000000        0.000000
        6.327923       -0.023088        0.460519     -816.683875        0.000000        0.000000        0.000000
        6.329903       -0.023773       -1.152680     -813.360201        0.000000        0.000000        0.000000
        6.331882       -0.027630       -2.744243     -794.821389        0.000000        0.000000        0.000000
        6.333861       -0.034586       -4.284390     -761.407897        0.000000        0.000000        0.000000
        6.335841       -0.044511       -5.744287     -713.733339        0.000000        0.000000        0.000000
        6.337820       -0.057219       -7.096572     -652.673228        0.000000        0.000000        0.000000
        6.339799       -0.072472       -8.315863     -579.348896        0.000000        0.000000        0.000000
        6.341779       -0.089985       -9.379215     -495.106913        0.000000        0.000000        0.000000
        6.343758       -0.109427      -10.266550     -401.494361        0.000000        0.000000        0.000000
        6.345737       -0.130436      -10.961024     -300.230439        0.000000        0.000000        0.000000
        6.347717       -0.152614      -11.449330     -193.174897        0.000000        0.000000        0.000000
        6.349696       -0.175546      -11.721952      -82.293892        0.000000        0.000000        0.000000
        6.351675       -0.198799      -11.773333       30.376102        0.000000        0.000000        0.000000
        6.353655       -0.221932      -11.601981      142.765682        0.000000        0.000000        0.000000
        6.355634       -0.244509      -11.210493      252.810509        0.000000        0.000000        0.000000
        6.357613       -0.266100      -10.605510      358.489205        0.000000        0.000000        0.000000
        6.359593       -0.286292       -9.797597      457.860461        0.000000        0.000000        0.000000
        6.361572       -0.304698       -8.801044      549.098677        0.000000        0.000000        0.000000
        6.363551       -0.320963       -7.633608      630.527478        0.000000        0.000000        0.000000
        6.365531       -0.334769       -6.316187      700.650487        0.000000        0.000000        0.000000
        6.367510       -0.345842       -4.872433      758.178800        0.000000        0.000000        0.000000
        6.369489       -0.353958       -3.328323      802.054647        0.000000        0.000000        0.000000
        6.371469       -0.358946       -1.711679      831.470810        0.000000        0.000000        0.000000
        6.373448       -0.360691       -0.051657      845.885442        0.000000        0.000000        0.000000
        6.375427       -0.359137        1.621786      845.032020        0.000000        0.000000        0.000000
        6.377407       -0.354287        3.278444      828.924231        0.000000        0.000000        0.000000
        6.379386       -0.346205        4.888412      797.855729        0.000000        0.000000        0.000000
        6.381365       -0.335011        6.422642      752.394737        0.000000        0.000000        0.000000
        6.383345       -0.320882        7.853470      693.373624        0.000000        0.000000        0.000000
        6.385324       -0.304049        9.155125      621.873618        0.000000        0.000000        0.000000
        6.387303       -0.284791       10.304205      539.204961        0.000000        0.000000        0.000000
        6.389283       -0.263430       11.280102      446.882855        0.000000        0.000000        0.000000
        6.391262       -0.240326       12.065385      346.599647        0.000000        0.000000        0.000000
        6.393241       -0.215869       12.646114      240.193761        0.000000        0.000000        0.000000
        6.395221       -0.190476       13.012102      129.615948        0.000000        0.000000        0.000000
        6.397200       -0.164578       13.157097       16.893475        0.000000        0.000000        0.000000
        6.399179       -0.138613       13.078900      -95.907091        0.000000        0.000000        0.000000
        6.401159       -0.113022       12.779403     -206.717820        0.000000        0.000000        0.000000
        6.403138       -0.088237       12.264554     -313.507383        0.000000        0.000000        0.000000
        6.405117       -0.064674       11.544250     -414.318343        0.000000        0.000000        0.000000
        6.407097       -0.042727       10.632152     -507.303086        0.000000        0.000000        0.000000
        6.409076       -0.022757        9.545439     -590.757742        0.000000        0.000000        0.000000
        6.411055       -0.005092        8.304486     -663.153464        0.000000        0.000000        0.000000
        6.413035        0.009988        6.932494     -723.164491        0.000000        0.000000        0.000000
        6.415014        0.022247        5.455065     -769.692490        0.000000        0.000000        0.000000
        6.416993        0.031505        3.899727     -801.886713        0.000000        0.000000        0.000000
        6.418973        0.037636        2.295432     -819.159620        0.000000        0.000000        0.000000
        6.420952        0.040573        0.672027     -821.197659        0.000000        0.000000        0.000000
        6.422931        0.040308       -0.940302     -807.967024        0.000000        0.000000        0.000000
        6.424911        0.036891       -2.511576     -779.714275        0.000000        0.000000        0.000000
        6.426890        0.030435       -4.012578     -736.961807        0.000000        0.000000        0.000000
        6.428869        0.021104       -5.415390     -680.498264        0.000000        0.000000        0.000000
        6.430849        0.009120       -6.693902     -611.364054        0.000000        0.000000        0.000000
        6.432828       -0.005248       -7.824295     -530.832251        0.000000        0.000000        0.000000
        6.434807       -0.021686       -8.785475     -440.385224        0.000000        0.000000        0.000000
        6.436787       -0.039842       -9.559466     -341.687418        0.000000        0.000000        0.000000
        6.438766       -0.059329      -10.131733     -236.554799        0.000000        0.000000        0.000000
        6.440745       -0.079739      -10.491453     -126.921514        0.000000        0.000000        0.000000
        6.442725       -0.100644      -10.631714      -14.804384        0.000000        0.000000        0.000000
        6.444704       -0.121607      -10.549641       97.734124        0.000000        0.000000        0.000000
        6.446683       -0.142188      -10.246449      208.623762        0.000000        0.000000        0.000000
        6.448663       -0.161955       -9.727421      315.824507        0.000000        0.000000        0.000000
        6.450642       -0.180491       -9.001809      417.364014        0.000000        0.000000        0.000000
        6.452621       -0.197399       -8.082669      511.373827        0.000000        0.000000        0.000000
        6.454601       -0.212313       -6.986616      596.123680        0.000000        0.000000        0.000000
        6.456580       -0.224901       -5.733524      670.053264        0.000000        0.000000        0.000000
        6.458559       -0.234877       -4.346157      731.800874        0.000000        0.000000        0.000000
        6.460539       -0.241998       -2.849754      780.228406        0.000000        0.000000        0.000000
        6.462518       -0.246077       -1.271563      814.442254        0.000000        0.000000        0.000000
        6.464497       -0.246980        0.359656      833.809717        0.000000        0.000000        0.000000
        6.466477       -0.244630        2.014160      837.970613        0.000000        0.000000        0.000000
        6.468456       -0.239013        3.661770      826.843897        0.000000        0.000000        0.000000
        6.470435       -0.230171        5.272425      800.629144        0.000000        0.000000        0.000000
        6.472415       -0.218207        6.816731      759.802892        0.000000        0.000000        0.000000
        6.474394       -0.203279        8.266505      705.109896        0.000000        0.000000        0.000000
        6.476373       -0.185602        9.595289      637.549449        0.000000        0.000000        0.000000
        6.478353       -0.165439       10.778837      558.357049        0.000000        0.000000        0.000000
        6.480332       -0.143098       11.795559      468.981709        0.000000        0.000000        0.000000
        6.482311       -0.118928       12.626919      371.059365        0.000000        0.000000        0.000000
        6.484291       -0.093310       13.257774      266.382841        0.000000        0.000000        0.000000
        6.486270       -0.066654       13.676651      156.868935        0.000000        0.000000        0.000000
        6.488249       -0.039386       13.875962       44.523239        0.000000        0.000000        0.000000
        6.490229       -0.011945       13.852138      -68.596687        0.000000        0.000000        0.000000
        6.492208        0.015229       13.605695     -180.419081        0.000000        0.000000        0.000000
        6.494187        0.041700       13.141230     -288.896013        0.000000        0.000000        0.000000
        6.496167        0.067044       12.467330     -392.040982        0.000000        0.000000        0.000000
        6.498146        0.090859       11.596418     -487.965378        0.000000        0.000000        0.000000
        6.500125        0.112771       10.544523     -574.913157        0.000000        0.000000        0.000000
        6.502105        0.132441        9.330989     -651.293074        0.000000        0.000000        0.000000
        6.504084        0.149571        7.978115     -715.707897        0.000000        0.000000        0.000000
        6.506063        0.163910        6.510749     -766.980053        0.000000        0.000000        0.000000
        6.508043        0.175258        4.955832     -804.173245        0.000000        0.000000        0.000000
        6.510022        0.183470        3.341902     -826.609643        0.000000        0.000000        0.000000
        6.512001        0.188459        1.698570     -833.882321        0.000000        0.000000        0.000000
        6.513981        0.190195        0.055977     -825.862728        0.000000        0.000000        0.000000
        6.515960        0.188711       -1.555759     -802.703049        0.000000        0.000000        0.000000
        6.517939        0.184096       -3.107096     -764.833405        0.000000        0.000000        0.000000
        6.519919        0.176499       -4.569612     -712.953959        0.000000        0.000000        0.000000
        6.521898        0.166121       -5.916523     -648.022058        0.000000        0.000000        0.000000
        6.523877        0.153216       -7.123180     -571.234659        0.000000        0.000000        0.000000
        6.525856        0.138084       -8.167516     -484.006352        0.000000        0.000000        0.000000
        6.527836        0.121063       -9.030455     -387.943387        0.000000        0.000000        0.000000
        6.529815        0.102530       -9.696260     -284.814190        0.000000        0.000000        0.000000
        6.531794        0.082886      -10.152823     -176.516892        0.000000        0.000000        0.000000
        6.533774        0.062554      -10.391889      -65.044481        0.000000        0.000000        0.000000
        6.535753        0.041968      -10.409200       47.551784        0.000000        0.000000        0.000000
        6.537732        0.021567      -10.204585      159.200033        0.000000        0.000000        0.000000
        6.539712        0.001787       -9.781953      267.845826        0.000000        0.000000        0.000000
        6.541691       -0.016949       -9.149224      371.489865        0.000000        0.000000        0.000000
        6.543670       -0.034236       -8.318187      468.224700        0.000000        0.000000        0.000000
        6.545650       -0.049697       -7.304280      556.269752        0.000000        0.000000        0.000000
        6.547629       -0.062988       -6.126307      634.003999        0.000000        0.000000        0.000000
        6.549608       -0.073808       -4.806093      699.995735        0.000000        0.000000        0.000000
        6.551588       -0.081898       -3.368084      753.028861        0.000000        0.000000        0.000000
        6.553567       -0.087051       -1.838898      792.125205        0.000000        0.000000        0.000000
        6.555546       -0.089115       -0.246834      816.562486        0.000000        0.000000        0.000000
        6.557526       -0.087995        1.378642      825.887571        0.000000        0.000000        0.000000
        6.559505       -0.083654        3.007447      819.924799        0.000000        0.000000        0.000000
        6.561484       -0.076116        4.609423      798.779205        0.000000        0.000000        0.000000
        6.563464       -0.065463        6.154898      762.834594        0.000000        0.000000        0.000000
        6.565443       -0.051835        7.615231      712.746495        0.000000        0.000000        0.000000
        6.567422       -0.035428        8.963330      649.430129        0.000000        0.000000        0.000000
        6.569402       -0.016488       10.174160      574.043610        0.000000        0.000000        0.000000
        6.571381        0.004690       11.225196      487.966681        0.000000        0.000000        0.000000
        6.573360        0.027771       12.096836      392.775392        0.000000        0.000000        0.000000
        6.575340        0.052384       12.772766      290.213161        0.000000        0.000000        0.000000
        6.577319        0.078128       13.240257      182.158775        0.000000        0.000000        0.000000
        6.579298        0.104582       13.490396       70.591897        0.000000        0.000000        0.000000
        6.581278        0.131312       13.518253      -42.443275        0.000000        0.000000        0.000000
        6.583257        0.157876       13.322974     -154.875536        0.000000        0.000000        0.000000
        6.585236        0.183836       12.907789     -264.644694        0.000000        0.000000        0.000000
        6.587216        0.208763       12.279961     -369.739391        0.000000        0.000000        0.000000
        6.589195        0.232248       11.450647     -468.234028        0.000000        0.000000        0.000000
        6.591174        0.253908       10.434697     -558.324113        0.000000        0.000000        0.000000
        6.593154        0.273389        9.250381     -638.359388        0.000000        0.000000        0.000000
        6.595133        0.290381        7.919049     -706.874124        0.000000        0.000000        0.000000
        6.597112        0.304616        6.464747     -762.614025        0.000000        0.000000        0.000000
        6.599092        0.315877        4.913769     -804.559259        0.000000        0.000000        0.000000
        6.601071        0.324000        3.294178     -831.943174        0.000000        0.000000        0.000000
        6.603050        0.328879        1.635291     -844.266374        0.000000        0.000000        0.000000
        6.605030        0.330465       -0.032862     -841.305887        0.000000        0.000000        0.000000
        6.607009        0.328770       -1.680087     -823.119253        0.000000        0.000000        0.000000
        6.608988        0.323864       -3.276579     -790.043471        0.000000        0.000000        0.000000
        6.610968        0.315877       -4.793472     -742.688811        0.000000        0.000000        0.000000
        6.612947        0.304994       -6.203366     -681.927606        0.000000        0.000000        0.000000
        6.614926        0.291451       -7.480832     -608.878242        0.000000        0.000000        0.000000
        6.616906        0.275534       -8.602879     -524.884619        0.000000        0.000000        0.000000
        6.618885        0.257569       -9.549372     -431.491485        0.000000        0.000000        0.000000
        6.620864        0.237922      -10.303405     -330.416073        0.000000        0.000000        0.000000
        6.622844        0.216985      -10.851614     -223.516575        0.000000        0.000000        0.000000
        6.624823        0.195177      -11.184413     -112.758027        0.000000        0.000000        0.000000
        6.626802        0.172929      -11.296180       -0.176238        0.000000        0.000000        0.000000
        6.628782        0.150680      -11.185354      112.159590        0.000000        0.000000        0.000000
        6.630761        0.128867      -10.854465      222.184846        0.000000        0.000000        0.000000
        6.632740        0.107922      -10.310087      327.877415        0.000000        0.000000        0.000000
        6.634720        0.088254       -9.562719      427.294799        0.000000        0.000000        0.000000
        6.636699        0.070253       -8.626590      518.609781        0.000000        0.000000        0.000000
        6.638678        0.054274       -7.519397      600.143968        0.000000        0.000000        0.000000
        6.640658        0.040635       -6.261985      670.398607        0.000000        0.000000        0.000000
        6.642637        0.029610       -4.877956      728.082096        0.000000        0.000000        0.000000
        6.644616        0.021424       -3.393244      772.133699        0.000000        0.000000        0.000000
        6.646596        0.016249       -1.835632      801.743016        0.000000        0.000000        0.000000
        6.648575        0.014201       -0.234246      816.364869        0.000000        0.000000        0.000000
        6.650554        0.015336        1.380982      815.729300        0.000000        0.000000        0.000000
        6.652534        0.019652        2.979862      799.846537        0.000000        0.000000        0.000000
        6.654513        0.027086        4.532503      769.006801        0.000000        0.000000        0.000000
        6.656492        0.037520        6.009858      723.774982        0.000000        0.000000        0.000000
        6.658472        0.050775        7.384262      664.980264        0.000000        0.000000        0.000000
        6.660451        0.066624        8.629935      593.700911        0.000000        0.000000        0.000000
        6.662430        0.084788        9.723462      511.244463        0.000000        0.000000        0.000000
        6.664410        0.104945       10.644216      419.123741        0.000000        0.000000        0.000000
        6.666389        0.126736       11.374740      319.029067        0.000000        0.000000        0.000000
        6.668368        0.149772       11.901071      212.797238        0.000000        0.000000        0.000000
        6.670348        0.173637       12.212989      102.377806        0.000000        0.000000        0.000000
        6.672327        0.197900       12.304211      -10.202717        0.000000        0.000000        0.000000
        6.674306        0.222124       12.172506     -122.878055        0.000000        0.000000        0.000000
        6.676286        0.245868       11.819731     -233.580108        0.000000        0.000000        0.000000
        6.678265        0.268702       11.251805     -340.276913        0.000000        0.000000        0.000000
        6.680244        0.290207       10.478592     -441.009949        0.000000        0.000000        0.000000
        6.682224        0.309993        9.513727     -533.930094        0.000000        0.000000        0.000000
        6.684203        0.327696        8.374362     -617.331566        0.000000        0.000000        0.000000
        6.686182        0.342992        7.080855     -689.683247        0.000000        0.000000        0.000000
        6.688162        0.355597        5.656389     -749.656780        0.000000        0.000000        0.000000
        6.690141        0.365279        4.126556     -796.150967        0.000000        0.000000        0.000000
        6.692120        0.371856        2.518880     -828.311976        0.000000        0.000000        0.000000
        6.694100        0.375202        0.862317     -845.549022        0.000000        0.000000        0.000000
        6.696079        0.375251       -0.813280     -847.545208        0.000000        0.000000        0.000000
        6.698058        0.371994       -2.477709     -834.263346        0.000000        0.000000        0.000000
        6.700038        0.365483       -4.100968     -805.946641        0.000000        0.000000        0.000000
        6.702017        0.355829       -5.653814     -763.114221        0.000000        0.000000        0.000000
        6.703996        0.343199       -7.108292     -706.551614        0.000000        0.000000        0.000000
        6.705976        0.327813       -8.438253     -637.296321        0.000000        0.000000        0.000000
        6.707955        0.309942       -9.619830     -556.618774        0.000000        0.000000        0.000000
        6.709934        0.289899      -10.631880     -465.999011        0.000000        0.000000        0.000000
        6.711914        0.268039      -11.456369     -367.099506        0.000000        0.000000        0.000000
        6.713893        0.244747      -12.078704     -261.734650        0.000000        0.000000        0.000000
        6.715872        0.220435      -12.488003     -151.837443        0.000000        0.000000        0.000000
        6.717852        0.195529      -12.677288      -39.424006        0.000000        0.000000        0.000000
        6.719831        0.170470      -12.643620       73.443430        0.000000        0.000000        0.000000
        6.721810        0.145697      -12.388150      184.694383        0.000000        0.000000        0.000000
        6.723790        0.121644      -11.916096      292.288128        0.000000        0.000000        0.000000
        6.725769        0.098730      -11.236652      394.251161        0.000000        0.000000        0.000000
        6.727748        0.077354      -10.362812      488.713432        0.000000        0.000000        0.000000
        6.729728        0.057884       -9.311137      573.942670        0.000000        0.000000        0.000000
        6.731707        0.040651       -8.101450      648.376188        0.000000        0.000000        0.000000
        6.733686        0.025947       -6.756469      710.649568        0.000000        0.000000        0.000000
        6.735666        0.014013       -5.301392      759.621709        0.000000        0.000000        0.000000
        6.737645        0.005042       -3.763434      794.395776        0.000000        0.000000        0.000000
        6.739624       -0.000831       -2.171327      814.335662        0.000000        0.000000        0.000000
        6.741604       -0.003529       -0.554794      819.077668        0.000000        0.000000        0.000000
        6.743583       -0.003033        1.056001      808.537175        0.000000        0.000000        0.000000
        6.745562        0.000616        2.631002      782.910201        0.000000        0.000000        0.000000
        6.747542        0.007318        4.140817      742.669798        0.000000        0.000000        0.000000
        6.749521        0.016915        5.557253      688.557369        0.000000        0.000000        0.000000
        6.751500        0.029198        6.853841      621.569056        0.000000        0.000000        0.000000
        6.753480        0.043905        8.006313      542.937450        0.000000        0.000000        0.000000
        6.755459        0.060728        8.993056      454.108966        0.000000        0.000000        0.000000
        6.757438        0.079323        9.795503      356.717284        0.000000        0.000000        0.000000
        6.759418        0.099308       10.398477      252.553359        0.000000        0.000000        0.000000
        6.761397        0.120278       10.790470      143.532542        0.000000        0.000000        0.000000
        6.763376        0.141808       10.963851       31.659415        0.000000        0.000000        0.000000
        6.765356        0.163460       10.915012      -81.009010        0.000000        0.000000        0.000000
        6.767335        0.184797       10.644427     -192.401054        0.000000        0.000000        0.000000
        6.769314        0.205383       10.156651     -300.468408        0.000000        0.000000        0.000000
        6.771294        0.224797        9.460231     -403.223730        0.000000        0.000000        0.000000
        6.773273        0.242639        8.567551     -498.777138        0.000000        0.000000        0.000000
        6.775252        0.258535        7.494607     -585.370902        0.000000        0.000000        0.000000
        6.777232        0.272148        6.260709     -661.411715        0.000000        0.000000        0.000000
        6.779211        0.283182        4.888130     -725.499941        0.000000        0.000000        0.000000
        6.781190        0.291386        3.401696     -776.455317        0.000000        0.000000        0.000000
        6.783170        0.296562        1.828331     -813.338616        0.000000        0.000000        0.000000
        6.785149        0.298566        0.196563     -835.468895        0.000000        0.000000        0.000000
        6.787128        0.297312       -1.464002     -842.435994        0.000000        0.000000        0.000000
        6.789108        0.292772       -3.123221     -834.108068        0.000000        0.000000        0.000000
        6.791087        0.284979       -4.750966     -810.634010        0.000000        0.000000        0.000000
        6.793066        0.274025       -6.317681     -772.440716        0.000000        0.000000        0.000000
        6.795046        0.260058       -7.794921     -720.225252        0.000000        0.000000        0.000000
        6.797025        0.243282       -9.155877     -654.942057        0.000000        0.000000        0.000000
        6.799004        0.223952      -10.375866     -577.785422        0.000000        0.000000        0.000000
        6.800984        0.202369      -11.432782     -490.167568        0.000000        0.000000        0.000000
        6.802963        0.178874      -12.307508     -393.692719        0.000000        0.000000        0.000000
        6.804942        0.153844      -12.984262     -290.127656        0.000000        0.000000        0.000000
        6.806922        0.127682      -13.450886     -181.369280        0.000000        0.000000        0.000000
        6.808901        0.100812      -13.699074      -69.409790        0.000000        0.000000        0.000000
        6.810880        0.073672      -13.724518       43.699885        0.000000        0.000000        0.000000
        6.812860        0.046702      -13.526993      155.887742        0.000000        0.000000        0.000000
        6.814839        0.020340      -13.110357      265.098734        0.000000        0.000000        0.000000
        6.816818       -0.004988      -12.482482      369.332503        0.000000        0.000000        0.000000
        6.818798       -0.028876      -11.655109      466.680095        0.000000        0.000000        0.000000
        6.820777       -0.050945      -10.643632      555.359009        0.000000        0.000000        0.000000
        6.822756       -0.070847       -9.466815      633.745914        0.000000        0.000000        0.000000
        6.824736       -0.088278       -8.146450      700.406454        0.000000        0.000000        0.000000
        6.826715       -0.102978       -6.706954      754.121575        0.000000        0.000000        0.000000
        6.828694       -0.114737       -5.174920      793.909903        0.000000        0.000000        0.000000
        6.830674       -0.123401       -3.578633      819.045765        0.000000        0.000000        0.000000
        6.832653       -0.128870       -1.947546      829.072499        0.000000        0.000000        0.000000
        6.834632       -0.131106       -0.311744      823.810847        0.000000        0.000000        0.000000
        6.836612       -0.130129        1.298613      803.362236        0.000000        0.000000        0.000000
        6.838591       -0.126019        2.853843      768.106920        0.000000        0.000000        0.000000
        6.840570       -0.118914        4.325282      718.696995        0.000000        0.000000        0.000000
        6.842550       -0.109007        5.685816      656.044425        0.000000        0.000000        0.000000
        6.844529       -0.096541        6.910378      581.304303        0.000000        0.000000        0.000000
        6.846508       -0.081808        7.976404      495.853640        0.000000        0.000000        0.000000
        6.848488       -0.065141        8.864253      401.266084        0.000000        0.000000        0.000000
        6.850467       -0.046910        9.557563      299.283032        0.000000        0.000000        0.000000
        6.852446       -0.027511       10.043553      191.781659        0.000000        0.000000        0.000000
        6.854426       -0.007365       10.313258       80.740451        0.000000        0.000000        0.000000
        6.856405        0.013097       10.361696      -31.797113        0.000000        0.000000        0.000000
        6.858384        0.033434       10.187953     -143.760080        0.000000        0.000000        0.000000
        6.860364        0.053210        9.795206     -253.088043        0.000000        0.000000        0.000000
        6.862343        0.072000        9.190662     -357.768967        0.000000        0.000000        0.000000
        6.864322        0.089395        8.385425     -455.876128        0.000000        0.000000        0.000000
        6.866302        0.105011        7.394295     -545.603488        0.000000        0.000000        0.000000
        6.868281        0.118500        6.235493     -625.298849        0.000000        0.000000        0.000000
        6.870260        0.129551        4.930328     -693.494189        0.000000        0.000000        0.000000
        6.872240        0.137897        3.502808     -748.932609        0.000000        0.000000        0.000000
        6.874219        0.143322        1.979194     -790.591417        0.000000        0.000000        0.000000
        6.876198        0.145664        0.387522     -817.700894        0.000000        0.000000        0.000000
        6.878178        0.144818       -1.242913     -829.758436        0.000000        0.000000        0.000000
        6.880157        0.140735       -2.882092     -826.537775        0.000000        0.000000        0.000000
        6.882136        0.133430       -4.499831     -808.093139        0.000000        0.000000        0.000000
        6.884116        0.122973       -6.066325     -774.758256        0.000000        0.000000        0.000000
        6.886095        0.109494       -7.552702     -727.140229        0.000000        0.000000        0.000000
        6.888074        0.093180       -8.931553     -666.108392        0.000000        0.000000        0.000000
        6.890054        0.074269      -10.177430     -592.778354        0.000000        0.000000        0.000000
        6.892033        0.053046      -11.267319     -508.491517        0.000000        0.000000        0.000000
        6.894012        0.029840      -12.181060     -414.790453        0.000000        0.000000        0.000000
        6.895992        0.005016      -12.901716     -313.390588        0.000000        0.000000        0.000000
        6.897971       -0.021029      -13.415886     -206.148709        0.000000        0.000000        0.000000
        6.899950       -0.047879      -13.713951      -95.028879        0.000000        0.000000        0.000000
        6.901930       -0.075099      -13.790250       17.933618        0.000000        0.000000        0.000000
        6.903909       -0.102249      -13.643182      130.669637        0.000000        0.000000        0.000000
        6.905888       -0.128889      -13.275240      241.114164        0.000000        0.000000        0.000000
        6.907868       -0.154589      -12.692962      347.244216        0.000000        0.000000        0.000000
        6.909847       -0.178934      -11.906811      447.115983        0.000000        0.000000        0.000000
        6.911826       -0.201536      -10.930984      538.900510        0.000000        0.000000        0.000000
        6.913806       -0.222036       -9.783152      620.917271        0.000000        0.000000        0.000000
        6.915785       -0.240115       -8.484134      691.665021        0.000000        0.000000        0.000000
        6.917764       -0.255496       -7.057517      749.849354        0.000000        0.000000        0.000000
        6.919743       -0.267952       -5.529220      794.406465        0.000000        0.000000        0.000000
        6.921723       -0.277311       -3.927021      824.522677        0.000000        0.000000        0.000000
        6.923702       -0.283454       -2.280047      839.649378        0.000000        0.000000        0.000000
        6.925681       -0.286322       -0.618237      839.513090        0.000000        0.000000        0.000000
        6.927661       -0.285917        1.028204      824.120493        0.000000        0.000000        0.000000
        6.929640       -0.282297        2.629364      793.758295        0.000000        0.000000        0.000000
        6.931619       -0.275581        4.156167      748.987970        0.000000        0.000000        0.000000
        6.933599       -0.265945        5.580913      690.635450        0.000000        0.000000        0.000000
        6.935578       -0.253615        6.877783      619.775959        0.000000        0.000000        0.000000
        6.937557       -0.238868        8.023311      537.714276        0.000000        0.000000        0.000000
        6.939537       -0.222024        8.996821      445.960776        0.000000        0.000000        0.000000
        6.941516       -0.203440        9.780799      346.203703        0.000000        0.000000        0.000000
        6.943495       -0.183506       10.361220      240.278177        0.000000        0.000000        0.000000
        6.945475       -0.162635       10.727803      130.132501        0.000000        0.000000        0.000000
        6.947454       -0.141256       10.874199       17.792396        0.000000        0.000000        0.000000
        6.949433       -0.119808       10.798110      -94.676194        0.000000        0.000000        0.000000
        6.951413       -0.098729       10.501327     -205.205025        0.000000        0.000000        0.000000
        6.953392       -0.078449        9.989703     -311.761528        0.000000        0.000000        0.000000
        6.955371       -0.059386        9.273039     -412.386118        0.000000        0.000000        0.000000
        6.957351       -0.041930        8.364908     -505.228178        0.000000        0.000000        0.000000
        6.959330       -0.026444        7.282403     -588.580026        0.000000        0.000000        0.000000
        6.961309       -0.013254        6.045827     -660.908270        0.000000        0.000000        0.000000
        6.963289       -0.002641        4.678317     -720.881962        0.000000        0.000000        0.000000
        6.965268        0.005162        3.205418     -767.397025        0.000000        0.000000        0.000000
        6.967247        0.009971        1.654618     -799.596530        0.000000        0.000000        0.000000
        6.969227        0.011663        0.054840     -816.886426        0.000000        0.000000        0.000000
        6.971206        0.010170       -1.564088     -818.946445        0.000000        0.000000        0.000000
        6.973185        0.005482       -3.171981     -805.735986        0.000000        0.000000        0.000000
        6.975165       -0.002347       -4.738850     -777.494859        0.000000        0.000000        0.000000
        6.977144       -0.013208       -6.235456     -734.738882        0.000000        0.000000        0.000000
        6.979123       -0.026933       -7.633844     -678.250414        0.000000        0.000000        0.000000
        6.981103       -0.043304       -8.907855     -609.063996        0.000000        0.000000        0.000000
        6.983082       -0.062050      -10.033611     -528.447353        0.000000        0.000000        0.000000
        6.985061       -0.082856      -10.989950     -437.878127        0.000000        0.000000        0.000000
        6.987041       -0.105370      -11.758816     -339.016748        0.000000        0.000000        0.000000
        6.989020       -0.129205      -12.325591     -233.675953        0.000000        0.000000        0.000000
        6.990999       -0.153952      -12.679360     -123.787509        0.000000        0.000000        0.000000
        6.992979       -0.179181      -12.813118      -11.366748        0.000000        0.000000        0.000000
        6.994958       -0.204454      -12.723892      101.524429        0.000000        0.000000        0.000000
        6.996937       -0.229331      -12.412800      212.815404        0.000000        0.000000        0.000000
        6.998917       -0.253378      -11.885031      320.464855        0.000000        0.000000        0.000000
        7.000896       -0.276175      -11.149746      422.498230        0.000000        0.000000        0.000000
        7.002875       -0.297323      -10.219913      517.043998        0.000000        0.000000        0.000000
        7.004855       -0.316456       -9.112069      602.368001        0.000000        0.000000        0.000000
        7.006834       -0.333238       -7.846016      676.905295        0.000000        0.000000        0.000000
        7.008813       -0.347381       -6.444457      739.288878        0.000000        0.000000        0.000000
        7.010793       -0.358641       -4.932581      788.374781        0.000000        0.000000        0.000000
        7.012772       -0.366825       -3.337598      823.263076        0.000000        0.000000        0.000000
        7.014751       -0.371799       -1.688243      843.314391        0.000000        0.000000        0.000000
        7.016731       -0.373484       -0.014247      848.161649        0.000000        0.000000        0.000000
        7.018710       -0.371861        1.654209      837.716808        0.000000        0.000000        0.000000
        7.020689       -0.366971        3.287048      812.172475        0.000000        0.000000        0.000000
        7.022669       -0.358913        4.854848      771.998371        0.000000        0.000000        0.000000
        7.024648       -0.347845        6.329382      717.932707        0.000000        0.000000        0.000000
        7.026627       -0.333976        7.684137      650.968632        0.000000        0.000000        0.000000
        7.028607       -0.317568        8.894800      572.336000        0.000000        0.000000        0.000000
        7.030586       -0.298928        9.939704      483.478792        0.000000        0.000000        0.000000
        7.032565       -0.278403       10.800225      386.028607        0.000000        0.000000        0.000000
        7.034545       -0.256371       11.461127      281.774709        0.000000        0.000000        0.000000
        7.036524       -0.233241       11.910837      172.631178        0.000000        0.000000        0.000000
        7.038503       -0.209437       12.141660       60.601773        0.000000        0.000000        0.000000
        7.040483       -0.185397       12.149919      -52.256855        0.000000        0.000000        0.000000
        7.042462       -0.161560       11.936023     -163.872920        0.000000        0.000000        0.000000
        7.044441       -0.138361       11.504458     -272.197533        0.000000        0.000000        0.000000
        7.046421       -0.116224       10.863709     -375.242318        0.000000        0.000000        0.000000
        7.048400       -0.095550       10.026098     -471.115914        0.000000        0.000000        0.000000
        7.050379       -0.076713        9.007559     -558.058698        0.000000        0.000000        0.000000
        7.052359       -0.060052        7.827349     -634.475086        0.000000        0.000000        0.000000
        7.054338       -0.045866        6.507691     -698.962826        0.000000        0.000000        0.000000
        7.056317       -0.034404        5.073366     -750.338743        0.000000        0.000000        0.000000
        7.058297       -0.025869        3.551261     -787.660457        0.000000        0.000000        0.000000
        7.060276       -0.020405        1.969870     -810.243683        0.000000        0.000000        0.000000
        7.062255       -0.018100        0.358775     -817.674794        0.000000        0.000000        0.000000
        7.064235       -0.018984       -1.251900     -809.818415        0.000000        0.000000        0.000000
        7.066214       -0.023026       -2.832038     -786.819907        0.000000        0.000000        0.000000
        7.068193       -0.030136       -4.352088     -749.102697        0.000000        0.000000        0.000000
        7.070173       -0.040166       -5.783603     -697.360506        0.000000        0.000000        0.000000
        7.072152       -0.052917       -7.099765     -632.544612        0.000000        0.000000        0.000000
        7.074131       -0.068133       -8.275875     -555.846388        0.000000        0.000000        0.000000
        7.076111       -0.085518       -9.289809     -468.675426        0.000000        0.000000        0.000000
        7.078090       -0.104729      -10.122424     -372.633661        0.000000        0.000000        0.000000
        7.080069       -0.125394      -10.757908     -269.485966        0.000000        0.000000        0.000000
        7.082049       -0.147109      -11.184072     -161.127743        0.000000        0.000000        0.000000
        7.084028       -0.169452      -11.392572      -49.550133        0.000000        0.000000        0.000000
        7.086007       -0.191989      -11.379067       63.196539        0.000000        0.000000        0.000000
        7.087987       -0.214278      -11.143292      175.040409        0.000000        0.000000        0.000000
        7.089966       -0.235885      -10.689068      283.926107        0.000000        0.000000        0.000000
        7.091945       -0.256384      -10.024232      387.852489        0.000000        0.000000        0.000000
        7.093925       -0.275371       -9.160490      484.909379        0.000000        0.000000        0.000000
        7.095904       -0.292466       -8.113203      573.312638        0.000000        0.000000        0.000000
        7.097883       -0.307325       -6.901111      651.436910        0.000000        0.000000        0.000000
        7.099863       -0.319644       -5.545979      717.845473        0.000000        0.000000        0.000000
        7.101842       -0.329162       -4.072206      771.316604        0.000000        0.000000        0.000000
        7.103821       -0.335673       -2.506374      810.866020        0.000000        0.000000        0.000000
        7.105801       -0.339021       -0.876759      835.764937        0.000000        0.000000        0.000000
        7.107780       -0.339110        0.787184      845.553459        0.000000        0.000000        0.000000
        7.109759       -0.335901        2.455367      840.049016        0.000000        0.000000        0.000000
        7.111739       -0.329415        4.097617      819.349720        0.000000        0.000000        0.000000
        7.113718       -0.319735        5.684232      783.832564        0.000000        0.000000        0.000000
        7.115697       -0.306997        7.186524      734.146500        0.000000        0.000000        0.000000
        7.117677       -0.291396        8.577348      671.200528        0.000000        0.000000        0.000000
        7.119656       -0.273177        9.831599      596.147012        0.000000        0.000000        0.000000
        7.121635       -0.252633       10.926671      510.360518        0.000000        0.000000        0.000000
        7.123615       -0.230099       11.842877      415.412589        0.000000        0.000000        0.000000
        7.125594       -0.205945       12.563805      313.042890        0.000000        0.000000        0.000000
        7.127573       -0.180569       13.076620      205.127276        0.000000        0.000000        0.000000
        7.129553       -0.154394       13.372303       93.643348        0.000000        0.000000        0.000000
        7.131532       -0.127853       13.445813      -19.365839        0.000000        0.000000        0.000000
        7.133511       -0.101387       13.296181     -131.829295        0.000000        0.000000        0.000000
        7.135491       -0.075435       12.926525     -241.686104        0.000000        0.000000        0.000000
        7.137470       -0.050426       12.343999     -346.923260        0.000000        0.000000        0.000000
        7.139449       -0.026769       11.559653     -445.612623        0.000000        0.000000        0.000000
        7.141429       -0.004850       10.588238     -535.946314        0.000000        0.000000        0.000000
        7.143408        0.014979        9.447929     -616.269903        0.000000        0.000000        0.000000
        7.145387        0.032405        8.159995     -685.112780        0.000000        0.000000        0.000000
        7.147367        0.047159        6.748407     -741.215151        0.000000        0.000000        0.000000
        7.149346        0.059023        5.239397     -783.551165        0.000000        0.000000        0.000000
        7.151325        0.067831        3.660980     -811.347747        0.000000        0.000000        0.000000
        7.153305        0.073476        2.042435     -824.098787        0.000000        0.000000        0.000000
        7.155284        0.075907        0.413768     -821.574430        0.000000        0.000000        0.000000
        7.157263        0.075134       -1.194834     -803.825294        0.000000        0.000000        0.000000
        7.159243        0.071226       -2.753565     -771.181544        0.000000        0.000000        0.000000
        7.161222        0.064311       -4.233539     -724.246822        0.000000        0.000000        0.000000
        7.163201        0.054572       -5.607328     -663.887169        0.000000        0.000000        0.000000
        7.165181        0.042244       -6.849460     -591.215124        0.000000        0.000000        0.000000
        7.167160        0.027610       -7.936889     -507.569297        0.000000        0.000000        0.000000
        7.169139        0.010998       -8.849419     -414.489795        0.000000        0.000000        0.000000
        7.171119       -0.007232       -9.570074     -313.689945        0.000000        0.000000        0.000000
        7.173098       -0.026684      -10.085408     -207.024840        0.000000        0.000000        0.000000
        7.175077       -0.046944      -10.385754      -96.457282        0.000000        0.000000        0.000000
        7.177057       -0.067579      -10.465401       15.978254        0.000000        0.000000        0.000000
        7.179036       -0.088153      -10.322700      128.212971        0.000000        0.000000        0.000000
        7.181015       -0.108226       -9.960091      238.181730        0.000000        0.000000        0.000000
        7.182995       -0.127370       -9.384064      343.860963        0.000000        0.000000        0.000000
        7.184974       -0.145173       -8.605032      443.305826        0.000000        0.000000        0.000000
        7.186953       -0.161247       -7.637147      534.685900        0.000000        0.000000        0.000000
        7.188933       -0.175237       -6.498037      616.318802        0.000000        0.000000        0.000000
        7.190912       -0.186822       -5.208482      686.701066        0.000000        0.000000        0.000000
        7.192891       -0.195730       -3.792036      744.535750        0.000000        0.000000        0.000000
        7.194871       -0.201734       -2.274590      788.756242        0.000000        0.000000        0.000000
        7.196850       -0.204661       -0.683898      818.545848        0.000000        0.000000        0.000000
        7.198829       -0.204397        0.950930      833.352783        0.000000        0.000000        0.000000
        7.200809       -0.200883        2.599964      832.900305        0.000000        0.000000        0.000000
        7.202788       -0.194121        4.233004      817.191792        0.000000        0.000000        0.000000
        7.204767       -0.184171        5.820133      786.510688        0.000000        0.000000        0.000000
        7.206747       -0.171155        7.332269      741.415297        0.000000        0.000000        0.000000
        7.208726       -0.155247        8.741696      682.728536        0.000000        0.000000        0.000000
        7.210705       -0.136677       10.022572      611.522827        0.000000        0.000000        0.000000
        7.212685       -0.115722       11.151408      529.100417        0.000000        0.000000        0.000000
        7.214664       -0.092703       12.107494      436.969465        0.000000        0.000000        0.000000
        7.216643       -0.067980       12.873284      336.816362        0.000000        0.000000        0.000000
        7.218623       -0.041944       13.434712      230.474770        0.000000        0.000000        0.000000
        7.220602       -0.015009       13.781458      119.891963        0.000000        0.000000        0.000000
        7.222581        0.012393       13.907131        7.093080        0.000000        0.000000        0.000000
        7.224561        0.039823       13.809389     -105.856054        0.000000        0.000000        0.000000
        7.226540        0.066840       13.489981     -216.886849        0.000000        0.000000        0.000000
        7.228519        0.093012       12.954718     -323.965923        0.000000        0.000000        0.000000
        7.230499        0.117920       12.213361     -425.132433        0.000000        0.000000        0.000000
        7.232478        0.141170       11.279446     -518.534069        0.000000        0.000000        0.000000
        7.234457        0.162398       10.170036     -602.461058        0.000000        0.000000        0.000000
        7.236437        0.181276        8.905402     -675.377550        0.000000        0.000000        0.000000
        7.238416        0.197520        7.508660     -735.949814        0.000000        0.000000        0.000000
        7.240395        0.210895        6.005337     -783.070720        0.000000        0.000000        0.000000
        7.242375        0.221215        4.422910     -815.880060        0.000000        0.000000        0.000000
        7.244354        0.228354        2.790298     -833.780345        0.000000        0.000000        0.000000
        7.246333        0.232241        1.137330     -836.447766        0.000000        0.000000        0.000000
        7.248313        0.232866       -0.505798     -823.838139        0.000000        0.000000        0.000000
        7.250292        0.230278       -2.109083     -796.187717        0.000000        0.000000        0.000000
        7.252271        0.224585       -3.643259     -754.008847        0.000000        0.000000        0.000000
        7.254251        0.215952       -5.080342     -698.080568        0.000000        0.000000        0.000000
        7.256230        0.204596       -6.394138     -629.434302        0.000000        0.000000        0.000000
        7.258209        0.190785       -7.560726     -549.334923        0.000000        0.000000        0.000000
        7.260189        0.174832       -8.558896     -459.257530        0.000000        0.000000        0.000000
        7.262168        0.157088       -9.370538     -360.860370        0.000000        0.000000        0.000000
        7.264147        0.137936       -9.980979     -255.954389        0.000000        0.000000        0.000000
        7.266127        0.117787      -10.379244     -146.469991        0.000000        0.000000        0.000000
        7.268106        0.097066      -10.558267      -34.421591        0.000000        0.000000        0.000000
        7.270085        0.076210      -10.515011       78.129362        0.000000        0.000000        0.000000
        7.272065        0.055659      -10.250531      189.112233        0.000000        0.000000        0.000000
        7.274044        0.035846       -9.769951      296.485215        0.000000        0.000000        0.000000
        7.276023        0.017188       -9.082373      398.272815        0.000000        0.000000        0.000000
        7.278003        0.000084       -8.200705      492.602122        0.000000        0.000000        0.000000
        7.279982       -0.015100       -7.141426      577.737191        0.000000        0.000000        0.000000
        7.281961       -0.028031       -5.924288      652.110911        0.000000        0.000000        0.000000
        7.283941       -0.038419       -4.571944      714.353781        0.000000        0.000000        0.000000
        7.285920       -0.046021       -3.109542      763.319048        0.000000        0.000000        0.000000
        7.287899       -0.050646       -1.564255      798.103761        0.000000        0.000000        0.000000
        7.289879       -0.052159        0.035212      818.065353        0.000000        0.000000        0.000000
        7.291858       -0.050482        1.659154      822.833434        0.000000        0.000000        0.000000
        7.293837       -0.045597        3.277406      812.316594        0.000000        0.000000        0.000000
        7.295817       -0.037544        4.859902      786.704080        0.000000        0.000000        0.000000
        7.297796       -0.026423        6.377224      746.462328        0.000000        0.000000        0.000000
        7.299775       -0.012391        7.801144      692.326397        0.000000        0.000000        0.000000
        7.301755        0.004341        9.105141      625.286474        0.000000        0.000000        0.000000
        7.303734        0.023511       10.264887      546.569705        0.000000        0.000000        0.000000
        7.305713        0.044812       11.258697      457.617658        0.000000        0.000000        0.000000
        7.307693        0.067897       12.067924      360.059867        0.000000        0.000000        0.000000
        7.309672        0.092387       12.677305      255.683915        0.000000        0.000000        0.000000
        7.311651        0.117873       13.075236      146.402617        0.000000        0.000000        0.000000
        7.313631        0.143930       13.253991       34.218907        0.000000        0.000000        0.000000
        7.315610        0.170121       13.209860      -78.810932        0.000000        0.000000        0.000000
        7.317589        0.196003       12.943218     -190.615016        0.000000        0.000000        0.000000
        7.319568        0.221143       12.458520     -299.143896        0.000000        0.000000        0.000000
        7.321548        0.245115       11.764218     -402.408182        0.000000        0.000000        0.000000
        7.323527        0.267518       10.872605     -498.515060        0.000000        0.000000        0.000000
        7.325506        0.287977        9.799592     -585.703046        0.000000        0.000000        0.000000
        7.327486        0.306151        8.564412     -662.374316        0.000000        0.000000        0.000000
        7.329465        0.321742        7.189273     -727.124043        0.000000        0.000000        0.000000
        7.331444        0.334497        5.698945     -778.766185        0.000000        0.000000        0.000000
        7.333424        0.344215        4.120308     -816.355258        0.000000        0.000000        0.000000
        7.335403        0.350748        2.481858     -839.203690        0.000000        0.000000        0.000000
        7.337382        0.354009        0.813184     -846.894448        0.000000        0.000000        0.000000
        7.339362        0.353967       -0.855574     -839.288689        0.000000        0.000000        0.000000
        7.341341        0.350652       -2.494279     -816.528308        0.000000        0.000000        0.000000
        7.343320        0.344152       -4.073352     -779.033337        0.000000        0.000000        0.000000
        7.345300        0.334614       -5.564311     -727.494226        0.000000        0.000000        0.000000
        7.347279        0.322239       -6.940296     -662.859176        0.000000        0.000000        0.000000
        7.349258        0.307278       -8.176563     -586.316722        0.000000        0.000000        0.000000
        7.351238        0.290031       -9.250935     -499.273919        0.000000        0.000000        0.000000
        7.353217        0.270836      -10.144212     -403.330509        0.000000        0.000000        0.000000
        7.355196        0.250068      -10.840521     -300.249550        0.000000        0.000000        0.000000
        7.357176        0.228129      -11.327609     -191.925052        0.000000        0.000000        0.000000
        7.359155        0.205442      -11.597068      -80.347204        0.000000        0.000000        0.000000
        7.361134        0.182440      -11.644486       32.434163        0.000000        0.000000        0.000000
        7.363114        0.159565      -11.469531      144.347206        0.000000        0.000000        0.000000
        7.365093        0.137253      -11.075958      253.336107        0.000000        0.000000        0.000000
        7.367072        0.115928      -10.471534      357.398816        0.000000        0.000000        0.000000
        7.369052        0.095996       -9.667903      454.623801        0.000000        0.000000        0.000000
        7.371031        0.077838       -8.680366      543.225146        0.000000        0.000000        0.000000
        7.373010        0.061797       -7.527603      621.575333        0.000000        0.000000        0.000000
        7.374990        0.048181       -6.231328      688.235124        0.000000        0.000000        0.000000
        7.376969        0.037248       -4.815893      741.979981        0.000000        0.000000        0.000000
        7.378948        0.029208       -3.307838      781.822547        0.000000        0.000000        0.000000
        7.380928        0.024217       -1.735404      807.030774        0.000000        0.000000        0.000000
        7.382907        0.022372       -0.128016      817.141359        0.000000        0.000000        0.000000
        7.384886        0.023715        1.484258      811.968252        0.000000        0.000000        0.000000
        7.386866        0.028223        3.071260      791.606071        0.000000        0.000000        0.000000
        7.388845        0.035818        4.603297      756.428366        0.000000        0.000000        0.000000
        7.390824        0.046363        6.051682      707.080761        0.000000        0.000000        0.000000
        7.392804        0.059665        7.389265      644.469098        0.000000        0.000000        0.000000
        7.394783        0.075480        8.590929      569.742814        0.000000        0.000000        0.000000
        7.396762        0.093517        9.634053      484.273834        0.000000        0.000000        0.000000
        7.398742        0.113442       10.498927      389.631388        0.000000        0.000000        0.000000
        7.400721        0.134886       11.169114      287.553201        0.000000        0.000000        0.000000
        7.402700        0.157451       11.631750      179.913590        0.000000        0.000000        0.000000
        7.404680        0.180718       11.877783       68.689059        0.000000        0.000000        0.000000
        7.406659        0.204252       11.902140      -44.077988        0.000000        0.000000        0.000000
        7.408638        0.227614       11.703816     -156.316744        0.000000        0.000000        0.000000
        7.410618        0.250366       11.285897     -265.966016        0.000000        0.000000        0.000000
        7.412597        0.272081       10.655502     -371.012058        0.000000        0.000000        0.000000
        7.414576        0.292348        9.823651     -469.525550        0.000000        0.000000        0.000000
        7.416556        0.310785        8.805064     -559.697010        0.000000        0.000000        0.000000
        7.418535        0.327038        7.617894     -639.870015        0.000000        0.000000        0.000000
        7.420514        0.340795        6.283387     -708.571612        0.000000        0.000000        0.000000
        7.422494        0.351789        4.825500     -764.539357        0.000000        0.000000        0.000000
        7.424473        0.359802        3.270454     -806.744492        0.000000        0.000000        0.000000
        7.426452        0.364668        1.646258     -834.410832        0.000000        0.000000        0.000000
        7.428432        0.366279       -0.017805     -847.029017        0.000000        0.000000        0.000000
        7.430411        0.364587       -1.691721     -844.365857        0.000000        0.000000        0.000000
        7.432390        0.359602       -3.345289     -826.468621        0.000000        0.000000        0.000000
        7.434370        0.351394       -4.948679     -793.664165        0.000000        0.000000        0.000000
        7.436349        0.340091       -6.472979     -746.552932        0.000000        0.000000        0.000000
        7.438328        0.325875       -7.890726     -685.997933        0.000000        0.000000        0.000000
        7.440308        0.308985       -9.176407     -613.108901        0.000000        0.000000        0.000000
        7.442287        0.289703      -10.306933     -529.221920        0.000000        0.000000        0.000000
        7.444266        0.268356      -11.262057     -435.874896        0.000000        0.000000        0.000000
        7.446246        0.245310      -12.024747     -334.779329        0.000000        0.000000        0.000000
        7.448225        0.220958      -12.581501     -227.788887        0.000000        0.000000        0.000000
        7.450204        0.195718      -12.922594     -116.865382        0.000000        0.000000        0.000000
        7.452184        0.170021      -13.042252       -4.042755        0.000000        0.000000        0.000000
        7.454163        0.144309      -12.938766      108.610269        0.000000        0.000000        0.000000
        7.456142        0.119020      -12.614513      219.028149        0.000000        0.000000        0.000000
        7.458122        0.094584      -12.075922      325.186453        0.000000        0.000000        0.000000
        7.460101        0.071417      -11.333351      425.139021        0.000000        0.000000        0.000000
        7.462080        0.049907      -10.400895      517.053692        0.000000        0.000000        0.000000
        7.464060        0.030414       -9.296131      599.245938        0.000000        0.000000        0.000000
        7.466039        0.013257       -8.039794      670.209786        0.000000        0.000000        0.000000
        7.468018       -0.001286       -6.655395      728.645469        0.000000        0.000000        0.000000
        7.469998       -0.012988       -5.168790      773.483283        0.000000        0.000000        0.000000
        7.471977       -0.021674       -3.607704      803.903223        0.000000        0.000000        0.000000
        7.473956       -0.027225       -2.001226      819.350040        0.000000        0.000000        0.000000
        7.475936       -0.029581       -0.379269      819.543428        0.000000        0.000000        0.000000
        7.477915       -0.028741        1.227975      804.483174        0.000000        0.000000        0.000000
        7.479894       -0.024764        2.790590      774.449159        0.000000        0.000000        0.000000
        7.481874       -0.017767        4.279488      729.996215        0.000000        0.000000        0.000000
        7.483853       -0.007923        5.666941      671.943945        0.000000        0.000000        0.000000
        7.485832        0.004541        6.927088      601.361672        0.000000        0.000000        0.000000
        7.487812        0.019349        8.036414      519.548805        0.000000        0.000000        0.000000
        7.489791        0.036184        8.974182      428.010986        0.000000        0.000000        0.000000
        7.491770        0.054688        9.722808      328.432450        0.000000        0.000000        0.000000
        7.493750        0.074472       10.268191      222.645098        0.000000        0.000000        0.000000
        7.495729        0.095125       10.599966      112.594870        0.000000        0.000000        0.000000
        7.497708        0.116216       10.711700        0.306019        0.000000        0.000000        0.000000
        7.499688        0.137309       10.601006     -112.156052        0.000000        0.000000        0.000000
        7.501667        0.157964       10.269588     -222.722708        0.000000        0.000000        0.000000
        7.503646        0.177750        9.723211     -329.360062        0.000000        0.000000        0.000000
        7.505626        0.196252        8.971593     -430.106311        0.000000        0.000000        0.000000
        7.507605        0.213076        8.028229     -523.107754        0.000000        0.000000        0.000000
        7.509584        0.227860        6.910144     -606.652826        0.000000        0.000000        0.000000
        7.511564        0.240278        5.637576     -679.203519        0.000000        0.000000        0.000000
        7.513543        0.250047        4.233609     -739.423616        0.000000        0.000000        0.000000
        7.515522        0.256932        2.723748     -786.203226        0.000000        0.000000        0.000000
        7.517502        0.260752        1.135451     -818.679162        0.000000        0.000000        0.000000
        7.519481        0.261378       -0.502377     -836.250785        0.000000        0.000000        0.000000
        7.521460        0.258743       -2.159910     -838.591033        0.000000        0.000000        0.000000
        7.523440        0.252838       -3.806955     -825.652431        0.000000        0.000000        0.000000
        7.525419        0.243713       -5.413500     -797.667957        0.000000        0.000000        0.000000
        7.527398        0.231477       -6.950268     -755.146773        0.000000        0.000000        0.000000
        7.529378        0.216296       -8.389253     -698.864874        0.000000        0.000000        0.000000
        7.531357        0.198390       -9.704238     -629.850846        0.000000        0.000000        0.000000
        7.533336        0.178027      -10.871269     -549.366985        0.000000        0.000000        0.000000
        7.535316        0.155521      -11.869103     -458.886122        0.000000        0.000000        0.000000
        7.537295        0.131226      -12.679591     -360.064590        0.000000        0.000000        0.000000
        7.539274        0.105527      -13.288014     -254.711815        0.000000        0.000000        0.000000
        7.541254        0.078834      -13.683354     -144.757100        0.000000        0.000000        0.000000
        7.543233        0.051577      -13.858497      -32.214210        0.000000        0.000000        0.000000
        7.545212        0.024194      -13.810358       80.855597        0.000000        0.000000        0.000000
        7.547192       -0.002873      -13.539945      192.381412        0.000000        0.000000        0.000000
        7.549171       -0.029191      -13.052334      300.320687        0.000000        0.000000        0.000000
        7.551150       -0.054337      -12.356582      402.696733        0.000000        0.000000        0.000000
        7.553130       -0.077913      -11.465555      497.635009        0.000000        0.000000        0.000000
        7.555109       -0.099548      -10.395694      583.397531        0.000000        0.000000        0.000000
        7.557088       -0.118909       -9.166714      658.414778        0.000000        0.000000        0.000000
        7.559068       -0.135701       -7.801243      721.314503        0.000000        0.000000        0.000000
        7.561047       -0.149681       -6.324403      770.946926        0.000000        0.000000        0.000000
        7.563026       -0.160654       -4.763351      806.405837        0.000000        0.000000        0.000000
        7.565006       -0.168483       -3.146780      827.045233        0.000000        0.000000        0.000000
        7.566985       -0.173086       -1.504394      832.491177        0.000000        0.000000        0.000000
        7.568964       -0.174442        0.133641      822.648657        0.000000        0.000000        0.000000
        7.570944       -0.172591        1.737248      797.703333        0.000000        0.000000        0.000000
        7.572923       -0.167628        3.276992      758.118126        0.000000        0.000000        0.000000
        7.574902       -0.159709        4.724618      704.624718        0.000000        0.000000        0.000000
        7.576882       -0.149043        6.053576      638.210115        0.000000        0.000000        0.000000
        7.578861       -0.135887        7.239501      560.098532        0.000000        0.000000        0.000000
        7.580840       -0.120547        8.260666      471.728912        0.000000        0.000000        0.000000
        7.582820       -0.103367        9.098376      374.728509        0.000000        0.000000        0.000000
        7.584799       -0.084726        9.737315      270.883016        0.000000        0.000000        0.000000
        7.586778       -0.065029       10.165827      162.103775        0.000000        0.000000        0.000000
        7.588758       -0.044699       10.376128       50.392696        0.000000        0.000000        0.000000
        7.590737       -0.024173       10.364448      -62.194505        0.000000        0.000000        0.000000
        7.592716       -0.003889       10.131104     -173.586042        0.000000        0.000000        0.000000
        7.594696        0.015718        9.680491     -281.732097        0.000000        0.000000        0.000000
        7.596675        0.034226        9.021003     -384.642448        0.000000        0.000000        0.000000
        7.598654        0.051234        8.164878     -480.423014        0.000000        0.000000        0.000000
        7.600634        0.066369        7.127971     -567.310624        0.000000        0.000000        0.000000
        7.602613        0.079292        5.929470     -643.705388        0.000000        0.000000        0.000000
        7.604592        0.089704        4.591536     -708.200071        0.000000        0.000000        0.000000
        7.606572        0.097354        3.138898     -759.605925        0.000000        0.000000        0.000000
        7.608551        0.102043        1.598404     -796.974520        0.000000        0.000000        0.000000
        7.610530        0.103623       -0.001480     -819.615150        0.000000        0.000000        0.000000
        7.612510        0.102007       -1.631185     -827.107521        0.000000        0.000000        0.000000
        7.614489        0.097166       -3.260588     -819.309462        0.000000        0.000000        0.000000
        7.616468        0.089130       -4.859560     -796.359542        0.000000        0.000000        0.000000
        7.618448        0.077988       -6.398524     -758.674524        0.000000        0.000000        0.000000
        7.620427        0.063888       -7.848995     -706.941716        0.000000        0.000000        0.000000
        7.622406        0.047031       -9.184101     -642.106358        0.000000        0.000000        0.000000
        7.624386        0.027670      -10.379084     -565.354264        0.000000        0.000000        0.000000
        7.626365        0.006104      -11.411745     -478.090058        0.000000        0.000000        0.000000
        7.628344       -0.017326      -12.262859     -381.911392        0.000000        0.000000        0.000000
        7.630324       -0.042245      -12.916525     -278.579610        0.000000        0.000000        0.000000
        7.632303       -0.068250      -13.360456     -169.987420        0.000000        0.000000        0.000000
        7.634282       -0.094919      -13.586210      -58.124146        0.000000        0.000000        0.000000
        7.636262       -0.121813      -13.589341       54.960791        0.000000        0.000000        0.000000
        7.638241       -0.148493      -13.369480      167.195493        0.000000        0.000000        0.000000
        7.640220       -0.174521      -12.930347      276.523624        0.000000        0.000000        0.000000
        7.642200       -0.199471      -12.279675      380.942157        0.000000        0.000000        0.000000
        7.644179       -0.222935      -11.429077      478.538144        0.000000        0.000000        0.000000
        7.646158       -0.244532      -10.393825      567.523834        0.000000        0.000000        0.000000
        7.648138       -0.263916       -9.192575      646.269495        0.000000        0.000000        0.000000
        7.650117       -0.280780       -7.847023      713.333324        0.000000        0.000000        0.000000
        7.652096       -0.294861       -6.381505      767.487923        0.000000        0.000000        0.000000
        7.654076       -0.305949       -4.822553      807.742826        0.000000        0.000000        0.000000
        7.656055       -0.313887       -3.198407      833.362680        0.000000        0.000000        0.000000
        7.658034       -0.318575       -1.538496      843.880750        0.000000        0.000000        0.000000
        7.660014       -0.319972        0.127100      839.107478        0.000000        0.000000        0.000000
        7.661993       -0.318096        1.768205      819.133969        0.000000        0.000000        0.000000
        7.663972       -0.313026        3.355098      784.330311        0.000000        0.000000        0.000000
        7.665952       -0.304897        4.859063      735.338785        0.000000        0.000000        0.000000
        7.667931       -0.293900        6.252909      673.062072        0.000000        0.000000        0.000000
        7.669910       -0.280278        7.511476      598.646678        0.000000        0.000000        0.000000
        7.671890       -0.264321        8.612092      513.461887        0.000000        0.000000        0.000000
        7.673869       -0.246361        9.534991      419.074620        0.000000        0.000000        0.000000
        7.675848       -0.226767       10.263678      317.220673        0.000000        0.000000        0.000000
        7.677828       -0.205936       10.785225      209.772847        0.000000        0.000000        0.000000
        7.679807       -0.184286       11.090517       98.706563        0.000000        0.000000        0.000000
        7.681786       -0.162251       11.174411      -13.936399        0.000000        0.000000        0.000000
        7.683766       -0.140270       11.035836     -126.085386        0.000000        0.000000        0.000000
        7.685745       -0.118781       10.677810     -235.678887        0.000000        0.000000        0.000000
        7.687724       -0.098211       10.107385     -340.702381        0.000000        0.000000        0.000000
        7.689704       -0.078969        9.335518     -439.225316        0.000000        0.000000        0.000000
        7.691683       -0.061439        8.376866     -529.436557        0.000000        0.000000        0.000000
        7.693662       -0.045975        7.249524     -609.677632        0.000000        0.000000        0.000000
        7.695642       -0.032887        5.974685     -678.473181        0.000000        0.000000        0.000000
        7.697621       -0.022445        4.576256     -734.558039        0.000000        0.000000        0.000000
        7.699600       -0.014868        3.080417     -776.900468        0.000000        0.000000        0.000000
        7.701580       -0.010319        1.515140     -804.721095        0.000000        0.000000        0.000000
        7.703559       -0.008909       -0.090323     -817.507219        0.000000        0.000000        0.000000
        7.705538       -0.010687       -1.705982     -815.022227        0.000000        0.000000        0.000000
        7.707518       -0.015643       -3.301652     -797.309939        0.000000        0.000000        0.000000
        7.709497       -0.023708       -4.847514     -764.693799        0.000000        0.000000        0.000000
        7.711476       -0.034755       -6.314659     -717.770945        0.000000        0.000000        0.000000
        7.713455       -0.048600       -7.675620     -657.401240        0.000000        0.000000        0.000000
        7.715435       -0.065010       -8.904876     -584.691492        0.000000        0.000000        0.000000
        7.717414       -0.083699       -9.979323     -500.975131        0.000000        0.000000        0.000000
        7.719393       -0.104341      -10.878695     -407.787737        0.000000        0.000000        0.000000
        7.721373       -0.126574      -11.585936     -306.838840        0.000000        0.000000        0.000000
        7.723352       -0.150002      -12.087518     -199.980548        0.000000        0.000000        0.000000
        7.725331       -0.174211      -12.373684      -89.173534        0.000000        0.000000        0.000000
        7.727311       -0.198767      -12.438631       23.548948        0.000000        0.000000        0.000000
        7.729290       -0.223231      -12.280613      136.118395        0.000000        0.000000        0.000000
        7.731269       -0.247163      -11.901980      246.469028        0.000000        0.000000        0.000000
        7.733249       -0.270134      -11.309126      352.575715        0.000000        0.000000        0.000000
        7.735228       -0.291730      -10.512378      452.491150        0.000000        0.000000        0.000000
        7.737207       -0.311562       -9.525807      544.381598        0.000000        0.000000        0.000000
        7.739187       -0.329269       -8.366966      626.560565        0.000000        0.000000        0.000000
        7.741166       -0.344534       -7.056569      697.519753        0.000000        0.000000        0.000000
        7.743145       -0.357077       -5.618113      755.956752        0.000000        0.000000        0.000000
        7.745125       -0.366673       -4.077445      800.798953        0.000000        0.000000        0.000000
        7.747104       -0.373145       -2.462288      831.223232        0.000000        0.000000        0.000000
        7.749083       -0.376375       -0.801734      846.671069        0.000000        0.000000        0.000000
        7.751063       -0.376303        0.874295      846.858793        0.000000        0.000000        0.000000
        7.753042       -0.372929        2.535589      831.782799        0.000000        0.000000        0.000000
        7.755021       -0.366310        4.152211      801.719606        0.000000        0.000000        0.000000
        7.757001       -0.356564        5.695041      757.220786        0.000000        0.000000        0.000000
        7.758980       -0.343866        7.136314      699.102835        0.000000        0.000000        0.000000
        7.760959       -0.328440        8.450130      628.432186        0.000000        0.000000        0.000000
        7.762939       -0.310564        9.612926      546.505630        0.000000        0.000000        0.000000
        7.764918       -0.290556       10.603910      454.826511        0.000000        0.000000        0.000000
        7.766897       -0.268774       11.405444      355.077125        0.000000        0.000000        0.000000
        7.768877       -0.245607       12.003366      249.087838        0.000000        0.000000        0.000000
        7.770856       -0.221469       12.387249      138.803484        0.000000        0.000000        0.000000
        7.772835       -0.196789       12.550594       26.247661        0.000000        0.000000        0.000000
        7.774815       -0.172006       12.490950      -86.514417        0.000000        0.000000        0.000000
        7.776794       -0.147560       12.209956     -197.413837        0.000000        0.000000        0.000000
        7.778773       -0.123884       11.713312     -304.415962        0.000000        0.000000        0.000000
        7.780753       -0.101395       11.010676     -405.557789        0.000000        0.000000        0.000000
        7.782732       -0.080487       10.115481     -498.983981        0.000000        0.000000        0.000000
        7.784711       -0.061525        9.044698     -582.980931        0.000000        0.000000        0.000000
        7.786691       -0.044836        7.818513     -656.008220        0.000000        0.000000        0.000000
        7.788670       -0.030705        6.459963     -716.726890        0.000000        0.000000        0.000000
        7.790649       -0.019369        4.994515     -764.024033        0.000000        0.000000        0.000000
        7.792629       -0.011012        3.449590     -797.033216        0.000000        0.000000        0.000000
        7.794608       -0.005763        1.854067     -815.150388        0.000000        0.000000        0.000000
        7.796587       -0.003693        0.237749     -818.044968        0.000000        0.000000        0.000000
        7.798567       -0.004813       -1.369182     -805.665914        0.000000        0.000000        0.000000
        7.800546       -0.009074       -2.936722     -778.242660        0.000000        0.000000        0.000000
        7.802525       -0.016370       -4.435594     -736.280903        0.000000        0.000000        0.000000
        7.804505       -0.026538       -5.837787     -680.553316        0.000000        0.000000        0.000000
        7.806484       -0.039359       -7.117067     -612.085366        0.000000        0.000000        0.000000
        7.808463       -0.054566       -8.249464     -532.136487        0.000000        0.000000        0.000000
        7.810443       -0.071849       -9.213709     -442.176956        0.000000        0.000000        0.000000
        7.812422       -0.090856       -9.991624     -343.860902        0.000000        0.000000        0.000000
        7.814401       -0.111203      -10.568457     -238.995939        0.000000        0.000000        0.000000
        7.816381       -0.132483      -10.933155     -129.509979        0.000000        0.000000        0.000000
        7.818360       -0.154267      -11.078563      -17.415841        0.000000        0.000000        0.000000
        7.820339       -0.176119      -11.001557       95.225706        0.000000        0.000000        0.000000
        7.822319       -0.197599      -10.703104      206.343772        0.000000        0.000000        0.000000
        7.824298       -0.218275      -10.188241      313.895366        0.000000        0.000000        0.000000
        7.826277       -0.237726       -9.465985      415.902906        0.000000        0.000000        0.000000
        7.828257       -0.255555       -8.549165      510.490517        0.000000        0.000000        0.000000
        7.830236       -0.271393       -7.454189      595.918478        0.000000        0.000000        0.000000
        7.832215       -0.284907       -6.200744      670.615155        0.000000        0.000000        0.000000
        7.834195       -0.295805       -4.811431      733.205859        0.000000        0.000000        0.000000
        7.836174       -0.303844       -3.311351      782.538081        0.000000        0.000000        0.000000
        7.838153       -0.308831       -1.727647      817.702652        0.000000        0.000000        0.000000
        7.840133       -0.310629       -0.089005      838.050434        0.000000        0.000000        0.000000
        7.842112       -0.309158        1.574875      843.204241        0.000000        0.000000        0.000000
        7.844091       -0.304399        3.233823      833.065759        0.000000        0.000000        0.000000
        7.846071       -0.296391        4.857749      807.817357        0.000000        0.000000        0.000000
        7.848050       -0.285233        6.417201      767.918741        0.000000        0.000000        0.000000
        7.850029       -0.271080        7.883903      714.098509        0.000000        0.000000        0.000000
        7.852009       -0.254141        9.231272      647.340784        0.000000        0.000000        0.000000
        7.853988       -0.234678       10.434912      568.867144        0.000000        0.000000        0.000000
        7.855967       -0.212997       11.473053      480.114199        0.000000        0.000000        0.000000
        7.857947       -0.189443       12.326958      382.707218        0.000000        0.000000        0.000000
        7.859926       -0.164396       12.981263      278.430292        0.000000        0.000000        0.000000
        7.861905       -0.138263       13.424261      169.193587        0.000000        0.000000        0.000000
        7.863885       -0.111471       13.648115       56.998272        0.000000        0.000000        0.000000
        7.865864       -0.084456       13.649004      -56.100213        0.000000        0.000000        0.000000
        7.867843       -0.057659       13.427190     -168.029891        0.000000        0.000000        0.000000
        7.869823       -0.031518       12.987016     -276.740287        0.000000        0.000000        0.000000
        7.871802       -0.006456       12.336825     -380.240065        0.000000        0.000000        0.000000
        7.873781        0.017123       11.488807     -476.633589        0.000000        0.000000        0.000000
        7.875761        0.038844       10.458773     -564.155719        0.000000        0.000000        0.000000
        7.877740        0.058365        9.265870     -641.204214        0.000000        0.000000        0.000000
        7.879719        0.075385        7.932222     -706.369148        0.000000        0.000000        0.000000
        7.881699        0.089651        6.482532     -758.458789        0.000000        0.000000        0.000000
        7.883678        0.100959        4.943621     -796.521478        0.000000        0.000000        0.000000
        7.885657        0.109161        3.343941     -819.863097        0.000000        0.000000        0.000000
        7.887637        0.114166        1.713048     -828.059810        0.000000        0.000000        0.000000
        7.889616        0.115942        0.081063     -820.965845        0.000000        0.000000        0.000000
        7.891595        0.114516       -1.521881     -798.716164        0.000000        0.000000        0.000000
        7.893575        0.109975       -3.066195     -761.723991        0.000000        0.000000        0.000000
        7.895554        0.102464       -4.523376     -710.673215        0.000000        0.000000        0.000000
        7.897533        0.092181       -5.866530     -646.505844        0.000000        0.000000        0.000000
        7.899513        0.079378       -7.070865     -570.404700        0.000000        0.000000        0.000000
        7.901492        0.064349       -8.114147     -483.771711        0.000000        0.000000        0.000000
        7.903471        0.047435       -8.977110     -388.202168        0.000000        0.000000        0.000000
        7.905451        0.029006       -9.643806     -285.455438        0.000000        0.000000        0.000000
        7.907430        0.009465      -10.101900     -177.422665        0.000000        0.000000        0.000000
        7.909409       -0.010769      -10.342898      -66.092048        0.000000        0.000000        0.000000
        7.911389       -0.031260      -10.362300       46.487659        0.000000        0.000000        0.000000
        7.913368       -0.051570      -10.159684      158.244758        0.000000        0.000000        0.000000
        7.915347       -0.071263       -9.738712      267.122646        0.000000        0.000000        0.000000
        7.917327       -0.089914       -9.107067      371.117566        0.000000        0.000000        0.000000
        7.919306       -0.107117       -8.276309      468.315401        0.000000        0.000000        0.000000
        7.921285       -0.122495       -7.261662      556.926808        0.000000        0.000000        0.000000
        7.923265       -0.135700       -6.081736      635.320073        0.000000        0.000000        0.000000
        7.925244       -0.146428       -4.758186      702.051068        0.000000        0.000000        0.000000
        7.927223       -0.154418       -3.315311      755.889763        0.000000        0.000000        0.000000
        7.929203       -0.159461       -1.779615      795.842806        0.000000        0.000000        0.000000
        7.931182       -0.161399       -0.179311      821.171767        0.000000        0.000000        0.000000
        7.933161       -0.160136        1.456190      831.406690        0.000000        0.000000        0.000000
        7.935141       -0.155630        3.096820      826.354725        0.000000        0.000000        0.000000
        7.937120       -0.147901        4.712408      806.103670        0.000000        0.000000        0.000000
        7.939099       -0.137029        6.273234      771.020358        0.000000        0.000000        0.000000
        7.941079       -0.123150        7.750572      721.743928        0.000000        0.000000        0.000000
        7.943058       -0.106457        9.117219      659.174090        0.000000        0.000000        0.000000
        7.945037       -0.087193       10.347996      584.454610        0.000000        0.000000        0.000000
        7.947017       -0.065649       11.420207      498.952317        0.000000        0.000000        0.000000
        7.948996       -0.042160       12.314057      404.232006        0.000000        0.000000        0.000000
        7.950975       -0.017095       13.013018      302.027719        0.000000        0.000000        0.000000
        7.952955        0.009148       13.504129      194.210909        0.000000        0.000000        0.000000
        7.954934        0.036149       13.778234       82.756085        0.000000        0.000000        0.000000
        7.956913        0.063472       13.830152      -30.295434        0.000000        0.000000        0.000000
        7.958893        0.090676       13.658773     -142.872991        0.000000        0.000000        0.000000
        7.960872        0.117324       13.267076     -252.914608        0.000000        0.000000        0.000000
        7.962851        0.142985       12.662074     -358.404832        0.000000        0.000000        0.000000
        7.964831        0.167249       11.854688     -457.411740        0.000000        0.000000        0.000000
        7.966810        0.189728       10.859545     -548.122400        0.000000        0.000000        0.000000
        7.968789        0.210070        9.694710     -628.876155        0.000000        0.000000        0.000000
        7.970769        0.227959        8.381353     -698.195103        0.000000        0.000000        0.000000
        7.972748        0.243126        6.943362     -754.811234        0.000000        0.000000        0.000000
        7.974727        0.255348        5.406905     -797.689703        0.000000        0.000000        0.000000
        7.976707        0.264460        3.799947     -826.047825        0.000000        0.000000        0.000000
        7.978686        0.270350        2.151741     -839.369447        0.000000        0.000000        0.000000
        7.980665        0.272967        0.492285     -837.414419        0.000000        0.000000        0.000000
        7.982645        0.272318       -1.148222     -820.223001        0.000000        0.000000        0.000000
        7.984624        0.268470       -2.739939     -788.115126        0.000000        0.000000        0.000000
        7.986603        0.261548       -4.253930     -741.684521        0.000000        0.000000        0.000000
        7.988583        0.251734       -5.662692     -681.787809        0.000000        0.000000        0.000000
        7.990562        0.239261       -6.940664     -609.528779        0.000000        0.000000        0.000000
        7.992541        0.224411       -8.064693     -526.238124        0.000000        0.000000        0.000000
        7.994521        0.207508       -9.014463     -433.449009        0.000000        0.000000        0.000000
        7.996500        0.188915       -9.772861     -332.868924        0.000000        0.000000        0.000000
        7.998479        0.169023      -10.326300     -226.348336        0.000000        0.000000        0.000000
        8.000459        0.148249      -10.664958     -115.846715        0.000000        0.000000        0.000000
        8.002438        0.127023      -10.782969       -3.396564        0.000000        0.000000        0.000000
        8.004417        0.105783      -10.678523      108.933898        0.000000        0.000000        0.000000
        8.006397        0.084968      -10.353900      219.078705        0.000000        0.000000        0.000000
        8.008376        0.065007       -9.815432      325.012073        0.000000        0.000000        0.000000
        8.010355        0.046313       -9.073383      424.785591        0.000000        0.000000        0.000000
        8.012335        0.029276       -8.141761      516.563992        0.000000        0.000000        0.000000
        8.014314        0.014253       -7.038063      598.658843        0.000000        0.000000        0.000000
        8.016293        0.001565       -5.782951      669.559548        0.000000        0.000000        0.000000
        8.018273       -0.008513       -4.399872      727.961078        0.000000        0.000000        0.000000
        8.020252       -0.015752       -2.914632      772.787928        0.000000        0.000000        0.000000
        8.022231       -0.019977       -1.354917      803.213866        0.000000        0.000000        0.000000
        8.024211       -0.021071        0.250213      818.677101        0.000000        0.000000        0.000000
        8.026190       -0.018971        1.870858      818.890598        0.000000        0.000000        0.000000
        8.028169       -0.013679        3.476826      803.847345        0.000000        0.000000        0.000000
        8.030149       -0.005252        5.038190      773.820488        0.000000        0.000000        0.000000
        8.032128        0.006193        6.525835      729.358313        0.000000        0.000000        0.000000
        8.034107        0.020481        7.911993      671.274184        0.000000        0.000000        0.000000
        8.036087        0.037387        9.170754      600.631611        0.000000        0.000000        0.000000
        8.038066        0.056636       10.278543      518.724728        0.000000        0.000000        0.000000
        8.040045        0.077907       11.214549      427.054532        0.000000        0.000000        0.000000
        8.042025        0.100843       11.961109      327.301332        0.000000        0.000000        0.000000
        8.044004        0.125055       12.504035      221.293904        0.000000        0.000000        0.000000
        8.045983        0.150130       12.832871      110.975911        0.000000        0.000000        0.000000
        8.047963        0.175638       12.941087       -1.629769        0.000000        0.000000        0.000000
        8.049942        0.201139       12.826199     -114.458186        0.000000        0.000000        0.000000
        8.051921        0.226193       12.489813     -225.440221        0.000000        0.000000        0.000000
        8.053901        0.250368       11.937598     -332.540576        0.000000        0.000000        0.000000
        8.055880        0.273246       11.179182     -433.795131        0.000000        0.000000        0.000000
        8.057859        0.294432       10.227972     -527.347008        0.000000        0.000000        0.000000
        8.059839        0.313561        9.100914     -611.480653        0.000000        0.000000        0.000000
        8.061818        0.330305        7.818174     -684.653335        0.000000        0.000000        0.000000
        8.063797        0.344379        6.402777     -745.523466        0.000000        0.000000        0.000000
        8.065777        0.355546        4.880177     -792.975226        0.000000        0.000000        0.000000
        8.067756        0.363619        3.277795     -826.139052        0.000000        0.000000        0.000000
        8.069735        0.368471        1.624512     -844.407599        0.000000        0.000000        0.000000
        8.071715        0.370029       -0.049858     -847.446888        0.000000        0.000000        0.000000
        8.073694        0.368283       -1.715119     -835.202439        0.000000        0.000000        0.000000
        8.075673        0.363279       -3.341241     -807.900269        0.000000        0.000000        0.000000
        8.077653        0.355124       -4.898919     -766.042744        0.000000        0.000000        0.000000
        8.079632        0.343981       -6.360103     -710.399355        0.000000        0.000000        0.000000
        8.081611        0.330068       -7.698519     -641.992592        0.000000        0.000000        0.000000
        8.083591        0.313650       -8.890148     -562.079171        0.000000        0.000000        0.000000
        8.085570        0.295041       -9.913666     -472.126964        0.000000        0.000000        0.000000
        8.087549        0.274590      -10.750840     -373.788052        0.000000        0.000000        0.000000
        8.089529        0.252681      -11.386855     -268.868393        0.000000        0.000000        0.000000
        8.091508        0.229723      -11.810593     -159.294671        0.000000        0.000000        0.000000
        8.093487        0.206144      -12.014834      -47.078923        0.000000        0.000000        0.000000
        8.095467        0.182381      -11.996387       65.718400        0.000000        0.000000        0.000000
        8.097446        0.158874      -11.756151      177.026254        0.000000        0.000000        0.000000
        8.099425        0.136057      -11.299096      284.801029        0.000000        0.000000        0.000000
        8.101405        0.114350      -10.634175      387.064060        0.000000        0.000000        0.000000
        8.103384        0.094153       -9.774153      481.937959        0.000000        0.000000        0.000000
        8.105363        0.075835       -8.735381      567.681072        0.000000        0.000000        0.000000
        8.107342        0.059730       -7.537489      642.719460        0.000000        0.000000        0.000000
        8.109322        0.046131       -6.203028      705.675790        0.000000        0.000000        0.000000
        8.111301        0.035285       -4.757057      755.394620        0.000000        0.000000        0.000000
        8.113280        0.027383       -3.226679      790.963612        0.000000        0.000000        0.000000
        8.115260        0.022566       -1.640547      811.730283        0.000000        0.000000        0.000000
        8.117239        0.020915       -0.028338      817.313976        0.000000        0.000000        0.000000
        8.119218        0.022450        1.579797      807.612857        0.000000        0.000000        0.000000
        8.121198        0.027135        3.153780      782.805777        0.000000        0.000000        0.000000
        8.123177        0.034872        4.664163      743.348995        0.000000        0.000000        0.000000
        8.125156        0.045508        6.082668      689.967794        0.000000        0.000000        0.000000
        8.127136        0.058834        7.382703      623.643172        0.000000        0.000000        0.000000
        8.129115        0.074592        8.539857      545.593831        0.000000        0.000000        0.000000
        8.131094        0.092477        9.532341      457.253800        0.000000        0.000000        0.000000
        8.133074        0.112146       10.341393      360.246114        0.000000        0.000000        0.000000
        8.135053        0.133219       10.951620      256.353012        0.000000        0.000000        0.000000
        8.137032        0.155291       11.351283      147.483223        0.000000        0.000000        0.000000
        8.139012        0.177938       11.532511       35.636921        0.000000        0.000000        0.000000
        8.140991        0.200724       11.491446      -77.130993        0.000000        0.000000        0.000000
        8.142970        0.223209       11.228314     -188.748619        0.000000        0.000000        0.000000
        8.144950        0.244958       10.747421     -297.165089        0.000000        0.000000        0.000000
        8.146929        0.265548       10.057077     -400.388224        0.000000        0.000000        0.000000
        8.148908        0.284575        9.169436     -496.521104        0.000000        0.000000        0.000000
        8.150888        0.301667        8.100282     -583.796892        0.000000        0.000000        0.000000
        8.152867        0.316481        6.868734     -660.611274        0.000000        0.000000        0.000000
        8.154846        0.328719        5.496896     -725.551909        0.000000        0.000000        0.000000
        8.156826        0.338127        4.009452     -777.424358        0.000000        0.000000        0.000000
        8.158805        0.344503        2.433212     -815.274014        0.000000        0.000000        0.000000
        8.160784        0.347699        0.796624     -838.403627        0.000000        0.000000        0.000000
        8.162764        0.347626       -0.870755     -846.386103        0.000000        0.000000        0.000000
        8.164743        0.344252       -2.538795     -839.072349        0.000000        0.000000        0.000000
        8.166722        0.337605       -4.177352     -816.594008        0.000000        0.000000        0.000000
        8.168702        0.327774       -5.756814     -779.361045        0.000000        0.000000        0.000000
        8.170681        0.314902       -7.248651     -728.054218        0.000000        0.000000        0.000000
        8.172660        0.299192       -8.625936     -663.612588        0.000000        0.000000        0.000000
        8.174640        0.280893       -9.863839     -587.216273        0.000000        0.000000        0.000000
        8.176619        0.260304      -10.940082     -500.264789        0.000000        0.000000        0.000000
        8.178598        0.237764      -11.835349     -404.351357        0.000000        0.000000        0.000000
        8.180578        0.213647      -12.533643     -301.233655        0.000000        0.000000        0.000000
        8.182557        0.188355      -13.022573     -192.801551        0.000000        0.000000        0.000000
        8.184536        0.162311      -13.293587      -81.042408        0.000000        0.000000        0.000000
        8.186516        0.135950      -13.342127       31.995396        0.000000        0.000000        0.000000
        8.188495        0.109714      -13.167713      144.240073        0.000000        0.000000        0.000000
        8.190474        0.084041      -12.773950      253.634460        0.000000        0.000000        0.000000
        8.192454        0.059356      -12.168464      358.173783        0.000000        0.000000        0.000000
        8.194433        0.036068      -11.362761      455.942457        0.000000        0.000000        0.000000
        8.196412        0.014558      -10.372015      545.149257        0.000000        0.000000        0.000000
        8.198392       -0.004826       -9.214789      624.160195        0.000000        0.000000        0.000000
        8.200371       -0.021777       -7.912697      691.528520        0.000000        0.000000        0.000000
        8.202350       -0.036031       -6.490003      746.021275        0.000000        0.000000        0.000000
        8.204330       -0.047375       -4.973179      786.641930        0.000000        0.000000        0.000000
        8.206309       -0.055653       -3.390415      812.648678        0.000000        0.000000        0.000000
        8.208288       -0.060761       -1.771108      823.568049        0.000000        0.000000        0.000000
        8.210268       -0.062657       -0.145313      819.203602        0.000000        0.000000        0.000000
        8.212247       -0.061359        1.456801      799.639530        0.000000        0.000000        0.000000
        8.214226       -0.056943        3.005508      765.239114        0.000000        0.000000        0.000000
        8.216206       -0.049543        4.472071      716.638052        0.000000        0.000000        0.000000
        8.218185       -0.039348        5.829270      654.732786        0.000000        0.000000        0.000000
        8.220164       -0.026600        7.051900      580.664046        0.000000        0.000000        0.000000
        8.222144       -0.011588        8.117236      495.795906        0.000000        0.000000        0.000000
        8.224123        0.005358        9.005448      401.690740        0.000000        0.000000        0.000000
        8.226102        0.023870        9.699967      300.080537        0.000000        0.000000        0.000000
        8.228082        0.043552       10.187789      192.835110        0.000000        0.000000        0.000000
        8.230061        0.063987       10.459712       81.927758        0.000000        0.000000        0.000000
        8.232040        0.084740       10.510508      -30.600952        0.000000        0.000000        0.000000
        8.234020        0.105374       10.339017     -142.680654        0.000000        0.000000        0.000000
        8.235999        0.125452        9.948169     -252.249190        0.000000        0.000000        0.000000
        8.237978        0.144545        9.344928     -357.290467        0.000000        0.000000        0.000000
        8.239958        0.162246        8.540170     -455.871476        0.000000        0.000000        0.000000
        8.241937        0.178168        7.548476     -546.177775        0.000000        0.000000        0.000000
        8.243916        0.191960        6.387870     -626.546800        0.000000        0.000000        0.000000
        8.245896        0.203309        5.079487     -695.498393        0.000000        0.000000        0.000000
        8.247875        0.211946        3.647183     -751.761972        0.000000        0.000000        0.000000
        8.249854        0.217650        2.117099     -794.299860        0.000000        0.000000        0.000000
        8.251834        0.220257        0.517179     -822.326335        0.000000        0.000000        0.000000
        8.253813        0.219658       -1.123339     -835.322058        0.000000        0.000000        0.000000
        8.255792        0.215800       -2.774464     -833.043608        0.000000        0.000000        0.000000
        8.257772        0.208694       -4.405998     -815.527949        0.000000        0.000000        0.000000
        8.259751        0.198407       -5.988098     -783.091759        0.000000        0.000000        0.000000
        8.261730        0.185066       -7.491813     -736.325612        0.000000        0.000000        0.000000
        8.263710        0.168854       -8.889626     -676.083142        0.000000        0.000000        0.000000
        8.265689        0.150006      -10.155951     -603.465370        0.000000        0.000000        0.000000
        8.267668        0.128803      -11.267609     -519.800496        0.000000        0.000000        0.000000
        8.269648        0.105574      -12.204249     -426.619512        0.000000        0.000000        0.000000
        8.271627        0.080681      -12.948722     -325.628105        0.000000        0.000000        0.000000
        8.273606        0.054518      -13.487401     -218.675337        0.000000        0.000000        0.000000
        8.275586        0.027502      -13.810423     -107.719707        0.000000        0.000000        0.000000
        8.277565        0.000067      -13.911877        5.206805        0.000000        0.000000        0.000000
        8.279544       -0.027349      -13.789907      118.036040        0.000000        0.000000        0.000000
        8.281524       -0.054304      -13.446753      228.701623        0.000000        0.000000        0.000000
        8.283503       -0.080367      -12.888702      335.176901        0.000000        0.000000        0.000000
        8.285482       -0.105124      -12.125977      435.512143        0.000000        0.000000        0.000000
        8.287462       -0.128181      -11.172550      527.870337        0.000000        0.000000        0.000000
        8.289441       -0.149180      -10.045884      610.560907        0.000000        0.000000        0.000000
        8.291420       -0.167799       -8.766610      682.070750        0.000000        0.000000        0.000000
        8.293400       -0.183757       -7.358155      741.092016        0.000000        0.000000        0.000000
        8.295379       -0.196825       -5.846304      786.546108        0.000000        0.000000        0.000000
        8.297358       -0.206825       -4.258732      817.603489        0.000000        0.000000        0.000000
        8.299338       -0.213637       -2.624494      833.698907        0.000000        0.000000        0.000000
        8.301317       -0.217198       -0.973493      834.541770        0.000000        0.000000        0.000000
        8.303296       -0.217504        0.664071      820.121477        0.000000        0.000000        0.000000
        8.305276       -0.214612        2.258253      790.707616        0.000000        0.000000        0.000000
        8.307255       -0.208637        3.779916      746.845012        0.000000        0.000000        0.000000
        8.309234       -0.199748        5.201263      689.343718        0.000000        0.000000        0.000000
        8.311214       -0.188171        6.496348      619.264151        0.000000        0.000000        0.000000
        8.313193       -0.174180        7.641551      537.897616        0.000000        0.000000        0.000000
        8.315172       -0.158090        8.616016      446.742605        0.000000        0.000000        0.000000
        8.317152       -0.140258        9.402028      347.477277        0.000000        0.000000        0.000000
        8.319131       -0.121071        9.985343      241.928659        0.000000        0.000000        0.000000
        8.321110       -0.100941       10.355446      132.039097        0.000000        0.000000        0.000000
        8.323090       -0.080295       10.505747       19.830595        0.000000        0.000000        0.000000
        8.325069       -0.059572       10.433697      -92.632299        0.000000        0.000000        0.000000
        8.327048       -0.039210       10.140843     -203.280404        0.000000        0.000000        0.000000
        8.329028       -0.019641        9.632789     -310.077889        0.000000        0.000000        0.000000
        8.331007       -0.001281        8.919104     -411.059650        0.000000        0.000000        0.000000
        8.332986        0.015477        8.013137     -504.367387        0.000000        0.000000        0.000000
        8.334966        0.030267        6.931778     -588.283722        0.000000        0.000000        0.000000
        8.336945        0.042764        5.695143     -661.263725        0.000000        0.000000        0.000000
        8.338924        0.052681        4.326211     -721.963281        0.000000        0.000000        0.000000
        8.340904        0.059784        2.850394     -769.263765        0.000000        0.000000        0.000000
        8.342883        0.063886        1.295079     -802.292579        0.000000        0.000000        0.000000
        8.344862        0.064860       -0.310883     -820.439174        0.000000        0.000000        0.000000
        8.346842        0.062635       -1.937701     -823.366258        0.000000        0.000000        0.000000
        8.348821        0.057199       -3.555194     -811.015992        0.000000        0.000000        0.000000
        8.350800        0.048600       -5.133342     -783.611051        0.000000        0.000000        0.000000
        8.352780        0.036946       -6.642841     -741.650537        0.000000        0.000000        0.000000
        8.354759        0.022399       -8.055640     -685.900820        0.000000        0.000000        0.000000
        8.356738        0.005178       -9.345454     -617.381467        0.000000        0.000000        0.000000
        8.358718       -0.014451      -10.488248     -537.346528        0.000000        0.000000        0.000000
        8.360697       -0.036175      -11.462681     -447.261516        0.000000        0.000000        0.000000
        8.362676       -0.059643      -12.250493     -348.776499        0.000000        0.000000        0.000000
        8.364656       -0.084471      -12.836843     -243.695815        0.000000        0.000000        0.000000
        8.366635       -0.110249      -13.210581     -133.944945        0.000000        0.000000        0.000000
        8.368614       -0.136550      -13.364454      -21.535167        0.000000        0.000000        0.000000
        8.370594       -0.162934      -13.295239       91.473368        0.000000        0.000000        0.000000
        8.372573       -0.188961      -13.003799      203.009453        0.000000        0.000000        0.000000
        8.374552       -0.214197      -12.495073      311.028850        0.000000        0.000000        0.000000
        8.376532       -0.238219      -11.777980      413.551814        0.000000        0.000000        0.000000
        8.378511       -0.260628      -10.865260      508.699442        0.000000        0.000000        0.000000
        8.380490       -0.281053       -9.773235      594.728162        0.000000        0.000000        0.000000
        8.382470       -0.299159       -8.521516      670.061738        0.000000        0.000000        0.000000
        8.384449       -0.314651       -7.132637      733.320213        0.000000        0.000000        0.000000
        8.386428       -0.327284       -5.631645      783.345235        0.000000        0.000000        0.000000
        8.388408       -0.336861       -4.045639      819.221326        0.000000        0.000000        0.000000
        8.390387       -0.343243       -2.403275      840.292684        0.000000        0.000000        0.000000
        8.392366       -0.346348       -0.734235      846.175225        0.000000        0.000000        0.000000
        8.394346       -0.346153        0.931312      836.763630        0.000000        0.000000        0.000000
        8.396325       -0.342695        2.563268      812.233279        0.000000        0.000000        0.000000
        8.398304       -0.336069        4.132156      773.037033        0.000000        0.000000        0.000000
        8.400284       -0.326427        5.609661      719.896913        0.000000        0.000000        0.000000
        8.402263       -0.313979        6.969153      653.790852        0.000000        0.000000        0.000000
        8.404242       -0.298980        8.186171      575.934736        0.000000        0.000000        0.000000
        8.406222       -0.281735        9.238873      487.760083        0.000000        0.000000        0.000000
        8.408201       -0.262588       10.108441      390.887764        0.000000        0.000000        0.000000
        8.410180       -0.241916       10.779420      287.098244        0.000000        0.000000        0.000000
        8.412160       -0.220124       11.240008      178.298894        0.000000        0.000000        0.000000
        8.414139       -0.197636       11.482266       66.488979        0.000000        0.000000        0.000000
        8.416118       -0.174889       11.502269      -46.277049        0.000000        0.000000        0.000000
        8.418098       -0.152322       11.300175     -157.927268        0.000000        0.000000        0.000000
        8.420077       -0.130371       10.880223     -266.410321        0.000000        0.000000        0.000000
        8.422056       -0.109459       10.250653     -369.733078        0.000000        0.000000        0.000000
        8.424036       -0.089988        9.423560     -465.997223        0.000000        0.000000        0.000000
        8.426015       -0.072334        8.414663     -553.434111        0.000000        0.000000        0.000000
        8.427994       -0.056838        7.243026     -630.437231        0.000000        0.000000        0.000000
        8.429974       -0.043800        5.930701     -695.591700        0.000000        0.000000        0.000000
        8.431953       -0.033475        4.502324     -747.700242        0.000000        0.000000        0.000000
        8.433932       -0.026066        2.984666     -785.805166        0.000000        0.000000        0.000000
        8.435912       -0.021720        1.406138     -809.205946        0.000000        0.000000        0.000000
        8.437891       -0.020530       -0.203730     -817.472083        0.000000        0.000000        0.000000
        8.439870       -0.022528       -1.814829     -810.451012        0.000000        0.000000        0.000000
        8.441850       -0.027686       -3.397030     -788.270895        0.000000        0.000000        0.000000
        8.443829       -0.035918       -4.920728     -751.338278        0.000000        0.000000        0.000000
        8.445808       -0.047079       -6.357396     -700.330620        0.000000        0.000000        0.000000
        8.447788       -0.060972       -7.680098     -636.183861        0.000000        0.000000        0.000000
        8.449767       -0.077345       -8.863995     -560.075235        0.000000        0.000000        0.000000
        8.451746       -0.095902       -9.886792     -473.401666        0.000000        0.000000        0.000000
        8.453726       -0.116305      -10.729152     -377.754116        0.000000        0.000000        0.000000
        8.455705       -0.138181      -11.375050     -274.888380        0.000000        0.000000        0.000000
        8.457684       -0.161128      -11.812067     -166.692853        0.000000        0.000000        0.000000
        8.459664       -0.184725      -12.031622      -55.153864        0.000000        0.000000        0.000000
        8.461643       -0.208537      -12.029121       57.680792        0.000000        0.000000        0.000000
        8.463622       -0.232124      -11.804051      169.739446        0.000000        0.000000        0.000000
        8.465602       -0.255049      -11.359984      278.964589        0.000000        0.000000        0.000000
        8.467581       -0.276885      -10.704513      383.350642        0.000000        0.000000        0.000000
        8.469560       -0.297227       -9.849114      480.980778        0.000000        0.000000        0.000000
        8.471540       -0.315692       -8.808932      570.062108        0.000000        0.000000        0.000000
        8.473519       -0.331934       -7.602509      648.958598        0.000000        0.000000        0.000000
        8.475498       -0.345645       -6.251438      716.221104        0.000000        0.000000        0.000000
        8.477478       -0.356562       -4.779968      770.613974        0.000000        0.000000        0.000000
        8.479457       -0.364474       -3.214562      811.137734        0.000000        0.000000        0.000000
        8.481436       -0.369222       -1.583409      837.047437        0.000000        0.000000        0.000000
        8.483416       -0.370706        0.084092      847.866337        0.000000        0.000000        0.000000
        8.485395       -0.368883        1.757875      843.394646        0.000000        0.000000        0.000000
        8.487374       -0.363771        3.407755      823.713197        0.000000        0.000000        0.000000
        8.489354       -0.355446        5.003982      789.181963        0.000000        0.000000        0.000000
        8.491333       -0.344043        6.517790      740.433452        0.000000        0.000000        0.000000
        8.493312       -0.329753        7.921923      678.361087        0.000000        0.000000        0.000000
        8.495292       -0.312817        9.191134      604.102816        0.000000        0.000000        0.000000
        8.497271       -0.293524       10.302650      519.020211        0.000000        0.000000        0.000000
        8.499250       -0.272208       11.236591      424.673482        0.000000        0.000000        0.000000
        8.501229       -0.249235       11.976333      322.792827        0.000000        0.000000        0.000000
        8.503209       -0.225003       12.508813      215.246675        0.000000        0.000000        0.000000
        8.505188       -0.199931       12.824767      104.007381        0.000000        0.000000        0.000000
        8.507167       -0.174453       12.918907       -8.884976        0.000000        0.000000        0.000000
        8.509147       -0.149010       12.790008     -121.360054        0.000000        0.000000        0.000000
        8.511126       -0.124040       12.440937     -231.355244        0.000000        0.000000        0.000000
        8.513105       -0.099971       11.878601     -336.853546        0.000000        0.000000        0.000000
        8.515085       -0.077217       11.113813     -435.920588        0.000000        0.000000        0.000000
        8.517064       -0.056162       10.161100     -526.740142        0.000000        0.000000        0.000000
        8.519043       -0.037160        9.038435     -607.647464        0.000000        0.000000        0.000000
        8.521023       -0.020529        7.766906     -677.159855        0.000000        0.000000        0.000000
        8.523002       -0.006538        6.370325     -734.003881        0.000000        0.000000        0.000000
        8.524981        0.004591        4.874799     -777.138750        0.000000        0.000000        0.000000
        8.526961        0.012690        3.308243     -805.775415        0.000000        0.000000        0.000000
        8.528940        0.017646        1.699871     -819.391063        0.000000        0.000000        0.000000
        8.530919        0.019407        0.079660     -817.738711        0.000000        0.000000        0.000000
        8.532899        0.017980       -1.522204     -800.851737        0.000000        0.000000        0.000000
        8.534878        0.013429       -3.075876     -769.043268        0.000000        0.000000        0.000000
        8.536857        0.005880       -4.552401     -722.900432        0.000000        0.000000        0.000000
        8.538837       -0.004489       -5.924250     -663.273574        0.000000        0.000000        0.000000
        8.540816       -0.017444       -7.165820     -591.260650        0.000000        0.000000        0.000000
        8.542795       -0.032704       -8.253906     -508.187064        0.000000        0.000000        0.000000
        8.544775       -0.049946       -9.168128     -415.581338        0.000000        0.000000        0.000000
        8.546754       -0.068808       -9.891305     -315.147050        0.000000        0.000000        0.000000
        8.548733       -0.088900      -10.409769     -208.731558        0.000000        0.000000        0.000000
        8.550713       -0.109805      -10.713620      -98.292083        0.000000        0.000000        0.000000
        8.552692       -0.131093      -10.796903       14.140221        0.000000        0.000000        0.000000
        8.554671       -0.152326      -10.657718      126.497556        0.000000        0.000000        0.000000
        8.556651       -0.173065      -10.298261      236.713447        0.000000        0.000000        0.000000
        8.558630       -0.192881       -9.724775      342.760673        0.000000        0.000000        0.000000
        8.560609       -0.211361       -8.947443      442.688490        0.000000        0.000000        0.000000
        8.562589       -0.228113       -7.980196      534.658440        0.000000        0.000000        0.000000
        8.564568       -0.242781       -6.840460      616.978108        0.000000        0.000000        0.000000
        8.566547       -0.255042       -5.548837      688.132187        0.000000        0.000000        0.000000
        8.568527       -0.264620       -4.128724      746.810303        0.000000        0.000000        0.000000
        8.570506       -0.271285       -2.605884      791.931069        0.000000        0.000000        0.000000
        8.572485       -0.274861       -1.007977      822.661941        0.000000        0.000000        0.000000
        8.574465       -0.275229        0.635954      838.434500        0.000000        0.000000        0.000000
        8.576444       -0.272328        2.296009      838.954892        0.000000        0.000000        0.000000
        8.578423       -0.266154        3.941986      824.209221        0.000000        0.000000        0.000000
        8.580403       -0.256766        5.543931      794.463809        0.000000        0.000000        0.000000
        8.582382       -0.244280        7.072692      750.260304        0.000000        0.000000        0.000000
        8.584361       -0.228868        8.500449      692.405741        0.000000        0.000000        0.000000
        8.586341       -0.210755        9.801229      621.957725        0.000000        0.000000        0.000000
        8.588320       -0.190217       10.951382      540.205019        0.000000        0.000000        0.000000
        8.590299       -0.167572       11.930012      448.643886        0.000000        0.000000        0.000000
        8.592279       -0.143178       12.719364      348.950617        0.000000        0.000000        0.000000
        8.594258       -0.117422       13.305149      242.950768        0.000000        0.000000        0.000000
        8.596237       -0.090719       13.676804      132.585636        0.000000        0.000000        0.000000
        8.598217       -0.063499       13.827691       19.876632        0.000000        0.000000        0.000000
        8.600196       -0.036201       13.755213      -93.111834        0.000000        0.000000        0.000000
        8.602175       -0.009266       13.460864     -204.310245        0.000000        0.000000        0.000000
        8.604155        0.016872       12.950204     -311.681976        0.000000        0.000000        0.000000
        8.606134        0.041795       12.232753     -413.260670        0.000000        0.000000        0.000000
        8.608113        0.065106       11.321818     -507.186348        0.000000        0.000000        0.000000
        8.610093        0.086439       10.234249     -591.739541        0.000000        0.000000        0.000000
        8.612072        0.105465        8.990128     -665.372866        0.000000        0.000000        0.000000
        8.614051        0.121896        7.612402     -726.739424        0.000000        0.000000        0.000000
        8.616031        0.135493        6.126461     -774.717528        0.000000        0.000000        0.000000
        8.618010        0.146069        4.559673     -808.431295        0.000000        0.000000        0.000000
        8.619989        0.153492        2.940878     -827.266719        0.000000        0.000000        0.000000
        8.621969        0.157688        1.299864     -830.882950        0.000000        0.000000        0.000000
        8.623948        0.158645       -0.333185     -819.218541        0.000000        0.000000        0.000000
        8.625927        0.156407       -1.928240     -792.492580        0.000000        0.000000        0.000000
        8.627907        0.151079       -3.455981     -751.200666        0.000000        0.000000        0.000000
        8.629886        0.142820       -4.888330     -696.105806        0.000000        0.000000        0.000000
        8.631865        0.131848       -6.198975     -628.224410        0.000000        0.000000        0.000000
        8.633845        0.118425       -7.363843     -548.807627        0.000000        0.000000        0.000000
        8.635824        0.102862       -8.361551     -459.318375        0.000000        0.000000        0.000000
        8.637803        0.085508       -9.173792     -361.404487        0.000000        0.000000        0.000000
        8.639783        0.066745       -9.785676     -256.868451        0.000000        0.000000        0.000000
        8.641762        0.046979      -10.185998     -147.634324        0.000000        0.000000        0.000000
        8.643741        0.026638      -10.367450      -35.712406        0.000000        0.000000        0.000000
        8.645721        0.006158      -10.326750       76.837667        0.000000        0.000000        0.000000
        8.647700       -0.014023      -10.064704      187.944736        0.000000        0.000000        0.000000
        8.649679       -0.033471       -9.586192      295.564144        0.000000        0.000000        0.000000
        8.651659       -0.051766       -8.900077      397.715269        0.000000        0.000000        0.000000
        8.653638       -0.068510       -8.019044      492.517895        0.000000        0.000000        0.000000
        8.655617       -0.083334       -6.959364      578.226721        0.000000        0.000000        0.000000
        8.657597       -0.095903       -5.740601      653.263411        0.000000        0.000000        0.000000
        8.659576       -0.105924       -4.385244      716.245567        0.000000        0.000000        0.000000
        8.661555       -0.113152       -2.918305      766.012109        0.000000        0.000000        0.000000
        8.663535       -0.117393       -1.366848      801.644593        0.000000        0.000000        0.000000
        8.665514       -0.118507        0.240496      822.484074        0.000000        0.000000        0.000000
        8.667493       -0.116415        1.874066      828.143201        0.000000        0.000000        0.000000
        8.669473       -0.111092        3.503706      818.513334        0.000000        0.000000        0.000000
        8.671452       -0.102578        5.099324      793.766538        0.000000        0.000000        0.000000
        8.673431       -0.090969        6.631444      754.352424        0.000000        0.000000        0.000000
        8.675411       -0.076418        8.071747      700.989900        0.000000        0.000000        0.000000
        8.677390       -0.059133        9.393588      634.653972        0.000000        0.000000        0.000000
        8.679369       -0.039373       10.572490      556.557844        0.000000        0.000000        0.000000
        8.681349       -0.017443       11.586589      468.130655        0.000000        0.000000        0.000000
        8.683328        0.006313       12.417039      370.991233        0.000000        0.000000        0.000000
        8.685307        0.031515       13.048356      266.918387        0.000000        0.000000        0.000000
        8.687287        0.057758       13.468704      157.818248        0.000000        0.000000        0.000000
        8.689266        0.084616       13.670108       45.689279        0.000000        0.000000        0.000000
        8.691245        0.111653       13.648608      -67.414415        0.000000        0.000000        0.000000
        8.693225        0.138426       13.404323     -179.420790        0.000000        0.000000        0.000000
        8.695204        0.164500       12.941458     -288.277905        0.000000        0.000000        0.000000
        8.697183        0.189449       12.268218     -391.991591        0.000000        0.000000        0.000000
        8.699163        0.212869       11.396665     -488.662054        0.000000        0.000000        0.000000
        8.701142        0.234384       10.342492     -576.518756        0.000000        0.000000        0.000000
        8.703121        0.253650        9.124737     -653.952915        0.000000        0.000000        0.000000
        8.705101        0.270365        7.765431     -719.547040        0.000000        0.000000        0.000000
        8.707080        0.284275        6.289198     -772.100948        0.000000        0.000000        0.000000
        8.709059        0.295173        4.722799     -810.653802        0.000000        0.000000        0.000000
        8.711039        0.302909        3.094645     -834.501743        0.000000        0.000000        0.000000
        8.713018        0.307392        1.434270     -843.210816        0.000000        0.000000        0.000000
        8.714997        0.308585       -0.228206     -836.624932        0.000000        0.000000        0.000000
        8.716977        0.306516       -1.862633     -814.868733        0.000000        0.000000        0.000000
        8.718956        0.301269       -3.439382     -778.345302        0.000000        0.000000        0.000000
        8.720935        0.292986       -4.929892     -727.728763        0.000000        0.000000        0.000000
        8.722915        0.281865       -6.307191     -663.951906        0.000000        0.000000        0.000000
        8.724894        0.268155       -7.546392     -588.189056        0.000000        0.000000        0.000000
        8.726873        0.252150       -8.625151     -501.834521        0.000000        0.000000        0.000000
        8.728853        0.234188       -9.524076     -406.476987        0.000000        0.000000        0.000000
        8.730832        0.214641      -10.227083     -303.870355        0.000000        0.000000        0.000000
        8.732811        0.193909      -10.721690     -195.901540        0.000000        0.000000        0.000000
        8.734791        0.172413      -10.999249      -84.555834        0.000000        0.000000        0.000000
        8.736770        0.150586      -11.055102       28.119548        0.000000        0.000000        0.000000
        8.738749        0.128869      -10.888667      140.053049        0.000000        0.000000        0.000000
        8.740729        0.107698      -10.503450      249.186800        0.000000        0.000000        0.000000
        8.742708        0.087499       -9.906977      353.514401        0.000000        0.000000        0.000000
        8.744687        0.068678       -9.110660      451.117754        0.000000        0.000000        0.000000
        8.746667        0.051615       -8.129584      540.202282        0.000000        0.000000        0.000000
        8.748646        0.036660       -6.982233      619.129867        0.000000        0.000000        0.000000
        8.750625        0.024118       -5.690146      686.448931        0.000000        0.000000        0.000000
        8.752605        0.014254       -4.277527      740.921081        0.000000        0.000000        0.000000
        8.754584        0.007278       -2.770795      781.543847        0.000000        0.000000        0.000000
        8.756563        0.003350       -1.198105      807.569082        0.000000        0.000000        0.000000
        8.758543        0.002572        0.411177      818.516704        0.000000        0.000000        0.000000
        8.760522        0.004985        2.027004      814.183504        0.000000        0.000000        0.000000
        8.762501        0.010572        3.619209      794.646880        0.000000        0.000000        0.000000
        8.764481        0.019259        5.158050      760.263419        0.000000        0.000000        0.000000
        8.766460        0.030910        6.614765      711.662345        0.000000        0.000000        0.000000
        8.768439        0.045336        7.962093      649.733976        0.000000        0.000000        0.000000
        8.770419        0.062296        9.174777      575.613372        0.000000        0.000000        0.000000
        8.772398        0.081500       10.230031      490.659505        0.000000        0.000000        0.000000
        8.774377        0.102618       11.107953      396.430307        0.000000        0.000000        0.000000
        8.776357        0.125281       11.791896      294.654071        0.000000        0.000000        0.000000
        8.778336        0.149093       12.268768      187.197723        0.000000        0.000000        0.000000
        8.780315        0.173635       12.529278       76.032548        0.000000        0.000000        0.000000
        8.782295        0.198473       12.568103      -36.801996        0.000000        0.000000        0.000000
        8.784274        0.223167       12.383988     -149.235723        0.000000        0.000000        0.000000
        8.786253        0.247279       11.979768     -259.205717        0.000000        0.000000        0.000000
        8.788233        0.270380       11.362315     -364.694210        0.000000        0.000000        0.000000
        8.790212        0.292058       10.542417     -463.765619        0.000000        0.000000        0.000000
        8.792191        0.311928        9.534573     -554.602084        0.000000        0.000000        0.000000
        8.794171        0.329634        8.356733     -635.536836        0.000000        0.000000        0.000000
        8.796150        0.344862        7.029966     -705.084798        0.000000        0.000000        0.000000
        8.798129        0.357340        5.578072     -761.969849        0.000000        0.000000        0.000000
        8.800109        0.366846        4.027149     -805.148248        0.000000        0.000000        0.000000
        8.802088        0.373211        2.405110     -833.827798        0.000000        0.000000        0.000000
        8.804067        0.376325        0.741175     -847.482389        0.000000        0.000000        0.000000
        8.806047        0.376134       -0.934670     -845.861653        0.000000        0.000000        0.000000
        8.808026        0.372643       -2.592219     -828.995565        0.000000        0.000000        0.000000
        8.810005        0.365920       -4.201603     -797.193889        0.000000        0.000000        0.000000
        8.811985        0.356087       -5.733838     -751.040493        0.000000        0.000000        0.000000
        8.813964        0.343325       -7.161355     -691.382630        0.000000        0.000000        0.000000
        8.815943        0.327867       -8.458508     -619.315382        0.000000        0.000000        0.000000
        8.817923        0.309993       -9.602044     -536.161560        0.000000        0.000000        0.000000
        8.819902        0.290028      -10.571529     -443.447417        0.000000        0.000000        0.000000
        8.821881        0.268333      -11.349725     -342.874628        0.000000        0.000000        0.000000
        8.823861        0.245301      -11.922904     -236.289056        0.000000        0.000000        0.000000
        8.825840        0.221347      -12.281099     -125.646855        0.000000        0.000000        0.000000
        8.827819        0.196903      -12.418292      -12.978571        0.000000        0.000000        0.000000
        8.829799        0.172408      -12.332518       99.648145        0.000000        0.000000        0.000000
        8.831778        0.148301      -12.025905      210.166490        0.000000        0.000000        0.000000
        8.833757        0.125014      -11.504634      316.548452        0.000000        0.000000        0.000000
        8.835737        0.102960      -10.778822      416.842042        0.000000        0.000000        0.000000
        8.837716        0.082533       -9.862343      509.207127        0.000000        0.000000        0.000000
        8.839695        0.064090       -8.772566      591.949214        0.000000        0.000000        0.000000
        8.841675        0.047956       -7.530041      663.550554        0.000000        0.000000        0.000000
        8.843654        0.034409       -6.158118      722.698005        0.000000        0.000000        0.000000
        8.845633        0.023681       -4.682521      768.307143        0.000000        0.000000        0.000000
        8.847613        0.015948       -3.130874      799.542164        0.000000        0.000000        0.000000
        8.849592        0.011333       -1.532194      815.831232        0.000000        0.000000        0.000000
        8.851571        0.009900        0.083641      816.876971        0.000000        0.000000        0.000000
        8.853551        0.011651        1.686443      802.661932        0.000000        0.000000        0.000000
        8.855530        0.016533        3.246267      773.448903        0.000000        0.000000        0.000000
        8.857509        0.024431        4.733957      729.776091        0.000000        0.000000        0.000000
        8.859489        0.035174        6.121689      672.447241        0.000000        0.000000        0.000000
        8.861468        0.048540        7.383478      602.516874        0.000000        0.000000        0.000000
        8.863447        0.064255        8.495652      521.270933        0.000000        0.000000        0.000000
        8.865427        0.082003        9.437294      430.203175        0.000000        0.000000        0.000000
        8.867406        0.101428       10.190618      330.987743        0.000000        0.000000        0.000000
        8.869385        0.122143       10.741304      225.448433        0.000000        0.000000        0.000000
        8.871365        0.143738       11.078754      115.525215        0.000000        0.000000        0.000000
        8.873344        0.165783       11.196291        3.238612        0.000000        0.000000        0.000000
        8.875323        0.187840       11.091278     -109.347387        0.000000        0.000000        0.000000
        8.877303        0.209471       10.765173     -220.163228        0.000000        0.000000        0.000000
        8.879282        0.230242       10.223494     -327.171776        0.000000        0.000000        0.000000
        8.881261        0.249738        9.475725     -428.405722        0.000000        0.000000        0.000000
        8.883241        0.267563        8.535137     -522.003696        0.000000        0.000000        0.000000
        8.885220        0.283352        7.418549     -606.244440        0.000000        0.000000        0.000000
        8.887199        0.296776        6.146014     -679.578409        0.000000        0.000000        0.000000
        8.889179        0.307550        4.740456     -740.656220        0.000000        0.000000        0.000000
        8.891158        0.315435        3.227247     -788.353420        0.000000        0.000000        0.000000
        8.893137        0.320246        1.633742     -821.791136        0.000000        0.000000        0.000000
        8.895117        0.321852       -0.011224     -840.352208        0.000000        0.000000        0.000000
        8.897096        0.320180       -1.677866     -843.692519        0.000000        0.000000        0.000000
        8.899075        0.315218       -3.335991     -831.747315        0.000000        0.000000        0.000000
        8.901054        0.307012       -4.955559     -804.732393        0.000000        0.000000        0.000000
        8.903034        0.295668       -6.507229     -763.140143        0.000000        0.000000        0.000000
        8.905013        0.281347       -7.962899     -707.730509        0.000000        0.000000        0.000000
        8.906992        0.264267       -9.296224     -639.517035        0.000000        0.000000        0.000000
        8.908972        0.244692      -10.483096     -559.748266        0.000000        0.000000        0.000000
        8.910951        0.222934      -11.502089     -469.884823        0.000000        0.000000        0.000000
        8.912930        0.199343      -12.334851     -371.572591        0.000000        0.000000        0.000000
        8.914910        0.174303      -12.966441     -266.612506        0.000000        0.000000        0.000000
        8.916889        0.148223      -13.385604     -156.927492        0.000000        0.000000        0.000000
        8.918868        0.121532      -13.584976      -44.527165        0.000000        0.000000        0.000000
        8.920848        0.094666      -13.561223       68.529066        0.000000        0.000000        0.000000
        8.922827        0.068067      -13.315094      180.169796        0.000000        0.000000        0.000000
        8.924806        0.042171      -12.851416      288.349659        0.000000        0.000000        0.000000
        8.926786        0.017400      -12.179001      391.086867        0.000000        0.000000        0.000000
        8.928765       -0.005847      -11.310484      486.499599        0.000000        0.000000        0.000000
        8.930744       -0.027197      -10.262091      572.840540        0.000000        0.000000        0.000000
        8.932724       -0.046313       -9.053343      648.528962        0.000000        0.000000        0.000000
        8.934703       -0.062900       -7.706696      712.179738        0.000000        0.000000        0.000000
        8.936682       -0.076709       -6.247129      762.628775        0.000000        0.000000        0.000000
        8.938662       -0.087545       -4.701683      798.954374        0.000000        0.000000        0.000000
        8.940641       -0.095265       -3.098970      820.494160        0.000000        0.000000        0.000000
        8.942620       -0.099785       -1.468643      826.857233        0.000000        0.000000        0.000000
        8.944600       -0.101081        0.159148      817.931345        0.000000        0.000000        0.000000
        8.946579       -0.099188        1.754308      793.884960        0.000000        0.000000        0.000000
        8.948558       -0.094198        3.287349      755.164160        0.000000        0.000000        0.000000
        8.950538       -0.086264        4.729934      702.484454        0.000000        0.000000        0.000000
        8.952517       -0.075590        6.055395      636.817640        0.000000        0.000000        0.000000
        8.954496       -0.062432        7.239225      559.373963        0.000000        0.000000        0.000000
        8.956476       -0.047094        8.259525      471.579900        0.000000        0.000000        0.000000
        8.958455       -0.029916        9.097408      375.051964        0.000000        0.000000        0.000000
        8.960434       -0.011276        9.737344      271.567031        0.000000        0.000000        0.000000
        8.962414        0.008423       10.167450      163.029718        0.000000        0.000000        0.000000
        8.964393        0.028758       10.379701       51.437415        0.000000        0.000000        0.000000
        8.966372        0.049293       10.370082      -61.156386        0.000000        0.000000        0.000000
        8.968352        0.069590       10.138662     -172.679789        0.000000        0.000000        0.000000
        8.970331        0.089213        9.689591     -281.080533        0.000000        0.000000        0.000000
        8.972310        0.107740        9.031024     -384.363667        0.000000        0.000000        0.000000
        8.974290        0.124769        8.174971     -480.628178        0.000000        0.000000        0.000000
        8.976269        0.139922        7.137079     -568.101893        0.000000        0.000000        0.000000
        8.978248        0.152861        5.936341     -645.174010        0.000000        0.000000        0.000000
        8.980228        0.163283        4.594751     -710.424672        0.000000        0.000000        0.000000
        8.982207        0.170935        3.136899     -762.651038        0.000000        0.000000        0.000000
        8.984186        0.175612        1.589516     -800.889365        0.000000        0.000000        0.000000
        8.986166        0.177167       -0.019010     -824.432698        0.000000        0.000000        0.000000
        8.988145        0.175506       -1.659160     -832.843856        0.000000        0.000000        0.000000
        8.990124        0.170597       -3.300824     -825.963456        0.000000        0.000000        0.000000
        8.992104        0.162467       -4.913857     -803.912842        0.000000        0.000000        0.000000
        8.994083        0.151202       -6.468627     -767.091856        0.000000        0.000000        0.000000
        8.996062        0.136946       -7.936562     -716.171504        0.000000        0.000000        0.000000
        8.998042        0.119897       -9.290676     -652.081635        0.000000        0.000000        0.000000
        9.000021        0.100305      -10.506060     -575.993872        0.000000        0.000000        0.000000
        9.002000        0.078466      -11.560345     -489.300109        0.000000        0.000000        0.000000
        9.003980        0.054720      -12.434108     -393.586955        0.000000        0.000000        0.000000
        9.005959        0.029438      -13.111231     -290.606610        0.000000        0.000000        0.000000
        9.007938        0.003024      -13.579196     -182.244702        0.000000        0.000000        0.000000
        9.009918       -0.024101      -13.829314      -70.485665        0.000000        0.000000        0.000000
        9.011897       -0.051502      -13.856889       42.623681        0.000000        0.000000        0.000000
        9.013876       -0.078735      -13.661296      155.011715        0.000000        0.000000        0.000000
        9.015856       -0.105365      -13.246000      264.620034        0.000000        0.000000        0.000000
        9.017835       -0.130962      -12.618492      369.441249        0.000000        0.000000        0.000000
        9.019814       -0.155118      -11.790144      467.555829        0.000000        0.000000        0.000000
        9.021794       -0.177451      -10.776011      557.167345        0.000000        0.000000        0.000000
        9.023773       -0.197611       -9.594545      636.635440        0.000000        0.000000        0.000000
        9.025752       -0.215288       -8.267263      704.505950        0.000000        0.000000        0.000000
        9.027732       -0.230218       -6.818349      759.537591        0.000000        0.000000        0.000000
        9.029711       -0.242186       -5.274211      800.724751        0.000000        0.000000        0.000000
        9.031690       -0.251031       -3.662995      827.315945        0.000000        0.000000        0.000000
        9.033670       -0.256649       -2.014069      838.827614        0.000000        0.000000        0.000000
        9.035649       -0.258996       -0.357487      835.052997        0.000000        0.000000        0.000000
        9.037628       -0.258086        1.276569      816.065929        0.000000        0.000000        0.000000
        9.039608       -0.253994        2.858338      782.219481        0.000000        0.000000        0.000000
        9.041587       -0.246851        4.359026      734.139476        0.000000        0.000000        0.000000
        9.043566       -0.236846        5.751340      672.713005        0.000000        0.000000        0.000000
        9.045546       -0.224216        7.009982      599.072133        0.000000        0.000000        0.000000
        9.047525       -0.209250        8.112119      514.573118        0.000000        0.000000        0.000000
        9.049504       -0.192278        9.037798      420.771512        0.000000        0.000000        0.000000
        9.051484       -0.173664        9.770314      319.393602        0.000000        0.000000        0.000000
        9.053463       -0.153804       10.296518      212.304714        0.000000        0.000000        0.000000
        9.055442       -0.133117       10.607055      101.474975        0.000000        0.000000        0.000000
        9.057422       -0.112033       10.696538      -11.056866        0.000000        0.000000        0.000000
        9.059401       -0.090993       10.563648     -123.220857        0.000000        0.000000        0.000000
        9.061380       -0.070433       10.211154     -232.953854        0.000000        0.000000        0.000000
        9.063360       -0.050781        9.645866     -338.237391        0.000000        0.000000        0.000000
        9.065339       -0.032448        8.878507     -437.134741        0.000000        0.000000        0.000000
        9.067318       -0.015820        7.923517     -527.826468        0.000000        0.000000        0.000000
        9.069298       -0.001249        6.798792     -608.643834        0.000000        0.000000        0.000000
        9.071277        0.010947        5.525346     -678.099433        0.000000        0.000000        0.000000
        9.073256        0.020500        4.126934     -734.914498        0.000000        0.000000        0.000000
        9.075236        0.027187        2.629612     -778.042380        0.000000        0.000000        0.000000
        9.077215        0.030839        1.061259     -806.687761        0.000000        0.000000        0.000000
        9.079194        0.031346       -0.548936     -820.321256        0.000000        0.000000        0.000000
        9.081174        0.028654       -2.171009     -818.689136        0.000000        0.000000        0.000000
        9.083153        0.022770       -3.774769     -801.817984        0.000000        0.000000        0.000000
        9.085132        0.013759       -5.330358     -770.014207        0.000000        0.000000        0.000000
        9.087112        0.001745       -6.808793     -723.858417        0.000000        0.000000        0.000000
        9.089091       -0.013091       -8.182501     -664.194766        0.000000        0.000000        0.000000
        9.091070       -0.030517       -9.425829     -592.115456        0.000000        0.000000        0.000000
        9.093050       -0.050253      -10.515506     -508.940686        0.000000        0.000000        0.000000
        9.095029       -0.071972      -11.431081     -416.194417        0.000000        0.000000        0.000000
        9.097008       -0.095315      -12.155289     -315.576396        0.000000        0.000000        0.000000
        9.098988       -0.119888      -12.674376     -208.930951        0.000000        0.000000        0.000000
        9.100967       -0.145276      -12.978346      -98.213138        0.000000        0.000000        0.000000
        9.102946       -0.171046      -13.061148       14.547158        0.000000        0.000000        0.000000
        9.104926       -0.196760      -12.920784      127.282476        0.000000        0.000000        0.000000
        9.106905       -0.221976      -12.559350      237.925744        0.000000        0.000000        0.000000
        9.108884       -0.246265      -11.982994      344.448217        0.000000        0.000000        0.000000
        9.110864       -0.269210      -11.201806      444.896729        0.000000        0.000000        0.000000
        9.112843       -0.290420      -10.229632      537.429541        0.000000        0.000000        0.000000
        9.114822       -0.309534       -9.083817      620.350154        0.000000        0.000000        0.000000
        9.116802       -0.326228       -7.784892      692.138456        0.000000        0.000000        0.000000
        9.118781       -0.340223       -6.356193      751.478626        0.000000        0.000000        0.000000
        9.120760       -0.351288       -4.823436      797.283285        0.000000        0.000000        0.000000
        9.122740       -0.359242       -3.214243      828.713465        0.000000        0.000000        0.000000
        9.124719       -0.363965       -1.557634      845.194008        0.000000        0.000000        0.000000
        9.126698       -0.365391        0.116503      846.424119        0.000000        0.000000        0.000000
        9.128678       -0.363516        1.777961      832.382896        0.000000        0.000000        0.000000
        9.130657       -0.358395        3.396770      803.329707        0.000000        0.000000        0.000000
        9.132636       -0.350140        4.943745      759.799430        0.000000        0.000000        0.000000
        9.134616       -0.338923        6.391025      702.592635        0.000000        0.000000        0.000000
        9.136595       -0.324965        7.712578      632.760882        0.000000        0.000000        0.000000
        9.138574       -0.308539        8.884687      551.587422        0.000000        0.000000        0.000000
        9.140554       -0.289962        9.886379      460.563631        0.000000        0.000000        0.000000
        9.142533       -0.269589       10.699810      361.361637        0.000000        0.000000        0.000000
        9.144512       -0.247806       11.310597      255.803620        0.000000        0.000000        0.000000
        9.146492       -0.225025       11.708079      145.828358        0.000000        0.000000        0.000000
        9.148471       -0.201675       11.885510       33.455639        0.000000        0.000000        0.000000
        9.150450       -0.178195       11.840188      -79.250825        0.000000        0.000000        0.000000
        9.152430       -0.155023       11.573501     -190.221280        0.000000        0.000000        0.000000
        9.154409       -0.132593       11.090901     -297.417929        0.000000        0.000000        0.000000
        9.156388       -0.111322       10.401806     -398.872341        0.000000        0.000000        0.000000
        9.158368       -0.091607        9.519426     -492.721590        0.000000        0.000000        0.000000
        9.160347       -0.073813        8.460519     -577.242454        0.000000        0.000000        0.000000
        9.162326       -0.058269        7.245085     -650.883049        0.000000        0.000000        0.000000
        9.164306       -0.045264        5.895998     -712.291323        0.000000        0.000000        0.000000
        9.166285       -0.035036        4.438586     -760.339872        0.000000        0.000000        0.000000
        9.168264       -0.027773        2.900163     -794.146641        0.000000        0.000000        0.000000
        9.170244       -0.023607        1.309535     -813.091116        0.000000        0.000000        0.000000
        9.172223       -0.022612       -0.303538     -816.825716        0.000000        0.000000        0.000000
        9.174202       -0.024801       -1.908883     -805.282169        0.000000        0.000000        0.000000
        9.176182       -0.030131       -3.476469     -778.672775        0.000000        0.000000        0.000000
        9.178161       -0.038497       -4.976960     -737.486500        0.000000        0.000000        0.000000
        9.180140       -0.049739       -6.382252     -682.480001        0.000000        0.000000        0.000000
        9.182120       -0.063642       -7.665991     -614.663738        0.000000        0.000000        0.000000
        9.184099       -0.079942       -8.804054     -535.283421        0.000000        0.000000        0.000000
        9.186078       -0.098329       -9.774996     -445.797141        0.000000        0.000000        0.000000
        9.188058       -0.118454      -10.560440     -347.848604        0.000000        0.000000        0.000000
        9.190037       -0.139936      -11.145417     -243.236951        0.000000        0.000000        0.000000
        9.192016       -0.162365      -11.518641     -133.883733        0.000000        0.000000        0.000000
        9.193996       -0.185317      -11.672713      -21.797631        0.000000        0.000000        0.000000
        9.195975       -0.208354      -11.604263       90.962416        0.000000        0.000000        0.000000
        9.197954       -0.231035      -11.314007      202.325016        0.000000        0.000000        0.000000
        9.199934       -0.252927      -10.806735      310.244344        0.000000        0.000000        0.000000
        9.201913       -0.273609      -10.091224      412.737707        0.000000        0.000000        0.000000
        9.203892       -0.292681       -9.180078      507.921938        0.000000        0.000000        0.000000
        9.205872       -0.309772       -8.089497      594.047972        0.000000        0.000000        0.000000
        9.207851       -0.324547       -6.838974      669.532952        0.000000        0.000000        0.000000
        9.209830       -0.336709       -5.450945      732.989292        0.000000        0.000000        0.000000
        9.211810       -0.346014       -3.950375      783.250150        0.000000        0.000000        0.000000
        9.213789       -0.352263       -2.364296      819.390848        0.000000        0.000000        0.000000
        9.215768       -0.355317       -0.721315      840.745849        0.000000        0.000000        0.000000
        9.217748       -0.355091        0.948911      846.920976        0.000000        0.000000        0.000000
        9.219727       -0.351563        2.616222      837.800650        0.000000        0.000000        0.000000
        9.221706       -0.344767        4.250508      813.550012        0.000000        0.000000        0.000000
        9.223686       -0.334799        5.822257      774.611888        0.000000        0.000000        0.000000
        9.225665       -0.321809        7.303105      721.698667        0.000000        0.000000        0.000000
        9.227644       -0.306005        8.666347      655.779220        0.000000        0.000000        0.000000
        9.229624       -0.287643        9.887437      578.061112        0.000000        0.000000        0.000000
        9.231603       -0.267026       10.944429      489.968440        0.000000        0.000000        0.000000
        9.233582       -0.244498       11.818388      393.115683        0.000000        0.000000        0.000000
        9.235562       -0.220438       12.493729      289.278069        0.000000        0.000000        0.000000
        9.237541       -0.195248       12.958513      180.358983        0.000000        0.000000        0.000000
        9.239520       -0.169356       13.204657       68.355028        0.000000        0.000000        0.000000
        9.241500       -0.143196       13.228087      -44.680632        0.000000        0.000000        0.000000
        9.243479       -0.117210       13.028811     -156.675960        0.000000        0.000000        0.000000
        9.245458       -0.091836       12.610920     -265.578085        0.000000        0.000000        0.000000
        9.247438       -0.067496       11.982513     -369.390991        0.000000        0.000000        0.000000
        9.249417       -0.044597       11.155545     -466.212153        0.000000        0.000000        0.000000
        9.251396       -0.023516       10.145612     -554.267468        0.000000        0.000000        0.000000
        9.253376       -0.004597        8.971659     -631.943825        0.000000        0.000000        0.000000
        9.255355        0.011859        7.655638     -697.818709        0.000000        0.000000        0.000000
        9.257334        0.025593        6.222102     -750.686326        0.000000        0.000000        0.000000
        9.259314        0.036400        4.697754     -789.579728        0.000000        0.000000        0.000000
        9.261293        0.044128        3.110955     -813.788572        0.000000        0.000000        0.000000
        9.263272        0.048683        1.491208     -822.872152        0.000000        0.000000        0.000000
        9.265252        0.050029       -0.131389     -816.667494        0.000000        0.000000        0.000000
        9.267231        0.048190       -1.726690     -795.292344        0.000000        0.000000        0.000000
        9.269210        0.043249       -3.265062     -759.143005        0.000000        0.000000        0.000000
        9.271190        0.035349       -4.717921     -708.887062        0.000000        0.000000        0.000000
        9.273169        0.024684       -6.058263     -645.451124        0.000000        0.000000        0.000000
        9.275148        0.011502       -7.261158     -570.003814        0.000000        0.000000        0.000000
        9.277128       -0.003902       -8.304204     -483.934308        0.000000        0.000000        0.000000
        9.279107       -0.021194       -9.167946     -388.826840        0.000000        0.000000        0.000000
        9.281086       -0.040001       -9.836226     -286.431608        0.000000        0.000000        0.000000
        9.283066       -0.059926      -10.296484     -178.632648        0.000000        0.000000        0.000000
        9.285045       -0.080547      -10.539988      -67.413245        0.000000        0.000000        0.000000
        9.287024       -0.101431      -10.561991       45.180482        0.000000        0.000000        0.000000
        9.289004       -0.122139      -10.361823      157.077141        0.000000        0.000000        0.000000
        9.290983       -0.142234       -9.942902      266.218095        0.000000        0.000000        0.000000
        9.292962       -0.161290       -9.312670      370.595259        0.000000        0.000000        0.000000
        9.294941       -0.178901       -8.482456      468.287964        0.000000        0.000000        0.000000
        9.296921       -0.194686       -7.467270      557.498218        0.000000        0.000000        0.000000
        9.298900       -0.208297       -6.285528      636.583720        0.000000        0.000000        0.000000
        9.300879       -0.219425       -4.958711      704.088003        0.000000        0.000000        0.000000
        9.302859       -0.227807       -3.510973      758.767181        0.000000        0.000000        0.000000
        9.304838       -0.233230       -1.968698      799.612781        0.000000        0.000000        0.000000
        9.306817       -0.235535       -0.360013      825.870263        0.000000        0.000000        0.000000
        9.308797       -0.234619        1.285725      837.052868        0.000000        0.000000        0.000000
        9.310776       -0.230438        2.938471      832.950559        0.000000        0.000000        0.000000
        9.312755       -0.223009        4.568039      813.633877        0.000000        0.000000        0.000000
        9.314735       -0.212407        6.144662      779.452649        0.000000        0.000000        0.000000
        9.316714       -0.198766        7.639535      731.029565        0.000000        0.000000        0.000000
        9.318693       -0.182273        9.025342      669.248751        0.000000        0.000000        0.000000
        9.320673       -0.163170       10.276763      595.239536        0.000000        0.000000        0.000000
        9.322652       -0.141746       11.370933      510.355723        0.000000        0.000000        0.000000
        9.324631       -0.118332       12.287865      416.150737        0.000000        0.000000        0.000000
        9.326611       -0.093295       13.010816      314.349109        0.000000        0.000000        0.000000
        9.328590       -0.067032       13.526594      206.814817        0.000000        0.000000        0.000000
        9.330569       -0.039962       13.825801       95.517069        0.000000        0.000000        0.000000
        9.332549       -0.012520       13.903006      -17.505849        0.000000        0.000000        0.000000
        9.334528        0.014854       13.756843     -130.183986        0.000000        0.000000        0.000000
        9.336507        0.041721       13.390035     -240.453728        0.000000        0.000000        0.000000
        9.338487        0.067649       12.809349     -346.295682        0.000000        0.000000        0.000000
        9.340466        0.092228       12.025467     -445.771744        0.000000        0.000000        0.000000
        9.342445        0.115067       11.052792     -537.060681        0.000000        0.000000        0.000000
        9.344425        0.135813        9.909181     -618.491560        0.000000        0.000000        0.000000
        9.346404        0.154146        8.615623     -688.574424        0.000000        0.000000        0.000000
        9.348383        0.169794        7.195846     -746.027645        0.000000        0.000000        0.000000
        9.350363        0.182533        5.675888     -789.801447        0.000000        0.000000        0.000000
        9.352342        0.192191        4.083616     -819.097180        0.000000        0.000000        0.000000
        9.354321        0.198656        2.448214     -833.381978        0.000000        0.000000        0.000000
        9.356301        0.201870        0.799648     -832.398542        0.000000        0.000000        0.000000
        9.358280        0.201838       -0.831884     -816.169860        0.000000        0.000000        0.000000
        9.360259        0.198623       -2.416506     -784.998784        0.000000        0.000000        0.000000
        9.362239        0.192347       -3.925213     -739.462471        0.000000        0.000000        0.000000
        9.364218        0.183187       -5.330404     -680.401780        0.000000        0.000000        0.000000
        9.366197        0.171374       -6.606388     -608.905841        0.000000        0.000000        0.000000
        9.368177        0.157186       -7.729854     -526.292056        0.000000        0.000000        0.000000
        9.370156        0.140945       -8.680303     -434.081909        0.000000        0.000000        0.000000
        9.372135        0.123012       -9.440421     -333.973040        0.000000        0.000000        0.000000
        9.374115        0.103776       -9.996397     -227.808070        0.000000        0.000000        0.000000
        9.376094        0.083651      -10.338177     -117.540778        0.000000        0.000000        0.000000
        9.378073        0.063068      -10.459649       -5.200230        0.000000        0.000000        0.000000
        9.380053        0.042465      -10.358757      107.146474        0.000000        0.000000        0.000000
        9.382032        0.022280      -10.037532      217.432147        0.000000        0.000000        0.000000
        9.384011        0.002942       -9.502064      323.627469        0.000000        0.000000        0.000000
        9.385991       -0.015134       -8.762382      423.778241        0.000000        0.000000        0.000000
        9.387970       -0.031557       -7.832275      516.041264        0.000000        0.000000        0.000000
        9.389949       -0.045968       -6.729036      598.718175        0.000000        0.000000        0.000000
        9.391929       -0.058044       -5.473145      670.286633        0.000000        0.000000        0.000000
        9.393908       -0.067506       -4.087895      729.428260        0.000000        0.000000        0.000000
        9.395887       -0.074124       -2.598961      775.052854        0.000000        0.000000        0.000000
        9.397867       -0.077719       -1.033932      806.318396        0.000000        0.000000        0.000000
        9.399846       -0.078170        0.578199      822.646518        0.000000        0.000000        0.000000
        9.401825       -0.075413        2.207564      823.733115        0.000000        0.000000        0.000000
        9.403805       -0.069444        3.823973      809.553932        0.000000        0.000000        0.000000
        9.405784       -0.060318        5.397461      780.365012        0.000000        0.000000        0.000000
        9.407763       -0.048149        6.898847      736.697993        0.000000        0.000000        0.000000
        9.409743       -0.033107        8.300261      679.350355        0.000000        0.000000        0.000000
        9.411722       -0.015415        9.575665      609.370774        0.000000        0.000000        0.000000
        9.413701        0.004652       10.701321      528.039879        0.000000        0.000000        0.000000
        9.415681        0.026779       11.656236      436.846736        0.000000        0.000000        0.000000
        9.417660        0.050608       12.422543      337.461517        0.000000        0.000000        0.000000
        9.419639        0.075754       12.985827      231.704841        0.000000        0.000000        0.000000
        9.421619        0.101803       13.335396      121.514347        0.000000        0.000000        0.000000
        9.423598        0.128326       13.464472        8.909127        0.000000        0.000000        0.000000
        9.425577        0.154884       13.370317     -104.047339        0.000000        0.000000        0.000000
        9.427557        0.181035       13.054284     -215.285067        0.000000        0.000000        0.000000
        9.429536        0.206347       12.521794     -322.765565        0.000000        0.000000        0.000000
        9.431515        0.230400       11.782232     -424.519259        0.000000        0.000000        0.000000
        9.433495        0.252797       10.848778     -518.681647        0.000000        0.000000        0.000000
        9.435474        0.273171        9.738166     -603.527526        0.000000        0.000000        0.000000
        9.437453        0.291192        8.470374     -677.502668        0.000000        0.000000        0.000000
        9.439433        0.306570        7.068260     -739.252344        0.000000        0.000000        0.000000
        9.441412        0.319065        5.557141     -787.646200        0.000000        0.000000        0.000000
        9.443391        0.328488        3.964328     -821.799003        0.000000        0.000000        0.000000
        9.445371        0.334706        2.318627     -841.086894        0.000000        0.000000        0.000000
        9.447350        0.337644        0.649807     -845.158839        0.000000        0.000000        0.000000
        9.449329        0.337285       -1.011943     -833.943072        0.000000        0.000000        0.000000
        9.451309        0.333674       -2.636570     -807.648411        0.000000        0.000000        0.000000
        9.453288        0.326914       -4.194709     -766.760426        0.000000        0.000000        0.000000
        9.455267        0.317163       -5.658219     -712.032521        0.000000        0.000000        0.000000
        9.457247        0.304634       -7.000706     -644.472106        0.000000        0.000000        0.000000
        9.459226        0.289593       -8.197998     -565.322096        0.000000        0.000000        0.000000
        9.461205        0.272346       -9.228596     -476.038098        0.000000        0.000000        0.000000
        9.463185        0.253243      -10.074068     -378.261685        0.000000        0.000000        0.000000
        9.465164        0.232665      -10.719381     -273.790260        0.000000        0.000000        0.000000
        9.467143        0.211018      -11.153186     -164.544058        0.000000        0.000000        0.000000
        9.469123        0.188730      -11.368017      -52.530892        0.000000        0.000000        0.000000
        9.471102        0.166236      -11.360437       60.190707        0.000000        0.000000        0.000000
        9.473081        0.143977      -11.131091      171.549278        0.000000        0.000000        0.000000
        9.475061        0.122387      -10.684705      279.498466        0.000000        0.000000        0.000000
        9.477040        0.101886      -10.029988      382.054583        0.000000        0.000000        0.000000
        9.479019        0.082875       -9.179482      477.333032        0.000000        0.000000        0.000000
        9.480999        0.065725       -8.149323      563.582899        0.000000        0.000000        0.000000
        9.482978        0.050773       -6.958951      639.219101        0.000000        0.000000        0.000000
        9.484957        0.038314       -5.630750      702.851487        0.000000        0.000000        0.000000
        9.486937        0.028595       -4.189636      753.310355        0.000000        0.000000        0.000000
        9.488916        0.021813       -2.662603      789.667930        0.000000        0.000000        0.000000
        9.490895        0.018111       -1.078224      811.255394        0.000000        0.000000        0.000000
        9.492875        0.017572        0.533873      817.675167        0.000000        0.000000        0.000000
        9.494854        0.020222        2.143548      808.808203        0.000000        0.000000        0.000000
        9.496833        0.026026        3.720704      784.816180        0.000000        0.000000        0.000000
        9.498813        0.034890        5.235837      746.138529        0.000000        0.000000        0.000000
        9.500792        0.046663        6.660583      693.484370        0.000000        0.000000        0.000000
        9.502771        0.061141        7.968232      627.819489        0.000000        0.000000        0.000000
        9.504751        0.078067        9.134225      550.348616        0.000000        0.000000        0.000000
        9.506730        0.097138       10.136600      462.493300        0.000000        0.000000        0.000000
        9.508709        0.118013       10.956399      365.865818        0.000000        0.000000        0.000000
        9.510689        0.140315       11.578013      262.239576        0.000000        0.000000        0.000000
        9.512668        0.163639       11.989473      153.516549        0.000000        0.000000        0.000000
        9.514647        0.187561       12.182664       41.692370        0.000000        0.000000        0.000000
        9.516627        0.211646       12.153481      -71.180313        0.000000        0.000000        0.000000
        9.518606        0.235452       11.901898     -183.029515        0.000000        0.000000        0.000000
        9.520585        0.258545       11.431974     -291.801951        0.000000        0.000000        0.000000
        9.522565        0.280500       10.751774     -395.500735        0.000000        0.000000        0.000000
        9.524544        0.300912        9.873225     -492.222037        0.000000        0.000000        0.000000
        9.526523        0.319404        8.811895     -580.190033        0.000000        0.000000        0.000000
        9.528503        0.335633        7.586709     -657.789508        0.000000        0.000000        0.000000
        9.530482        0.349296        6.219600     -723.595507        0.000000        0.000000        0.000000
        9.532461        0.360138        4.735106     -776.399494        0.000000        0.000000        0.000000
        9.534441        0.367951        3.159923     -815.231542        0.000000        0.000000        0.000000
        9.536420        0.372585        1.522412     -839.378137        0.000000        0.000000        0.000000
        9.538399        0.373946       -0.147919     -848.395276        0.000000        0.000000        0.000000
        9.540379        0.371997       -1.820961     -842.116620        0.000000        0.000000        0.000000
        9.542358        0.366764       -3.466551     -820.656548        0.000000        0.000000        0.000000
        9.544337        0.358331       -5.055029     -784.408057        0.000000        0.000000        0.000000
        9.546317        0.346838       -6.557780     -734.035547        0.000000        0.000000        0.000000
        9.548296        0.332482       -7.947764     -670.462625        0.000000        0.000000        0.000000
        9.550275        0.315512       -9.200006     -594.855150        0.000000        0.000000        0.000000
        9.552255        0.296221      -10.292058     -508.599828        0.000000        0.000000        0.000000
        9.554234        0.274947      -11.204409     -413.278758        0.000000        0.000000        0.000000
        9.556213        0.252060      -11.920847     -310.640386        0.000000        0.000000        0.000000
        9.558193        0.227962      -12.428752     -202.567408        0.000000        0.000000        0.000000
        9.560172        0.203074      -12.719327      -91.042206        0.000000        0.000000        0.000000
        9.562151        0.177831      -12.787765       21.889543        0.000000        0.000000        0.000000
        9.564131        0.152672      -12.633332      134.156421        0.000000        0.000000        0.000000
        9.566110        0.128037      -12.259381      243.699297        0.000000        0.000000        0.000000
        9.568089        0.104352      -11.673292      348.509128        0.000000        0.000000        0.000000
        9.570069        0.082025      -10.886337      446.663842        0.000000        0.000000        0.000000
        9.572048        0.061440       -9.913468      536.363621        0.000000        0.000000        0.000000
        9.574027        0.042947       -8.773049      615.963943        0.000000        0.000000        0.000000
        9.576007        0.026855       -7.486513      684.005773        0.000000        0.000000        0.000000
        9.577986        0.013431       -6.077973      739.242344        0.000000        0.000000        0.000000
        9.579965        0.002889       -4.573776      780.662049        0.000000        0.000000        0.000000
        9.581945       -0.004608       -3.002019      807.507008        0.000000        0.000000        0.000000
        9.583924       -0.008957       -1.392037      819.286984        0.000000        0.000000        0.000000
        9.585903       -0.010111        0.226141      815.788377        0.000000        0.000000        0.000000
        9.587883       -0.008083        1.822340      797.078151        0.000000        0.000000        0.000000
        9.589862       -0.002948        3.366794      763.502598        0.000000        0.000000        0.000000
        9.591841        0.005165        4.830691      715.680983        0.000000        0.000000        0.000000
        9.593821        0.016068        6.186707      654.494175        0.000000        0.000000        0.000000
        9.595800        0.029524        7.409501      581.068473        0.000000        0.000000        0.000000
        9.597779        0.045246        8.476186      496.754926        0.000000        0.000000        0.000000
        9.599759        0.062904        9.366746      403.104538        0.000000        0.000000        0.000000
        9.601738        0.082134       10.064405      301.839782        0.000000        0.000000        0.000000
        9.603717        0.102542       10.555936      194.822986        0.000000        0.000000        0.000000
        9.605697        0.123709       10.831899       84.022139        0.000000        0.000000        0.000000
        9.607676        0.145203       10.886822      -28.525236        0.000000        0.000000        0.000000
        9.609655        0.166586       10.719297     -140.749494        0.000000        0.000000        0.000000
        9.611635        0.187419       10.332005     -250.586856        0.000000        0.000000        0.000000
        9.613614        0.207276        9.731669     -356.017303        0.000000        0.000000        0.000000
        9.615593        0.225744        8.928933     -455.101662        0.000000        0.000000        0.000000
        9.617573        0.242436        7.938160     -546.017200        0.000000        0.000000        0.000000
        9.619552        0.257000        6.777174     -627.091096        0.000000        0.000000        0.000000
        9.621531        0.269117        5.466934     -696.831144        0.000000        0.000000        0.000000
        9.623511        0.278517        4.031142     -753.953156        0.000000        0.000000        0.000000
        9.625490        0.284977        2.495816     -797.404532        0.000000        0.000000        0.000000
        9.627469        0.288326        0.888809     -826.383589        0.000000        0.000000        0.000000
        9.629449        0.288453       -0.760705     -840.354278        0.000000        0.000000        0.000000
        9.631428        0.285302       -2.422760     -839.056029        0.000000        0.000000        0.000000
        9.633407        0.278880       -4.067153     -822.508530        0.000000        0.000000        0.000000
        9.635387        0.269249       -5.663999     -791.011375        0.000000        0.000000        0.000000
        9.637366        0.256533       -7.184274     -745.138555        0.000000        0.000000        0.000000
        9.639345        0.240912       -8.600354     -685.727933        0.000000        0.000000        0.000000
        9.641325        0.222616       -9.886517     -613.865856        0.000000        0.000000        0.000000
        9.643304        0.201926      -11.019420     -530.867213        0.000000        0.000000        0.000000
        9.645283        0.179166      -11.978524     -438.251305        0.000000        0.000000        0.000000
        9.647263        0.154697      -12.746470     -337.713943        0.000000        0.000000        0.000000
        9.649242        0.128910      -13.309402     -231.096328        0.000000        0.000000        0.000000
        9.651221        0.102222      -13.657218     -120.351245        0.000000        0.000000        0.000000
        9.653201        0.075065      -13.783755       -7.507217        0.000000        0.000000        0.000000
        9.655180        0.047878      -13.686905      105.368734        0.000000        0.000000        0.000000
        9.657159        0.021102      -13.368650      216.209034        0.000000        0.000000        0.000000
        9.659139       -0.004831      -12.835030      322.983509        0.000000        0.000000        0.000000
        9.661118       -0.029504      -12.096027      423.736656        0.000000        0.000000        0.000000
        9.663097       -0.052525      -11.165384      516.623544        0.000000        0.000000        0.000000
        9.665077       -0.073532      -10.060356      599.943676        0.000000        0.000000        0.000000
        9.667056       -0.092199       -8.801386      672.172209        0.000000        0.000000        0.000000
        9.669035       -0.108244       -7.411737      731.987949        0.000000        0.000000        0.000000
        9.671015       -0.121435       -5.917059      778.297598        0.000000        0.000000        0.000000
        9.672994       -0.131591       -4.344922      810.255827        0.000000        0.000000        0.000000
        9.674973       -0.138587       -2.724308      827.280794        0.000000        0.000000        0.000000
        9.676953       -0.142357       -1.085079      829.064822        0.000000        0.000000        0.000000
        9.678932       -0.142894        0.542570      815.580048        0.000000        0.000000        0.000000
        9.680911       -0.140251        2.128667      787.078929        0.000000        0.000000        0.000000
        9.682891       -0.134538        3.644012      744.089613        0.000000        0.000000        0.000000
        9.684870       -0.125923        5.060714      687.406233        0.000000        0.000000        0.000000
        9.686849       -0.114627        6.352704      618.074334        0.000000        0.000000        0.000000
        9.688828       -0.100922        7.496209      537.371672        0.000000        0.000000        0.000000
        9.690808       -0.085120        8.470195      446.784759        0.000000        0.000000        0.000000
        9.692787       -0.067577        9.256748      347.981569        0.000000        0.000000        0.000000
        9.694766       -0.048676        9.841406      242.780917        0.000000        0.000000        0.000000
        9.696746       -0.028828       10.213421      133.119065        0.000000        0.000000        0.000000
        9.698725       -0.008461       10.365962       21.014178        0.000000        0.000000        0.000000
        9.700704        0.011987       10.296233      -91.470729        0.000000        0.000000        0.000000
        9.702684        0.032079       10.005532     -202.265669        0.000000        0.000000        0.000000
        9.704663        0.051382        9.499222     -309.331681        0.000000        0.000000        0.000000
        9.706642        0.069479        8.786633     -410.698265        0.000000        0.000000        0.000000
        9.708622        0.085975        7.880893     -504.499561        0.000000        0.000000        0.000000
        9.710601        0.100502        6.798685     -589.008599        0.000000        0.000000        0.000000
        9.712580        0.112733        5.559943     -662.669010        0.000000        0.000000        0.000000
        9.714560        0.122380        4.187481     -724.123596        0.000000        0.000000        0.000000
        9.716539        0.129203        2.706582     -772.239248        0.000000        0.000000        0.000000
        9.718518        0.133014        1.144526     -806.127753        0.000000        0.000000        0.000000
        9.720498        0.133682       -0.469906     -825.162093        0.000000        0.000000        0.000000
        9.722477        0.131132       -2.106961     -828.987969        0.000000        0.000000        0.000000
        9.724456        0.125349       -3.736464     -817.530296        0.000000        0.000000        0.000000
        9.726436        0.116377       -5.328366     -790.994589        0.000000        0.000000        0.000000
        9.728415        0.104322       -6.853301     -749.863191        0.000000        0.000000        0.000000
        9.730394        0.089342       -8.283120     -694.886417        0.000000        0.000000        0.000000
        9.732374        0.071652       -9.591414     -627.068785        0.000000        0.000000        0.000000
        9.734353        0.051517      -10.753994     -547.650571        0.000000        0.000000        0.000000
        9.736332        0.029246      -11.749336     -458.085046        0.000000        0.000000        0.000000
        9.738312        0.005189      -12.558978     -360.011797        0.000000        0.000000        0.000000
        9.740291       -0.020272      -13.167859     -255.226626        0.000000        0.000000        0.000000
        9.742270       -0.046728      -13.564591     -145.648586        0.000000        0.000000        0.000000
        9.744250       -0.073752      -13.741675      -33.284752        0.000000        0.000000        0.000000
        9.746229       -0.100906      -13.695634       79.806624        0.000000        0.000000        0.000000
        9.748208       -0.127749      -13.427078      191.553900        0.000000        0.000000        0.000000
        9.750188       -0.153844      -12.940693      299.910069        0.000000        0.000000        0.000000
        9.752167       -0.178770      -12.245155      402.890342        0.000000        0.000000        0.000000
        9.754146       -0.202124      -11.352973      498.608582        0.000000        0.000000        0.000000
        9.756126       -0.223533      -10.280254      585.311928        0.000000        0.000000        0.000000
        9.758105       -0.242660       -9.046413      661.412973        0.000000        0.000000        0.000000
        9.760084       -0.259208       -7.673813      725.518906        0.000000        0.000000        0.000000
        9.762064       -0.272926       -6.187359      776.457080        0.000000        0.000000        0.000000
        9.764043       -0.283616       -4.614034      813.296538        0.000000        0.000000        0.000000
        9.766022       -0.291133       -2.982410      835.365100        0.000000        0.000000        0.000000
        9.768002       -0.295394       -1.322120      842.261706        0.000000        0.000000        0.000000
        9.769981       -0.296369        0.336684      833.863777        0.000000        0.000000        0.000000
        9.771960       -0.294092        1.963886      810.329459        0.000000        0.000000        0.000000
        9.773940       -0.288655        3.529957      772.094725        0.000000        0.000000        0.000000
        9.775919       -0.280207        5.006499      719.865366        0.000000        0.000000        0.000000
        9.777898       -0.268951        6.366764      654.604034        0.000000        0.000000        0.000000
        9.779878       -0.255142        7.586148      577.512569        0.000000        0.000000        0.000000
        9.781857       -0.239081        8.642638      490.009933        0.000000        0.000000        0.000000
        9.783836       -0.221109        9.517222      393.706160        0.000000        0.000000        0.000000
        9.785816       -0.201601       10.194232      290.372796        0.000000        0.000000        0.000000
        9.787795       -0.180961       10.661634      181.910379        0.000000        0.000000        0.000000
        9.789774       -0.159611       10.911252       70.313543        0.000000        0.000000        0.000000
        9.791754       -0.137987       10.938911      -42.365598        0.000000        0.000000        0.000000
        9.793733       -0.116527       10.744520     -154.055123        0.000000        0.000000        0.000000
        9.795712       -0.095668       10.332070     -262.701348        0.000000        0.000000        0.000000
        9.797692       -0.075834        9.709563     -366.306520        0.000000        0.000000        0.000000
        9.799671       -0.057428        8.888860     -462.965501        0.000000        0.000000        0.000000
        9.801650       -0.040827        7.885472     -550.900740        0.000000        0.000000        0.000000
        9.803630       -0.026374        6.718264     -628.494908        0.000000        0.000000        0.000000
        9.805609       -0.014372        5.409119     -694.320587        0.000000        0.000000        0.000000
        9.807588       -0.005077        3.982528     -747.166480        0.000000        0.000000        0.000000
        9.809568        0.001304        2.465147     -786.059649        0.000000        0.000000        0.000000
        9.811547        0.004620        0.885301     -810.283373        0.000000        0.000000        0.000000
        9.813526        0.004776       -0.727532     -819.390310        0.000000        0.000000        0.000000
        9.815506        0.001737       -2.343261     -813.210710        0.000000        0.000000        0.000000
        9.817485       -0.004473       -3.931740     -791.855531        0.000000        0.000000        0.000000
        9.819464       -0.013771       -5.463318     -755.714404        0.000000        0.000000        0.000000
        9.821444       -0.026016       -6.909381     -705.448479        0.000000        0.000000        0.000000
        9.823423       -0.041012       -8.242883     -641.978289        0.000000        0.000000        0.000000
        9.825402       -0.058511       -9.438840     -566.466854        0.000000        0.000000        0.000000
        9.827382       -0.078219      -10.474787     -480.298325        0.000000        0.000000        0.000000
        9.829361       -0.099799      -11.331196     -385.052581        0.000000        0.000000        0.000000
        9.831340       -0.122881      -11.991826     -282.476219        0.000000        0.000000        0.000000
        9.833320       -0.147065      -12.444031     -174.450496        0.000000        0.000000        0.000000
        9.835299       -0.171928      -12.678985      -62.956789        0.000000        0.000000        0.000000
        9.837278       -0.197037      -12.691847       49.959776        0.000000        0.000000        0.000000
        9.839258       -0.221950      -12.481853      162.227872        0.000000        0.000000        0.000000
        9.841237       -0.246231      -12.052322      271.787990        0.000000        0.000000        0.000000
        9.843216       -0.269451      -11.410604      376.630256        0.000000        0.000000        0.000000
        9.845196       -0.291203      -10.567942      474.831322        0.000000        0.000000        0.000000
        9.847175       -0.311102       -9.539263      564.589675        0.000000        0.000000        0.000000
        9.849154       -0.328800       -8.342907      644.258713        0.000000        0.000000        0.000000
        9.851134       -0.343984       -7.000291      712.376969        0.000000        0.000000        0.000000
        9.853113       -0.356391       -5.535514      767.694945        0.000000        0.000000        0.000000
        9.855092       -0.365803       -3.974917      809.198046        0.000000        0.000000        0.000000
        9.857072       -0.372059       -2.346597      836.125207        0.000000        0.000000        0.000000
        9.859051       -0.375054       -0.679893      847.982868        0.000000        0.000000        0.000000
        9.861030       -0.374742        0.995153      844.554030        0.000000        0.000000        0.000000
        9.863010       -0.371136        2.648347      825.902239        0.000000        0.000000        0.000000
        9.864989       -0.364309        4.249896      792.370423        0.000000        0.000000        0.000000
        9.866968       -0.354392        5.770958      744.574593        0.000000        0.000000        0.000000
        9.868948       -0.341571        7.184168      683.392534        0.000000        0.000000        0.000000
        9.870927       -0.326084        8.464143      609.947693        0.000000        0.000000        0.000000
        9.872906       -0.308219        9.587944      525.588550        0.000000        0.000000        0.000000
        9.874886       -0.288303       10.535502      431.863869        0.000000        0.000000        0.000000
        9.876865       -0.266703       11.289982      330.494256        0.000000        0.000000        0.000000
        9.878844       -0.243814       11.838094      223.340582        0.000000        0.000000        0.000000
        9.880824       -0.220054       12.170335      112.369814        0.000000        0.000000        0.000000
        9.882803       -0.195855       12.281166       -0.381095        0.000000        0.000000        0.000000
        9.884782       -0.171657       12.169112     -112.842595        0.000000        0.000000        0.000000
        9.886762       -0.147900       11.836789     -222.950539        0.000000        0.000000        0.000000
        9.888741       -0.125011       11.290856     -328.684073        0.000000        0.000000        0.000000
        9.890720       -0.103404       10.541889     -428.102734        0.000000        0.000000        0.000000
        9.892700       -0.083466        9.604196     -519.382078        0.000000        0.000000        0.000000
        9.894679       -0.065553        8.495544     -600.847169        0.000000        0.000000        0.000000
        9.896658       -0.049983        7.236837     -671.003328        0.000000        0.000000        0.000000
        9.898638       -0.037030        5.851733     -728.563577        0.000000        0.000000        0.000000
        9.900617       -0.026918        4.366209     -772.472257        0.000000        0.000000        0.000000
        9.902596       -0.019818        2.808083     -801.924415        0.000000        0.000000        0.000000
        9.904576       -0.015844        1.206501     -816.380579        0.000000        0.000000        0.000000
        9.906555       -0.015055       -0.408591     -815.576660        0.000000        0.000000        0.000000
        9.908534       -0.017445       -2.007006     -799.528801        0.000000        0.000000        0.000000
        9.910514       -0.022954       -3.558863     -768.533079        0.000000        0.000000        0.000000
        9.912493       -0.031459       -5.035141     -723.160071        0.000000        0.000000        0.000000
        9.914472       -0.042784       -6.408207     -664.244378        0.000000        0.000000        0.000000
        9.916452       -0.056699       -7.652330     -592.869302        0.000000        0.000000        0.000000
        9.918431       -0.072926       -8.744145     -510.346959        0.000000        0.000000        0.000000
        9.920410       -0.091143       -9.663091     -418.194188        0.000000        0.000000        0.000000
        9.922390       -0.110991      -10.391781     -318.104708        0.000000        0.000000        0.000000
        9.924369       -0.132079      -10.916326     -211.918022        0.000000        0.000000        0.000000
        9.926348       -0.153993      -11.226590     -101.585643        0.000000        0.000000        0.000000
        9.928328       -0.176303      -11.316373       10.864728        0.000000        0.000000        0.000000
        9.930307       -0.198570      -11.183529      123.366429        0.000000        0.000000        0.000000
        9.932286       -0.220356      -10.830003      233.851780        0.000000        0.000000        0.000000
        9.934266       -0.241230      -10.261794      340.290040        0.000000        0.000000        0.000000
        9.936245       -0.260777       -9.488850      440.724692        0.000000        0.000000        0.000000
        9.938224       -0.278604       -8.524882      533.309355        0.000000        0.000000        0.000000
        9.940204       -0.294352       -7.387112      616.341691        0.000000        0.000000        0.000000
        9.942183       -0.307696       -6.095958      688.294648        0.000000        0.000000        0.000000
        9.944162       -0.318355       -4.674660      747.844502        0.000000        0.000000        0.000000
        9.946142       -0.326098       -3.148853      793.895155        0.000000        0.000000        0.000000
        9.948121       -0.330744       -1.546096      825.598259        0.000000        0.000000        0.000000
        9.950100       -0.332171        0.104634      842.368793        0.000000        0.000000        0.000000
        9.952080       -0.330312        1.773473      843.895799        0.000000        0.000000        0.000000
        9.954059       -0.325162        3.430217      830.148100        0.000000        0.000000        0.000000
        9.956038       -0.316774        5.044879      801.374865        0.000000        0.000000        0.000000
        9.958018       -0.305262        6.588239      758.101038        0.000000        0.000000        0.000000
        9.959997       -0.290792        8.032378      701.117707        0.000000        0.000000        0.000000
        9.961976       -0.273588        9.351192      631.467573        0.000000        0.000000        0.000000
        9.963956       -0.253921       10.520872      550.425818        0.000000        0.000000        0.000000
        9.965935       -0.232108       11.520338      459.476690        0.000000        0.000000        0.000000
        9.967914       -0.208502       12.331629      360.286258        0.000000        0.000000        0.000000
        9.969894       -0.183492       12.940232      254.671828        0.000000        0.000000        0.000000
        9.971873       -0.157488       13.335347      144.568578        0.000000        0.000000        0.000000
        9.973852       -0.130920       13.510085       31.994040        0.000000        0.000000        0.000000
        9.975832       -0.104227       13.461596      -80.988948        0.000000        0.000000        0.000000
        9.977811       -0.077850       13.191122     -192.310098        0.000000        0.000000        0.000000
        9.979790       -0.052222       12.703969     -299.929690        0.000000        0.000000        0.000000
        9.981770       -0.027764       12.009416     -401.876006        0.000000        0.000000        0.000000
        9.983749       -0.004873       11.120540     -496.281535        0.000000        0.000000        0.000000
        9.985728        0.016083       10.053978     -581.417247        0.000000        0.000000        0.000000
        9.987708        0.034771        8.829621     -655.724341        0.000000        0.000000        0.000000
        9.989687        0.050902        7.470249     -717.842858        0.000000        0.000000        0.000000
        9.991666        0.064235        6.001110     -766.636643        0.000000        0.000000        0.000000
        9.993646        0.074577        4.449462     -801.214207        0.000000        0.000000        0.000000
        9.995625        0.081795        2.844066     -820.945089        0.000000        0.000000        0.000000
        9.997604        0.085812        1.214664     -825.471426        0.000000        0.000000        0.000000
        9.999584        0.086610       -0.408572     -814.714528        0.000000        0.000000        0.000000
       10.001563        0.084231       -1.995591     -788.876314        0.000000        0.000000        0.000000
       10.003542        0.078775       -3.517016     -748.435611        0.000000        0.000000        0.000000
       10.005522        0.070401       -4.944683     -694.139356        0.000000        0.000000        0.000000
       10.007501        0.059320       -6.252159     -626.988884        0.000000        0.000000        0.000000
       10.009480        0.045793       -7.415224     -548.221548        0.000000        0.000000        0.000000
       10.011460        0.030129       -8.412322     -459.287994        0.000000        0.000000        0.000000
       10.013439        0.012674       -9.224950     -361.825538        0.000000        0.000000        0.000000
       10.015418       -0.006192       -9.838002     -257.628096        0.000000        0.000000        0.000000
       10.017398       -0.026062      -10.240046     -148.613259        0.000000        0.000000        0.000000
       10.019377       -0.046512      -10.423530      -36.787082        0.000000        0.000000        0.000000
       10.021356       -0.067106      -10.384927       75.792744        0.000000        0.000000        0.000000
       10.023336       -0.087403      -10.124796      187.054668        0.000000        0.000000        0.000000
       10.025315       -0.106972       -9.647771      294.951308        0.000000        0.000000        0.000000
       10.027294       -0.125389       -8.962479      397.497046        0.000000        0.000000        0.000000
       10.029274       -0.142257       -8.081378      492.804473        0.000000        0.000000        0.000000
       10.031253       -0.157203       -7.020532      579.119048        0.000000        0.000000        0.000000
       10.033232       -0.169890       -5.799314      654.851303        0.000000        0.000000        0.000000
       10.035212       -0.180024       -4.440050      718.606029        0.000000        0.000000        0.000000
       10.037191       -0.187355       -2.967611      769.207889        0.000000        0.000000        0.000000
       10.039170       -0.191686       -1.408956      805.722997        0.000000        0.000000        0.000000
       10.041150       -0.192876        0.207365      827.476063        0.000000        0.000000        0.000000
       10.043129       -0.190838        1.851734      834.062794        0.000000        0.000000        0.000000
       10.045108       -0.185547        3.494005      825.357315        0.000000        0.000000        0.000000
       10.047088       -0.177038        5.104064      801.514483        0.000000        0.000000        0.000000
       10.049067       -0.165403        6.652378      762.967046        0.000000        0.000000        0.000000
       10.051046       -0.150793        8.110537      710.417697        0.000000        0.000000        0.000000
       10.053026       -0.133412        9.451775      644.826180        0.000000        0.000000        0.000000
       10.055005       -0.113516       10.651466      567.391669        0.000000        0.000000        0.000000
       10.056984       -0.091408       11.687569      479.530755        0.000000        0.000000        0.000000
       10.058964       -0.067430       12.541040      382.851443        0.000000        0.000000        0.000000
       10.060943       -0.041959       13.196174      279.123632        0.000000        0.000000        0.000000
       10.062922       -0.015399       13.640900      170.246626        0.000000        0.000000        0.000000
       10.064902        0.011825       13.867000       58.214266        0.000000        0.000000        0.000000
       10.066881        0.039275       13.870259      -54.921671        0.000000        0.000000        0.000000
       10.068860        0.066512       13.650542     -167.089137        0.000000        0.000000        0.000000
       10.070840        0.093096       13.211801     -276.233854        0.000000        0.000000        0.000000
       10.072819        0.118604       12.561995     -380.357018        0.000000        0.000000        0.000000
       10.074798        0.142628       11.712952     -477.551999        0.000000        0.000000        0.000000
       10.076778        0.164790       10.680145     -566.039340        0.000000        0.000000        0.000000
       10.078757        0.184744        9.482413     -644.199421        0.000000        0.000000        0.000000
       10.080736        0.202186        8.141612     -710.602193        0.000000        0.000000        0.000000
       10.082715        0.216856        6.682216     -764.033428        0.000000        0.000000        0.000000
       10.084695        0.228547        5.130865     -803.517010        0.000000        0.000000        0.000000
       10.086674        0.237105        3.515879     -828.332854        0.000000        0.000000        0.000000
       10.088653        0.242432        1.866736     -838.030120        0.000000        0.000000        0.000000
       10.090633        0.244490        0.213533     -832.435493        0.000000        0.000000        0.000000
       10.092612        0.243303       -1.413568     -811.656362        0.000000        0.000000        0.000000
       10.094591        0.238950       -2.984895     -776.078843        0.000000        0.000000        0.000000
       10.096571        0.231570       -4.471809     -726.360696        0.000000        0.000000        0.000000
       10.098550        0.221358       -5.847226     -663.419242        0.000000        0.000000        0.000000
       10.100529        0.208558       -7.086123     -588.414527        0.000000        0.000000        0.000000
       10.102509        0.193464       -8.165990     -502.728017        0.000000        0.000000        0.000000
       10.104488        0.176408       -9.067244     -407.937245        0.000000        0.000000        0.000000
       10.106467        0.157762       -9.773593     -305.786838        0.000000        0.000000        0.000000
       10.108447        0.137923      -10.272328     -198.156497        0.000000        0.000000        0.000000
       10.110426        0.117312      -10.554564      -87.026481        0.000000        0.000000        0.000000
       10.112405        0.096361      -10.615396       25.558743        0.000000        0.000000        0.000000
       10.114385        0.075509      -10.453995      137.528040        0.000000        0.000000        0.000000
       10.116364        0.055194      -10.073617      246.821625        0.000000        0.000000        0.000000
       10.118343        0.035840       -9.481549      351.428882        0.000000        0.000000        0.000000
       10.120323        0.017858       -8.688971      449.425275        0.000000        0.000000        0.000000
       10.122302        0.001627       -7.710753      539.007679        0.000000        0.000000        0.000000
       10.124281       -0.012501       -6.565180      618.527488        0.000000        0.000000        0.000000
       10.126261       -0.024217       -5.273618      686.520877        0.000000        0.000000        0.000000
       10.128240       -0.033257       -3.860121      741.735678        0.000000        0.000000        0.000000
       10.130219       -0.039404       -2.350990      783.154370        0.000000        0.000000        0.000000
       10.132199       -0.042497       -0.774287      810.012757        0.000000        0.000000        0.000000
