0.002386	2.511617	1.821053	0.719037
0.004772	0.868907	0.367034	0.199692
0.007159	0.315163	0.067198	0.055722
0.009545	0.199837	0.027725	0.030142
0.011931	0.212078	0.030448	0.035877
0.014317	0.234328	0.033145	0.041567
0.016703	0.248349	0.033238	0.045674
0.019090	0.252606	0.031662	0.046900
0.021476	0.253478	0.029784	0.047550
0.023862	0.252801	0.027982	0.047898
0.026248	0.251322	0.026326	0.048016
0.028634	0.249717	0.024901	0.048230
0.031021	0.247715	0.023637	0.048355
0.033407	0.245450	0.022526	0.048462
0.035793	0.242956	0.021554	0.048566
0.038179	0.240219	0.020696	0.048643
0.040565	0.237269	0.019941	0.048711
0.042951	0.234099	0.019273	0.048762
0.045338	0.230736	0.018683	0.048800
0.047724	0.227189	0.018157	0.048826
0.050110	0.223477	0.017689	0.048845
0.052496	0.219601	0.017267	0.048852
0.054882	0.215592	0.016882	0.048857
0.057269	0.211455	0.016527	0.048859
0.059655	0.207208	0.016199	0.048861
0.062041	0.202861	0.015892	0.048866
0.064427	0.198423	0.015601	0.048872
0.066813	0.193906	0.015327	0.048883
0.069200	0.189317	0.015070	0.048898
0.071586	0.184666	0.014830	0.048919
0.073972	0.179963	0.014609	0.048950
0.076358	0.175209	0.014404	0.048991
0.078744	0.170409	0.014213	0.049042
0.081131	0.165560	0.014036	0.049100
0.083517	0.160665	0.013869	0.049163
0.085903	0.155717	0.013711	0.049230
0.088289	0.150729	0.013559	0.049303
0.090675	0.145695	0.013417	0.049379
0.093062	0.140612	0.013278	0.049458
0.095448	0.135480	0.013148	0.049538
0.097834	0.130305	0.013026	0.049622
0.100220	0.125093	0.012914	0.049709
0.102606	0.119854	0.012815	0.049801
0.104992	0.114596	0.012732	0.049900
0.107379	0.109330	0.012667	0.050006
0.109765	0.104066	0.012620	0.050123
0.112151	0.098812	0.012592	0.050250
0.114537	0.093573	0.012576	0.050390
0.116923	0.088356	0.012572	0.050542
0.119310	0.083165	0.012578	0.050709
0.121696	0.078005	0.012590	0.050890
0.124082	0.072876	0.012608	0.051083
0.126468	0.067773	0.012630	0.051285
0.128854	0.062691	0.012654	0.051495
0.131241	0.057627	0.012682	0.051707
0.133627	0.052580	0.012710	0.051922
0.136013	0.047552	0.012740	0.052140
0.138399	0.042541	0.012770	0.052357
0.140785	0.037552	0.012800	0.052577
0.143172	0.032585	0.012832	0.052797
0.145558	0.027644	0.012865	0.053018
0.147944	0.022733	0.012899	0.053243
0.150330	0.017857	0.012934	0.053470
0.152716	0.013022	0.012970	0.053702
0.155103	0.008229	0.013008	0.053936
0.157489	0.003482	0.013047	0.054175
0.159875	-0.001217	0.013088	0.054418
0.162261	-0.005866	0.013132	0.054663
0.164647	-0.010459	0.013179	0.054910
0.167033	-0.014997	0.013226	0.055162
0.169420	-0.019477	0.013272	0.055423
0.171806	-0.023897	0.013317	0.055692
0.174192	-0.028257	0.013360	0.055967
0.176578	-0.032556	0.013401	0.056249
0.178964	-0.036794	0.013441	0.056535
0.181351	-0.040969	0.013478	0.056826
0.183737	-0.045079	0.013513	0.057121
0.186123	-0.049120	0.013545	0.057422
0.188509	-0.053091	0.013573	0.057728
0.190895	-0.056992	0.013598	0.058039
0.193282	-0.060824	0.013620	0.058353
0.195668	-0.064586	0.013640	0.058671
0.198054	-0.068275	0.013658	0.058992
0.200440	-0.071892	0.013673	0.059315
0.202826	-0.075430	0.013686	0.059642
0.205213	-0.078887	0.013697	0.059973
0.207599	-0.082257	0.013706	0.060309
0.209985	-0.085543	0.013711	0.060649
0.212371	-0.088738	0.013713	0.060997
0.214757	-0.091845	0.013713	0.061350
0.217144	-0.094860	0.013708	0.061710
0.219530	-0.097784	0.013700	0.062075
0.221916	-0.100617	0.013687	0.062445
0.224302	-0.103356	0.013670	0.062820
0.226688	-0.105999	0.013649	0.063200
0.229074	-0.108548	0.013624	0.063584
0.231461	-0.111004	0.013591	0.063970
0.233847	-0.113365	0.013554	0.064359
0.236233	-0.115630	0.013512	0.064750
0.238619	-0.117806	0.013464	0.065141
0.241005	-0.119887	0.013411	0.065534
0.243392	-0.121873	0.013350	0.065927
0.245778	-0.123763	0.013286	0.066320
0.248164	-0.125554	0.013214	0.066715
0.250550	-0.127246	0.013136	0.067111
0.252936	-0.128838	0.013054	0.067507
0.255323	-0.130326	0.012971	0.067897
0.257709	-0.131708	0.012891	0.068281
0.260095	-0.132988	0.012803	0.068669
0.262481	-0.134161	0.012706	0.069064
0.264867	-0.135230	0.012602	0.069465
0.267254	-0.136190	0.012490	0.069871
0.269640	-0.137042	0.012371	0.070281
0.272026	-0.137790	0.012246	0.070693
0.274412	-0.138426	0.012113	0.071109
0.276798	-0.138952	0.011974	0.071527
0.279185	-0.139367	0.011828	0.071948
0.281571	-0.139676	0.011674	0.072369
0.283957	-0.139871	0.011516	0.072794
0.286343	-0.139959	0.011352	0.073218
0.288729	-0.139935	0.011183	0.073644
0.291115	-0.139800	0.011008	0.074072
0.293502	-0.139551	0.010830	0.074501
0.295888	-0.139188	0.010645	0.074933
0.298274	-0.138707	0.010459	0.075369
0.300660	-0.138109	0.010269	0.075808
0.303046	-0.137386	0.010075	0.076252
0.305433	-0.136543	0.009879	0.076701
0.307819	-0.135578	0.009680	0.077154
0.310205	-0.134490	0.009480	0.077612
0.312591	-0.133276	0.009279	0.078075
0.314977	-0.131936	0.009076	0.078543
0.317364	-0.130471	0.008875	0.079015
0.319750	-0.128882	0.008674	0.079492
0.322136	-0.127168	0.008471	0.079973
0.324522	-0.125328	0.008268	0.080460
0.326908	-0.123365	0.008065	0.080951
0.329295	-0.121280	0.007862	0.081444
0.331681	-0.119073	0.007657	0.081939
0.334067	-0.116746	0.007453	0.082436
0.336453	-0.114300	0.007251	0.082933
0.338839	-0.111735	0.007050	0.083430
0.341226	-0.109056	0.006847	0.083925
0.343612	-0.106258	0.006647	0.084420
0.345998	-0.103348	0.006445	0.084913
0.348384	-0.100323	0.006247	0.085404
0.350770	-0.097182	0.006048	0.085893
0.353156	-0.093924	0.005852	0.086382
0.355543	-0.090554	0.005655	0.086867
0.357929	-0.087064	0.005465	0.087354
0.360315	-0.083461	0.005275	0.087838
0.362701	-0.079734	0.005086	0.088324
0.365087	-0.075893	0.004905	0.088809
0.367474	-0.071933	0.004723	0.089293
0.369860	-0.067854	0.004547	0.089779
0.372246	-0.063657	0.004374	0.090264
0.374632	-0.059342	0.004207	0.090751
0.377018	-0.054905	0.004045	0.091239
0.379405	-0.050350	0.003891	0.091728
0.381791	-0.045676	0.003740	0.092218
0.384177	-0.040886	0.003595	0.092708
0.386563	-0.035976	0.003459	0.093199
0.388949	-0.030950	0.003327	0.093691
0.391336	-0.025807	0.003205	0.094182
0.393722	-0.020549	0.003089	0.094673
0.396108	-0.015172	0.002981	0.095165
0.398494	-0.009683	0.002882	0.095657
0.400880	-0.004079	0.002789	0.096147
0.403267	0.001639	0.002707	0.096638
0.405653	0.007468	0.002632	0.097128
0.408039	0.013409	0.002568	0.097619
0.410425	0.019459	0.002513	0.098109
0.412811	0.025612	0.002472	0.098599
0.415197	0.031871	0.002440	0.099089
0.417584	0.038242	0.002420	0.099577
0.419970	0.044720	0.002410	0.100062
0.422356	0.051307	0.002411	0.100544
0.424742	0.058002	0.002423	0.101024
0.427128	0.064803	0.002445	0.101501
0.429515	0.071713	0.002479	0.101978
0.431901	0.078726	0.002524	0.102452
0.434287	0.085843	0.002579	0.102924
0.436673	0.093062	0.002645	0.103395
0.439059	0.100385	0.002721	0.103864
0.441446	0.107799	0.002809	0.104330
0.443832	0.115317	0.002905	0.104797
0.446218	0.122930	0.003011	0.105266
0.448604	0.130630	0.003129	0.105731
0.450990	0.138423	0.003260	0.106193
0.453377	0.146312	0.003402	0.106655
0.455763	0.154288	0.003562	0.107111
0.458149	0.162353	0.003737	0.107566
0.460535	0.170506	0.003927	0.108019
0.462921	0.178752	0.004128	0.108474
0.465308	0.187092	0.004346	0.108927
0.467694	0.195532	0.004577	0.109382
0.470080	0.204079	0.004826	0.109823
0.472466	0.212746	0.005098	0.110250
0.474852	0.221508	0.005396	0.110675
0.477238	0.230361	0.005712	0.111112
0.479625	0.239317	0.006051	0.111558
0.482011	0.248370	0.006414	0.112011
0.484397	0.257516	0.006800	0.112470
0.486783	0.266751	0.007204	0.112931
0.489169	0.276073	0.007626	0.113394
0.491556	0.285475	0.008067	0.113860
0.493942	0.294949	0.008527	0.114329
0.496328	0.304500	0.009002	0.114792
0.498714	0.314116	0.009489	0.115244
0.501100	0.323792	0.009987	0.115681
0.503487	0.333514	0.010498	0.116098
0.505873	0.343283	0.011020	0.116498
0.508259	0.353095	0.011555	0.116880
0.510645	0.362947	0.012102	0.117244
0.513031	0.372840	0.012661	0.117594
0.515418	0.382778	0.013233	0.117930
0.517804	0.392759	0.013817	0.118255
0.520190	0.402788	0.014414	0.118572
0.522576	0.412871	0.015025	0.118881
0.524962	0.423009	0.015650	0.119186
0.527349	0.433206	0.016290	0.119487
0.529735	0.443465	0.016945	0.119787
0.532121	0.453787	0.017617	0.120087
0.534507	0.464169	0.018304	0.120387
0.536893	0.474610	0.019009	0.120690
0.539279	0.485109	0.019733	0.121000
0.541666	0.495652	0.020478	0.121314
0.544052	0.506253	0.021241	0.121628
0.546438	0.516904	0.022018	0.121938
0.548824	0.527604	0.022807	0.122247
0.551210	0.538347	0.023608	0.122556
0.553597	0.549126	0.024424	0.122862
0.555983	0.559937	0.025265	0.123178
0.558369	0.570790	0.026125	0.123497
0.560755	0.581683	0.026998	0.123806
0.563141	0.592610	0.027880	0.124107
0.565528	0.603571	0.028773	0.124400
0.567914	0.614566	0.029676	0.124690
0.570300	0.625591	0.030592	0.124974
0.572686	0.636648	0.031521	0.125257
0.575072	0.647734	0.032462	0.125539
0.577459	0.658838	0.033417	0.125815
0.579845	0.669964	0.034389	0.126097
0.582231	0.681126	0.035377	0.126385
0.584617	0.692349	0.036370	0.126651
0.587003	0.703596	0.037388	0.126882
0.589390	0.714868	0.038413	0.127109
0.591776	0.726152	0.039449	0.127337
0.594162	0.737452	0.040501	0.127566
0.596548	0.748768	0.041572	0.127797
0.598934	0.760100	0.042657	0.128029
0.601320	0.771443	0.043755	0.128262
0.603707	0.782780	0.044861	0.128491
0.606093	0.794104	0.045973	0.128718
0.608479	0.805411	0.047111	0.128953
0.610865	0.816706	0.048248	0.129164
0.613251	0.827963	0.049376	0.129345
0.615638	0.839176	0.050499	0.129494
0.618024	0.850344	0.051614	0.129612
0.620410	0.861469	0.052725	0.129704
0.622796	0.872557	0.053830	0.129773
0.625182	0.883609	0.054931	0.129823
0.627569	0.894633	0.056027	0.129859
0.629955	0.905631	0.057120	0.129888
0.632341	0.916612	0.058209	0.129916
0.634727	0.927571	0.059299	0.129944
0.637113	0.938507	0.060388	0.129974
0.639500	0.949432	0.061505	0.130030
0.641886	0.960353	0.062628	0.130082
0.644272	0.971253	0.063746	0.130126
0.646658	0.982124	0.064860	0.130159
0.649044	0.992970	0.065970	0.130185
0.651431	1.003788	0.067077	0.130206
0.653817	1.014587	0.068183	0.130222
0.656203	1.025369	0.069286	0.130238
0.658589	1.036134	0.070389	0.130254
0.660975	1.046883	0.071492	0.130271
0.663361	1.057617	0.072594	0.130293
0.665748	1.068328	0.073697	0.130321
0.668134	1.079000	0.074797	0.130359
0.670520	1.089672	0.075931	0.130429
0.672906	1.100326	0.077059	0.130500
0.675292	1.110952	0.078176	0.130559
0.677679	1.121550	0.079282	0.130600
0.680065	1.132125	0.080387	0.130622
0.682451	1.142676	0.081485	0.130634
0.684837	1.153197	0.082577	0.130639
0.687223	1.163682	0.083666	0.130640
0.689610	1.174131	0.084759	0.130633
0.691996	1.184528	0.085847	0.130626
0.694382	1.194865	0.086932	0.130616
0.696768	1.205132	0.088009	0.130597
0.699154	1.215312	0.089077	0.130569
0.701541	1.225388	0.090120	0.130527
0.703927	1.235367	0.091178	0.130488
0.706313	1.245234	0.092214	0.130415
0.708699	1.254976	0.093212	0.130297
0.711085	1.264586	0.094171	0.130135
0.713472	1.274068	0.095097	0.129934
0.715858	1.283434	0.095988	0.129699
0.718244	1.292693	0.096847	0.129440
0.720630	1.301857	0.097678	0.129160
0.723016	1.310937	0.098481	0.128873
0.725402	1.319939	0.099259	0.128580
0.727789	1.328871	0.100018	0.128285
0.730175	1.337732	0.100762	0.127996
0.732561	1.346512	0.101486	0.127719
0.734947	1.355238	0.102239	0.127480
0.737333	1.363909	0.102979	0.127237
0.739720	1.372503	0.103690	0.126987
0.742106	1.381021	0.104377	0.126730
0.744492	1.389463	0.105043	0.126470
0.746878	1.397829	0.105689	0.126205
0.749264	1.406122	0.106314	0.125940
0.751651	1.414343	0.106921	0.125676
0.754037	1.422495	0.107511	0.125420
0.756423	1.430564	0.108084	0.125170
0.758809	1.438571	0.108672	0.124950
0.761195	1.446524	0.109253	0.124737
0.763582	1.454409	0.109810	0.124523
0.765968	1.462216	0.110345	0.124305
0.768354	1.469953	0.110858	0.124089
0.770740	1.477612	0.111353	0.123871
0.773126	1.485197	0.111829	0.123655
0.775513	1.492711	0.112285	0.123442
0.777899	1.500152	0.112723	0.123231
0.780285	1.507530	0.113130	0.123032
0.782671	1.514843	0.113524	0.122821
0.785057	1.522066	0.113902	0.122598
0.787443	1.529212	0.114262	0.122381
0.789830	1.536275	0.114620	0.122175
0.792216	1.543249	0.114969	0.121966
0.794602	1.550113	0.115295	0.121744
0.796988	1.556851	0.115594	0.121506
0.799374	1.563443	0.115864	0.121244
0.801761	1.569886	0.116098	0.120953
0.804147	1.576161	0.116293	0.120629
0.806533	1.582274	0.116446	0.120271
0.808919	1.588218	0.116552	0.119878
0.811305	1.593998	0.116612	0.119452
0.813692	1.599614	0.116624	0.118995
0.816078	1.605073	0.116593	0.118512
0.818464	1.610391	0.116522	0.118011
0.820850	1.615572	0.116412	0.117498
0.823236	1.620628	0.116270	0.116979
0.825623	1.625566	0.116101	0.116456
0.828009	1.630400	0.115913	0.115940
0.830395	1.635119	0.115718	0.115437
0.832781	1.639742	0.115508	0.114938
0.835167	1.644251	0.115269	0.114434
0.837554	1.648649	0.115005	0.113928
0.839940	1.652937	0.114716	0.113423
0.842326	1.657124	0.114404	0.112921
0.844712	1.661215	0.114070	0.112426
0.847098	1.665211	0.113712	0.111939
0.849484	1.669118	0.113339	0.111463
0.851871	1.672934	0.112944	0.110998
0.854257	1.676665	0.112536	0.110545
0.856643	1.680301	0.112116	0.110105
0.859029	1.683854	0.111696	0.109688
0.861415	1.687325	0.111275	0.109288
0.863802	1.690699	0.110834	0.108895
0.866188	1.693984	0.110380	0.108512
0.868574	1.697164	0.109908	0.108131
0.870960	1.700253	0.109416	0.107758
0.873346	1.703233	0.108905	0.107385
0.875733	1.706130	0.108378	0.107023
0.878119	1.708925	0.107822	0.106666
0.880505	1.711631	0.107246	0.106306
0.882891	1.714232	0.106660	0.105943
0.885277	1.716720	0.106061	0.105587
0.887664	1.719107	0.105457	0.105241
0.890050	1.721380	0.104831	0.104889
0.892436	1.723513	0.104181	0.104522
0.894822	1.725498	0.103504	0.104138
0.897208	1.727318	0.102798	0.103730
0.899595	1.728971	0.102060	0.103298
0.901981	1.730443	0.101287	0.102837
0.904367	1.731725	0.100475	0.102346
0.906753	1.732827	0.099633	0.101832
0.909139	1.733754	0.098765	0.101295
0.911525	1.734511	0.097863	0.100738
0.913912	1.735100	0.096926	0.100159
0.916298	1.735526	0.095957	0.099562
0.918684	1.735810	0.094961	0.098959
0.921070	1.735959	0.093943	0.098353
0.923456	1.735985	0.092901	0.097747
0.925843	1.735897	0.091844	0.097149
0.928229	1.735696	0.090773	0.096558
0.930615	1.735390	0.089696	0.095982
0.933001	1.734972	0.088615	0.095418
0.935387	1.734454	0.087524	0.094865
0.937774	1.733822	0.086428	0.094320
0.940160	1.733088	0.085317	0.093787
0.942546	1.732265	0.084201	0.093257
0.944932	1.731343	0.083079	0.092730
0.947318	1.730311	0.081947	0.092213
0.949705	1.729182	0.080813	0.091714
0.952091	1.727943	0.079675	0.091228
0.954477	1.726605	0.078536	0.090755
0.956863	1.725148	0.077392	0.090287
0.959249	1.723575	0.076244	0.089824
0.961636	1.721883	0.075091	0.089363
0.964022	1.720075	0.073931	0.088902
0.966408	1.718139	0.072756	0.088437
0.968794	1.716082	0.071570	0.087970
0.971180	1.713893	0.070369	0.087498
0.973566	1.711572	0.069151	0.087019
0.975953	1.709122	0.067920	0.086537
0.978339	1.706544	0.066670	0.086049
0.980725	1.703829	0.065408	0.085555
0.983111	1.700984	0.064139	0.085057
0.985497	1.698011	0.062859	0.084556
0.987884	1.694922	0.061568	0.084055
0.990270	1.691712	0.060280	0.083555
0.992656	1.688400	0.058983	0.083060
0.995042	1.684965	0.057684	0.082567
0.997428	1.681422	0.056386	0.082078
0.999815	1.677782	0.055088	0.081597
1.002201	1.674029	0.053787	0.081120
1.004587	1.670187	0.052485	0.080652
1.006973	1.666239	0.051176	0.080190
1.009359	1.662201	0.049863	0.079732
1.011746	1.658074	0.048559	0.079270
1.014132	1.653854	0.047254	0.078812
1.016518	1.649528	0.045954	0.078355
1.018904	1.645107	0.044652	0.077910
1.021290	1.640588	0.043355	0.077471
1.023677	1.635967	0.042059	0.077037
1.026063	1.631235	0.040768	0.076602
1.028449	1.626405	0.039476	0.076171
1.030835	1.621458	0.038183	0.075735
1.033221	1.616398	0.036885	0.075293
1.035607	1.611217	0.035580	0.074846
1.037994	1.605919	0.034273	0.074391
1.040380	1.600494	0.032961	0.073929
1.042766	1.594946	0.031647	0.073459
1.045152	1.589280	0.030329	0.072981
1.047538	1.583499	0.029014	0.072499
1.049925	1.577607	0.027705	0.072016
1.052311	1.571615	0.026402	0.071535
1.054697	1.565521	0.025110	0.071054
1.057083	1.559334	0.023826	0.070579
1.059469	1.553051	0.022558	0.070107
1.061856	1.546680	0.021299	0.069641
1.064242	1.540237	0.020050	0.069189
1.066628	1.533722	0.018816	0.068738
1.069014	1.527142	0.017600	0.068287
1.071400	1.520480	0.016403	0.067843
1.073787	1.513747	0.015218	0.067414
1.076173	1.506941	0.014051	0.066998
1.078559	1.500068	0.012905	0.066597
1.080945	1.493125	0.011777	0.066211
1.083331	1.486116	0.010674	0.065839
1.085718	1.479043	0.009588	0.065482
1.088104	1.471905	0.008518	0.065137
1.090490	1.464687	0.007466	0.064798
1.092876	1.457395	0.006432	0.064468
1.095262	1.450026	0.005416	0.064143
1.097648	1.442576	0.004412	0.063823
1.100035	1.435041	0.003426	0.063506
1.102421	1.427421	0.002453	0.063193
1.104807	1.419715	0.001500	0.062883
1.107193	1.411930	0.000568	0.062579
1.109579	1.404074	-0.000340	0.062285
1.111966	1.396144	-0.001234	0.061999
1.114352	1.388152	-0.002099	0.061725
1.116738	1.380088	-0.002942	0.061457
1.119124	1.371963	-0.003766	0.061198
1.121510	1.363782	-0.004571	0.060942
1.123897	1.355563	-0.005355	0.060691
1.126283	1.347290	-0.006118	0.060452
1.128669	1.338967	-0.006869	0.060230
1.131055	1.330593	-0.007605	0.060024
1.133441	1.322175	-0.008316	0.059833
1.135828	1.313715	-0.009008	0.059656
1.138214	1.305202	-0.009675	0.059491
1.140600	1.296629	-0.010323	0.059335
1.142986	1.287999	-0.010955	0.059187
1.145372	1.279299	-0.011572	0.059040
1.147759	1.270536	-0.012178	0.058897
1.150145	1.261694	-0.012771	0.058750
1.152531	1.252778	-0.013350	0.058597
1.154917	1.243787	-0.013926	0.058440
1.157303	1.234719	-0.014491	0.058278
1.159689	1.225570	-0.015053	0.058106
1.162076	1.216349	-0.015621	0.057924
1.164462	1.207055	-0.016174	0.057735
1.166848	1.197705	-0.016725	0.057544
1.169234	1.188303	-0.017266	0.057353
1.171620	1.178860	-0.017795	0.057161
1.174007	1.169379	-0.018309	0.056974
1.176393	1.159856	-0.018807	0.056789
1.178779	1.150313	-0.019299	0.056610
1.181165	1.140750	-0.019771	0.056425
1.183551	1.131159	-0.020225	0.056245
1.185938	1.121536	-0.020663	0.056078
1.188324	1.111878	-0.021082	0.055924
1.190710	1.102179	-0.021476	0.055782
1.193096	1.092434	-0.021840	0.055656
1.195482	1.082637	-0.022167	0.055547
1.197869	1.072781	-0.022458	0.055452
1.200255	1.062862	-0.022714	0.055365
1.202641	1.052899	-0.022922	0.055288
1.205027	1.042885	-0.023086	0.055201
1.207413	1.032824	-0.023219	0.055100
1.209800	1.022723	-0.023327	0.054987
1.212186	1.012604	-0.023420	0.054876
1.214572	1.002462	-0.023505	0.054764
1.216958	0.992349	-0.023585	0.054670
1.219344	0.982263	-0.023651	0.054581
1.221730	0.972188	-0.023710	0.054515
1.224117	0.962130	-0.023774	0.054469
1.226503	0.952098	-0.023829	0.054444
1.228889	0.942088	-0.023873	0.054440
1.231275	0.932092	-0.023905	0.054451
1.233661	0.922106	-0.023927	0.054472
1.236048	0.912113	-0.023937	0.054495
1.238434	0.902103	-0.023942	0.054511
1.240820	0.892075	-0.023943	0.054520
1.243206	0.882005	-0.023941	0.054514
1.245592	0.871902	-0.023931	0.054495
1.247979	0.861764	-0.023917	0.054462
1.250365	0.851587	-0.023894	0.054414
1.252751	0.841382	-0.023862	0.054355
1.255137	0.831157	-0.023823	0.054286
1.257523	0.820909	-0.023772	0.054208
1.259910	0.810653	-0.023710	0.054127
1.262296	0.800381	-0.023637	0.054044
1.264682	0.790111	-0.023548	0.053974
1.267068	0.779806	-0.023416	0.053951
1.269454	0.769507	-0.023224	0.053986
1.271841	0.759198	-0.022995	0.054037
1.274227	0.748906	-0.022749	0.054075
1.276613	0.738638	-0.022465	0.054102
1.278999	0.728417	-0.022135	0.054130
1.281385	0.718268	-0.021767	0.054172
1.283771	0.708199	-0.021376	0.054237
1.286158	0.698228	-0.020973	0.054333
1.288544	0.688363	-0.020565	0.054468
1.290930	0.678599	-0.020158	0.054637
1.293316	0.668924	-0.019754	0.054834
1.295702	0.659318	-0.019355	0.055043
1.298089	0.649751	-0.018959	0.055251
1.300475	0.640191	-0.018569	0.055452
1.302861	0.630627	-0.018188	0.055639
1.305247	0.621042	-0.017822	0.055800
1.307633	0.611437	-0.017460	0.055939
1.310020	0.601816	-0.017105	0.056054
1.312406	0.592173	-0.016754	0.056142
1.314792	0.582532	-0.016409	0.056209
1.317178	0.572901	-0.016067	0.056259
1.319564	0.563284	-0.015729	0.056294
1.321951	0.553694	-0.015394	0.056319
1.324337	0.544144	-0.015062	0.056341
1.326723	0.534637	-0.014732	0.056362
1.329109	0.525185	-0.014400	0.056385
1.331495	0.515787	-0.014066	0.056411
1.333882	0.506437	-0.013731	0.056438
1.336268	0.497148	-0.013392	0.056467
1.338654	0.487922	-0.013049	0.056500
1.341040	0.478768	-0.012701	0.056540
1.343426	0.469679	-0.012351	0.056584
1.345812	0.460664	-0.011994	0.056635
1.348199	0.451722	-0.011633	0.056691
1.350585	0.442869	-0.011266	0.056757
1.352971	0.434090	-0.010894	0.056833
1.355357	0.425393	-0.010520	0.056917
1.357743	0.416791	-0.010146	0.057012
1.360130	0.408276	-0.009749	0.057140
1.362516	0.399801	-0.009335	0.057304
1.364902	0.391409	-0.008894	0.057522
1.367288	0.383088	-0.008441	0.057762
1.369674	0.374884	-0.007970	0.058015
1.372061	0.366811	-0.007472	0.058282
1.374447	0.358879	-0.006948	0.058568
1.376833	0.351094	-0.006405	0.058879
1.379219	0.343463	-0.005859	0.059219
1.381605	0.335965	-0.005323	0.059577
1.383992	0.328575	-0.004806	0.059943
1.386378	0.321265	-0.004311	0.060305
1.388764	0.314016	-0.003840	0.060656
1.391150	0.306815	-0.003395	0.060989
1.393536	0.299656	-0.002976	0.061297
1.395923	0.292533	-0.002577	0.061582
1.398309	0.285459	-0.002195	0.061845
1.400695	0.278430	-0.001830	0.062087
1.403081	0.271457	-0.001479	0.062312
1.405467	0.264550	-0.001140	0.062525
1.407853	0.257728	-0.000814	0.062732
1.410240	0.250997	-0.000501	0.062938
1.412626	0.244361	-0.000202	0.063143
1.415012	0.237813	0.000088	0.063345
1.417398	0.231361	0.000366	0.063546
1.419784	0.225005	0.000634	0.063745
1.422171	0.218753	0.000895	0.063945
1.424557	0.212603	0.001149	0.064143
1.426943	0.206560	0.001396	0.064335
1.429329	0.200639	0.001647	0.064520
1.431715	0.194814	0.001889	0.064711
1.434102	0.189106	0.002121	0.064913
1.436488	0.183512	0.002343	0.065127
1.438874	0.178047	0.002557	0.065355
1.441260	0.172709	0.002764	0.065598
1.443646	0.167498	0.002963	0.065858
1.446033	0.162392	0.003162	0.066151
1.448419	0.157380	0.003376	0.066485
1.450805	0.152487	0.003598	0.066852
1.453191	0.147722	0.003818	0.067234
1.455577	0.143112	0.004043	0.067630
1.457964	0.138677	0.004279	0.068043
1.460350	0.134432	0.004528	0.068478
1.462736	0.130373	0.004783	0.068934
1.465122	0.126485	0.005034	0.069407
1.467508	0.122743	0.005273	0.069884
1.469894	0.119122	0.005493	0.070358
1.472281	0.115608	0.005689	0.070823
1.474667	0.112188	0.005859	0.071272
1.477053	0.108855	0.006003	0.071703
1.479439	0.105605	0.006124	0.072118
1.481825	0.102435	0.006227	0.072512
1.484212	0.099350	0.006311	0.072891
1.486598	0.096350	0.006379	0.073253
1.488984	0.093453	0.006431	0.073607
1.491370	0.090665	0.006470	0.073956
1.493756	0.087992	0.006493	0.074301
1.496143	0.085428	0.006501	0.074639
1.498529	0.082979	0.006497	0.074970
1.500915	0.080647	0.006479	0.075297
1.503301	0.078435	0.006452	0.075620
1.505687	0.076340	0.006413	0.075932
1.508074	0.074389	0.006378	0.076236
1.510460	0.072561	0.006342	0.076537
1.512846	0.070866	0.006294	0.076850
1.515232	0.069310	0.006234	0.077174
1.517618	0.067893	0.006162	0.077506
1.520005	0.066626	0.006083	0.077851
1.522391	0.065516	0.005998	0.078211
1.524777	0.064562	0.005907	0.078588
1.527163	0.063767	0.005809	0.078983
1.529549	0.063116	0.005702	0.079398
1.531935	0.062587	0.005589	0.079835
1.534322	0.062185	0.005494	0.080316
1.536708	0.061924	0.005403	0.080825
1.539094	0.061822	0.005317	0.081352
1.541480	0.061908	0.005239	0.081899
1.543866	0.062196	0.005176	0.082469
1.546253	0.062683	0.005123	0.083056
1.548639	0.063340	0.005079	0.083648
1.551025	0.064142	0.005038	0.084237
1.553411	0.065061	0.004990	0.084811
1.555797	0.066084	0.004929	0.085365
1.558184	0.067200	0.004851	0.085894
1.560570	0.068403	0.004758	0.086399
1.562956	0.069685	0.004650	0.086882
1.565342	0.071044	0.004529	0.087339
1.567728	0.072485	0.004394	0.087775
1.570115	0.074029	0.004251	0.088198
1.572501	0.075677	0.004096	0.088612
1.574887	0.077440	0.003937	0.089022
1.577273	0.079306	0.003769	0.089420
1.579659	0.081290	0.003596	0.089816
1.582046	0.083369	0.003419	0.090205
1.584432	0.085546	0.003246	0.090596
1.586818	0.087831	0.003076	0.090988
1.589204	0.090245	0.002911	0.091384
1.591590	0.092790	0.002751	0.091774
1.593976	0.095480	0.002598	0.092164
1.596363	0.098320	0.002453	0.092554
1.598749	0.101318	0.002315	0.092953
1.601135	0.104477	0.002181	0.093363
1.603521	0.107808	0.002049	0.093791
1.605907	0.111314	0.001916	0.094239
1.608294	0.114992	0.001781	0.094707
1.610680	0.118827	0.001648	0.095188
1.613066	0.122815	0.001512	0.095678
1.615452	0.126935	0.001376	0.096170
1.617838	0.131182	0.001241	0.096662
1.620225	0.135536	0.001107	0.097147
1.622611	0.139981	0.000977	0.097634
1.624997	0.144488	0.000859	0.098119
1.627383	0.149089	0.000765	0.098625
1.629769	0.153797	0.000685	0.099125
1.632156	0.158629	0.000619	0.099617
1.634542	0.163589	0.000570	0.100106
1.636928	0.168676	0.000551	0.100607
1.639314	0.173932	0.000548	0.101118
1.641700	0.179353	0.000551	0.101636
1.644087	0.184936	0.000557	0.102165
1.646473	0.190663	0.000566	0.102700
1.648859	0.196521	0.000577	0.103237
1.651245	0.202487	0.000593	0.103767
1.653631	0.208550	0.000611	0.104287
1.656017	0.214696	0.000634	0.104792
1.658404	0.220920	0.000660	0.105278
1.660790	0.227220	0.000691	0.105747
1.663176	0.233594	0.000726	0.106196
1.665562	0.240048	0.000767	0.106629
1.667948	0.246588	0.000812	0.107045
1.670335	0.253223	0.000863	0.107450
1.672721	0.259953	0.000924	0.107847
1.675107	0.266782	0.000992	0.108237
1.677493	0.273715	0.001072	0.108623
1.679879	0.280748	0.001161	0.109004
1.682266	0.287882	0.001260	0.109383
1.684652	0.295118	0.001372	0.109761
1.687038	0.302469	0.001491	0.110140
1.689424	0.309907	0.001622	0.110521
1.691810	0.317411	0.001770	0.110911
1.694197	0.324995	0.001948	0.111323
1.696583	0.332681	0.002147	0.111736
1.698969	0.340470	0.002365	0.112140
1.701355	0.348366	0.002605	0.112539
1.703741	0.356375	0.002870	0.112936
1.706128	0.364503	0.003155	0.113335
1.708514	0.372755	0.003458	0.113743
1.710900	0.381127	0.003776	0.114162
1.713286	0.389617	0.004108	0.114596
1.715672	0.398216	0.004453	0.115047
1.718058	0.406894	0.004828	0.115519
1.720445	0.415678	0.005214	0.115989
1.722831	0.424543	0.005604	0.116444
1.725217	0.433473	0.006004	0.116886
1.727603	0.442464	0.006415	0.117312
1.729989	0.451506	0.006837	0.117722
1.732376	0.460597	0.007269	0.118118
1.734762	0.469740	0.007712	0.118503
1.737148	0.478936	0.008168	0.118875
1.739534	0.488188	0.008635	0.119238
1.741920	0.497501	0.009117	0.119592
1.744307	0.506878	0.009614	0.119944
1.746693	0.516317	0.010124	0.120289
1.749079	0.525820	0.010645	0.120633
1.751465	0.535382	0.011181	0.120973
1.753851	0.544995	0.011735	0.121313
1.756238	0.554669	0.012311	0.121658
1.758624	0.564388	0.012904	0.121994
1.761010	0.574157	0.013520	0.122335
1.763396	0.584008	0.014149	0.122685
1.765782	0.593953	0.014791	0.123007
1.768169	0.603973	0.015463	0.123302
1.770555	0.614066	0.016147	0.123599
1.772941	0.624227	0.016849	0.123906
1.775327	0.634453	0.017574	0.124222
1.777713	0.644749	0.018325	0.124549
1.780099	0.655113	0.019097	0.124888
1.782486	0.665541	0.019890	0.125238
1.784872	0.676001	0.020693	0.125586
1.787258	0.686488	0.021532	0.125957
1.789644	0.697013	0.022386	0.126315
1.792030	0.707549	0.023240	0.126644
1.794417	0.718079	0.024093	0.126943
1.796803	0.728596	0.024950	0.127209
1.799189	0.739095	0.025808	0.127442
1.801575	0.749580	0.026670	0.127646
1.803961	0.760052	0.027533	0.127824
1.806348	0.770524	0.028398	0.127983
1.808734	0.780998	0.029268	0.128127
1.811120	0.791483	0.030141	0.128260
1.813506	0.801984	0.031021	0.128387
1.815892	0.812503	0.031908	0.128518
1.818279	0.823023	0.032802	0.128648
1.820665	0.833555	0.033738	0.128810
1.823051	0.844126	0.034681	0.128964
1.825437	0.854710	0.035623	0.129108
1.827823	0.865302	0.036567	0.129245
1.830210	0.875902	0.037516	0.129372
1.832596	0.886513	0.038474	0.129494
1.834982	0.897132	0.039440	0.129612
1.837368	0.907761	0.040415	0.129727
1.839754	0.918399	0.041396	0.129843
1.842140	0.929058	0.042382	0.129962
1.844527	0.939732	0.043373	0.130085
1.846913	0.950420	0.044372	0.130214
1.849299	0.961094	0.045372	0.130347
1.851685	0.971773	0.046414	0.130513
1.854071	0.982460	0.047472	0.130676
1.856458	0.993143	0.048528	0.130824
1.858844	1.003809	0.049582	0.130961
1.861230	1.014463	0.050637	0.131085
1.863616	1.025106	0.051692	0.131201
1.866002	1.035747	0.052746	0.131317
1.868389	1.046385	0.053803	0.131427
1.870775	1.057018	0.054864	0.131532
1.873161	1.067668	0.055920	0.131633
1.875547	1.078328	0.056986	0.131722
1.877933	1.088993	0.058060	0.131799
1.880320	1.099690	0.059128	0.131898
1.882706	1.110337	0.060201	0.131991
1.885092	1.120974	0.061319	0.132123
1.887478	1.131593	0.062453	0.132253
1.889864	1.142156	0.063581	0.132363
1.892251	1.152642	0.064700	0.132445
1.894637	1.163049	0.065808	0.132497
1.897023	1.173359	0.066902	0.132513
1.899409	1.183571	0.067977	0.132491
1.901795	1.193681	0.069029	0.132433
1.904181	1.203692	0.070055	0.132341
1.906568	1.213609	0.071056	0.132217
1.908954	1.223438	0.072033	0.132065
1.911340	1.233186	0.072987	0.131892
1.913726	1.242860	0.073924	0.131704
1.916112	1.252459	0.074848	0.131511
1.918499	1.261982	0.075765	0.131326
1.920885	1.271463	0.076706	0.131162
1.923271	1.280881	0.077627	0.130982
1.925657	1.290232	0.078522	0.130785
1.928043	1.299512	0.079399	0.130572
1.930430	1.308731	0.080260	0.130352
1.932816	1.317893	0.081108	0.130125
1.935202	1.327003	0.081943	0.129897
1.937588	1.336063	0.082764	0.129673
1.939974	1.345086	0.083574	0.129456
1.942361	1.354067	0.084373	0.129249
1.944747	1.363008	0.085167	0.129053
1.947133	1.371899	0.085950	0.128875
1.949519	1.380746	0.086769	0.128740
1.951905	1.389562	0.087593	0.128615
1.954292	1.398326	0.088395	0.128481
1.956678	1.407029	0.089177	0.128339
1.959064	1.415666	0.089942	0.128192
1.961450	1.424239	0.090691	0.128042
1.963836	1.432749	0.091424	0.127891
1.966222	1.441194	0.092142	0.127737
1.968609	1.449574	0.092848	0.127586
1.970995	1.457881	0.093537	0.127441
1.973381	1.466135	0.094251	0.127326
1.975767	1.474360	0.094944	0.127223
1.978153	1.482531	0.095624	0.127093
1.980540	1.490627	0.096285	0.126951
1.982926	1.498662	0.096925	0.126807
1.985312	1.506632	0.097545	0.126658
1.987698	1.514525	0.098146	0.126503
1.990084	1.522336	0.098728	0.126340
1.992471	1.530034	0.099288	0.126164
1.994857	1.537615	0.099827	0.125972
1.997243	1.545061	0.100341	0.125759
1.999629	1.552353	0.100822	0.125516
2.002015	1.559493	0.101281	0.125251
2.004402	1.566476	0.101725	0.124963
2.006788	1.573303	0.102129	0.124634
2.009174	1.579965	0.102485	0.124265
2.011560	1.586463	0.102794	0.123856
2.013946	1.592811	0.103058	0.123416
2.016333	1.599025	0.103282	0.122953
2.018719	1.605118	0.103468	0.122477
2.021105	1.611096	0.103619	0.121993
2.023491	1.616973	0.103740	0.121504
2.025877	1.622754	0.103835	0.121015
2.028263	1.628441	0.103907	0.120529
2.030650	1.634030	0.103959	0.120050
2.033036	1.639537	0.103995	0.119579
2.035422	1.644957	0.104013	0.119116
2.037808	1.650287	0.104013	0.118660
2.040194	1.655537	0.103998	0.118216
2.042581	1.660705	0.103983	0.117791
2.044967	1.665786	0.103964	0.117382
2.047353	1.670786	0.103933	0.116980
2.049739	1.675692	0.103882	0.116576
2.052125	1.680497	0.103808	0.116172
2.054512	1.685210	0.103714	0.115771
2.056898	1.689817	0.103598	0.115370
2.059284	1.694345	0.103464	0.114979
2.061670	1.698776	0.103312	0.114592
2.064056	1.703123	0.103138	0.114216
2.066443	1.707382	0.102946	0.113848
2.068829	1.711546	0.102744	0.113490
2.071215	1.715635	0.102551	0.113152
2.073601	1.719645	0.102349	0.112827
2.075987	1.723565	0.102125	0.112505
2.078374	1.727397	0.101877	0.112186
2.080760	1.731134	0.101610	0.111851
2.083146	1.734768	0.101327	0.111516
2.085532	1.738306	0.101015	0.111182
2.087918	1.741732	0.100680	0.110842
2.090304	1.745042	0.100313	0.110495
2.092691	1.748219	0.099924	0.110136
2.095077	1.751244	0.099511	0.109764
2.097463	1.754118	0.099090	0.109380
2.099849	1.756808	0.098626	0.108963
2.102235	1.759315	0.098126	0.108508
2.104622	1.761602	0.097580	0.108008
2.107008	1.763712	0.096995	0.107477
2.109394	1.765633	0.096368	0.106914
2.111780	1.767385	0.095702	0.106327
2.114166	1.768979	0.095004	0.105727
2.116553	1.770435	0.094285	0.105125
2.118939	1.771763	0.093550	0.104530
2.121325	1.772969	0.092796	0.103935
2.123711	1.774055	0.092019	0.103340
2.126097	1.775016	0.091218	0.102747
2.128484	1.775865	0.090406	0.102159
2.130870	1.776598	0.089570	0.101579
2.133256	1.777237	0.088738	0.101013
2.135642	1.777772	0.087896	0.100464
2.138028	1.778211	0.087045	0.099928
2.140415	1.778554	0.086172	0.099405
2.142801	1.778805	0.085293	0.098880
2.145187	1.778952	0.084403	0.098361
2.147573	1.779003	0.083503	0.097856
2.149959	1.778950	0.082603	0.097366
2.152345	1.778799	0.081697	0.096891
2.154732	1.778538	0.080787	0.096427
2.157118	1.778165	0.079867	0.095968
2.159504	1.777681	0.078935	0.095514
2.161890	1.777067	0.077993	0.095057
2.164276	1.776332	0.077030	0.094598
2.166663	1.775480	0.076053	0.094138
2.169049	1.774486	0.075055	0.093669
2.171435	1.773368	0.074042	0.093198
2.173821	1.772101	0.073006	0.092718
2.176207	1.770698	0.071958	0.092232
2.178594	1.769145	0.070886	0.091734
2.180980	1.767457	0.069804	0.091228
2.183366	1.765645	0.068708	0.090721
2.185752	1.763701	0.067604	0.090209
2.188138	1.761631	0.066487	0.089697
2.190525	1.759438	0.065361	0.089185
2.192911	1.757134	0.064234	0.088680
2.195297	1.754708	0.063094	0.088176
2.197683	1.752169	0.061953	0.087678
2.200069	1.749517	0.060805	0.087184
2.202456	1.746737	0.059646	0.086689
2.204842	1.743854	0.058487	0.086204
2.207228	1.740852	0.057324	0.085723
2.209614	1.737752	0.056165	0.085251
2.212000	1.734528	0.055010	0.084785
2.214386	1.731209	0.053865	0.084334
2.216773	1.727799	0.052734	0.083903
2.219159	1.724303	0.051623	0.083489
2.221545	1.720710	0.050534	0.083079
2.223931	1.717024	0.049478	0.082683
2.226317	1.713245	0.048444	0.082303
2.228704	1.709359	0.047435	0.081933
2.231090	1.705380	0.046449	0.081574
2.233476	1.701274	0.045476	0.081215
2.235862	1.697038	0.044507	0.080853
2.238248	1.692660	0.043534	0.080480
2.240635	1.688128	0.042545	0.080091
2.243021	1.683437	0.041528	0.079686
2.245407	1.678589	0.040475	0.079262
2.247793	1.673591	0.039382	0.078820
2.250179	1.668435	0.038248	0.078360
2.252566	1.663154	0.037077	0.077890
2.254952	1.657757	0.035879	0.077417
2.257338	1.652253	0.034649	0.076941
2.259724	1.646658	0.033405	0.076468
2.262110	1.640974	0.032138	0.076001
2.264497	1.635214	0.030856	0.075541
2.266883	1.629384	0.029560	0.075091
2.269269	1.623474	0.028251	0.074647
2.271655	1.617496	0.026933	0.074210
2.274041	1.611445	0.025605	0.073775
2.276427	1.605316	0.024270	0.073336
2.278814	1.599100	0.022928	0.072892
2.281200	1.592800	0.021584	0.072454
2.283586	1.586390	0.020235	0.072010
2.285972	1.579865	0.018879	0.071558
2.288358	1.573249	0.017530	0.071104
2.290745	1.566491	0.016176	0.070630
2.293131	1.559631	0.014830	0.070147
2.295517	1.552630	0.013480	0.069643
2.297903	1.545499	0.012140	0.069122
2.300289	1.538242	0.010800	0.068581
2.302676	1.530849	0.009468	0.068016
2.305062	1.523333	0.008145	0.067432
2.307448	1.515691	0.006833	0.066826
2.309834	1.507923	0.005530	0.066198
2.312220	1.500044	0.004244	0.065556
2.314607	1.492056	0.002976	0.064901
2.316993	1.483975	0.001728	0.064242
2.319379	1.475800	0.000504	0.063583
2.321765	1.467544	-0.000690	0.062928
2.324151	1.459228	-0.001857	0.062288
2.326538	1.450852	-0.002984	0.061652
2.328924	1.442429	-0.004065	0.061041
2.331310	1.433963	-0.005099	0.060465
2.333696	1.425462	-0.006074	0.059920
2.336082	1.416942	-0.006989	0.059408
2.338468	1.408401	-0.007847	0.058929
2.340855	1.399871	-0.008644	0.058487
2.343241	1.391338	-0.009392	0.058084
2.345627	1.382816	-0.010097	0.057724
2.348013	1.374326	-0.010758	0.057414
2.350399	1.365870	-0.011379	0.057152
2.352786	1.357445	-0.011968	0.056938
2.355172	1.349053	-0.012530	0.056772
2.357558	1.340692	-0.013063	0.056652
2.359944	1.332341	-0.013575	0.056573
2.362330	1.323997	-0.014067	0.056536
2.364717	1.315637	-0.014530	0.056534
2.367103	1.307252	-0.014973	0.056556
2.369489	1.298818	-0.015412	0.056585
2.371875	1.290302	-0.015845	0.056608
2.374261	1.281702	-0.016278	0.056621
2.376648	1.273017	-0.016710	0.056620
2.379034	1.264221	-0.017144	0.056601
2.381420	1.255329	-0.017582	0.056563
2.383806	1.246338	-0.018020	0.056507
2.386192	1.237251	-0.018462	0.056436
2.388579	1.228076	-0.018904	0.056349
2.390965	1.218838	-0.019351	0.056259
2.393351	1.209534	-0.019795	0.056146
2.395737	1.200164	-0.020223	0.056009
2.398123	1.190727	-0.020641	0.055866
2.400509	1.181231	-0.021059	0.055719
2.402896	1.171689	-0.021465	0.055577
2.405282	1.162106	-0.021858	0.055438
2.407668	1.152484	-0.022237	0.055303
2.410054	1.142833	-0.022603	0.055173
2.412440	1.133147	-0.022951	0.055044
2.414827	1.123428	-0.023290	0.054914
2.417213	1.113665	-0.023617	0.054781
2.419599	1.103856	-0.023937	0.054644
2.421985	1.094000	-0.024246	0.054500
2.424371	1.084097	-0.024543	0.054350
2.426758	1.074149	-0.024828	0.054198
2.429144	1.064160	-0.025101	0.054044
2.431530	1.054124	-0.025358	0.053886
2.433916	1.044065	-0.025607	0.053730
2.436302	1.033976	-0.025825	0.053569
2.438689	1.023831	-0.026000	0.053430
2.441075	1.013643	-0.026146	0.053316
2.443461	1.003421	-0.026251	0.053228
2.445847	0.993176	-0.026316	0.053150
2.448233	0.982907	-0.026333	0.053073
2.450620	0.972634	-0.026304	0.052998
2.453006	0.962371	-0.026249	0.052927
2.455392	0.952119	-0.026180	0.052861
2.457778	0.941893	-0.026101	0.052811
2.460164	0.931712	-0.026013	0.052788
2.462550	0.921585	-0.025921	0.052792
2.464937	0.911505	-0.025828	0.052821
2.467323	0.901474	-0.025726	0.052877
2.469709	0.891487	-0.025620	0.052955
2.472095	0.881533	-0.025508	0.053050
2.474481	0.871597	-0.025390	0.053155
2.476868	0.861662	-0.025269	0.053262
2.479254	0.851711	-0.025145	0.053365
2.481640	0.841730	-0.025019	0.053456
2.484026	0.831708	-0.024893	0.053531
2.486412	0.821639	-0.024763	0.053586
2.488799	0.811528	-0.024631	0.053620
2.491185	0.801376	-0.024493	0.053641
2.493571	0.791162	-0.024324	0.053677
2.495957	0.780937	-0.024114	0.053724
2.498343	0.770678	-0.023868	0.053764
2.500730	0.760443	-0.023613	0.053800
2.503116	0.750164	-0.023330	0.053815
2.505502	0.739893	-0.023008	0.053819
2.507888	0.729645	-0.022661	0.053827
2.510274	0.719447	-0.022294	0.053847
2.512661	0.709302	-0.021916	0.053882
2.515047	0.699233	-0.021533	0.053944
2.517433	0.689248	-0.021147	0.054039
2.519819	0.679343	-0.020760	0.054163
2.522205	0.669511	-0.020372	0.054312
2.524591	0.659733	-0.019985	0.054476
2.526978	0.649996	-0.019600	0.054646
2.529364	0.640278	-0.019223	0.054810
2.531750	0.630565	-0.018857	0.054956
2.534136	0.620849	-0.018493	0.055086
2.536522	0.611127	-0.018133	0.055194
2.538909	0.601402	-0.017777	0.055282
2.541295	0.591683	-0.017422	0.055349
2.543681	0.581985	-0.017067	0.055401
2.546067	0.572307	-0.016712	0.055443
2.548453	0.562667	-0.016358	0.055482
2.550840	0.553075	-0.016006	0.055521
2.553226	0.543540	-0.015654	0.055565
2.555612	0.534060	-0.015300	0.055613
2.557998	0.524643	-0.014942	0.055670
2.560384	0.515291	-0.014581	0.055734
2.562771	0.506003	-0.014215	0.055805
2.565157	0.496778	-0.013845	0.055882
2.567543	0.487631	-0.013470	0.055968
2.569929	0.478544	-0.013093	0.056057
2.572315	0.469518	-0.012713	0.056149
2.574702	0.460567	-0.012329	0.056246
2.577088	0.451678	-0.011941	0.056348
2.579474	0.442857	-0.011551	0.056456
2.581860	0.434100	-0.011161	0.056580
2.584246	0.425373	-0.010751	0.056740
2.586632	0.416720	-0.010291	0.056954
2.589019	0.408137	-0.009805	0.057186
2.591405	0.399636	-0.009312	0.057426
2.593791	0.391240	-0.008802	0.057674
2.596177	0.382972	-0.008265	0.057934
2.598563	0.374845	-0.007705	0.058215
2.600950	0.366869	-0.007131	0.058523
2.603336	0.359034	-0.006560	0.058855
2.605722	0.351332	-0.006004	0.059208
2.608108	0.343725	-0.005469	0.059566
2.610494	0.336199	-0.004958	0.059923
2.612881	0.328728	-0.004474	0.060268
2.615267	0.321300	-0.004018	0.060592
2.617653	0.313913	-0.003588	0.060893
2.620039	0.306564	-0.003177	0.061174
2.622425	0.299250	-0.002785	0.061430
2.624812	0.291978	-0.002412	0.061662
2.627198	0.284751	-0.002053	0.061872
2.629584	0.277586	-0.001707	0.062069
2.631970	0.270501	-0.001373	0.062259
2.634356	0.263500	-0.001050	0.062446
2.636743	0.256591	-0.000740	0.062630
2.639129	0.249771	-0.000440	0.062813
2.641515	0.243042	-0.000151	0.062994
2.643901	0.236405	0.000130	0.063174
2.646287	0.229868	0.000404	0.063353
2.648673	0.223439	0.000669	0.063537
2.651060	0.217110	0.000928	0.063719
2.653446	0.210898	0.001180	0.063907
2.655832	0.204792	0.001426	0.064090
2.658218	0.198815	0.001670	0.064272
2.660604	0.192959	0.001915	0.064457
2.662991	0.187222	0.002152	0.064657
2.665377	0.181613	0.002379	0.064872
2.667763	0.176138	0.002598	0.065105
2.670149	0.170803	0.002810	0.065356
2.672535	0.165610	0.003015	0.065627
2.674922	0.160569	0.003213	0.065918
2.677308	0.155682	0.003405	0.066230
2.679694	0.150948	0.003587	0.066565
2.682080	0.146361	0.003758	0.066920
2.684466	0.141915	0.003917	0.067295
2.686853	0.137593	0.004069	0.067701
2.689239	0.133368	0.004221	0.068136
2.691625	0.129249	0.004384	0.068614
2.694011	0.125238	0.004553	0.069110
2.696397	0.121373	0.004725	0.069617
2.698784	0.117693	0.004904	0.070144
2.701170	0.114204	0.005096	0.070690
2.703556	0.110897	0.005297	0.071248
2.705942	0.107739	0.005504	0.071806
2.708328	0.104700	0.005703	0.072351
2.710714	0.101754	0.005886	0.072871
2.713101	0.098898	0.006047	0.073369
2.715487	0.096118	0.006187	0.073844
2.717873	0.093406	0.006302	0.074292
2.720259	0.090757	0.006395	0.074712
2.722645	0.088176	0.006465	0.075105
2.725032	0.085665	0.006515	0.075478
2.727418	0.083241	0.006544	0.075833
2.729804	0.080914	0.006556	0.076174
2.732190	0.078672	0.006550	0.076495
2.734576	0.076516	0.006530	0.076795
2.736963	0.074480	0.006508	0.077073
2.739349	0.072540	0.006481	0.077337
2.741735	0.070710	0.006441	0.077607
2.744121	0.068989	0.006393	0.077890
2.746507	0.067364	0.006335	0.078172
2.748894	0.065862	0.006274	0.078467
2.751280	0.064496	0.006213	0.078777
2.753666	0.063274	0.006158	0.079102
2.756052	0.062208	0.006106	0.079443
2.758438	0.061309	0.006065	0.079808
2.760825	0.060585	0.006034	0.080198
2.763211	0.060047	0.006002	0.080612
2.765597	0.059694	0.005962	0.081045
2.767983	0.059524	0.005911	0.081495
2.770369	0.059521	0.005850	0.081959
2.772755	0.059672	0.005779	0.082430
2.775142	0.059963	0.005695	0.082901
2.777528	0.060377	0.005603	0.083367
2.779914	0.060906	0.005500	0.083825
2.782300	0.061546	0.005388	0.084273
2.784686	0.062300	0.005265	0.084710
2.787073	0.063172	0.005132	0.085138
2.789459	0.064160	0.004992	0.085557
2.791845	0.065270	0.004845	0.085973
2.794231	0.066504	0.004694	0.086386
2.796617	0.067876	0.004535	0.086801
2.799004	0.069381	0.004373	0.087219
2.801390	0.071023	0.004206	0.087642
2.803776	0.072802	0.004035	0.088067
2.806162	0.074717	0.003856	0.088495
2.808548	0.076770	0.003674	0.088927
2.810935	0.078965	0.003492	0.089365
2.813321	0.081292	0.003305	0.089804
2.815707	0.083760	0.003121	0.090247
2.818093	0.086362	0.002935	0.090692
2.820479	0.089106	0.002751	0.091144
2.822866	0.091992	0.002573	0.091604
2.825252	0.095019	0.002396	0.092070
2.827638	0.098186	0.002224	0.092547
2.830024	0.101477	0.002060	0.093037
2.832410	0.104896	0.001902	0.093539
2.834796	0.108455	0.001758	0.094063
2.837183	0.112163	0.001627	0.094601
2.839569	0.116034	0.001513	0.095150
2.841955	0.120067	0.001417	0.095708
2.844341	0.124262	0.001338	0.096274
2.846727	0.128609	0.001271	0.096847
2.849114	0.133089	0.001211	0.097424
2.851500	0.137691	0.001162	0.098008
2.853886	0.142400	0.001116	0.098585
2.856272	0.147200	0.001070	0.099148
2.858658	0.152077	0.001025	0.099696
2.861045	0.157019	0.000990	0.100229
2.863431	0.162054	0.000956	0.100741
2.865817	0.167177	0.000922	0.101228
2.868203	0.172393	0.000889	0.101697
2.870589	0.177712	0.000860	0.102153
2.872976	0.183137	0.000835	0.102601
2.875362	0.188670	0.000817	0.103043
2.877748	0.194315	0.000802	0.103482
2.880134	0.200076	0.000794	0.103919
2.882520	0.205944	0.000791	0.104353
2.884907	0.211926	0.000795	0.104784
2.887293	0.218011	0.000803	0.105208
2.889679	0.224202	0.000817	0.105623
2.892065	0.230496	0.000836	0.106028
2.894451	0.236890	0.000864	0.106427
2.896837	0.243386	0.000900	0.106819
2.899224	0.249983	0.000945	0.107204
2.901610	0.256689	0.001001	0.107585
2.903996	0.263500	0.001067	0.107965
2.906382	0.270428	0.001144	0.108347
2.908768	0.277459	0.001231	0.108726
2.911155	0.284599	0.001326	0.109107
2.913541	0.291842	0.001434	0.109494
2.915927	0.299153	0.001557	0.109888
2.918313	0.306566	0.001701	0.110298
2.920699	0.314080	0.001865	0.110709
2.923086	0.321704	0.002046	0.111116
2.925472	0.329443	0.002254	0.111523
2.927858	0.337296	0.002488	0.111930
2.930244	0.345269	0.002743	0.112344
2.932630	0.353366	0.003019	0.112769
2.935017	0.361588	0.003314	0.113211
2.937403	0.369941	0.003624	0.113668
2.939789	0.378419	0.003944	0.114132
2.942175	0.386997	0.004276	0.114601
2.944561	0.395663	0.004630	0.115083
2.946948	0.404395	0.005006	0.115564
2.949334	0.413181	0.005394	0.116039
2.951720	0.422008	0.005802	0.116499
2.954106	0.430906	0.006219	0.116940
2.956492	0.439862	0.006644	0.117358
2.958878	0.448876	0.007078	0.117760
2.961265	0.457952	0.007523	0.118149
2.963651	0.467092	0.007978	0.118532
2.966037	0.476301	0.008446	0.118911
2.968423	0.485579	0.008928	0.119284
2.970809	0.494923	0.009422	0.119656
2.973196	0.504334	0.009932	0.120022
2.975582	0.513807	0.010455	0.120388
2.977968	0.523337	0.010993	0.120751
2.980354	0.532915	0.011540	0.121110
2.982740	0.542531	0.012112	0.121475
2.985127	0.552198	0.012711	0.121841
2.987513	0.561917	0.013324	0.122192
2.989899	0.571683	0.013950	0.122526
2.992285	0.581499	0.014588	0.122847
2.994671	0.591399	0.015220	0.123165
2.997058	0.601383	0.015873	0.123449
2.999444	0.611438	0.016556	0.123718
3.001830	0.621567	0.017252	0.123997
3.004216	0.631769	0.017965	0.124291
3.006602	0.642030	0.018699	0.124595
3.008989	0.652358	0.019458	0.124911
3.011375	0.662744	0.020238	0.125236
3.013761	0.673177	0.021041	0.125569
3.016147	0.683637	0.021854	0.125897
3.018533	0.694111	0.022696	0.126232
3.020919	0.704610	0.023557	0.126556
3.023306	0.715116	0.024422	0.126853
3.025692	0.725613	0.025288	0.127119
3.028078	0.736099	0.026157	0.127354
3.030464	0.746573	0.027028	0.127558
3.032850	0.757039	0.027904	0.127737
3.035237	0.767507	0.028782	0.127897
3.037623	0.777980	0.029663	0.128041
3.040009	0.788466	0.030549	0.128174
3.042395	0.798968	0.031442	0.128303
3.044781	0.809491	0.032340	0.128434
3.047168	0.820006	0.033249	0.128571
3.049554	0.830549	0.034198	0.128735
3.051940	0.841129	0.035150	0.128891
3.054326	0.851723	0.036100	0.129036
3.056712	0.862329	0.037052	0.129175
3.059099	0.872943	0.038009	0.129307
3.061485	0.883566	0.038974	0.129432
3.063871	0.894197	0.039947	0.129554
3.066257	0.904835	0.040927	0.129671
3.068643	0.915477	0.041914	0.129787
3.071030	0.926133	0.042905	0.129905
3.073416	0.936804	0.043900	0.130024
3.075802	0.947484	0.044899	0.130144
3.078188	0.958170	0.045905	0.130265
3.080574	0.968860	0.046922	0.130394
3.082960	0.979523	0.047943	0.130521
3.085347	0.990184	0.049005	0.130678
3.087733	1.000849	0.050078	0.130828
3.090119	1.011501	0.051146	0.130962
3.092505	1.022136	0.052211	0.131083
3.094891	1.032764	0.053272	0.131199
3.097278	1.043384	0.054336	0.131306
3.099664	1.053995	0.055407	0.131404
3.102050	1.064621	0.056472	0.131504
3.104436	1.075259	0.057546	0.131588
3.106822	1.085903	0.058628	0.131665
3.109209	1.096590	0.059710	0.131756
3.111595	1.107227	0.060788	0.131852
3.113981	1.117876	0.061921	0.131989
3.116367	1.128513	0.063060	0.132125
3.118753	1.139103	0.064194	0.132244
3.121140	1.149625	0.065321	0.132340
3.123526	1.160074	0.066440	0.132410
3.125912	1.170432	0.067545	0.132447
3.128298	1.180691	0.068633	0.132447
3.130684	1.190845	0.069698	0.132409
3.133071	1.200894	0.070736	0.132334
3.135457	1.210842	0.071746	0.132223
3.137843	1.220691	0.072732	0.132081
3.140229	1.230453	0.073692	0.131913
3.142615	1.240132	0.074633	0.131725
3.145001	1.249737	0.075556	0.131525
3.147388	1.259259	0.076465	0.131319
3.149774	1.268716	0.077383	0.131133
3.152160	1.278122	0.078310	0.130955
3.154546	1.287463	0.079214	0.130759
3.156932	1.296730	0.080095	0.130543
3.159319	1.305933	0.080958	0.130317
3.161705	1.315074	0.081807	0.130083
3.164091	1.324164	0.082643	0.129847
3.166477	1.333203	0.083466	0.129613
3.168863	1.342204	0.084278	0.129387
3.171250	1.351168	0.085077	0.129171
3.173636	1.360091	0.085871	0.128966
3.176022	1.368976	0.086660	0.128781
3.178408	1.377805	0.087461	0.128630
3.180794	1.386611	0.088289	0.128505
3.183181	1.395373	0.089097	0.128372
3.185567	1.404078	0.089883	0.128233
3.187953	1.412719	0.090651	0.128089
3.190339	1.421296	0.091403	0.127941
3.192725	1.429809	0.092138	0.127793
3.195112	1.438263	0.092860	0.127644
3.197498	1.446646	0.093568	0.127494
3.199884	1.454960	0.094259	0.127348
3.202270	1.463210	0.094964	0.127229
3.204656	1.471420	0.095667	0.127122
3.207043	1.479593	0.096341	0.127008
3.209429	1.487683	0.097004	0.126866
3.211815	1.495707	0.097645	0.126719
3.214201	1.503670	0.098265	0.126570
3.216587	1.511562	0.098865	0.126414
3.218973	1.519361	0.099445	0.126248
3.221360	1.527066	0.100005	0.126074
3.223746	1.534655	0.100542	0.125884
3.226132	1.542116	0.101056	0.125675
3.228518	1.549426	0.101540	0.125439
3.230904	1.556578	0.101998	0.125176
3.233291	1.563579	0.102443	0.124895
3.235677	1.570427	0.102851	0.124577
3.238063	1.577104	0.103214	0.124217
3.240449	1.583616	0.103530	0.123815
3.242835	1.589974	0.103799	0.123381
3.245222	1.596193	0.104026	0.122920
3.247608	1.602286	0.104214	0.122443
3.249994	1.608263	0.104366	0.121957
3.252380	1.614135	0.104486	0.121466
3.254766	1.619909	0.104579	0.120972
3.257153	1.625587	0.104647	0.120481
3.259539	1.631168	0.104693	0.119996
3.261925	1.636661	0.104726	0.119518
3.264311	1.642070	0.104739	0.119048
3.266697	1.647391	0.104734	0.118587
3.269084	1.652630	0.104713	0.118136
3.271470	1.657783	0.104682	0.117698
3.273856	1.662855	0.104659	0.117284
3.276242	1.667845	0.104621	0.116878
3.278628	1.672750	0.104567	0.116475
3.281014	1.677549	0.104492	0.116069
3.283401	1.682251	0.104394	0.115664
3.285787	1.686861	0.104277	0.115263
3.288173	1.691376	0.104138	0.114866
3.290559	1.695802	0.103982	0.114477
3.292945	1.700136	0.103802	0.114095
3.295332	1.704390	0.103606	0.113723
3.297718	1.708547	0.103396	0.113360
3.300104	1.712617	0.103186	0.113012
3.302490	1.716615	0.102979	0.112684
3.304876	1.720528	0.102753	0.112360
3.307263	1.724350	0.102502	0.112042
3.309649	1.728085	0.102232	0.111711
3.312035	1.731716	0.101944	0.111375
3.314421	1.735241	0.101631	0.111038
3.316807	1.738676	0.101294	0.110703
3.319194	1.741986	0.100930	0.110358
3.321580	1.745170	0.100536	0.110003
3.323966	1.748215	0.100121	0.109635
3.326352	1.751105	0.099688	0.109256
3.328738	1.753823	0.099232	0.108852
3.331125	1.756352	0.098734	0.108411
3.333511	1.758683	0.098193	0.107928
3.335897	1.760814	0.097612	0.107407
3.338283	1.762762	0.096987	0.106855
3.340669	1.764536	0.096325	0.106277
3.343055	1.766141	0.095624	0.105679
3.345442	1.767608	0.094900	0.105076
3.347828	1.768935	0.094156	0.104476
3.350214	1.770146	0.093399	0.103882
3.352600	1.771237	0.092621	0.103287
3.354986	1.772203	0.091819	0.102694
3.357373	1.773055	0.090997	0.102104
3.359759	1.773786	0.090157	0.101520
3.362145	1.774416	0.089313	0.100946
3.364531	1.774948	0.088463	0.100389
3.366917	1.775381	0.087603	0.099849
3.369304	1.775720	0.086726	0.099326
3.371690	1.775964	0.085839	0.098799
3.374076	1.776112	0.084944	0.098277
3.376462	1.776155	0.084038	0.097766
3.378848	1.776101	0.083125	0.097271
3.381235	1.775939	0.082207	0.096789
3.383621	1.775677	0.081286	0.096321
3.386007	1.775315	0.080363	0.095865
3.388393	1.774822	0.079428	0.095407
3.390779	1.774216	0.078476	0.094952
3.393166	1.773491	0.077516	0.094497
3.395552	1.772634	0.076535	0.094035
3.397938	1.771662	0.075536	0.093572
3.400324	1.770538	0.074514	0.093097
3.402710	1.769285	0.073474	0.092619
3.405096	1.767890	0.072421	0.092135
3.407483	1.766357	0.071348	0.091642
3.409869	1.764679	0.070260	0.091140
3.412255	1.762880	0.069162	0.090636
3.414641	1.760950	0.068049	0.090127
3.417027	1.758881	0.066926	0.089614
3.419414	1.756694	0.065791	0.089102
3.421800	1.754393	0.064654	0.088595
3.424186	1.751979	0.063512	0.088093
3.426572	1.749446	0.062363	0.087593
3.428958	1.746798	0.061212	0.087098
3.431345	1.744038	0.060050	0.086609
3.433731	1.741161	0.058883	0.086122
3.436117	1.738182	0.057710	0.085644
3.438503	1.735074	0.056539	0.085165
3.440889	1.731865	0.055365	0.084694
3.443276	1.728548	0.054201	0.084235
3.445662	1.725138	0.053040	0.083789
3.448048	1.721632	0.051888	0.083362
3.450434	1.718052	0.050756	0.082945
3.452820	1.714367	0.049646	0.082535
3.455207	1.710587	0.048560	0.082140
3.457593	1.706713	0.047498	0.081761
3.459979	1.702750	0.046458	0.081394
3.462365	1.698664	0.045440	0.081030
3.464751	1.694465	0.044431	0.080669
3.467137	1.690124	0.043427	0.080298
3.469524	1.685643	0.042422	0.079917
3.471910	1.680999	0.041404	0.079517
3.474296	1.676203	0.040361	0.079100
3.476682	1.671249	0.039288	0.078661
3.479068	1.666141	0.038185	0.078205
3.481455	1.660894	0.037043	0.077734
3.483841	1.655512	0.035868	0.077253
3.486227	1.650011	0.034662	0.076765
3.488613	1.644405	0.033427	0.076276
3.490999	1.638710	0.032174	0.075791
3.493386	1.632937	0.030897	0.075314
3.495772	1.627089	0.029606	0.074847
3.498158	1.621166	0.028301	0.074387
3.500544	1.615178	0.026984	0.073937
3.502930	1.609127	0.025657	0.073493
3.505317	1.603003	0.024327	0.073047
3.507703	1.596810	0.022994	0.072603
3.510089	1.590534	0.021657	0.072165
3.512475	1.584165	0.020319	0.071729
3.514861	1.577687	0.018979	0.071289
3.517248	1.571135	0.017643	0.070850
3.519634	1.564449	0.016305	0.070396
3.522020	1.557645	0.014967	0.069931
3.524406	1.550723	0.013633	0.069453
3.526792	1.543685	0.012306	0.068959
3.529178	1.536508	0.010986	0.068445
3.531565	1.529210	0.009669	0.067912
3.533951	1.521776	0.008360	0.067354
3.536337	1.514213	0.007062	0.066775
3.538723	1.506532	0.005772	0.066176
3.541109	1.498726	0.004496	0.065558
3.543496	1.490812	0.003238	0.064927
3.545882	1.482794	0.002000	0.064289
3.548268	1.474682	0.000784	0.063650
3.550654	1.466479	-0.000407	0.063014
3.553040	1.458197	-0.001566	0.062388
3.555427	1.449867	-0.002692	0.061777
3.557813	1.441488	-0.003770	0.061178
3.560199	1.433061	-0.004801	0.060610
3.562585	1.424603	-0.005771	0.060070
3.564971	1.416132	-0.006684	0.059569
3.567358	1.407629	-0.007541	0.059096
3.569744	1.399126	-0.008339	0.058661
3.572130	1.390624	-0.009090	0.058269
3.574516	1.382136	-0.009794	0.057921
3.576902	1.373678	-0.010454	0.057626
3.579289	1.365251	-0.011076	0.057378
3.581675	1.356858	-0.011669	0.057177
3.584061	1.348497	-0.012230	0.057023
3.586447	1.340158	-0.012767	0.056913
3.588833	1.331829	-0.013284	0.056844
3.591219	1.323497	-0.013778	0.056812
3.593606	1.315141	-0.014248	0.056812
3.595992	1.306750	-0.014702	0.056830
3.598378	1.298295	-0.015150	0.056849
3.600764	1.289760	-0.015599	0.056862
3.603150	1.281136	-0.016042	0.056863
3.605537	1.272427	-0.016488	0.056851
3.607923	1.263611	-0.016934	0.056821
3.610309	1.254693	-0.017383	0.056772
3.612695	1.245677	-0.017833	0.056706
3.615081	1.236571	-0.018285	0.056625
3.617468	1.227382	-0.018736	0.056532
3.619854	1.218125	-0.019193	0.056436
3.622240	1.208806	-0.019644	0.056316
3.624626	1.199430	-0.020078	0.056177
3.627012	1.189987	-0.020504	0.056031
3.629399	1.180486	-0.020928	0.055881
3.631785	1.170938	-0.021342	0.055737
3.634171	1.161349	-0.021740	0.055596
3.636557	1.151732	-0.022125	0.055464
3.638943	1.142077	-0.022493	0.055332
3.641330	1.132393	-0.022845	0.055204
3.643716	1.122674	-0.023189	0.055075
3.646102	1.112909	-0.023519	0.054942
3.648488	1.103099	-0.023843	0.054804
3.650874	1.093242	-0.024155	0.054661
3.653260	1.083334	-0.024456	0.054509
3.655647	1.073382	-0.024745	0.054356
3.658033	1.063385	-0.025020	0.054198
3.660419	1.053344	-0.025283	0.054037
3.662805	1.043274	-0.025536	0.053877
3.665191	1.033177	-0.025753	0.053710
3.667578	1.023025	-0.025929	0.053573
3.669964	1.012830	-0.026078	0.053459
3.672350	1.002599	-0.026185	0.053370
3.674736	0.992345	-0.026248	0.053291
3.677122	0.982073	-0.026265	0.053215
3.679509	0.971794	-0.026215	0.053158
3.681895	0.961535	-0.026124	0.053115
3.684281	0.951267	-0.026019	0.053075
3.686667	0.941030	-0.025904	0.053048
3.689053	0.930831	-0.025783	0.053045
3.691440	0.920672	-0.025654	0.053068
3.693826	0.910560	-0.025517	0.053119
3.696212	0.900489	-0.025377	0.053196
3.698598	0.890459	-0.025228	0.053298
3.700984	0.880455	-0.025074	0.053417
3.703371	0.870460	-0.024915	0.053546
3.705757	0.860459	-0.024753	0.053677
3.708143	0.850433	-0.024593	0.053799
3.710529	0.840366	-0.024436	0.053904
3.712915	0.830261	-0.024285	0.053989
3.715301	0.820124	-0.024129	0.054058
3.717688	0.809951	-0.023974	0.054101
3.720074	0.799759	-0.023816	0.054128
3.722460	0.789551	-0.023652	0.054134
3.724846	0.779350	-0.023486	0.054115
3.727232	0.769144	-0.023310	0.054080
3.729619	0.758972	-0.023140	0.054055
3.732005	0.748791	-0.022960	0.054028
3.734391	0.738628	-0.022768	0.054002
3.736777	0.728483	-0.022566	0.053986
3.739163	0.718361	-0.022351	0.053972
3.741550	0.708267	-0.022122	0.053962
3.743936	0.698196	-0.021881	0.053956
3.746322	0.688151	-0.021631	0.053954
3.748708	0.678130	-0.021372	0.053952
3.751094	0.668133	-0.021102	0.053950
3.753481	0.658163	-0.020823	0.053950
3.755867	0.648221	-0.020536	0.053948
3.758253	0.638310	-0.020241	0.053949
3.760639	0.628433	-0.019940	0.053947
3.763025	0.618583	-0.019628	0.053950
3.765412	0.608779	-0.019306	0.053962
3.767798	0.598983	-0.018978	0.053998
3.770184	0.589224	-0.018600	0.054106
3.772570	0.579511	-0.018160	0.054281
3.774956	0.569832	-0.017703	0.054472
3.777342	0.560225	-0.017232	0.054666
3.779729	0.550726	-0.016733	0.054865
3.782115	0.541350	-0.016195	0.055079
3.784501	0.532103	-0.015623	0.055317
3.786887	0.522987	-0.015035	0.055586
3.789273	0.514003	-0.014443	0.055886
3.791660	0.505136	-0.013860	0.056212
3.794046	0.496370	-0.013293	0.056558
3.796432	0.487652	-0.012746	0.056898
3.798818	0.478961	-0.012220	0.057225
3.801204	0.470284	-0.011714	0.057533
3.803591	0.461620	-0.011229	0.057818
3.805977	0.452953	-0.010764	0.058071
3.808363	0.444287	-0.010315	0.058295
3.810749	0.435636	-0.009878	0.058493
3.813135	0.426999	-0.009454	0.058657
3.815522	0.418393	-0.009043	0.058789
3.817908	0.409818	-0.008633	0.058903
3.820294	0.401293	-0.008233	0.059011
3.822680	0.392825	-0.007844	0.059119
3.825066	0.384413	-0.007463	0.059223
3.827453	0.376060	-0.007089	0.059322
3.829839	0.367764	-0.006720	0.059414
3.832225	0.359534	-0.006358	0.059503
3.834611	0.351370	-0.006000	0.059587
3.836997	0.343283	-0.005647	0.059670
3.839383	0.335276	-0.005299	0.059755
3.841770	0.327358	-0.004956	0.059842
3.844156	0.319531	-0.004616	0.059933
3.846542	0.311788	-0.004280	0.060026
3.848928	0.304143	-0.003948	0.060123
3.851314	0.296596	-0.003618	0.060227
3.853701	0.289159	-0.003289	0.060341
3.856087	0.281844	-0.002961	0.060470
3.858473	0.274651	-0.002636	0.060614
3.860859	0.267598	-0.002312	0.060779
3.863245	0.260685	-0.001992	0.060966
3.865632	0.253917	-0.001674	0.061181
3.868018	0.247289	-0.001361	0.061424
3.870404	0.240773	-0.001052	0.061704
3.872790	0.234351	-0.000717	0.062043
3.875176	0.228045	-0.000362	0.062431
3.877563	0.221832	-0.000004	0.062839
3.879949	0.215755	0.000359	0.063260
3.882335	0.209844	0.000737	0.063697
3.884721	0.204121	0.001133	0.064148
3.887107	0.198598	0.001545	0.064613
3.889494	0.193232	0.001967	0.065089
3.891880	0.187994	0.002378	0.065572
3.894266	0.182863	0.002766	0.066054
3.896652	0.177814	0.003129	0.066524
3.899038	0.172834	0.003465	0.066976
3.901424	0.167913	0.003771	0.067405
3.903811	0.163048	0.004048	0.067807
3.906197	0.158230	0.004300	0.068178
3.908583	0.153463	0.004529	0.068523
3.910969	0.148752	0.004734	0.068842
3.913355	0.144110	0.004920	0.069142
3.915742	0.139550	0.005088	0.069430
3.918128	0.135074	0.005237	0.069701
3.920514	0.130682	0.005369	0.069956
3.922900	0.126375	0.005486	0.070197
3.925286	0.122171	0.005589	0.070430
3.927673	0.118066	0.005680	0.070656
3.930059	0.114072	0.005758	0.070879
3.932445	0.110201	0.005827	0.071104
3.934831	0.106459	0.005887	0.071335
3.937217	0.102853	0.005935	0.071570
3.939604	0.099381	0.005976	0.071814
3.941990	0.096048	0.006008	0.072065
3.944376	0.092855	0.006032	0.072327
3.946762	0.089820	0.006047	0.072603
3.949148	0.086948	0.006058	0.072900
3.951535	0.084235	0.006062	0.073213
3.953921	0.081687	0.006058	0.073546
3.956307	0.079311	0.006048	0.073900
3.958693	0.077108	0.006030	0.074274
3.961079	0.075085	0.006004	0.074671
3.963465	0.073244	0.005970	0.075089
3.965852	0.071585	0.005938	0.075520
3.968238	0.070064	0.005909	0.075978
3.970624	0.068669	0.005880	0.076479
3.973010	0.067398	0.005859	0.077027
3.975396	0.066257	0.005838	0.077597
3.977783	0.065288	0.005821	0.078195
3.980169	0.064510	0.005815	0.078815
3.982555	0.063924	0.005823	0.079451
3.984941	0.063504	0.005840	0.080088
3.987327	0.063218	0.005862	0.080714
3.989714	0.063030	0.005878	0.081315
3.992100	0.062924	0.005885	0.081886
3.994486	0.062894	0.005873	0.082425
3.996872	0.062927	0.005842	0.082930
3.999258	0.063020	0.005791	0.083398
4.001645	0.063168	0.005721	0.083834
4.004031	0.063374	0.005637	0.084241
4.006417	0.063656	0.005540	0.084630
4.008803	0.064028	0.005433	0.085004
4.011189	0.064497	0.005312	0.085364
4.013576	0.065068	0.005180	0.085708
4.015962	0.065754	0.005039	0.086042
4.018348	0.066556	0.004891	0.086367
4.020734	0.067483	0.004741	0.086692
4.023120	0.068547	0.004583	0.087019
4.025506	0.069754	0.004424	0.087353
4.027893	0.071106	0.004258	0.087693
4.030279	0.072603	0.004087	0.088040
4.032665	0.074255	0.003911	0.088399
4.035051	0.076060	0.003732	0.088768
4.037437	0.078018	0.003551	0.089148
4.039824	0.080135	0.003368	0.089539
4.042210	0.082401	0.003182	0.089939
4.044596	0.084829	0.003000	0.090354
4.046982	0.087405	0.002820	0.090778
4.049368	0.090129	0.002641	0.091211
4.051755	0.093006	0.002463	0.091654
4.054141	0.096019	0.002289	0.092116
4.056527	0.099141	0.002117	0.092582
4.058913	0.102397	0.001958	0.093075
4.061299	0.105794	0.001813	0.093587
4.063686	0.109346	0.001680	0.094112
4.066072	0.113076	0.001568	0.094652
4.068458	0.116982	0.001477	0.095205
4.070844	0.121066	0.001400	0.095771
4.073230	0.125310	0.001333	0.096350
4.075617	0.129697	0.001281	0.096949
4.078003	0.134201	0.001237	0.097550
4.080389	0.138805	0.001192	0.098143
4.082775	0.143478	0.001151	0.098719
4.085161	0.148248	0.001109	0.099273
4.087547	0.153101	0.001063	0.099800
4.089934	0.158036	0.001018	0.100301
4.092320	0.163057	0.000974	0.100780
4.094706	0.168172	0.000933	0.101243
4.097092	0.173385	0.000896	0.101696
4.099478	0.178704	0.000862	0.102141
4.101865	0.184134	0.000833	0.102583
4.104251	0.189678	0.000806	0.103021
4.106637	0.195332	0.000786	0.103457
4.109023	0.201093	0.000769	0.103885
4.111409	0.206959	0.000757	0.104306
4.113796	0.212928	0.000748	0.104714
4.116182	0.219001	0.000747	0.105115
4.118568	0.225177	0.000752	0.105509
4.120954	0.231454	0.000767	0.105896
4.123340	0.237840	0.000791	0.106278
4.125727	0.244336	0.000823	0.106658
4.128113	0.250941	0.000866	0.107038
4.130499	0.257668	0.000917	0.107420
4.132885	0.264505	0.000980	0.107801
4.135271	0.271455	0.001050	0.108185
4.137658	0.278505	0.001131	0.108576
4.140044	0.285634	0.001230	0.108976
4.142430	0.292863	0.001349	0.109389
4.144816	0.300197	0.001487	0.109806
4.147202	0.307645	0.001645	0.110221
4.149588	0.315211	0.001829	0.110638
4.151975	0.322897	0.002040	0.111057
4.154361	0.330710	0.002273	0.111484
4.156747	0.338650	0.002524	0.111922
4.159133	0.346723	0.002795	0.112380
4.161519	0.354928	0.003087	0.112861
4.163906	0.363254	0.003392	0.113352
4.166292	0.371690	0.003709	0.113846
4.168678	0.380215	0.004035	0.114336
4.171064	0.388814	0.004376	0.114818
4.173450	0.397469	0.004728	0.115290
4.175837	0.406151	0.005108	0.115758
4.178223	0.414905	0.005500	0.116207
4.180609	0.423716	0.005898	0.116632
4.182995	0.432585	0.006304	0.117039
4.185381	0.441520	0.006721	0.117433
4.187768	0.450517	0.007148	0.117815
4.190154	0.459584	0.007587	0.118193
4.192540	0.468722	0.008036	0.118570
4.194926	0.477932	0.008499	0.118942
4.197312	0.487206	0.008973	0.119310
4.199699	0.496550	0.009461	0.119675
4.202085	0.505953	0.009965	0.120033
4.204471	0.515409	0.010483	0.120389
4.206857	0.524917	0.011017	0.120742
4.209243	0.534471	0.011563	0.121090
4.211629	0.544067	0.012137	0.121446
4.214016	0.553722	0.012733	0.121800
4.216402	0.563426	0.013346	0.122137
4.218788	0.573187	0.013972	0.122464
4.221174	0.583007	0.014610	0.122780
4.223560	0.592931	0.015240	0.123096
4.225947	0.602938	0.015904	0.123377
4.228333	0.613020	0.016591	0.123654
4.230719	0.623176	0.017290	0.123943
4.233105	0.633403	0.018008	0.124247
4.235491	0.643698	0.018750	0.124563
4.237878	0.654058	0.019514	0.124888
4.240264	0.664479	0.020299	0.125222
4.242650	0.674944	0.021101	0.125557
4.245036	0.685438	0.021922	0.125891
4.247422	0.695948	0.022756	0.126216
4.249809	0.706456	0.023596	0.126522
4.252195	0.716960	0.024462	0.126825
4.254581	0.727462	0.025338	0.127100
4.256967	0.737952	0.026213	0.127341
4.259353	0.748428	0.027089	0.127550
4.261740	0.758894	0.027968	0.127730
4.264126	0.769361	0.028850	0.127889
4.266512	0.779834	0.029737	0.128033
4.268898	0.790319	0.030630	0.128166
4.271284	0.800826	0.031528	0.128295
4.273670	0.811356	0.032433	0.128428
4.276057	0.821883	0.033349	0.128570
4.278443	0.832443	0.034305	0.128741
4.280829	0.843043	0.035262	0.128904
4.283215	0.853660	0.036216	0.129057
4.285601	0.864291	0.037172	0.129206
4.287988	0.874931	0.038133	0.129348
4.290374	0.885579	0.039102	0.129484
4.292760	0.896231	0.040077	0.129615
4.295146	0.906887	0.041061	0.129740
4.297532	0.917545	0.042050	0.129863
4.299919	0.928212	0.043043	0.129985
4.302305	0.938887	0.044039	0.130107
4.304691	0.949570	0.045039	0.130228
4.307077	0.960253	0.046044	0.130349
4.309463	0.970939	0.047061	0.130476
4.311850	0.981591	0.048082	0.130600
4.314236	0.992242	0.049147	0.130756
4.316622	1.002898	0.050218	0.130902
4.319008	1.013538	0.051283	0.131029
4.321394	1.024159	0.052345	0.131145
4.323781	1.034774	0.053403	0.131255
4.326167	1.045382	0.054465	0.131357
4.328553	1.055980	0.055533	0.131451
4.330939	1.066596	0.056596	0.131546
4.333325	1.077225	0.057669	0.131628
4.335711	1.087858	0.058750	0.131699
4.338098	1.098536	0.059828	0.131793
4.340484	1.109159	0.060913	0.131895
4.342870	1.119800	0.062049	0.132031
4.345256	1.130426	0.063184	0.132162
4.347642	1.141000	0.064314	0.132274
4.350029	1.151508	0.065438	0.132365
4.352415	1.161941	0.066554	0.132430
4.354801	1.172281	0.067656	0.132462
4.357187	1.182527	0.068740	0.132458
4.359573	1.192667	0.069801	0.132416
4.361960	1.202705	0.070835	0.132338
4.364346	1.212638	0.071843	0.132225
4.366732	1.222477	0.072825	0.132082
4.369118	1.232226	0.073783	0.131912
4.371504	1.241895	0.074720	0.131722
4.373891	1.251485	0.075643	0.131521
4.376277	1.260993	0.076547	0.131314
4.378663	1.270438	0.077470	0.131132
4.381049	1.279827	0.078394	0.130949
4.383435	1.289150	0.079293	0.130747
4.385822	1.298400	0.080170	0.130527
4.388208	1.307584	0.081029	0.130298
4.390594	1.316711	0.081875	0.130060
4.392980	1.325783	0.082709	0.129821
4.395366	1.334811	0.083528	0.129586
4.397752	1.343798	0.084338	0.129358
4.400139	1.352751	0.085136	0.129143
4.402525	1.361664	0.085929	0.128939
4.404911	1.370531	0.086711	0.128755
4.407297	1.379356	0.087528	0.128615
4.409683	1.388153	0.088353	0.128486
4.412070	1.396902	0.089155	0.128351
4.414456	1.405592	0.089937	0.128209
4.416842	1.414220	0.090702	0.128063
4.419228	1.422785	0.091451	0.127915
4.421614	1.431287	0.092184	0.127767
4.424001	1.439726	0.092903	0.127616
4.426387	1.448098	0.093609	0.127467
4.428773	1.456396	0.094298	0.127323
4.431159	1.464637	0.095009	0.127208
4.433545	1.472840	0.095706	0.127102
4.435932	1.480998	0.096378	0.126982
4.438318	1.489075	0.097037	0.126837
4.440704	1.497085	0.097674	0.126689
4.443090	1.505035	0.098291	0.126539
4.445476	1.512909	0.098887	0.126381
4.447863	1.520692	0.099465	0.126213
4.450249	1.528382	0.100021	0.126038
4.452635	1.535950	0.100554	0.125845
4.455021	1.543385	0.101065	0.125632
4.457407	1.550671	0.101544	0.125392
4.459793	1.557801	0.102000	0.125128
4.462180	1.564777	0.102443	0.124843
4.464566	1.571598	0.102847	0.124519
4.466952	1.578251	0.103202	0.124153
4.469338	1.584741	0.103513	0.123747
4.471724	1.591075	0.103774	0.123308
4.474111	1.597276	0.103996	0.122845
4.476497	1.603348	0.104179	0.122366
4.478883	1.609308	0.104327	0.121878
4.481269	1.615165	0.104444	0.121387
4.483655	1.620924	0.104533	0.120893
4.486042	1.626584	0.104598	0.120403
4.488428	1.632152	0.104642	0.119919
4.490814	1.637633	0.104672	0.119443
4.493200	1.643030	0.104684	0.118975
4.495586	1.648335	0.104675	0.118515
4.497973	1.653557	0.104655	0.118064
4.500359	1.658698	0.104625	0.117631
4.502745	1.663760	0.104601	0.117219
4.505131	1.668735	0.104562	0.116814
4.507517	1.673622	0.104506	0.116410
4.509904	1.678407	0.104426	0.116005
4.512290	1.683093	0.104327	0.115600
4.514676	1.687688	0.104206	0.115199
4.517062	1.692190	0.104065	0.114804
4.519448	1.696599	0.103906	0.114414
4.521834	1.700915	0.103725	0.114032
4.524221	1.705153	0.103526	0.113662
4.526607	1.709299	0.103313	0.113301
4.528993	1.713360	0.103112	0.112958
4.531379	1.717345	0.102900	0.112631
4.533765	1.721241	0.102670	0.112307
4.536152	1.725048	0.102413	0.111989
4.538538	1.728769	0.102143	0.111657
4.540924	1.732383	0.101855	0.111321
4.543310	1.735895	0.101538	0.110985
4.545696	1.739311	0.101196	0.110649
4.548083	1.742607	0.100829	0.110304
4.550469	1.745773	0.100435	0.109948
4.552855	1.748791	0.100012	0.109579
4.555241	1.751658	0.099581	0.109198
4.557627	1.754356	0.099122	0.108791
4.560014	1.756855	0.098620	0.108344
4.562400	1.759157	0.098071	0.107856
4.564786	1.761263	0.097484	0.107332
4.567172	1.763186	0.096856	0.106776
4.569558	1.764931	0.096188	0.106194
4.571945	1.766517	0.095485	0.105596
4.574331	1.767958	0.094757	0.104991
4.576717	1.769274	0.094015	0.104394
4.579103	1.770468	0.093255	0.103800
4.581489	1.771536	0.092472	0.103205
4.583875	1.772480	0.091666	0.102610
4.586262	1.773312	0.090842	0.102020
4.588648	1.774028	0.090001	0.101438
4.591034	1.774642	0.089157	0.100866
4.593420	1.775156	0.088306	0.100311
4.595806	1.775572	0.087448	0.099772
4.598193	1.775899	0.086567	0.099251
4.600579	1.776125	0.085681	0.098723
4.602965	1.776259	0.084781	0.098203
4.605351	1.776283	0.083876	0.097693
4.607737	1.776207	0.082961	0.097198
4.610124	1.776030	0.082044	0.096718
4.612510	1.775755	0.081125	0.096253
4.614896	1.775365	0.080198	0.095794
4.617282	1.774862	0.079261	0.095339
4.619668	1.774243	0.078312	0.094885
4.622055	1.773497	0.077346	0.094429
4.624441	1.772619	0.076363	0.093967
4.626827	1.771628	0.075360	0.093502
4.629213	1.770481	0.074338	0.093027
4.631599	1.769207	0.073299	0.092549
4.633986	1.767796	0.072241	0.092065
4.636372	1.766239	0.071168	0.091571
4.638758	1.764546	0.070080	0.091069
4.641144	1.762728	0.068980	0.090565
4.643530	1.760773	0.067864	0.090055
4.645916	1.758690	0.066740	0.089543
4.648303	1.756480	0.065607	0.089030
4.650689	1.754162	0.064470	0.088524
4.653075	1.751733	0.063327	0.088022
4.655461	1.749177	0.062177	0.087522
4.657847	1.746512	0.061024	0.087028
4.660234	1.743731	0.059861	0.086538
4.662620	1.740838	0.058696	0.086052
4.665006	1.737838	0.057523	0.085573
4.667392	1.734713	0.056349	0.085095
4.669778	1.731481	0.055181	0.084624
4.672165	1.728158	0.054013	0.084168
4.674551	1.724725	0.052855	0.083723
4.676937	1.721208	0.051707	0.083300
4.679323	1.717605	0.050582	0.082882
4.681709	1.713906	0.049480	0.082475
4.684096	1.710111	0.048396	0.082083
4.686482	1.706226	0.047337	0.081707
4.688868	1.702237	0.046306	0.081339
4.691254	1.698140	0.045288	0.080978
4.693640	1.693914	0.044284	0.080613
4.696027	1.689555	0.043284	0.080243
4.698413	1.685047	0.042278	0.079860
4.700799	1.680384	0.041256	0.079459
4.703185	1.675563	0.040210	0.079039
4.705571	1.670588	0.039136	0.078600
4.707957	1.665458	0.038025	0.078141
4.710344	1.660190	0.036877	0.077670
4.712730	1.654792	0.035698	0.077189
4.715116	1.649276	0.034489	0.076702
4.717502	1.643656	0.033251	0.076213
4.719888	1.637949	0.031993	0.075730
4.722275	1.632163	0.030713	0.075255
4.724661	1.626300	0.029418	0.074788
4.727047	1.620373	0.028110	0.074331
4.729433	1.614373	0.026790	0.073881
4.731819	1.608316	0.025460	0.073440
4.734206	1.602178	0.024127	0.072991
4.736592	1.595970	0.022791	0.072546
4.738978	1.589683	0.021453	0.072109
4.741364	1.583301	0.020109	0.071672
4.743750	1.576807	0.018767	0.071229
4.746137	1.570230	0.017430	0.070787
4.748523	1.563536	0.016096	0.070333
4.750909	1.556712	0.014755	0.069866
4.753295	1.549770	0.013423	0.069383
4.755681	1.542703	0.012094	0.068884
4.758068	1.535507	0.010774	0.068366
4.760454	1.528185	0.009459	0.067828
4.762840	1.520728	0.008148	0.067265
4.765226	1.513148	0.006850	0.066682
4.767612	1.505440	0.005564	0.066078
4.769998	1.497613	0.004292	0.065455
4.772385	1.489682	0.003034	0.064823
4.774771	1.481642	0.001800	0.064181
4.777157	1.473510	0.000587	0.063540
4.779543	1.465288	-0.000598	0.062904
4.781929	1.456993	-0.001751	0.062278
4.784316	1.448649	-0.002870	0.061667
4.786702	1.440257	-0.003942	0.061071
4.789088	1.431821	-0.004958	0.060506
4.791474	1.423355	-0.005916	0.059970
4.793860	1.414880	-0.006819	0.059474
4.796247	1.406381	-0.007665	0.059008
4.798633	1.397880	-0.008455	0.058581
4.801019	1.389385	-0.009193	0.058197
4.803405	1.380911	-0.009890	0.057862
4.805791	1.372464	-0.010540	0.057577
4.808178	1.364054	-0.011155	0.057341
4.810564	1.355673	-0.011743	0.057151
4.812950	1.347327	-0.012299	0.057008
4.815336	1.338996	-0.012833	0.056907
4.817722	1.330677	-0.013344	0.056847
4.820109	1.322347	-0.013834	0.056823
4.822495	1.313991	-0.014301	0.056829
4.824881	1.305590	-0.014753	0.056847
4.827267	1.297123	-0.015202	0.056865
4.829653	1.288575	-0.015652	0.056876
4.832039	1.279932	-0.016096	0.056873
4.834426	1.271206	-0.016542	0.056857
4.836812	1.262368	-0.016991	0.056820
4.839198	1.253428	-0.017442	0.056766
4.841584	1.244394	-0.017894	0.056696
4.843970	1.235273	-0.018348	0.056612
4.846357	1.226063	-0.018799	0.056514
4.848743	1.216797	-0.019256	0.056415
4.851129	1.207465	-0.019708	0.056290
4.853515	1.198076	-0.020140	0.056149
4.855901	1.188623	-0.020567	0.056001
4.858288	1.179111	-0.020991	0.055850
4.860674	1.169557	-0.021402	0.055706
4.863060	1.159964	-0.021799	0.055566
4.865446	1.150338	-0.022180	0.055432
4.867832	1.140681	-0.022547	0.055302
4.870219	1.130994	-0.022899	0.055174
4.872605	1.121268	-0.023239	0.055045
4.874991	1.111500	-0.023569	0.054913
4.877377	1.101685	-0.023892	0.054774
4.879763	1.091821	-0.024202	0.054630
4.882150	1.081910	-0.024501	0.054479
4.884536	1.071951	-0.024787	0.054325
4.886922	1.061947	-0.025062	0.054168
4.889308	1.051899	-0.025320	0.054006
4.891694	1.041828	-0.025570	0.053847
4.894080	1.031720	-0.025778	0.053686
4.896467	1.021557	-0.025948	0.053552
4.898853	1.011355	-0.026090	0.053445
4.901239	1.001121	-0.026187	0.053358
4.903625	0.990858	-0.026243	0.053275
4.906011	0.980591	-0.026250	0.053198
4.908398	0.970310	-0.026214	0.053123
4.910784	0.960042	-0.026155	0.053051
4.913170	0.949786	-0.026088	0.052985
4.915556	0.939569	-0.026008	0.052940
4.917942	0.929399	-0.025920	0.052923
4.920329	0.919277	-0.025830	0.052931
4.922715	0.909205	-0.025738	0.052965
4.925101	0.899183	-0.025638	0.053026
4.927487	0.889201	-0.025533	0.053107
4.929873	0.879246	-0.025422	0.053203
4.932260	0.869308	-0.025307	0.053308
4.934646	0.859364	-0.025188	0.053410
4.937032	0.849396	-0.025067	0.053506
4.939418	0.839396	-0.024945	0.053589
4.941804	0.829356	-0.024821	0.053655
4.944191	0.819270	-0.024695	0.053700
4.946577	0.809145	-0.024564	0.053724
4.948963	0.798983	-0.024430	0.053734
4.951349	0.788767	-0.024273	0.053747
4.953735	0.778527	-0.024074	0.053772
4.956121	0.768267	-0.023829	0.053812
4.958508	0.758033	-0.023571	0.053859
4.960894	0.747753	-0.023287	0.053878
4.963280	0.737480	-0.022966	0.053886
4.965666	0.727231	-0.022613	0.053897
4.968052	0.717026	-0.022242	0.053915
4.970439	0.706877	-0.021857	0.053947
4.972825	0.696803	-0.021466	0.054006
4.975211	0.686812	-0.021073	0.054096
4.977597	0.676906	-0.020681	0.054217
4.979983	0.667074	-0.020288	0.054364
4.982370	0.657308	-0.019896	0.054531
4.984756	0.647581	-0.019507	0.054704
4.987142	0.637882	-0.019124	0.054875
4.989528	0.628189	-0.018748	0.055032
4.991914	0.618489	-0.018383	0.055167
4.994301	0.608783	-0.018018	0.055283
4.996687	0.599077	-0.017657	0.055378
4.999073	0.589373	-0.017297	0.055452
5.001459	0.579684	-0.016937	0.055508
5.003845	0.570023	-0.016580	0.055554
5.006232	0.560395	-0.016222	0.055596
5.008618	0.550816	-0.015867	0.055638
5.011004	0.541291	-0.015511	0.055681
5.013390	0.531821	-0.015154	0.055730
5.015776	0.522415	-0.014795	0.055787
5.018162	0.513071	-0.014432	0.055850
5.020549	0.503792	-0.014067	0.055919
5.022935	0.494576	-0.013698	0.055995
5.025321	0.485439	-0.013325	0.056079
5.027707	0.476365	-0.012948	0.056168
5.030093	0.467359	-0.012571	0.056261
5.032480	0.458414	-0.012189	0.056356
5.034866	0.449544	-0.011804	0.056455
5.037252	0.440739	-0.011414	0.056558
5.039638	0.432013	-0.011021	0.056668
5.042024	0.423370	-0.010627	0.056781
5.044411	0.414821	-0.010232	0.056900
5.046797	0.406334	-0.009819	0.057056
5.049183	0.397894	-0.009392	0.057249
5.051569	0.389518	-0.008940	0.057492
5.053955	0.381223	-0.008474	0.057755
5.056342	0.373038	-0.007989	0.058032
5.058728	0.364984	-0.007478	0.058322
5.061114	0.357079	-0.006941	0.058633
5.063500	0.349319	-0.006387	0.058967
5.065886	0.341706	-0.005829	0.059326
5.068273	0.334223	-0.005281	0.059702
5.070659	0.326840	-0.004754	0.060080
5.073045	0.319526	-0.004249	0.060449
5.075431	0.312269	-0.003770	0.060805
5.077817	0.305055	-0.003315	0.061141
5.080203	0.297876	-0.002888	0.061451
5.082590	0.290742	-0.002483	0.061737
5.084976	0.283645	-0.002096	0.061999
5.087362	0.276599	-0.001725	0.062239
5.089748	0.269606	-0.001369	0.062462
5.092134	0.262685	-0.001027	0.062675
5.094521	0.255849	-0.000697	0.062885
5.096907	0.249107	-0.000380	0.063092
5.099293	0.242458	-0.000076	0.063297
5.101679	0.235901	0.000215	0.063500
5.104065	0.229434	0.000496	0.063700
5.106452	0.223063	0.000767	0.063897
5.108838	0.216795	0.001029	0.064095
5.111224	0.210628	0.001284	0.064291
5.113610	0.204561	0.001531	0.064480
5.115996	0.198633	0.001780	0.064667
5.118383	0.192798	0.002023	0.064853
5.120769	0.187071	0.002256	0.065049
5.123155	0.181462	0.002478	0.065256
5.125541	0.175979	0.002692	0.065476
5.127927	0.170629	0.002900	0.065712
5.130314	0.165411	0.003100	0.065965
5.132700	0.160314	0.003291	0.066240
5.135086	0.155310	0.003489	0.066554
5.137472	0.150424	0.003704	0.066912
5.139858	0.145649	0.003919	0.067288
5.142244	0.141018	0.004134	0.067680
5.144631	0.136550	0.004356	0.068088
5.147017	0.132269	0.004590	0.068515
5.149403	0.128181	0.004835	0.068966
5.151789	0.124276	0.005082	0.069435
5.154175	0.120534	0.005324	0.069917
5.156562	0.116928	0.005549	0.070400
5.158948	0.113439	0.005754	0.070877
5.161334	0.110048	0.005933	0.071340
5.163720	0.106750	0.006085	0.071787
5.166106	0.103540	0.006214	0.072216
5.168493	0.100409	0.006321	0.072627
5.170879	0.097360	0.006409	0.073018
5.173265	0.094394	0.006480	0.073393
5.175651	0.091522	0.006534	0.073753
5.178037	0.088755	0.006573	0.074108
5.180424	0.086096	0.006598	0.074456
5.182810	0.083551	0.006608	0.074798
5.185196	0.081120	0.006603	0.075133
5.187582	0.078797	0.006586	0.075458
5.189968	0.076602	0.006558	0.075782
5.192355	0.074516	0.006518	0.076092
5.194741	0.072574	0.006485	0.076389
5.197127	0.070750	0.006447	0.076688
5.199513	0.069060	0.006395	0.076999
5.201899	0.067505	0.006331	0.077319
5.204285	0.066091	0.006255	0.077646
5.206672	0.064821	0.006173	0.077984
5.209058	0.063704	0.006084	0.078335
5.211444	0.062747	0.005990	0.078703
5.213830	0.061948	0.005890	0.079087
5.216216	0.061308	0.005780	0.079488
5.218603	0.060805	0.005663	0.079912
5.220989	0.060429	0.005545	0.080362
5.223375	0.060182	0.005444	0.080856
5.225761	0.060080	0.005346	0.081374
5.228147	0.060148	0.005255	0.081911
5.230534	0.060407	0.005176	0.082470
5.232920	0.060871	0.005108	0.083049
5.235306	0.061528	0.005056	0.083643
5.237692	0.062351	0.005009	0.084240
5.240078	0.063312	0.004964	0.084831
5.242465	0.064385	0.004909	0.085406
5.244851	0.065561	0.004842	0.085958
5.247237	0.066830	0.004757	0.086487
5.249623	0.068180	0.004659	0.086992
5.252009	0.069612	0.004544	0.087473
5.254396	0.071119	0.004417	0.087928
5.256782	0.072711	0.004279	0.088364
5.259168	0.074405	0.004130	0.088786
5.261554	0.076206	0.003975	0.089201
5.263940	0.078115	0.003810	0.089608
5.266326	0.080135	0.003641	0.090005
5.268713	0.082258	0.003463	0.090394
5.271099	0.084486	0.003284	0.090777
5.273485	0.086821	0.003108	0.091163
5.275871	0.089268	0.002933	0.091545
5.278257	0.091841	0.002761	0.091931
5.280644	0.094552	0.002592	0.092315
5.283030	0.097404	0.002432	0.092701
5.285416	0.100412	0.002283	0.093095
5.287802	0.103575	0.002142	0.093498
5.290188	0.106900	0.002006	0.093914
5.292575	0.110392	0.001872	0.094348
5.294961	0.114053	0.001738	0.094803
5.297347	0.117868	0.001612	0.095281
5.299733	0.121830	0.001485	0.095773
5.302119	0.125936	0.001362	0.096277
5.304506	0.130174	0.001247	0.096786
5.306892	0.134541	0.001138	0.097295
5.309278	0.139031	0.001046	0.097804
5.311664	0.143633	0.000966	0.098312
5.314050	0.148356	0.000897	0.098822
5.316437	0.153190	0.000840	0.099331
5.318823	0.158141	0.000800	0.099851
5.321209	0.163222	0.000767	0.100370
5.323595	0.168423	0.000739	0.100885
5.325981	0.173738	0.000715	0.101398
5.328367	0.179152	0.000706	0.101914
5.330754	0.184691	0.000703	0.102423
5.333140	0.190346	0.000703	0.102922
5.335526	0.196110	0.000705	0.103410
5.337912	0.201982	0.000713	0.103890
5.340298	0.207959	0.000727	0.104361
5.342685	0.214036	0.000749	0.104824
5.345071	0.220217	0.000777	0.105282
5.347457	0.226495	0.000812	0.105732
5.349843	0.232873	0.000854	0.106174
5.352229	0.239348	0.000903	0.106609
5.354616	0.245921	0.000958	0.107035
5.357002	0.252587	0.001022	0.107451
5.359388	0.259355	0.001089	0.107856
5.361774	0.266220	0.001167	0.108253
5.364160	0.273186	0.001254	0.108645
5.366547	0.280247	0.001352	0.109031
5.368933	0.287416	0.001461	0.109415
5.371319	0.294684	0.001581	0.109795
5.373705	0.302063	0.001714	0.110178
5.376091	0.309551	0.001857	0.110563
5.378478	0.317126	0.002010	0.110951
5.380864	0.324764	0.002185	0.111352
5.383250	0.332491	0.002390	0.111772
5.385636	0.340316	0.002611	0.112188
5.388022	0.348244	0.002851	0.112596
5.390408	0.356274	0.003113	0.112998
5.392795	0.364414	0.003399	0.113397
5.395181	0.372667	0.003704	0.113796
5.397567	0.381038	0.004027	0.114203
5.399953	0.389527	0.004366	0.114620
5.402339	0.398129	0.004718	0.115051
5.404726	0.406831	0.005083	0.115492
5.407112	0.415617	0.005478	0.115959
5.409498	0.424498	0.005887	0.116424
5.411884	0.433458	0.006301	0.116876
5.414270	0.442484	0.006723	0.117314
5.416657	0.451568	0.007156	0.117737
5.419043	0.460705	0.007601	0.118146
5.421429	0.469888	0.008056	0.118540
5.423815	0.479124	0.008524	0.118920
5.426201	0.488409	0.009005	0.119289
5.428588	0.497755	0.009501	0.119651
5.430974	0.507159	0.010012	0.120005
5.433360	0.516627	0.010535	0.120356
5.435746	0.526158	0.011072	0.120706
5.438132	0.535750	0.011622	0.121052
5.440519	0.545394	0.012189	0.121397
5.442905	0.555094	0.012773	0.121745
5.445291	0.564835	0.013378	0.122089
5.447677	0.574627	0.014016	0.122444
5.450063	0.584488	0.014666	0.122788
5.452449	0.594452	0.015304	0.123126
5.454836	0.604486	0.015979	0.123419
5.457222	0.614586	0.016672	0.123707
5.459608	0.624757	0.017380	0.124003
5.461994	0.634993	0.018108	0.124312
5.464380	0.645294	0.018861	0.124630
5.466767	0.655662	0.019637	0.124960
5.469153	0.666091	0.020435	0.125302
5.471539	0.676555	0.021245	0.125645
5.473925	0.687045	0.022092	0.126009
5.476311	0.697574	0.022955	0.126364
5.478698	0.708115	0.023819	0.126691
5.481084	0.718653	0.024684	0.126989
5.483470	0.729178	0.025551	0.127253
5.485856	0.739686	0.026421	0.127486
5.488242	0.750179	0.027293	0.127689
5.490629	0.760661	0.028167	0.127867
5.493015	0.771140	0.029043	0.128024
5.495401	0.781621	0.029922	0.128166
5.497787	0.792111	0.030805	0.128296
5.500173	0.802613	0.031693	0.128420
5.502560	0.813132	0.032590	0.128547
5.504946	0.823649	0.033492	0.128673
5.507332	0.834179	0.034437	0.128830
5.509718	0.844746	0.035388	0.128979
5.512104	0.855325	0.036338	0.129117
5.514490	0.865914	0.037289	0.129248
5.516877	0.876510	0.038246	0.129371
5.519263	0.887115	0.039210	0.129487
5.521649	0.897730	0.040183	0.129601
5.524035	0.908354	0.041164	0.129711
5.526421	0.918988	0.042151	0.129823
5.528808	0.929639	0.043144	0.129938
5.531194	0.940309	0.044141	0.130058
5.533580	0.950991	0.045145	0.130181
5.535966	0.961663	0.046152	0.130310
5.538352	0.972331	0.047190	0.130465
5.540739	0.983008	0.048255	0.130627
5.543125	0.993683	0.049318	0.130775
5.545511	1.004343	0.050378	0.130910
5.547897	1.014986	0.051439	0.131031
5.550283	1.025619	0.052500	0.131145
5.552670	1.036248	0.053559	0.131257
5.555056	1.046873	0.054622	0.131364
5.557442	1.057491	0.055688	0.131465
5.559828	1.068125	0.056750	0.131565
5.562214	1.078771	0.057820	0.131652
5.564601	1.089420	0.058900	0.131725
5.566987	1.100107	0.059973	0.131823
5.569373	1.110741	0.061048	0.131916
5.571759	1.121370	0.062172	0.132046
5.574145	1.131983	0.063308	0.132176
5.576531	1.142540	0.064439	0.132285
5.578918	1.153021	0.065562	0.132368
5.581304	1.163425	0.066674	0.132423
5.583690	1.173732	0.067773	0.132442
5.586076	1.183945	0.068853	0.132424
5.588462	1.194050	0.069910	0.132369
5.590849	1.204058	0.070941	0.132280
5.593235	1.213967	0.071946	0.132157
5.595621	1.223787	0.072926	0.132007
5.598007	1.233525	0.073884	0.131834
5.600393	1.243186	0.074822	0.131645
5.602780	1.252769	0.075749	0.131450
5.605166	1.262273	0.076663	0.131258
5.607552	1.271733	0.077605	0.131092
5.609938	1.281131	0.078527	0.130909
5.612324	1.290459	0.079422	0.130708
5.614711	1.299717	0.080298	0.130491
5.617097	1.308912	0.081158	0.130267
5.619483	1.318049	0.082004	0.130035
5.621869	1.327132	0.082838	0.129802
5.624255	1.336167	0.083657	0.129573
5.626642	1.345162	0.084465	0.129351
5.629028	1.354118	0.085261	0.129140
5.631414	1.363032	0.086053	0.128940
5.633800	1.371898	0.086833	0.128758
5.636186	1.380719	0.087650	0.128621
5.638572	1.389510	0.088472	0.128492
5.640959	1.398248	0.089271	0.128355
5.643345	1.406926	0.090050	0.128210
5.645731	1.415538	0.090811	0.128061
5.648117	1.424086	0.091556	0.127909
5.650503	1.432571	0.092286	0.127756
5.652890	1.440989	0.093001	0.127599
5.655276	1.449345	0.093703	0.127447
5.657662	1.457625	0.094388	0.127300
5.660048	1.465853	0.095099	0.127184
5.662434	1.474047	0.095790	0.127078
5.664821	1.482193	0.096464	0.126951
5.667207	1.490260	0.097119	0.126806
5.669593	1.498265	0.097755	0.126659
5.671979	1.506207	0.098369	0.126508
5.674365	1.514072	0.098964	0.126351
5.676752	1.521851	0.099540	0.126186
5.679138	1.529530	0.100095	0.126010
5.681524	1.537086	0.100627	0.125818
5.683910	1.544507	0.101135	0.125604
5.686296	1.551777	0.101612	0.125362
5.688683	1.558893	0.102066	0.125098
5.691069	1.565856	0.102507	0.124811
5.693455	1.572659	0.102905	0.124484
5.695841	1.579295	0.103258	0.124115
5.698227	1.585766	0.103561	0.123705
5.700613	1.592085	0.103819	0.123263
5.703000	1.598268	0.104035	0.122799
5.705386	1.604328	0.104215	0.122320
5.707772	1.610273	0.104357	0.121832
5.710158	1.616119	0.104471	0.121341
5.712544	1.621866	0.104556	0.120848
5.714931	1.627518	0.104619	0.120359
5.717317	1.633072	0.104661	0.119876
5.719703	1.638542	0.104689	0.119401
5.722089	1.643923	0.104698	0.118934
5.724475	1.649221	0.104689	0.118475
5.726862	1.654435	0.104665	0.118028
5.729248	1.659562	0.104636	0.117597
5.731634	1.664610	0.104610	0.117186
5.734020	1.669574	0.104568	0.116781
5.736406	1.674446	0.104509	0.116376
5.738793	1.679214	0.104427	0.115970
5.741179	1.683888	0.104322	0.115565
5.743565	1.688467	0.104199	0.115164
5.745951	1.692960	0.104056	0.114770
5.748337	1.697352	0.103892	0.114380
5.750724	1.701660	0.103706	0.114001
5.753110	1.705883	0.103506	0.113631
5.755496	1.710013	0.103293	0.113271
5.757882	1.714066	0.103091	0.112931
5.760268	1.718037	0.102876	0.112605
5.762654	1.721923	0.102646	0.112281
5.765041	1.725712	0.102384	0.111961
5.767427	1.729418	0.102110	0.111628
5.769813	1.733016	0.101815	0.111292
5.772199	1.736518	0.101498	0.110957
5.774585	1.739916	0.101154	0.110619
5.776972	1.743193	0.100780	0.110272
5.779358	1.746336	0.100382	0.109913
5.781744	1.749333	0.099958	0.109542
5.784130	1.752184	0.099527	0.109161
5.786516	1.754848	0.099057	0.108748
5.788903	1.757325	0.098550	0.108296
5.791289	1.759602	0.097997	0.107803
5.793675	1.761674	0.097403	0.107273
5.796061	1.763572	0.096771	0.106714
5.798447	1.765298	0.096096	0.106129
5.800834	1.766868	0.095392	0.105531
5.803220	1.768285	0.094659	0.104926
5.805606	1.769584	0.093913	0.104329
5.807992	1.770753	0.093150	0.103733
5.810378	1.771804	0.092363	0.103138
5.812765	1.772738	0.091554	0.102545
5.815151	1.773547	0.090726	0.101954
5.817537	1.774246	0.089889	0.101372
5.819923	1.774847	0.089041	0.100802
5.822309	1.775341	0.088189	0.100248
5.824695	1.775744	0.087328	0.099711
5.827082	1.776056	0.086446	0.099190
5.829468	1.776264	0.085554	0.098663
5.831854	1.776381	0.084655	0.098143
5.834240	1.776390	0.083747	0.097634
5.836626	1.776301	0.082832	0.097142
5.839013	1.776110	0.081916	0.096664
5.841399	1.775820	0.080993	0.096199
5.843785	1.775414	0.080067	0.095741
5.846171	1.774893	0.079126	0.095285
5.848557	1.774252	0.078175	0.094831
5.850944	1.773486	0.077210	0.094373
5.853330	1.772597	0.076221	0.093912
5.855716	1.771579	0.075215	0.093445
5.858102	1.770424	0.074192	0.092972
5.860488	1.769130	0.073148	0.092494
5.862875	1.767693	0.072089	0.092007
5.865261	1.766115	0.071014	0.091512
5.867647	1.764410	0.069923	0.091011
5.870033	1.762567	0.068821	0.090504
5.872419	1.760595	0.067704	0.089994
5.874806	1.758491	0.066580	0.089481
5.877192	1.756268	0.065447	0.088969
5.879578	1.753937	0.064308	0.088465
5.881964	1.751479	0.063165	0.087960
5.884350	1.748909	0.062015	0.087461
5.886736	1.746230	0.060858	0.086968
5.889123	1.743433	0.059693	0.086478
5.891509	1.740525	0.058528	0.085993
5.893895	1.737499	0.057353	0.085512
5.896281	1.734358	0.056181	0.085034
5.898667	1.731113	0.055010	0.084566
5.901054	1.727769	0.053847	0.084109
5.903440	1.724325	0.052690	0.083668
5.905826	1.720795	0.051545	0.083246
5.908212	1.717177	0.050420	0.082829
5.910598	1.713460	0.049322	0.082423
5.912985	1.709649	0.048244	0.082032
5.915371	1.705747	0.047192	0.081657
5.917757	1.701751	0.046161	0.081293
5.920143	1.697625	0.045147	0.080929
5.922529	1.693388	0.044142	0.080567
5.924916	1.689005	0.043145	0.080194
5.927302	1.684473	0.042138	0.079808
5.929688	1.679791	0.041114	0.079407
5.932074	1.674946	0.040063	0.078983
5.934460	1.669942	0.038983	0.078540
5.936847	1.664802	0.037869	0.078083
5.939233	1.659515	0.036715	0.077611
5.941619	1.654096	0.035531	0.077128
5.944005	1.648565	0.034316	0.076642
5.946391	1.642930	0.033076	0.076153
5.948777	1.637218	0.031814	0.075673
5.951164	1.631418	0.030533	0.075199
5.953550	1.625548	0.029236	0.074735
5.955936	1.619607	0.027927	0.074279
5.958322	1.613603	0.026605	0.073831
5.960708	1.607530	0.025277	0.073389
5.963095	1.601384	0.023941	0.072941
5.965481	1.595166	0.022606	0.072498
5.967867	1.588860	0.021264	0.072059
5.970253	1.582461	0.019920	0.071620
5.972639	1.575960	0.018577	0.071180
5.975026	1.569355	0.017241	0.070732
5.977412	1.562649	0.015904	0.070278
5.979798	1.555807	0.014565	0.069808
5.982184	1.548847	0.013233	0.069324
5.984570	1.541760	0.011904	0.068821
5.986957	1.534546	0.010582	0.068300
5.989343	1.527203	0.009268	0.067758
5.991729	1.519727	0.007961	0.067192
5.994115	1.512127	0.006664	0.066607
5.996501	1.504399	0.005380	0.065998
5.998888	1.496557	0.004108	0.065375
6.001274	1.488606	0.002855	0.064739
6.003660	1.480552	0.001624	0.064097
6.006046	1.472404	0.000413	0.063456
6.008432	1.464167	-0.000769	0.062820
6.010818	1.455860	-0.001918	0.062195
6.013205	1.447511	-0.003031	0.061585
6.015591	1.439107	-0.004094	0.060991
6.017977	1.430662	-0.005106	0.060429
6.020363	1.422193	-0.006056	0.059897
6.022749	1.413714	-0.006951	0.059406
6.025136	1.405213	-0.007787	0.058944
6.027522	1.396711	-0.008572	0.058523
6.029908	1.388217	-0.009304	0.058145
6.032294	1.379744	-0.009993	0.057816
6.034680	1.371302	-0.010639	0.057539
6.037067	1.362897	-0.011249	0.057309
6.039453	1.354521	-0.011833	0.057126
6.041839	1.346174	-0.012383	0.056987
6.044225	1.337847	-0.012915	0.056893
6.046611	1.329524	-0.013424	0.056837
6.048998	1.321195	-0.013911	0.056819
6.051384	1.312832	-0.014374	0.056827
6.053770	1.304423	-0.014826	0.056845
6.056156	1.295944	-0.015277	0.056862
6.058542	1.287385	-0.015722	0.056872
6.060929	1.278730	-0.016168	0.056867
6.063315	1.269988	-0.016616	0.056849
6.065701	1.261134	-0.017065	0.056809
6.068087	1.252185	-0.017513	0.056754
6.070473	1.243139	-0.017967	0.056681
6.072859	1.234001	-0.018420	0.056594
6.075246	1.224783	-0.018870	0.056495
6.077632	1.215506	-0.019328	0.056395
6.080018	1.206167	-0.019776	0.056267
6.082404	1.196765	-0.020209	0.056124
6.084790	1.187306	-0.020635	0.055976
6.087177	1.177785	-0.021057	0.055824
6.089563	1.168225	-0.021466	0.055681
6.091949	1.158627	-0.021863	0.055541
6.094335	1.148999	-0.022243	0.055408
6.096721	1.139337	-0.022606	0.055278
6.099108	1.129646	-0.022957	0.055151
6.101494	1.119916	-0.023295	0.055022
6.103880	1.110139	-0.023624	0.054889
6.106266	1.100320	-0.023943	0.054750
6.108652	1.090451	-0.024253	0.054606
6.111039	1.080533	-0.024550	0.054455
6.113425	1.070571	-0.024834	0.054301
6.115811	1.060559	-0.025105	0.054143
6.118197	1.050505	-0.025362	0.053980
6.120583	1.040431	-0.025608	0.053823
6.122970	1.030316	-0.025809	0.053666
6.125356	1.020149	-0.025975	0.053536
6.127742	1.009938	-0.026111	0.053432
6.130128	0.999702	-0.026201	0.053346
6.132514	0.989436	-0.026251	0.053263
6.134900	0.979162	-0.026252	0.053184
6.137287	0.968889	-0.026213	0.053109
6.139673	0.958621	-0.026154	0.053034
6.142059	0.948373	-0.026087	0.052971
6.144445	0.938165	-0.026007	0.052930
6.146831	0.928003	-0.025919	0.052917
6.149218	0.917892	-0.025832	0.052928
6.151604	0.907831	-0.025739	0.052967
6.153990	0.897815	-0.025638	0.053030
6.156376	0.887844	-0.025533	0.053116
6.158762	0.877894	-0.025423	0.053212
6.161149	0.867954	-0.025306	0.053316
6.163535	0.858009	-0.025187	0.053418
6.165921	0.848037	-0.025065	0.053511
6.168307	0.838029	-0.024945	0.053590
6.170693	0.827977	-0.024822	0.053652
6.173080	0.817885	-0.024695	0.053693
6.175466	0.807748	-0.024566	0.053715
6.177852	0.797566	-0.024424	0.053730
6.180238	0.787333	-0.024254	0.053756
6.182624	0.777091	-0.024034	0.053797
6.185011	0.766830	-0.023782	0.053831
6.187397	0.756584	-0.023518	0.053866
6.189783	0.746302	-0.023220	0.053876
6.192169	0.736038	-0.022888	0.053882
6.194555	0.725801	-0.022534	0.053892
6.196941	0.715616	-0.022162	0.053915
6.199328	0.705496	-0.021780	0.053958
6.201714	0.695451	-0.021393	0.054029
6.204100	0.685490	-0.021005	0.054131
6.206486	0.675610	-0.020617	0.054263
6.208872	0.665799	-0.020228	0.054417
6.211259	0.656038	-0.019839	0.054585
6.213645	0.646314	-0.019455	0.054757
6.216031	0.636606	-0.019077	0.054920
6.218417	0.626898	-0.018708	0.055065
6.220803	0.617184	-0.018345	0.055189
6.223190	0.607465	-0.017984	0.055295
6.225576	0.597742	-0.017626	0.055377
6.227962	0.588027	-0.017269	0.055439
6.230348	0.578332	-0.016912	0.055488
6.232734	0.568668	-0.016556	0.055528
6.235121	0.559045	-0.016200	0.055567
6.237507	0.549470	-0.015846	0.055607
6.239893	0.539954	-0.015492	0.055650
6.242279	0.530496	-0.015136	0.055701
6.244665	0.521104	-0.014776	0.055760
6.247052	0.511772	-0.014414	0.055825
6.249438	0.502511	-0.014048	0.055898
6.251824	0.493306	-0.013678	0.055974
6.254210	0.484188	-0.013303	0.056062
6.256596	0.475127	-0.012926	0.056152
6.258982	0.466131	-0.012547	0.056247
6.261369	0.457204	-0.012164	0.056343
6.263755	0.448343	-0.011776	0.056444
6.266141	0.439557	-0.011385	0.056552
6.268527	0.430843	-0.010993	0.056664
6.270913	0.422208	-0.010601	0.056782
6.273300	0.413654	-0.010193	0.056931
6.275686	0.405134	-0.009762	0.057113
6.278072	0.396679	-0.009306	0.057343
6.280458	0.388307	-0.008841	0.057591
6.282844	0.380044	-0.008359	0.057852
6.285231	0.371911	-0.007850	0.058125
6.287617	0.363922	-0.007313	0.058420
6.290003	0.356086	-0.006759	0.058741
6.292389	0.348389	-0.006203	0.059084
6.294775	0.340825	-0.005656	0.059447
6.297162	0.333367	-0.005129	0.059817
6.299548	0.325982	-0.004628	0.060178
6.301934	0.318649	-0.004155	0.060521
6.304320	0.311366	-0.003708	0.060846
6.306706	0.304121	-0.003284	0.061150
6.309093	0.296918	-0.002881	0.061431
6.311479	0.289757	-0.002495	0.061690
6.313865	0.282644	-0.002125	0.061928
6.316251	0.275586	-0.001768	0.062149
6.318637	0.268593	-0.001428	0.062355
6.321023	0.261682	-0.001100	0.062556
6.323410	0.254859	-0.000786	0.062756
6.325796	0.248122	-0.000484	0.062954
6.328182	0.241481	-0.000192	0.063152
6.330568	0.234935	0.000091	0.063349
6.332954	0.228486	0.000367	0.063546
6.335341	0.222132	0.000636	0.063743
6.337727	0.215886	0.000898	0.063939
6.340113	0.209732	0.001154	0.064133
6.342499	0.203693	0.001402	0.064322
6.344885	0.197782	0.001653	0.064509
6.347272	0.191985	0.001898	0.064706
6.349658	0.186308	0.002132	0.064922
6.352044	0.180747	0.002364	0.065173
6.354430	0.175269	0.002591	0.065438
6.356816	0.169905	0.002827	0.065744
6.359203	0.164664	0.003071	0.066083
6.361589	0.159579	0.003335	0.066454
6.363975	0.154664	0.003612	0.066845
6.366361	0.149925	0.003898	0.067254
6.368747	0.145367	0.004190	0.067684
6.371134	0.140979	0.004480	0.068132
6.373520	0.136746	0.004755	0.068591
6.375906	0.132639	0.005011	0.069049
6.378292	0.128640	0.005245	0.069497
6.380678	0.124729	0.005456	0.069931
6.383065	0.120904	0.005645	0.070349
6.385451	0.117159	0.005813	0.070749
6.387837	0.113491	0.005958	0.071129
6.390223	0.109908	0.006083	0.071488
6.392609	0.106413	0.006191	0.071833
6.394995	0.103016	0.006281	0.072169
6.397382	0.099734	0.006360	0.072502
6.399768	0.096573	0.006423	0.072834
6.402154	0.093530	0.006473	0.073167
6.404540	0.090608	0.006510	0.073498
6.406926	0.087814	0.006535	0.073830
6.409313	0.085143	0.006544	0.074161
6.411699	0.082594	0.006542	0.074490
6.414085	0.080175	0.006528	0.074821
6.416471	0.077882	0.006503	0.075150
6.418857	0.075712	0.006470	0.075477
6.421244	0.073687	0.006428	0.075805
6.423630	0.071805	0.006395	0.076119
6.426016	0.070057	0.006355	0.076443
6.428402	0.068449	0.006301	0.076780
6.430788	0.066985	0.006234	0.077131
6.433175	0.065672	0.006157	0.077495
6.435561	0.064514	0.006077	0.077876
6.437947	0.063513	0.005989	0.078273
6.440333	0.062668	0.005895	0.078688
6.442719	0.061958	0.005792	0.079124
6.445106	0.061371	0.005690	0.079588
6.447492	0.060914	0.005603	0.080094
6.449878	0.060595	0.005518	0.080619
6.452264	0.060441	0.005437	0.081163
6.454650	0.060476	0.005368	0.081728
6.457036	0.060714	0.005310	0.082312
6.459423	0.061134	0.005265	0.082906
6.461809	0.061712	0.005227	0.083500
6.464195	0.062423	0.005189	0.084085
6.466581	0.063238	0.005143	0.084650
6.468967	0.064153	0.005082	0.085191
6.471354	0.065155	0.005004	0.085706
6.473740	0.066239	0.004911	0.086199
6.476126	0.067403	0.004802	0.086667
6.478512	0.068644	0.004680	0.087110
6.480898	0.069974	0.004545	0.087534
6.483285	0.071407	0.004401	0.087946
6.485671	0.072952	0.004246	0.088354
6.488057	0.074606	0.004085	0.088754
6.490443	0.076364	0.003915	0.089143
6.492829	0.078238	0.003742	0.089529
6.495216	0.080206	0.003567	0.089915
6.497602	0.082273	0.003394	0.090300
6.499988	0.084464	0.003226	0.090691
6.502374	0.086782	0.003062	0.091081
6.504760	0.089239	0.002904	0.091466
6.507147	0.091847	0.002752	0.091852
6.509533	0.094608	0.002609	0.092243
6.511919	0.097527	0.002470	0.092643
6.514305	0.100616	0.002335	0.093058
6.516691	0.103875	0.002198	0.093492
6.519077	0.107316	0.002062	0.093948
6.521464	0.110921	0.001926	0.094421
6.523850	0.114681	0.001788	0.094904
6.526236	0.118587	0.001648	0.095393
6.528622	0.122623	0.001508	0.095884
6.531008	0.126780	0.001368	0.096372
6.533395	0.131048	0.001231	0.096855
6.535781	0.135398	0.001100	0.097339
6.538167	0.139816	0.000981	0.097825
6.540553	0.144327	0.000888	0.098332
6.542939	0.148953	0.000805	0.098832
6.545326	0.153706	0.000738	0.099325
6.547712	0.158596	0.000690	0.099820
6.550098	0.163616	0.000670	0.100326
6.552484	0.168810	0.000666	0.100843
6.554870	0.174176	0.000667	0.101371
6.557257	0.179702	0.000672	0.101908
6.559643	0.185371	0.000680	0.102451
6.562029	0.191163	0.000690	0.102992
6.564415	0.197060	0.000703	0.103524
6.566801	0.203047	0.000719	0.104044
6.569188	0.209120	0.000739	0.104548
6.571574	0.215267	0.000761	0.105032
6.573960	0.221488	0.000788	0.105498
6.576346	0.227785	0.000820	0.105944
6.578732	0.234162	0.000856	0.106373
6.581118	0.240629	0.000896	0.106786
6.583505	0.247190	0.000943	0.107189
6.585891	0.253849	0.000998	0.107585
6.588277	0.260606	0.001062	0.107973
6.590663	0.267472	0.001136	0.108359
6.593049	0.274437	0.001220	0.108738
6.595436	0.281502	0.001314	0.109115
6.597822	0.288675	0.001421	0.109492
6.600208	0.295950	0.001536	0.109867
6.602594	0.303319	0.001662	0.110244
6.604980	0.310760	0.001804	0.110633
6.607367	0.318279	0.001974	0.111041
6.609753	0.325895	0.002166	0.111453
6.612139	0.333620	0.002380	0.111859
6.614525	0.341454	0.002616	0.112260
6.616911	0.349401	0.002877	0.112658
6.619298	0.357469	0.003159	0.113058
6.621684	0.365664	0.003459	0.113467
6.624070	0.373985	0.003773	0.113888
6.626456	0.382428	0.004102	0.114324
6.628842	0.390984	0.004441	0.114773
6.631229	0.399626	0.004806	0.115245
6.633615	0.408362	0.005190	0.115723
6.636001	0.417180	0.005580	0.116187
6.638387	0.426064	0.005978	0.116633
6.640773	0.435006	0.006387	0.117062
6.643159	0.444000	0.006807	0.117474
6.645546	0.453044	0.007239	0.117868
6.647932	0.462140	0.007681	0.118251
6.650318	0.471291	0.008133	0.118625
6.652704	0.480501	0.008598	0.118989
6.655090	0.489775	0.009076	0.119348
6.657477	0.499112	0.009569	0.119700
6.659863	0.508516	0.010075	0.120048
6.662249	0.517980	0.010595	0.120390
6.664635	0.527507	0.011125	0.120728
6.667021	0.537096	0.011668	0.121061
6.669408	0.546738	0.012225	0.121392
6.671794	0.556437	0.012806	0.121729
6.674180	0.566178	0.013413	0.122069
6.676566	0.575971	0.014041	0.122414
6.678952	0.585828	0.014689	0.122761
6.681339	0.595790	0.015333	0.123096
6.683725	0.605831	0.016019	0.123392
6.686111	0.615936	0.016720	0.123684
6.688497	0.626111	0.017435	0.123985
6.690883	0.636356	0.018173	0.124298
6.693270	0.646671	0.018937	0.124622
6.695656	0.657057	0.019724	0.124959
6.698042	0.667511	0.020532	0.125309
6.700428	0.677998	0.021350	0.125659
6.702814	0.688514	0.022204	0.126033
6.705200	0.699068	0.023074	0.126397
6.707587	0.709636	0.023943	0.126733
6.709973	0.720198	0.024811	0.127038
6.712359	0.730744	0.025682	0.127310
6.714745	0.741270	0.026554	0.127548
6.717131	0.751776	0.027429	0.127754
6.719518	0.762265	0.028304	0.127933
6.721904	0.772748	0.029182	0.128091
6.724290	0.783228	0.030062	0.128230
6.726676	0.793714	0.030946	0.128357
6.729062	0.804213	0.031834	0.128478
6.731449	0.814727	0.032731	0.128600
6.733835	0.825244	0.033632	0.128720
6.736221	0.835768	0.034573	0.128871
6.738607	0.846330	0.035524	0.129019
6.740993	0.856907	0.036476	0.129158
6.743380	0.867493	0.037427	0.129289
6.745766	0.878085	0.038385	0.129410
6.748152	0.888686	0.039350	0.129525
6.750538	0.899296	0.040323	0.129637
6.752924	0.909914	0.041305	0.129745
6.755311	0.920544	0.042293	0.129856
6.757697	0.931194	0.043287	0.129971
6.760083	0.941859	0.044285	0.130090
6.762469	0.952537	0.045291	0.130216
6.764855	0.963199	0.046298	0.130347
6.767241	0.973870	0.047355	0.130513
6.769628	0.984552	0.048419	0.130672
6.772014	0.995225	0.049479	0.130816
6.774400	1.005883	0.050538	0.130948
6.776786	1.016528	0.051599	0.131069
6.779172	1.027165	0.052659	0.131184
6.781559	1.037797	0.053718	0.131297
6.783945	1.048424	0.054781	0.131404
6.786331	1.059047	0.055847	0.131507
6.788717	1.069687	0.056907	0.131606
6.791103	1.080334	0.057978	0.131692
6.793490	1.090997	0.059057	0.131766
6.795876	1.101668	0.060129	0.131863
6.798262	1.112299	0.061205	0.131954
6.800648	1.122922	0.062330	0.132085
6.803034	1.133521	0.063466	0.132210
6.805421	1.144060	0.064596	0.132313
6.807807	1.154521	0.065716	0.132389
6.810193	1.164900	0.066825	0.132434
6.812579	1.175181	0.067920	0.132443
6.814965	1.185367	0.068996	0.132414
6.817352	1.195445	0.070046	0.132349
6.819738	1.205427	0.071072	0.132250
6.822124	1.215314	0.072072	0.132119
6.824510	1.225115	0.073048	0.131963
6.826896	1.234835	0.074002	0.131784
6.829282	1.244480	0.074938	0.131592
6.831669	1.254045	0.075859	0.131395
6.834055	1.263544	0.076787	0.131216
6.836441	1.272997	0.077726	0.131046
6.838827	1.282384	0.078641	0.130859
6.841213	1.291702	0.079533	0.130655
6.843600	1.300952	0.080407	0.130438
6.845986	1.310140	0.081265	0.130214
6.848372	1.319272	0.082110	0.129982
6.850758	1.328350	0.082942	0.129751
6.853144	1.337383	0.083759	0.129525
6.855531	1.346376	0.084566	0.129306
6.857917	1.355327	0.085361	0.129097
6.860303	1.364237	0.086153	0.128901
6.862689	1.373092	0.086932	0.128723
6.865075	1.381913	0.087757	0.128593
6.867462	1.390696	0.088575	0.128462
6.869848	1.399425	0.089371	0.128323
6.872234	1.408092	0.090146	0.128177
6.874620	1.416692	0.090905	0.128026
6.877006	1.425228	0.091647	0.127873
6.879393	1.433702	0.092373	0.127718
6.881779	1.442108	0.093086	0.127561
6.884165	1.450453	0.093786	0.127408
6.886551	1.458720	0.094470	0.127263
6.888937	1.466943	0.095184	0.127149
6.891323	1.475136	0.095871	0.127045
6.893710	1.483267	0.096541	0.126911
6.896096	1.491325	0.097195	0.126767
6.898482	1.499325	0.097828	0.126620
6.900868	1.507255	0.098440	0.126469
6.903254	1.515110	0.099033	0.126311
6.905641	1.522879	0.099607	0.126146
6.908027	1.530539	0.100160	0.125968
6.910413	1.538084	0.100690	0.125774
6.912799	1.545481	0.101193	0.125556
6.915185	1.552726	0.101665	0.125310
6.917572	1.559825	0.102119	0.125044
6.919958	1.566761	0.102553	0.124751
6.922344	1.573546	0.102947	0.124419
6.924730	1.580157	0.103291	0.124044
6.927116	1.586608	0.103590	0.123631
6.929503	1.592906	0.103841	0.123185
6.931889	1.599074	0.104053	0.122719
6.934275	1.605121	0.104228	0.122240
6.936661	1.611052	0.104365	0.121752
6.939047	1.616884	0.104475	0.121261
6.941434	1.622619	0.104559	0.120769
6.943820	1.628259	0.104619	0.120281
6.946206	1.633801	0.104659	0.119800
6.948592	1.639264	0.104685	0.119328
6.950978	1.644635	0.104691	0.118862
6.953364	1.649919	0.104680	0.118405
6.955751	1.655124	0.104657	0.117960
6.958137	1.660241	0.104628	0.117533
6.960523	1.665280	0.104602	0.117124
6.962909	1.670233	0.104558	0.116721
6.965295	1.675094	0.104495	0.116316
6.967682	1.679851	0.104411	0.115910
6.970068	1.684509	0.104305	0.115506
6.972454	1.689079	0.104177	0.115107
6.974840	1.693558	0.104034	0.114714
6.977226	1.697942	0.103869	0.114327
6.979613	1.702237	0.103678	0.113948
6.981999	1.706451	0.103477	0.113580
6.984385	1.710572	0.103265	0.113224
6.986771	1.714609	0.103062	0.112886
6.989157	1.718575	0.102848	0.112562
6.991544	1.722448	0.102613	0.112240
6.993930	1.726232	0.102351	0.111918
6.996316	1.729924	0.102074	0.111584
6.998702	1.733507	0.101776	0.111247
7.001088	1.736996	0.101455	0.110913
7.003475	1.740379	0.101106	0.110574
7.005861	1.743639	0.100730	0.110226
7.008247	1.746771	0.100328	0.109867
7.010633	1.749741	0.099899	0.109492
7.013019	1.752558	0.099463	0.109105
7.015405	1.755196	0.098991	0.108685
7.017792	1.757639	0.098473	0.108225
7.020178	1.759877	0.097914	0.107724
7.022564	1.761934	0.097317	0.107191
7.024950	1.763799	0.096675	0.106624
7.027336	1.765500	0.095995	0.106037
7.029723	1.767042	0.095283	0.105435
7.032109	1.768445	0.094552	0.104832
7.034495	1.769722	0.093806	0.104235
7.036881	1.770883	0.093037	0.103641
7.039267	1.771913	0.092247	0.103045
7.041654	1.772826	0.091435	0.102453
7.044040	1.773625	0.090609	0.101865
7.046426	1.774316	0.089765	0.101286
7.048812	1.774895	0.088917	0.100716
7.051198	1.775381	0.088067	0.100167
7.053585	1.775775	0.087204	0.099633
7.055971	1.776073	0.086318	0.099112
7.058357	1.776270	0.085428	0.098587
7.060743	1.776373	0.084528	0.098069
7.063129	1.776372	0.083617	0.097564
7.065516	1.776272	0.082704	0.097074
7.067902	1.776072	0.081787	0.096600
7.070288	1.775761	0.080864	0.096136
7.072674	1.775346	0.079934	0.095680
7.075060	1.774801	0.078993	0.095223
7.077446	1.774147	0.078042	0.094769
7.079833	1.773371	0.077073	0.094314
7.082219	1.772460	0.076086	0.093850
7.084605	1.771432	0.075077	0.093385
7.086991	1.770252	0.074050	0.092910
7.089377	1.768936	0.073007	0.092429
7.091764	1.767480	0.071943	0.091941
7.094150	1.765882	0.070864	0.091444
7.096536	1.764163	0.069771	0.090944
7.098922	1.762296	0.068666	0.090435
7.101308	1.760304	0.067551	0.089924
7.103695	1.758179	0.066421	0.089409
7.106081	1.755946	0.065289	0.088900
7.108467	1.753594	0.064148	0.088394
7.110853	1.751122	0.063003	0.087891
7.113239	1.748540	0.061854	0.087393
7.115626	1.745841	0.060695	0.086899
7.118012	1.743026	0.059531	0.086409
7.120398	1.740105	0.058364	0.085925
7.122784	1.737061	0.057188	0.085444
7.125170	1.733906	0.056016	0.084968
7.127557	1.730648	0.054847	0.084502
7.129943	1.727287	0.053686	0.084046
7.132329	1.723835	0.052527	0.083609
7.134715	1.720297	0.051386	0.083189
7.137101	1.716661	0.050267	0.082771
7.139487	1.712934	0.049172	0.082367
7.141874	1.709112	0.048096	0.081981
7.144260	1.705196	0.047048	0.081607
7.146646	1.701183	0.046020	0.081243
7.149032	1.697046	0.045011	0.080881
7.151418	1.692778	0.044009	0.080514
7.153805	1.688375	0.043005	0.080139
7.156191	1.683823	0.041998	0.079751
7.158577	1.679113	0.040969	0.079345
7.160963	1.674249	0.039916	0.078920
7.163349	1.669223	0.038828	0.078474
7.165736	1.664058	0.037709	0.078013
7.168122	1.658751	0.036551	0.077539
7.170508	1.653318	0.035362	0.077056
7.172894	1.647768	0.034144	0.076568
7.175280	1.642122	0.032901	0.076081
7.177667	1.636397	0.031636	0.075602
7.180053	1.630591	0.030352	0.075130
7.182439	1.624712	0.029054	0.074668
7.184825	1.618762	0.027743	0.074214
7.187211	1.612749	0.026423	0.073768
7.189598	1.606667	0.025094	0.073327
7.191984	1.600514	0.023762	0.072881
7.194370	1.594283	0.022424	0.072438
7.196756	1.587965	0.021084	0.072001
7.199142	1.581556	0.019740	0.071563
7.201528	1.575035	0.018398	0.071120
7.203915	1.568419	0.017060	0.070673
7.206301	1.561698	0.015725	0.070218
7.208687	1.554837	0.014386	0.069745
7.211073	1.547862	0.013056	0.069260
7.213459	1.540757	0.011729	0.068755
7.215846	1.533523	0.010408	0.068231
7.218232	1.526164	0.009094	0.067687
7.220618	1.518672	0.007788	0.067119
7.223004	1.511053	0.006493	0.066529
7.225390	1.503308	0.005212	0.065920
7.227777	1.495449	0.003941	0.065294
7.230163	1.487481	0.002691	0.064657
7.232549	1.479417	0.001460	0.064015
7.234935	1.471254	0.000255	0.063374
7.237321	1.463007	-0.000922	0.062738
7.239708	1.454698	-0.002069	0.062116
7.242094	1.446341	-0.003177	0.061504
7.244480	1.437927	-0.004234	0.060913
7.246866	1.429482	-0.005237	0.060358
7.249252	1.421003	-0.006184	0.059834
7.251639	1.412521	-0.007072	0.059344
7.254025	1.404017	-0.007901	0.058889
7.256411	1.395515	-0.008677	0.058473
7.258797	1.387021	-0.009404	0.058101
7.261183	1.378549	-0.010087	0.057776
7.263569	1.370105	-0.010733	0.057503
7.265956	1.361704	-0.011338	0.057279
7.268342	1.353326	-0.011916	0.057099
7.270728	1.344977	-0.012468	0.056965
7.273114	1.336649	-0.012994	0.056874
7.275500	1.328324	-0.013502	0.056822
7.277887	1.319987	-0.013983	0.056806
7.280273	1.311620	-0.014445	0.056817
7.282659	1.303202	-0.014894	0.056836
7.285045	1.294717	-0.015343	0.056854
7.287431	1.286144	-0.015788	0.056863
7.289818	1.277482	-0.016234	0.056858
7.292204	1.268724	-0.016680	0.056837
7.294590	1.259861	-0.017129	0.056797
7.296976	1.250901	-0.017579	0.056741
7.299362	1.241846	-0.018030	0.056667
7.301749	1.232700	-0.018482	0.056580
7.304135	1.223476	-0.018932	0.056481
7.306521	1.214191	-0.019390	0.056380
7.308907	1.204844	-0.019835	0.056249
7.311293	1.195437	-0.020264	0.056105
7.313680	1.185966	-0.020691	0.055956
7.316066	1.176442	-0.021112	0.055807
7.318452	1.166874	-0.021518	0.055663
7.320838	1.157270	-0.021914	0.055523
7.323224	1.147636	-0.022292	0.055390
7.325610	1.137971	-0.022654	0.055261
7.327997	1.128272	-0.023003	0.055132
7.330383	1.118536	-0.023339	0.055003
7.332769	1.108755	-0.023667	0.054870
7.335155	1.098928	-0.023986	0.054730
7.337541	1.089048	-0.024295	0.054583
7.339928	1.079124	-0.024588	0.054432
7.342314	1.069156	-0.024871	0.054277
7.344700	1.059140	-0.025139	0.054120
7.347086	1.049078	-0.025395	0.053957
7.349472	1.039000	-0.025640	0.053801
7.351859	1.028883	-0.025833	0.053649
7.354245	1.018709	-0.025997	0.053521
7.356631	1.008492	-0.026126	0.053420
7.359017	0.998255	-0.026212	0.053335
7.361403	0.987987	-0.026254	0.053253
7.363790	0.977712	-0.026246	0.053175
7.366176	0.967438	-0.026194	0.053110
7.368562	0.957177	-0.026097	0.053069
7.370948	0.946937	-0.025982	0.053043
7.373334	0.936728	-0.025862	0.053035
7.375721	0.926554	-0.025735	0.053049
7.378107	0.916425	-0.025601	0.053090
7.380493	0.906337	-0.025461	0.053156
7.382879	0.896286	-0.025314	0.053246
7.385265	0.886269	-0.025161	0.053357
7.387651	0.876265	-0.025004	0.053480
7.390038	0.866265	-0.024840	0.053609
7.392424	0.856248	-0.024676	0.053735
7.394810	0.846198	-0.024514	0.053850
7.397196	0.836107	-0.024354	0.053946
7.399582	0.825980	-0.024201	0.054022
7.401969	0.815818	-0.024042	0.054080
7.404355	0.805627	-0.023883	0.054115
7.406741	0.795422	-0.023720	0.054134
7.409127	0.785212	-0.023553	0.054132
7.411513	0.775006	-0.023379	0.054107
7.413900	0.764813	-0.023199	0.054074
7.416286	0.754638	-0.023026	0.054054
7.418672	0.744468	-0.022838	0.054030
7.421058	0.734317	-0.022641	0.054011
7.423444	0.724185	-0.022431	0.053999
7.425831	0.714077	-0.022211	0.053990
7.428217	0.703995	-0.021976	0.053985
7.430603	0.693938	-0.021731	0.053983
7.432989	0.683903	-0.021478	0.053983
7.435375	0.673891	-0.021215	0.053982
7.437762	0.663904	-0.020944	0.053982
7.440148	0.653942	-0.020664	0.053981
7.442534	0.644009	-0.020375	0.053979
7.444920	0.634108	-0.020079	0.053979
7.447306	0.624239	-0.019777	0.053977
7.449692	0.614402	-0.019462	0.053979
7.452079	0.604618	-0.019136	0.053992
7.454465	0.594882	-0.018803	0.054020
7.456851	0.585134	-0.018451	0.054090
7.459237	0.575471	-0.018037	0.054240
7.461623	0.565836	-0.017574	0.054449
7.464010	0.556249	-0.017104	0.054660
7.466396	0.546761	-0.016615	0.054875
7.468782	0.537387	-0.016090	0.055098
7.471168	0.528143	-0.015528	0.055341
7.473554	0.519026	-0.014939	0.055608
7.475941	0.510045	-0.014340	0.055906
7.478327	0.501192	-0.013744	0.056235
7.480713	0.492450	-0.013162	0.056585
7.483099	0.483769	-0.012599	0.056935
7.485485	0.475124	-0.012059	0.057274
7.487872	0.466499	-0.011540	0.057596
7.490258	0.457887	-0.011041	0.057896
7.492644	0.449281	-0.010564	0.058169
7.495030	0.440668	-0.010108	0.058407
7.497416	0.432071	-0.009663	0.058618
7.499803	0.423488	-0.009234	0.058794
7.502189	0.414932	-0.008811	0.058936
7.504575	0.406397	-0.008398	0.059060
7.506961	0.397905	-0.007998	0.059179
7.509347	0.389470	-0.007608	0.059294
7.511733	0.381093	-0.007226	0.059403
7.514120	0.372769	-0.006851	0.059505
7.516506	0.364503	-0.006483	0.059601
7.518892	0.356301	-0.006121	0.059691
7.521278	0.348164	-0.005764	0.059776
7.523664	0.340099	-0.005414	0.059857
7.526051	0.332112	-0.005070	0.059938
7.528437	0.324212	-0.004729	0.060021
7.530823	0.316402	-0.004394	0.060107
7.533209	0.308684	-0.004062	0.060197
7.535595	0.301058	-0.003734	0.060290
7.537982	0.293535	-0.003409	0.060389
7.540368	0.286111	-0.003085	0.060494
7.542754	0.278815	-0.002761	0.060616
7.545140	0.271640	-0.002440	0.060752
7.547526	0.264598	-0.002121	0.060907
7.549913	0.257699	-0.001806	0.061085
7.552299	0.250945	-0.001492	0.061288
7.554685	0.244339	-0.001181	0.061520
7.557071	0.237877	-0.000876	0.061780
7.559457	0.231516	-0.000573	0.062081
7.561844	0.225252	-0.000243	0.062439
7.564230	0.219103	0.000107	0.062845
7.566616	0.213052	0.000457	0.063263
7.569002	0.207141	0.000815	0.063693
7.571388	0.201408	0.001188	0.064133
7.573774	0.195873	0.001585	0.064582
7.576161	0.190510	0.001994	0.065056
7.578547	0.185305	0.002400	0.065547
7.580933	0.180226	0.002793	0.066044
7.583319	0.175247	0.003165	0.066532
7.585705	0.170351	0.003511	0.067007
7.588092	0.165520	0.003829	0.067461
7.590478	0.160746	0.004119	0.067887
7.592864	0.156026	0.004378	0.068284
7.595250	0.151354	0.004613	0.068654
7.597636	0.146735	0.004823	0.068995
7.600023	0.142171	0.005012	0.069311
7.602409	0.137681	0.005180	0.069610
7.604795	0.133275	0.005331	0.069894
7.607181	0.128954	0.005464	0.070163
7.609567	0.124719	0.005583	0.070416
7.611954	0.120571	0.005686	0.070655
7.614340	0.116532	0.005776	0.070889
7.616726	0.112595	0.005853	0.071116
7.619112	0.108779	0.005918	0.071345
7.621498	0.105089	0.005975	0.071578
7.623885	0.101533	0.006021	0.071817
7.626271	0.098112	0.006057	0.072061
7.628657	0.094826	0.006085	0.072313
7.631043	0.091678	0.006105	0.072573
7.633429	0.088677	0.006116	0.072843
7.635815	0.085830	0.006121	0.073129
7.638202	0.083147	0.006120	0.073434
7.640588	0.080624	0.006113	0.073755
7.642974	0.078267	0.006097	0.074094
7.645360	0.076087	0.006076	0.074455
7.647746	0.074079	0.006048	0.074832
7.650133	0.072262	0.006010	0.075229
7.652519	0.070628	0.005984	0.075636
7.654905	0.069159	0.005948	0.076076
7.657291	0.067823	0.005900	0.076552
7.659677	0.066614	0.005858	0.077075
7.662064	0.065535	0.005825	0.077637
7.664450	0.064582	0.005791	0.078216
7.666836	0.063802	0.005763	0.078819
7.669222	0.063207	0.005745	0.079443
7.671608	0.062813	0.005739	0.080085
7.673995	0.062583	0.005744	0.080728
7.676381	0.062487	0.005751	0.081358
7.678767	0.062489	0.005757	0.081963
7.681153	0.062571	0.005752	0.082536
7.683539	0.062722	0.005731	0.083074
7.685926	0.062939	0.005690	0.083576
7.688312	0.063215	0.005630	0.084042
7.690698	0.063545	0.005554	0.084475
7.693084	0.063938	0.005462	0.084879
7.695470	0.064410	0.005352	0.085261
7.697856	0.064973	0.005232	0.085627
7.700243	0.065643	0.005099	0.085982
7.702629	0.066415	0.004955	0.086324
7.705015	0.067295	0.004806	0.086660
7.707401	0.068291	0.004649	0.086990
7.709787	0.069412	0.004488	0.087320
7.712174	0.070663	0.004322	0.087652
7.714560	0.072043	0.004154	0.087990
7.716946	0.073549	0.003985	0.088337
7.719332	0.075200	0.003818	0.088694
7.721718	0.076997	0.003651	0.089058
7.724105	0.078949	0.003484	0.089430
7.726491	0.081064	0.003322	0.089812
7.728877	0.083345	0.003162	0.090206
7.731263	0.085793	0.003009	0.090616
7.733649	0.088411	0.002856	0.091041
7.736036	0.091194	0.002702	0.091483
7.738422	0.094141	0.002548	0.091940
7.740808	0.097244	0.002393	0.092414
7.743194	0.100484	0.002241	0.092904
7.745580	0.103845	0.002092	0.093401
7.747967	0.107329	0.001950	0.093908
7.750353	0.110937	0.001817	0.094417
7.752739	0.114672	0.001695	0.094922
7.755125	0.118530	0.001589	0.095426
7.757511	0.122525	0.001499	0.095937
7.759897	0.126656	0.001419	0.096450
7.762284	0.130928	0.001345	0.096966
7.764670	0.135339	0.001276	0.097488
7.767056	0.139874	0.001207	0.098013
7.769442	0.144524	0.001151	0.098551
7.771828	0.149303	0.001101	0.099088
7.774215	0.154205	0.001050	0.099615
7.776601	0.159214	0.000999	0.100129
7.778987	0.164326	0.000951	0.100629
7.781373	0.169545	0.000907	0.101118
7.783759	0.174860	0.000869	0.101595
7.786146	0.180277	0.000835	0.102061
7.788532	0.185796	0.000807	0.102520
7.790918	0.191420	0.000785	0.102972
7.793304	0.197153	0.000768	0.103419
7.795690	0.202991	0.000756	0.103859
7.798077	0.208935	0.000747	0.104291
7.800463	0.214987	0.000745	0.104714
7.802849	0.221146	0.000749	0.105131
7.805235	0.227410	0.000760	0.105542
7.807621	0.233778	0.000782	0.105947
7.810008	0.240261	0.000811	0.106350
7.812394	0.246854	0.000849	0.106751
7.814780	0.253554	0.000899	0.107152
7.817166	0.260379	0.000956	0.107555
7.819552	0.267309	0.001025	0.107956
7.821938	0.274341	0.001102	0.108356
7.824325	0.281472	0.001190	0.108764
7.826711	0.288675	0.001296	0.109178
7.829097	0.295976	0.001422	0.109604
7.831483	0.303384	0.001567	0.110031
7.833869	0.310903	0.001734	0.110456
7.836256	0.318533	0.001924	0.110878
7.838642	0.326282	0.002142	0.111304
7.841028	0.334154	0.002383	0.111736
7.843414	0.342148	0.002640	0.112176
7.845800	0.350274	0.002916	0.112635
7.848187	0.358528	0.003210	0.113114
7.850573	0.366898	0.003519	0.113602
7.852959	0.375375	0.003841	0.114095
7.855345	0.383936	0.004175	0.114583
7.857731	0.392565	0.004521	0.115061
7.860118	0.401250	0.004879	0.115528
7.862504	0.409966	0.005264	0.115992
7.864890	0.418745	0.005663	0.116437
7.867276	0.427585	0.006067	0.116860
7.869662	0.436484	0.006481	0.117264
7.872049	0.445447	0.006903	0.117655
7.874435	0.454476	0.007337	0.118037
7.876821	0.463577	0.007782	0.118416
7.879207	0.472747	0.008238	0.118792
7.881593	0.481987	0.008708	0.119164
7.883979	0.491293	0.009191	0.119532
7.886366	0.500666	0.009688	0.119896
7.888752	0.510096	0.010200	0.120254
7.891138	0.519581	0.010727	0.120611
7.893524	0.529114	0.011265	0.120963
7.895910	0.538689	0.011825	0.121321
7.898297	0.548310	0.012414	0.121680
7.900683	0.557992	0.013017	0.122029
7.903069	0.567719	0.013635	0.122360
7.905455	0.577502	0.014266	0.122680
7.907841	0.587362	0.014899	0.122995
7.910228	0.597316	0.015538	0.123290
7.912614	0.607345	0.016214	0.123560
7.915000	0.617455	0.016905	0.123839
7.917386	0.627632	0.017610	0.124132
7.919772	0.637878	0.018336	0.124438
7.922159	0.648190	0.019087	0.124753
7.924545	0.658565	0.019858	0.125077
7.926931	0.668993	0.020648	0.125407
7.929317	0.679461	0.021455	0.125736
7.931703	0.689954	0.022279	0.126061
7.934090	0.700458	0.023116	0.126373
7.936476	0.710958	0.023956	0.126664
7.938862	0.721447	0.024819	0.126949
7.941248	0.731933	0.025695	0.127210
7.943634	0.742409	0.026572	0.127438
7.946020	0.752874	0.027451	0.127635
7.948407	0.763332	0.028331	0.127806
7.950793	0.773793	0.029215	0.127957
7.953179	0.784264	0.030106	0.128094
7.955565	0.794751	0.031002	0.128223
7.957951	0.805265	0.031905	0.128354
7.960338	0.815792	0.032810	0.128484
7.962724	0.826324	0.033752	0.128646
7.965110	0.836906	0.034710	0.128815
7.967496	0.847516	0.035666	0.128975
7.969882	0.858143	0.036621	0.129129
7.972269	0.868784	0.037580	0.129279
7.974655	0.879433	0.038546	0.129421
7.977041	0.890090	0.039518	0.129559
7.979427	0.900749	0.040498	0.129691
7.981813	0.911408	0.041485	0.129816
7.984200	0.922074	0.042476	0.129942
7.986586	0.932748	0.043471	0.130067
7.988972	0.943425	0.044469	0.130189
7.991358	0.954106	0.045471	0.130309
7.993744	0.964792	0.046480	0.130432
7.996131	0.975463	0.047500	0.130556
7.998517	0.986107	0.048534	0.130690
8.000903	0.996757	0.049604	0.130843
8.003289	1.007403	0.050673	0.130980
8.005675	1.018031	0.051737	0.131102
8.008061	1.028647	0.052796	0.131215
8.010448	1.039254	0.053855	0.131321
8.012834	1.049855	0.054920	0.131417
8.015220	1.060461	0.055987	0.131513
8.017606	1.071084	0.057052	0.131602
8.019992	1.081716	0.058129	0.131678
8.022379	1.092380	0.059211	0.131757
8.024765	1.103015	0.060283	0.131850
8.027151	1.113653	0.061406	0.131978
8.029537	1.124295	0.062542	0.132113
8.031923	1.134895	0.063674	0.132233
8.034310	1.145438	0.064801	0.132334
8.036696	1.155909	0.065921	0.132412
8.039082	1.166298	0.067030	0.132460
8.041468	1.176593	0.068125	0.132473
8.043854	1.186786	0.069197	0.132450
8.046241	1.196873	0.070244	0.132388
8.048627	1.206857	0.071264	0.132291
8.051013	1.216741	0.072258	0.132161
8.053399	1.226534	0.073227	0.132002
8.055785	1.236241	0.074174	0.131820
8.058172	1.245872	0.075102	0.131621
8.060558	1.255424	0.076018	0.131415
8.062944	1.264893	0.076915	0.131206
8.065330	1.274314	0.077843	0.131029
8.067716	1.283673	0.078758	0.130840
8.070102	1.292960	0.079647	0.130629
8.072489	1.302180	0.080516	0.130404
8.074875	1.311337	0.081369	0.130171
8.077261	1.320438	0.082210	0.129932
8.079647	1.329489	0.083039	0.129694
8.082033	1.338500	0.083854	0.129463
8.084420	1.347471	0.084659	0.129241
8.086806	1.356408	0.085455	0.129030
8.089192	1.365306	0.086249	0.128838
8.091578	1.374149	0.087036	0.128668
8.093964	1.382969	0.087868	0.128542
8.096351	1.391751	0.088685	0.128412
8.098737	1.400479	0.089479	0.128275
8.101123	1.409146	0.090254	0.128133
8.103509	1.417749	0.091014	0.127987
8.105895	1.426293	0.091756	0.127841
8.108282	1.434774	0.092484	0.127694
8.110668	1.443189	0.093198	0.127545
8.113054	1.451536	0.093900	0.127401
8.115440	1.459807	0.094592	0.127267
8.117826	1.468035	0.095308	0.127160
8.120213	1.476229	0.095991	0.127057
8.122599	1.484352	0.096660	0.126922
8.124985	1.492400	0.097310	0.126776
8.127371	1.500388	0.097939	0.126627
8.129757	1.508303	0.098545	0.126473
8.132143	1.516141	0.099133	0.126310
8.134530	1.523888	0.099702	0.126140
8.136916	1.531525	0.100248	0.125957
8.139302	1.539039	0.100771	0.125755
8.141688	1.546411	0.101270	0.125531
8.144074	1.553628	0.101735	0.125278
8.146461	1.560698	0.102186	0.125007
8.148847	1.567605	0.102614	0.124705
8.151233	1.574356	0.102998	0.124363
8.153619	1.580935	0.103334	0.123979
8.156005	1.587357	0.103623	0.123558
8.158392	1.593633	0.103868	0.123107
8.160778	1.599777	0.104074	0.122636
8.163164	1.605804	0.104241	0.122154
8.165550	1.611714	0.104376	0.121663
8.167936	1.617527	0.104480	0.121169
8.170323	1.623246	0.104558	0.120677
8.172709	1.628870	0.104614	0.120189
8.175095	1.634397	0.104652	0.119709
8.177481	1.639843	0.104675	0.119235
8.179867	1.645202	0.104678	0.118771
8.182254	1.650474	0.104664	0.118315
8.184640	1.655666	0.104638	0.117872
8.187026	1.660770	0.104612	0.117448
8.189412	1.665798	0.104582	0.117040
8.191798	1.670739	0.104538	0.116638
8.194184	1.675586	0.104474	0.116234
8.196571	1.680331	0.104386	0.115829
8.198957	1.684976	0.104278	0.115425
8.201343	1.689535	0.104149	0.115027
8.203729	1.693999	0.104002	0.114635
8.206115	1.698371	0.103831	0.114249
8.208502	1.702655	0.103640	0.113873
8.210888	1.706857	0.103437	0.113507
8.213274	1.710964	0.103226	0.113152
8.215660	1.714997	0.103023	0.112819
8.218046	1.718948	0.102806	0.112494
8.220433	1.722806	0.102566	0.112173
8.222819	1.726584	0.102303	0.111850
8.225205	1.730255	0.102025	0.111513
8.227591	1.733831	0.101725	0.111179
8.229977	1.737303	0.101400	0.110843
8.232364	1.740673	0.101048	0.110504
8.234750	1.743915	0.100669	0.110154
8.237136	1.747025	0.100264	0.109793
8.239522	1.749975	0.099834	0.109417
8.241908	1.752770	0.099397	0.109026
8.244295	1.755380	0.098915	0.108601
8.246681	1.757797	0.098395	0.108135
8.249067	1.760007	0.097827	0.107628
8.251453	1.762034	0.097224	0.107090
8.253839	1.763878	0.096577	0.106520
8.256225	1.765550	0.095893	0.105929
8.258612	1.767073	0.095178	0.105327
8.260998	1.768462	0.094442	0.104725
8.263384	1.769721	0.093693	0.104129
8.265770	1.770865	0.092926	0.103536
8.268156	1.771880	0.092131	0.102941
8.270543	1.772777	0.091320	0.102349
8.272929	1.773564	0.090485	0.101763
8.275315	1.774236	0.089646	0.101185
8.277701	1.774813	0.088798	0.100621
8.280087	1.775284	0.087945	0.100073
8.282474	1.775672	0.087079	0.099545
8.284860	1.775956	0.086195	0.099023
8.287246	1.776139	0.085300	0.098498
8.289632	1.776231	0.084402	0.097982
8.292018	1.776221	0.083491	0.097481
8.294405	1.776108	0.082576	0.096993
8.296791	1.775890	0.081661	0.096520
8.299177	1.775571	0.080740	0.096059
8.301563	1.775135	0.079808	0.095603
8.303949	1.774585	0.078866	0.095149
8.306336	1.773916	0.077913	0.094696
8.308722	1.773114	0.076941	0.094237
8.311108	1.772199	0.075950	0.093777
8.313494	1.771132	0.074939	0.093304
8.315880	1.769937	0.073907	0.092830
8.318266	1.768613	0.072863	0.092350
8.320653	1.767136	0.071800	0.091861
8.323039	1.765516	0.070716	0.091362
8.325425	1.763777	0.069623	0.090861
8.327811	1.761896	0.068515	0.090352
8.330197	1.759887	0.067395	0.089840
8.332584	1.757752	0.066269	0.089327
8.334970	1.755498	0.065135	0.088817
8.337356	1.753134	0.063994	0.088313
8.339742	1.750647	0.062849	0.087811
8.342128	1.748052	0.061699	0.087314
8.344515	1.745337	0.060541	0.086822
8.346901	1.742510	0.059374	0.086333
8.349287	1.739573	0.058206	0.085850
8.351673	1.736515	0.057032	0.085370
8.354059	1.733348	0.055858	0.084895
8.356446	1.730079	0.054692	0.084431
8.358832	1.726710	0.053530	0.083979
8.361218	1.723240	0.052375	0.083544
8.363604	1.719696	0.051234	0.083124
8.365990	1.716046	0.050117	0.082707
8.368377	1.712315	0.049024	0.082309
8.370763	1.708478	0.047954	0.081923
8.373149	1.704552	0.046906	0.081551
8.375535	1.700523	0.045879	0.081188
8.377921	1.696367	0.044871	0.080824
8.380307	1.692087	0.043869	0.080458
8.382694	1.687662	0.042868	0.080080
8.385080	1.683090	0.041857	0.079690
8.387466	1.678360	0.040825	0.079281
8.389852	1.673473	0.039764	0.078852
8.392238	1.668423	0.038675	0.078402
8.394625	1.663242	0.037549	0.077940
8.397011	1.657912	0.036388	0.077462
8.399397	1.652464	0.035193	0.076977
8.401783	1.646899	0.033973	0.076489
8.404169	1.641245	0.032725	0.076003
8.406556	1.635511	0.031457	0.075525
8.408942	1.629689	0.030175	0.075054
8.411328	1.623802	0.028874	0.074593
8.413714	1.617844	0.027566	0.074140
8.416100	1.611823	0.026242	0.073696
8.418487	1.605731	0.024916	0.073254
8.420873	1.599568	0.023584	0.072808
8.423259	1.593331	0.022250	0.072369
8.425645	1.586997	0.020909	0.071931
8.428031	1.580571	0.019565	0.071492
8.430418	1.574040	0.018227	0.071050
8.432804	1.567409	0.016888	0.070602
8.435190	1.560680	0.015555	0.070148
8.437576	1.553801	0.014218	0.069674
8.439962	1.546809	0.012886	0.069186
8.442348	1.539689	0.011562	0.068680
8.444735	1.532438	0.010242	0.068154
8.447121	1.525059	0.008931	0.067606
8.449507	1.517555	0.007627	0.067038
8.451893	1.509924	0.006334	0.066447
8.454279	1.502164	0.005053	0.065836
8.456666	1.494295	0.003785	0.065210
8.459052	1.486314	0.002537	0.064572
8.461438	1.478237	0.001311	0.063931
8.463824	1.470069	0.000108	0.063292
8.466210	1.461815	-0.001065	0.062658
8.468597	1.453505	-0.002209	0.062040
8.470983	1.445140	-0.003308	0.061427
8.473369	1.436727	-0.004361	0.060843
8.475755	1.428278	-0.005360	0.060294
8.478141	1.419795	-0.006298	0.059771
8.480528	1.411311	-0.007179	0.059287
8.482914	1.402806	-0.008002	0.058836
8.485300	1.394299	-0.008772	0.058424
8.487686	1.385802	-0.009496	0.058056
8.490072	1.377330	-0.010176	0.057737
8.492459	1.368890	-0.010813	0.057469
8.494845	1.360486	-0.011418	0.057248
8.497231	1.352104	-0.011993	0.057072
8.499617	1.343757	-0.012539	0.056943
8.502003	1.335422	-0.013065	0.056855
8.504389	1.327092	-0.013568	0.056806
8.506776	1.318752	-0.014052	0.056794
8.509162	1.310376	-0.014509	0.056806
8.511548	1.301946	-0.014958	0.056825
8.513934	1.293452	-0.015405	0.056843
8.516320	1.284870	-0.015850	0.056851
8.518707	1.276203	-0.016292	0.056846
8.521093	1.267429	-0.016741	0.056824
8.523479	1.258560	-0.017188	0.056784
8.525865	1.249585	-0.017636	0.056726
8.528251	1.240525	-0.018086	0.056653
8.530638	1.231369	-0.018538	0.056566
8.533024	1.222144	-0.018990	0.056470
8.535410	1.212855	-0.019447	0.056365
8.537796	1.203504	-0.019887	0.056229
8.540182	1.194088	-0.020314	0.056086
8.542569	1.184614	-0.020741	0.055939
8.544955	1.175084	-0.021159	0.055792
8.547341	1.165512	-0.021563	0.055649
8.549727	1.155904	-0.021956	0.055512
8.552113	1.146264	-0.022330	0.055380
8.554500	1.136594	-0.022690	0.055250
8.556886	1.126890	-0.023037	0.055122
8.559272	1.117142	-0.023375	0.054989
8.561658	1.107353	-0.023702	0.054854
8.564044	1.097518	-0.024019	0.054713
8.566430	1.087627	-0.024327	0.054563
8.568817	1.077696	-0.024620	0.054411
8.571203	1.067719	-0.024903	0.054255
8.573589	1.057696	-0.025170	0.054097
8.575975	1.047629	-0.025423	0.053932
8.578361	1.037549	-0.025665	0.053776
8.580748	1.027422	-0.025856	0.053626
8.583134	1.017248	-0.026014	0.053502
8.585520	1.007025	-0.026139	0.053403
8.587906	0.996787	-0.026219	0.053321
8.590292	0.986519	-0.026254	0.053241
8.592679	0.976243	-0.026238	0.053170
8.595065	0.965986	-0.026161	0.053124
8.597451	0.955714	-0.026060	0.053082
8.599837	0.945473	-0.025947	0.053053
8.602223	0.935263	-0.025829	0.053043
8.604610	0.925090	-0.025703	0.053057
8.606996	0.914966	-0.025569	0.053099
8.609382	0.904881	-0.025430	0.053167
8.611768	0.894839	-0.025285	0.053261
8.614154	0.884824	-0.025131	0.053373
8.616541	0.874830	-0.024975	0.053500
8.618927	0.864830	-0.024815	0.053629
8.621313	0.854813	-0.024652	0.053754
8.623699	0.844762	-0.024492	0.053868
8.626085	0.834668	-0.024340	0.053959
8.628471	0.824540	-0.024185	0.054033
8.630858	0.814376	-0.024029	0.054086
8.633244	0.804189	-0.023871	0.054119
8.635630	0.793983	-0.023710	0.054133
8.638016	0.783777	-0.023545	0.054126
8.640402	0.773567	-0.023372	0.054094
8.642789	0.763388	-0.023198	0.054065
8.645175	0.753206	-0.023024	0.054040
8.647561	0.743034	-0.022836	0.054013
8.649947	0.732883	-0.022639	0.053994
8.652333	0.722752	-0.022429	0.053980
8.654720	0.712645	-0.022206	0.053969
8.657106	0.702567	-0.021970	0.053962
8.659492	0.692509	-0.021723	0.053959
8.661878	0.682480	-0.021468	0.053958
8.664264	0.672472	-0.021204	0.053956
8.666651	0.662489	-0.020929	0.053955
8.669037	0.652530	-0.020647	0.053954
8.671423	0.642608	-0.020356	0.053953
8.673809	0.632713	-0.020058	0.053952
8.676195	0.622847	-0.019752	0.053951
8.678582	0.613021	-0.019435	0.053958
8.680968	0.603244	-0.019108	0.053977
8.683354	0.593450	-0.018766	0.054035
8.685740	0.583733	-0.018364	0.054170
8.688126	0.574041	-0.017912	0.054361
8.690512	0.564399	-0.017449	0.054558
8.692899	0.554840	-0.016969	0.054756
8.695285	0.545400	-0.016455	0.054964
8.697671	0.536083	-0.015902	0.055189
8.700057	0.526899	-0.015320	0.055441
8.702443	0.517843	-0.014728	0.055722
8.704830	0.508916	-0.014137	0.056035
8.707216	0.500107	-0.013558	0.056374
8.709602	0.491375	-0.012997	0.056720
8.711988	0.482679	-0.012457	0.057057
8.714374	0.474008	-0.011937	0.057380
8.716761	0.465350	-0.011439	0.057681
8.719147	0.456699	-0.010961	0.057955
8.721533	0.448040	-0.010503	0.058196
8.723919	0.439393	-0.010059	0.058411
8.726305	0.430757	-0.009626	0.058595
8.728692	0.422146	-0.009207	0.058748
8.731078	0.413563	-0.008795	0.058869
8.733464	0.405017	-0.008388	0.058982
8.735850	0.396525	-0.007994	0.059092
8.738236	0.388091	-0.007609	0.059199
8.740623	0.379713	-0.007232	0.059302
8.743009	0.371392	-0.006861	0.059398
8.745395	0.363134	-0.006495	0.059489
8.747781	0.354937	-0.006135	0.059575
8.750167	0.346816	-0.005780	0.059659
8.752553	0.338771	-0.005431	0.059742
8.754940	0.330808	-0.005085	0.059826
8.757326	0.322937	-0.004744	0.059915
8.759712	0.315156	-0.004407	0.060006
8.762098	0.307462	-0.004074	0.060101
8.764484	0.299872	-0.003744	0.060201
8.766871	0.292374	-0.003416	0.060306
8.769257	0.284999	-0.003088	0.060426
8.771643	0.277746	-0.002762	0.060561
8.774029	0.270622	-0.002438	0.060712
8.776415	0.263636	-0.002118	0.060885
8.778802	0.256796	-0.001799	0.061085
8.781188	0.250098	-0.001484	0.061309
8.783574	0.243539	-0.001174	0.061565
8.785960	0.237081	-0.000861	0.061868
8.788346	0.230722	-0.000520	0.062225
8.790733	0.224469	-0.000164	0.062626
8.793119	0.218322	0.000194	0.063039
8.795505	0.212323	0.000559	0.063468
8.797891	0.206497	0.000943	0.063909
8.800277	0.200873	0.001343	0.064367
8.802664	0.195433	0.001761	0.064834
8.805050	0.190138	0.002179	0.065317
8.807436	0.184963	0.002581	0.065803
8.809822	0.179886	0.002958	0.066283
8.812208	0.174885	0.003310	0.066748
8.814594	0.169951	0.003633	0.067194
8.816981	0.165069	0.003927	0.067614
8.819367	0.160245	0.004193	0.068005
8.821753	0.155468	0.004435	0.068368
8.824139	0.150741	0.004653	0.068703
8.826525	0.146074	0.004850	0.069015
8.828912	0.141483	0.005027	0.069310
8.831298	0.136976	0.005186	0.069592
8.833684	0.132552	0.005326	0.069858
8.836070	0.128212	0.005452	0.070108
8.838456	0.123965	0.005562	0.070347
8.840843	0.119817	0.005659	0.070576
8.843229	0.115778	0.005743	0.070802
8.845615	0.111850	0.005816	0.071025
8.848001	0.108052	0.005879	0.071254
8.850387	0.104386	0.005934	0.071488
8.852774	0.100854	0.005977	0.071728
8.855160	0.097457	0.006013	0.071976
8.857546	0.094201	0.006040	0.072232
8.859932	0.091089	0.006060	0.072499
8.862318	0.088136	0.006070	0.072783
8.864705	0.085349	0.006078	0.073087
8.867091	0.082718	0.006076	0.073407
8.869477	0.080257	0.006069	0.073748
8.871863	0.077966	0.006055	0.074108
8.874249	0.075853	0.006031	0.074490
8.876635	0.073918	0.006004	0.074892
8.879022	0.072176	0.005966	0.075315
8.881408	0.070601	0.005940	0.075750
8.883794	0.069150	0.005904	0.076220
8.886180	0.067826	0.005875	0.076741
8.888566	0.066627	0.005851	0.077300
8.890953	0.065565	0.005827	0.077877
8.893339	0.064682	0.005810	0.078481
8.895725	0.063993	0.005806	0.079108
8.898111	0.063494	0.005812	0.079747
8.900497	0.063155	0.005828	0.080385
8.902884	0.062940	0.005847	0.081008
8.905270	0.062817	0.005859	0.081604
8.907656	0.062773	0.005858	0.082169
8.910042	0.062798	0.005839	0.082699
8.912428	0.062888	0.005802	0.083194
8.914815	0.063032	0.005744	0.083652
8.917201	0.063231	0.005668	0.084079
8.919587	0.063494	0.005580	0.084479
8.921973	0.063839	0.005478	0.084863
8.924359	0.064272	0.005364	0.085232
8.926746	0.064805	0.005239	0.085586
8.929132	0.065447	0.005103	0.085928
8.931518	0.066202	0.004958	0.086260
8.933904	0.067071	0.004809	0.086585
8.936290	0.068074	0.004655	0.086911
8.938676	0.069211	0.004497	0.087239
8.941063	0.070497	0.004333	0.087575
8.943449	0.071920	0.004166	0.087916
8.945835	0.073497	0.003993	0.088267
8.948221	0.075224	0.003817	0.088628
8.950607	0.077106	0.003638	0.089002
8.952994	0.079143	0.003457	0.089386
8.955380	0.081332	0.003275	0.089779
8.957766	0.083681	0.003091	0.090185
8.960152	0.086185	0.002912	0.090604
8.962538	0.088840	0.002734	0.091032
8.964925	0.091643	0.002558	0.091469
8.967311	0.094597	0.002382	0.091918
8.969697	0.097679	0.002214	0.092386
8.972083	0.100878	0.002048	0.092862
8.974469	0.104213	0.001897	0.093363
8.976856	0.107696	0.001758	0.093881
8.979242	0.111331	0.001633	0.094408
8.981628	0.115146	0.001530	0.094950
8.984014	0.119132	0.001445	0.095502
8.986400	0.123284	0.001372	0.096065
8.988787	0.127589	0.001307	0.096640
8.991173	0.132024	0.001259	0.097234
8.993559	0.136575	0.001214	0.097824
8.995945	0.141213	0.001169	0.098407
8.998331	0.145943	0.001127	0.098974
9.000717	0.150764	0.001082	0.099516
9.003104	0.155669	0.001037	0.100032
9.005490	0.160660	0.000992	0.100525
9.007876	0.165742	0.000950	0.101000
9.010262	0.170919	0.000911	0.101460
9.012648	0.176197	0.000876	0.101911
9.015035	0.181583	0.000845	0.102356
9.017421	0.187081	0.000818	0.102798
9.019807	0.192691	0.000796	0.103237
9.022193	0.198411	0.000778	0.103671
9.024579	0.204238	0.000764	0.104099
9.026966	0.210169	0.000756	0.104517
9.029352	0.216206	0.000751	0.104925
9.031738	0.222343	0.000754	0.105326
9.034124	0.228582	0.000766	0.105720
9.036510	0.234930	0.000786	0.106108
9.038897	0.241384	0.000814	0.106492
9.041283	0.247948	0.000853	0.106874
9.043669	0.254626	0.000901	0.107258
9.046055	0.261417	0.000959	0.107640
9.048441	0.268322	0.001026	0.108025
9.050828	0.275331	0.001102	0.108411
9.053214	0.282430	0.001194	0.108809
9.055600	0.289615	0.001304	0.109218
9.057986	0.296902	0.001434	0.109634
9.060372	0.304304	0.001582	0.110050
9.062758	0.311819	0.001754	0.110465
9.065145	0.319450	0.001952	0.110882
9.067531	0.327205	0.002174	0.111304
9.069917	0.335086	0.002417	0.111734
9.072303	0.343096	0.002679	0.112180
9.074689	0.351240	0.002958	0.112646
9.077076	0.359511	0.003254	0.113128
9.079462	0.367896	0.003565	0.113619
9.081848	0.376381	0.003887	0.114110
9.084234	0.384948	0.004221	0.114595
9.086620	0.393578	0.004567	0.115069
9.089007	0.402253	0.004931	0.115538
9.091393	0.410973	0.005319	0.115999
9.093779	0.419755	0.005717	0.116435
9.096165	0.428599	0.006120	0.116852
9.098551	0.437504	0.006533	0.117251
9.100938	0.446475	0.006956	0.117640
9.103324	0.455514	0.007391	0.118021
9.105710	0.464623	0.007836	0.118399
9.108096	0.473803	0.008294	0.118775
9.110482	0.483056	0.008764	0.119147
9.112869	0.492373	0.009248	0.119517
9.115255	0.501755	0.009746	0.119879
9.117641	0.511194	0.010259	0.120239
9.120027	0.520684	0.010788	0.120595
9.122413	0.530222	0.011327	0.120949
9.124799	0.539800	0.011895	0.121310
9.127186	0.549434	0.012485	0.121668
9.129572	0.559122	0.013090	0.122013
9.131958	0.568858	0.013709	0.122342
9.134344	0.578652	0.014342	0.122661
9.136730	0.588531	0.014973	0.122979
9.139117	0.598499	0.015619	0.123270
9.141503	0.608547	0.016298	0.123544
9.143889	0.618674	0.016990	0.123827
9.146275	0.628868	0.017698	0.124125
9.148661	0.639131	0.018428	0.124434
9.151048	0.649461	0.019182	0.124754
9.153434	0.659851	0.019955	0.125081
9.155820	0.670295	0.020747	0.125412
9.158206	0.680775	0.021554	0.125739
9.160592	0.691279	0.022377	0.126061
9.162979	0.701793	0.023215	0.126372
9.165365	0.712309	0.024061	0.126664
9.167751	0.722808	0.024909	0.126931
9.170137	0.733290	0.025782	0.127191
9.172523	0.743769	0.026666	0.127425
9.174910	0.754241	0.027550	0.127627
9.177296	0.764705	0.028435	0.127802
9.179682	0.775171	0.029322	0.127955
9.182068	0.785647	0.030216	0.128094
9.184454	0.796139	0.031117	0.128225
9.186840	0.806659	0.032025	0.128357
9.189227	0.817194	0.032935	0.128489
9.191613	0.827735	0.033883	0.128656
9.193999	0.838331	0.034847	0.128829
9.196385	0.848956	0.035806	0.128993
9.198771	0.859601	0.036765	0.129154
9.201158	0.870258	0.037727	0.129309
9.203544	0.880925	0.038696	0.129458
9.205930	0.891597	0.039672	0.129601
9.208316	0.902270	0.040655	0.129738
9.210702	0.912943	0.041645	0.129870
9.213089	0.923619	0.042638	0.130000
9.215475	0.934301	0.043634	0.130127
9.217861	0.944981	0.044633	0.130250
9.220247	0.955663	0.045636	0.130370
9.222633	0.966347	0.046646	0.130492
9.225020	0.977016	0.047667	0.130614
9.227406	0.987654	0.048699	0.130744
9.229792	0.998299	0.049769	0.130894
9.232178	1.008938	0.050839	0.131029
9.234564	1.019561	0.051902	0.131148
9.236951	1.030172	0.052960	0.131260
9.239337	1.040774	0.054018	0.131363
9.241723	1.051373	0.055084	0.131458
9.244109	1.061980	0.056147	0.131553
9.246495	1.072601	0.057216	0.131635
9.248881	1.083235	0.058293	0.131711
9.251268	1.093899	0.059376	0.131793
9.253654	1.104523	0.060451	0.131889
9.256040	1.115165	0.061584	0.132022
9.258426	1.125798	0.062720	0.132153
9.260812	1.136385	0.063849	0.132268
9.263199	1.146911	0.064975	0.132363
9.265585	1.157366	0.066092	0.132435
9.267971	1.167736	0.067198	0.132475
9.270357	1.178011	0.068288	0.132481
9.272743	1.188184	0.069355	0.132450
9.275130	1.198252	0.070396	0.132381
9.277516	1.208218	0.071410	0.132278
9.279902	1.218084	0.072399	0.132141
9.282288	1.227861	0.073362	0.131977
9.284674	1.237553	0.074305	0.131790
9.287061	1.247169	0.075229	0.131589
9.289447	1.256709	0.076142	0.131381
9.291833	1.266166	0.077035	0.131170
9.294219	1.275574	0.077961	0.130992
9.296605	1.284920	0.078873	0.130801
9.298992	1.294195	0.079760	0.130587
9.301378	1.303405	0.080626	0.130362
9.303764	1.312550	0.081478	0.130128
9.306150	1.321643	0.082317	0.129889
9.308536	1.330684	0.083144	0.129652
9.310922	1.339688	0.083958	0.129421
9.313309	1.348655	0.084762	0.129201
9.315695	1.357583	0.085559	0.128992
9.318081	1.366475	0.086352	0.128803
9.320467	1.375312	0.087145	0.128640
9.322853	1.384127	0.087978	0.128515
9.325240	1.392903	0.088792	0.128385
9.327626	1.401624	0.089584	0.128248
9.330012	1.410284	0.090357	0.128107
9.332398	1.418883	0.091116	0.127962
9.334784	1.427421	0.091856	0.127818
9.337171	1.435897	0.092583	0.127672
9.339557	1.444305	0.093297	0.127525
9.341943	1.452646	0.093996	0.127382
9.344329	1.460913	0.094694	0.127256
9.346715	1.469137	0.095407	0.127150
9.349102	1.477327	0.096088	0.127045
9.351488	1.485442	0.096756	0.126908
9.353874	1.493480	0.097402	0.126762
9.356260	1.501460	0.098028	0.126612
9.358646	1.509366	0.098632	0.126457
9.361033	1.517189	0.099217	0.126293
9.363419	1.524920	0.099782	0.126120
9.365805	1.532540	0.100325	0.125933
9.368191	1.540033	0.100846	0.125728
9.370577	1.547381	0.101337	0.125499
9.372963	1.554577	0.101800	0.125241
9.375350	1.561616	0.102249	0.124964
9.377736	1.568499	0.102669	0.124655
9.380122	1.575222	0.103045	0.124305
9.382508	1.581777	0.103374	0.123913
9.384894	1.588174	0.103656	0.123486
9.387281	1.594428	0.103894	0.123031
9.389667	1.600548	0.104092	0.122556
9.392053	1.606557	0.104255	0.122072
9.394439	1.612454	0.104384	0.121580
9.396825	1.618255	0.104484	0.121086
9.399212	1.623956	0.104560	0.120593
9.401598	1.629564	0.104612	0.120106
9.403984	1.635079	0.104649	0.119625
9.406370	1.640515	0.104668	0.119154
9.408756	1.645859	0.104669	0.118690
9.411143	1.651121	0.104652	0.118236
9.413529	1.656295	0.104624	0.117793
9.415915	1.661389	0.104599	0.117373
9.418301	1.666411	0.104569	0.116968
9.420687	1.671340	0.104523	0.116565
9.423074	1.676169	0.104454	0.116160
9.425460	1.680899	0.104362	0.115755
9.427846	1.685537	0.104253	0.115354
9.430232	1.690081	0.104122	0.114957
9.432618	1.694535	0.103972	0.114566
9.435004	1.698894	0.103799	0.114182
9.437391	1.703167	0.103605	0.113807
9.439777	1.707355	0.103400	0.113442
9.442163	1.711455	0.103192	0.113091
9.444549	1.715476	0.102989	0.112761
9.446935	1.719414	0.102770	0.112435
9.449322	1.723261	0.102525	0.112117
9.451708	1.727027	0.102261	0.111790
9.454094	1.730689	0.101980	0.111455
9.456480	1.734247	0.101676	0.111120
9.458866	1.737712	0.101349	0.110785
9.461253	1.741059	0.100993	0.110444
9.463639	1.744285	0.100610	0.110093
9.466025	1.747372	0.100199	0.109729
9.468411	1.750304	0.099771	0.109353
9.470797	1.753074	0.099328	0.108958
9.473184	1.755656	0.098841	0.108526
9.475570	1.758044	0.098316	0.108055
9.477956	1.760227	0.097743	0.107543
9.480342	1.762227	0.097133	0.107000
9.482728	1.764043	0.096480	0.106426
9.485115	1.765698	0.095791	0.105834
9.487501	1.767202	0.095074	0.105231
9.489887	1.768571	0.094337	0.104630
9.492273	1.769814	0.093585	0.104035
9.494659	1.770944	0.092812	0.103443
9.497046	1.771945	0.092016	0.102849
9.499432	1.772830	0.091199	0.102258
9.501818	1.773599	0.090367	0.101674
9.504204	1.774262	0.089527	0.101098
9.506590	1.774820	0.088676	0.100536
9.508976	1.775284	0.087823	0.099992
9.511363	1.775658	0.086955	0.099467
9.513749	1.775931	0.086070	0.098943
9.516135	1.776108	0.085176	0.098420
9.518521	1.776185	0.084276	0.097906
9.520907	1.776158	0.083364	0.097406
9.523294	1.776032	0.082450	0.096922
9.525680	1.775803	0.081536	0.096452
9.528066	1.775464	0.080610	0.095991
9.530452	1.775020	0.079680	0.095537
9.532838	1.774452	0.078735	0.095083
9.535225	1.773755	0.077779	0.094626
9.537611	1.772939	0.076801	0.094167
9.539997	1.772008	0.075812	0.093706
9.542383	1.770926	0.074796	0.093235
9.544769	1.769710	0.073766	0.092757
9.547156	1.768357	0.072713	0.092275
9.549542	1.766865	0.071647	0.091785
9.551928	1.765223	0.070563	0.091284
9.554314	1.763470	0.069467	0.090783
9.556700	1.761569	0.068358	0.090273
9.559087	1.759537	0.067238	0.089759
9.561473	1.757391	0.066110	0.089249
9.563859	1.755126	0.064975	0.088741
9.566245	1.752741	0.063834	0.088236
9.568631	1.750250	0.062688	0.087738
9.571017	1.747633	0.061534	0.087241
9.573404	1.744901	0.060376	0.086748
9.575790	1.742060	0.059211	0.086262
9.578176	1.739113	0.058043	0.085781
9.580562	1.736040	0.056871	0.085302
9.582948	1.732864	0.055698	0.084830
9.585335	1.729580	0.054533	0.084367
9.587721	1.726193	0.053372	0.083916
9.590107	1.722719	0.052216	0.083487
9.592493	1.719163	0.051079	0.083067
9.594879	1.715507	0.049969	0.082654
9.597266	1.711759	0.048878	0.082256
9.599652	1.707911	0.047809	0.081873
9.602038	1.703973	0.046765	0.081503
9.604424	1.699926	0.045741	0.081139
9.606810	1.695758	0.044735	0.080777
9.609197	1.691462	0.043732	0.080410
9.611583	1.687015	0.042728	0.080031
9.613969	1.682421	0.041715	0.079637
9.616355	1.677668	0.040681	0.079224
9.618741	1.672757	0.039615	0.078792
9.621128	1.667689	0.038520	0.078339
9.623514	1.662484	0.037389	0.077873
9.625900	1.657136	0.036225	0.077393
9.628286	1.651670	0.035024	0.076907
9.630672	1.646090	0.033799	0.076418
9.633058	1.640422	0.032551	0.075932
9.635445	1.634674	0.031279	0.075454
9.637831	1.628846	0.029993	0.074985
9.640217	1.622949	0.028693	0.074525
9.642603	1.616979	0.027381	0.074073
9.644989	1.610955	0.026059	0.073631
9.647376	1.604848	0.024732	0.073187
9.649762	1.598675	0.023402	0.072742
9.652148	1.592423	0.022068	0.072304
9.654534	1.586087	0.020729	0.071870
9.656920	1.579636	0.019387	0.071428
9.659307	1.573096	0.018049	0.070987
9.661693	1.566450	0.016711	0.070539
9.664079	1.559697	0.015377	0.070081
9.666465	1.552802	0.014041	0.069605
9.668851	1.545792	0.012711	0.069115
9.671238	1.538657	0.011389	0.068608
9.673624	1.531387	0.010067	0.068077
9.676010	1.523997	0.008757	0.067529
9.678396	1.516472	0.007456	0.066958
9.680782	1.508822	0.006163	0.066362
9.683169	1.501048	0.004884	0.065750
9.685555	1.493166	0.003619	0.065122
9.687941	1.485175	0.002375	0.064486
9.690327	1.477087	0.001149	0.063845
9.692713	1.468911	-0.000048	0.063208
9.695099	1.460648	-0.001215	0.062576
9.697486	1.452332	-0.002357	0.061960
9.699872	1.443966	-0.003448	0.061352
9.702258	1.435549	-0.004495	0.060773
9.704644	1.427090	-0.005487	0.060226
9.707030	1.418612	-0.006420	0.059708
9.709417	1.410118	-0.007296	0.059228
9.711803	1.401614	-0.008112	0.058781
9.714189	1.393105	-0.008877	0.058374
9.716575	1.384604	-0.009594	0.058010
9.718961	1.376136	-0.010271	0.057697
9.721348	1.367693	-0.010902	0.057433
9.723734	1.359284	-0.011505	0.057216
9.726120	1.350910	-0.012075	0.057046
9.728506	1.342557	-0.012619	0.056920
9.730892	1.334220	-0.013143	0.056836
9.733279	1.325887	-0.013642	0.056792
9.735665	1.317540	-0.014121	0.056783
9.738051	1.309158	-0.014575	0.056797
9.740437	1.300722	-0.015027	0.056816
9.742823	1.292218	-0.015472	0.056835
9.745210	1.283627	-0.015916	0.056842
9.747596	1.274947	-0.016359	0.056836
9.749982	1.266162	-0.016805	0.056812
9.752368	1.257278	-0.017251	0.056770
9.754754	1.248296	-0.017699	0.056712
9.757140	1.239223	-0.018147	0.056638
9.759527	1.230062	-0.018600	0.056551
9.761913	1.220831	-0.019052	0.056457
9.764299	1.211537	-0.019508	0.056348
9.766685	1.202175	-0.019944	0.056210
9.769071	1.192755	-0.020371	0.056068
9.771458	1.183273	-0.020796	0.055920
9.773844	1.173737	-0.021212	0.055775
9.776230	1.164161	-0.021613	0.055633
9.778616	1.154549	-0.022003	0.055497
9.781002	1.144904	-0.022376	0.055365
9.783389	1.135228	-0.022734	0.055236
9.785775	1.125520	-0.023080	0.055107
9.788161	1.115770	-0.023413	0.054975
9.790547	1.105972	-0.023742	0.054838
9.792933	1.096128	-0.024058	0.054695
9.795320	1.086232	-0.024364	0.054545
9.797706	1.076291	-0.024655	0.054391
9.800092	1.066307	-0.024937	0.054235
9.802478	1.056275	-0.025203	0.054075
9.804864	1.046211	-0.025455	0.053911
9.807251	1.036125	-0.025691	0.053752
9.809637	1.025991	-0.025876	0.053603
9.812023	1.015809	-0.026033	0.053482
9.814409	1.005582	-0.026152	0.053386
9.816795	0.995343	-0.026227	0.053307
9.819181	0.985073	-0.026258	0.053228
9.821568	0.974793	-0.026230	0.053162
9.823954	0.964539	-0.026145	0.053120
9.826340	0.954266	-0.026045	0.053077
9.828726	0.944024	-0.025932	0.053048
9.831112	0.933817	-0.025812	0.053040
9.833499	0.923647	-0.025684	0.053055
9.835885	0.913527	-0.025549	0.053100
9.838271	0.903446	-0.025409	0.053170
9.840657	0.893405	-0.025263	0.053266
9.843043	0.883395	-0.025110	0.053381
9.845430	0.873401	-0.024953	0.053509
9.847816	0.863403	-0.024791	0.053639
9.850202	0.853385	-0.024629	0.053764
9.852588	0.843327	-0.024471	0.053874
9.854974	0.833233	-0.024319	0.053964
9.857361	0.823105	-0.024165	0.054038
9.859747	0.812941	-0.024010	0.054089
9.862133	0.802752	-0.023851	0.054120
9.864519	0.792545	-0.023690	0.054131
9.866905	0.782342	-0.023525	0.054121
9.869292	0.772133	-0.023351	0.054087
9.871678	0.761958	-0.023180	0.054059
9.874064	0.751776	-0.023004	0.054033
9.876450	0.741606	-0.022814	0.054006
9.878836	0.731456	-0.022616	0.053987
9.881222	0.721327	-0.022405	0.053973
9.883609	0.711226	-0.022180	0.053962
9.885995	0.701148	-0.021942	0.053955
9.888381	0.691096	-0.021694	0.053953
9.890767	0.681068	-0.021438	0.053951
9.893153	0.671063	-0.021172	0.053949
9.895540	0.661087	-0.020896	0.053949
9.897926	0.651133	-0.020612	0.053947
9.900312	0.641214	-0.020320	0.053946
9.902698	0.631321	-0.020021	0.053945
9.905084	0.621466	-0.019712	0.053946
9.907471	0.611647	-0.019392	0.053955
9.909857	0.601867	-0.019066	0.053979
9.912243	0.592088	-0.018715	0.054056
9.914629	0.582356	-0.018295	0.054208
9.917015	0.572670	-0.017838	0.054402
9.919402	0.563040	-0.017373	0.054597
9.921788	0.553504	-0.016886	0.054796
9.924174	0.544087	-0.016362	0.055005
9.926560	0.534797	-0.015801	0.055235
9.928946	0.525639	-0.015215	0.055493
9.931333	0.516610	-0.014623	0.055782
9.933719	0.507703	-0.014035	0.056099
9.936105	0.498912	-0.013461	0.056441
9.938491	0.490185	-0.012906	0.056785
9.940877	0.481487	-0.012372	0.057118
9.943263	0.472812	-0.011859	0.057435
9.945650	0.464150	-0.011366	0.057730
9.948036	0.455493	-0.010894	0.057996
9.950422	0.446825	-0.010441	0.058228
9.952808	0.438176	-0.009999	0.058438
9.955194	0.429535	-0.009570	0.058612
9.957581	0.420922	-0.009155	0.058758
9.959967	0.412338	-0.008744	0.058873
9.962353	0.403800	-0.008340	0.058985
9.964739	0.395312	-0.007947	0.059093
9.967125	0.386885	-0.007565	0.059199
9.969512	0.378512	-0.007188	0.059300
9.971898	0.370199	-0.006817	0.059394
9.974284	0.361950	-0.006454	0.059484
9.976670	0.353762	-0.006094	0.059569
9.979056	0.345652	-0.005740	0.059652
9.981443	0.337618	-0.005391	0.059735
9.983829	0.329671	-0.005045	0.059821
9.986215	0.321813	-0.004705	0.059910
9.988601	0.314045	-0.004369	0.060002
9.990987	0.306368	-0.004035	0.060098
9.993374	0.298794	-0.003705	0.060200
9.995760	0.291316	-0.003377	0.060308
9.998146	0.283961	-0.003049	0.060432
10.000532	0.276728	-0.002722	0.060570
10.002918	0.269630	-0.002398	0.060726
10.005304	0.262671	-0.002078	0.060906
10.007691	0.255856	-0.001759	0.061111
10.010077	0.249182	-0.001445	0.061343
10.012463	0.242639	-0.001136	0.061607
10.014849	0.236189	-0.000813	0.061927
10.017235	0.229851	-0.000465	0.062299
10.019622	0.223608	-0.000108	0.062702
10.022008	0.217483	0.000252	0.063119
10.024394	0.211515	0.000623	0.063549
10.026780	0.205727	0.001013	0.063995
10.029166	0.200139	0.001417	0.064457
10.031553	0.194730	0.001839	0.064927
10.033939	0.189454	0.002255	0.065410
10.036325	0.184295	0.002652	0.065894
10.038711	0.179226	0.003023	0.066371
10.041097	0.174228	0.003368	0.066829
10.043484	0.169295	0.003685	0.067269
10.045870	0.164415	0.003972	0.067680
10.048256	0.159588	0.004232	0.068063
10.050642	0.154808	0.004469	0.068418
10.053028	0.150082	0.004682	0.068745
10.055415	0.145417	0.004874	0.069051
10.057801	0.140836	0.005047	0.069343
10.060187	0.136333	0.005203	0.069620
10.062573	0.131916	0.005341	0.069880
10.064959	0.127585	0.005462	0.070127
10.067345	0.123353	0.005570	0.070364
10.069732	0.119216	0.005665	0.070592
10.072118	0.115192	0.005747	0.070816
10.074504	0.111281	0.005818	0.071040
10.076890	0.107501	0.005881	0.071270
10.079276	0.103855	0.005932	0.071504
10.081663	0.100343	0.005976	0.071745
10.084049	0.096968	0.006010	0.071995
10.086435	0.093733	0.006035	0.072253
10.088821	0.090646	0.006053	0.072523
10.091207	0.087721	0.006065	0.072812
10.093594	0.084959	0.006070	0.073120
10.095980	0.082357	0.006070	0.073445
10.098366	0.079925	0.006061	0.073791
10.100752	0.077664	0.006045	0.074157
10.103138	0.075583	0.006022	0.074545
10.105525	0.073681	0.005992	0.074954
10.107911	0.071968	0.005956	0.075381
10.110297	0.070417	0.005929	0.075826
10.112683	0.068981	0.005896	0.076308
10.115069	0.067679	0.005872	0.076842
10.117456	0.066495	0.005849	0.077405
10.119842	0.065463	0.005827	0.077988
10.122228	0.064615	0.005816	0.078598
10.124614	0.063962	0.005815	0.079229
10.127000	0.063492	0.005826	0.079868
10.129386	0.063172	0.005846	0.080502
10.131773	0.062966	0.005863	0.081119
10.134159	0.062849	0.005873	0.081706
10.136545	0.062809	0.005869	0.082262
10.138931	0.062834	0.005845	0.082782
10.141317	0.062922	0.005802	0.083267
10.143704	0.063065	0.005740	0.083717
10.146090	0.063263	0.005662	0.084136
10.148476	0.063529	0.005570	0.084531
10.150862	0.063876	0.005465	0.084910
10.153248	0.064319	0.005349	0.085276
10.155635	0.064860	0.005222	0.085625
10.158021	0.065511	0.005085	0.085962
10.160407	0.066279	0.004938	0.086291
10.162793	0.067166	0.004788	0.086615
10.165179	0.068186	0.004633	0.086940
10.167566	0.069347	0.004476	0.087271
10.169952	0.070646	0.004311	0.087605
10.172338	0.072097	0.004141	0.087950
10.174724	0.073697	0.003967	0.088303
10.177110	0.075450	0.003790	0.088667
10.179497	0.077355	0.003611	0.089042
10.181883	0.079419	0.003429	0.089428
10.184269	0.081632	0.003244	0.089823
10.186655	0.084008	0.003061	0.090233
10.189041	0.086536	0.002880	0.090654
10.191427	0.089215	0.002702	0.091084
10.193814	0.092041	0.002524	0.091522
10.196200	0.095015	0.002349	0.091975
10.198586	0.098112	0.002180	0.092443
10.200972	0.101329	0.002017	0.092924
10.203358	0.104683	0.001866	0.093430
10.205745	0.108186	0.001727	0.093950
10.208131	0.111851	0.001607	0.094482
10.210517	0.115697	0.001509	0.095029
10.212903	0.119718	0.001426	0.095586
10.215289	0.123904	0.001355	0.096156
10.217676	0.128240	0.001295	0.096740
10.220062	0.132699	0.001249	0.097338
10.222448	0.137272	0.001205	0.097932
10.224834	0.141921	0.001162	0.098513
10.227220	0.146666	0.001122	0.099077
10.229607	0.151497	0.001076	0.099615
10.231993	0.156413	0.001031	0.100126
10.234379	0.161413	0.000986	0.100614
10.236765	0.166505	0.000944	0.101085
10.239151	0.171690	0.000906	0.101541
10.241538	0.176981	0.000872	0.101990
10.243924	0.182381	0.000842	0.102434
10.246310	0.187891	0.000816	0.102874
10.248696	0.193515	0.000794	0.103312
10.251082	0.199248	0.000776	0.103745
10.253468	0.205087	0.000762	0.104170
10.255855	0.211030	0.000754	0.104584
10.258241	0.217077	0.000750	0.104990
10.260627	0.223225	0.000754	0.105388
10.263013	0.229475	0.000766	0.105779
10.265399	0.235835	0.000788	0.106165
10.267786	0.242301	0.000816	0.106546
10.270172	0.248875	0.000857	0.106927
10.272558	0.255566	0.000906	0.107309
10.274944	0.262371	0.000966	0.107691
10.277330	0.269289	0.001033	0.108075
10.279717	0.276309	0.001111	0.108462
10.282103	0.283415	0.001204	0.108860
10.284489	0.290614	0.001318	0.109270
10.286875	0.297914	0.001451	0.109686
10.289261	0.305331	0.001603	0.110102
10.291648	0.312860	0.001778	0.110517
10.294034	0.320511	0.001980	0.110934
10.296420	0.328284	0.002206	0.111358
10.298806	0.336184	0.002452	0.111791
10.301192	0.344215	0.002716	0.112240
10.303579	0.352381	0.002998	0.112711
10.305965	0.360670	0.003297	0.113195
10.308351	0.369073	0.003609	0.113687
10.310737	0.377571	0.003933	0.114179
10.313123	0.386147	0.004269	0.114662
10.315509	0.394784	0.004616	0.115135
10.317896	0.403462	0.004985	0.115604
10.320282	0.412191	0.005375	0.116061
10.322668	0.420982	0.005773	0.116494
10.325054	0.429833	0.006177	0.116907
10.327440	0.438746	0.006591	0.117305
10.329827	0.447726	0.007016	0.117692
10.332213	0.456775	0.007453	0.118072
10.334599	0.465894	0.007900	0.118450
10.336985	0.475084	0.008359	0.118826
10.339371	0.484344	0.008831	0.119197
10.341758	0.493671	0.009316	0.119565
10.344144	0.503063	0.009817	0.119927
10.346530	0.512509	0.010332	0.120287
10.348916	0.522005	0.010863	0.120643
10.351302	0.531549	0.011404	0.120996
10.353689	0.541133	0.011976	0.121358
10.356075	0.550775	0.012568	0.121714
10.358461	0.560470	0.013175	0.122057
10.360847	0.570214	0.013796	0.122385
10.363233	0.580016	0.014431	0.122702
10.365620	0.589907	0.015060	0.123020
10.368006	0.599889	0.015712	0.123307
10.370392	0.609947	0.016393	0.123581
10.372778	0.620083	0.017087	0.123866
10.375164	0.630287	0.017798	0.124165
10.377550	0.640559	0.018531	0.124476
10.379937	0.650897	0.019287	0.124797
10.382323	0.661296	0.020063	0.125125
10.384709	0.671746	0.020857	0.125455
10.387095	0.682230	0.021666	0.125782
10.389481	0.692737	0.022492	0.126102
10.391868	0.703252	0.023331	0.126411
10.394254	0.713768	0.024178	0.126701
10.396640	0.724266	0.025028	0.126965
10.399026	0.734747	0.025903	0.127223
10.401412	0.745226	0.026787	0.127453
10.403799	0.755698	0.027672	0.127653
10.406185	0.766164	0.028557	0.127825
10.408571	0.776631	0.029446	0.127976
10.410957	0.787110	0.030341	0.128114
10.413343	0.797606	0.031243	0.128244
10.415730	0.808130	0.032153	0.128378
10.418116	0.818666	0.033064	0.128511
10.420502	0.829212	0.034018	0.128683
10.422888	0.839814	0.034982	0.128855
10.425274	0.850442	0.035941	0.129018
10.427661	0.861090	0.036900	0.129178
10.430047	0.871749	0.037863	0.129333
10.432433	0.882419	0.038833	0.129481
10.434819	0.893092	0.039810	0.129624
10.437205	0.903766	0.040795	0.129760
10.439591	0.914440	0.041785	0.129892
10.441978	0.925117	0.042779	0.130021
10.444364	0.935798	0.043775	0.130148
10.446750	0.946480	0.044775	0.130271
10.449136	0.957161	0.045779	0.130390
10.451522	0.967845	0.046789	0.130512
10.453909	0.978508	0.047810	0.130633
10.456295	0.989146	0.048848	0.130766
10.458681	0.999791	0.049918	0.130915
10.461067	1.010427	0.050987	0.131047
10.463453	1.021046	0.052050	0.131165
10.465840	1.031656	0.053108	0.131276
10.468226	1.042258	0.054167	0.131378
10.470612	1.052852	0.055234	0.131471
10.472998	1.063462	0.056295	0.131566
10.475384	1.074083	0.057367	0.131646
10.477771	1.084715	0.058444	0.131721
10.480157	1.095381	0.059526	0.131805
10.482543	1.106002	0.060607	0.131905
10.484929	1.116644	0.061742	0.132039
10.487315	1.127272	0.062876	0.132169
10.489702	1.137851	0.064006	0.132281
10.492088	1.148369	0.065130	0.132373
10.494474	1.158815	0.066246	0.132442
10.496860	1.169174	0.067351	0.132479
10.499246	1.179439	0.068438	0.132481
10.501632	1.189599	0.069502	0.132445
10.504019	1.199656	0.070541	0.132373
10.506405	1.209610	0.071552	0.132266
10.508791	1.219465	0.072537	0.132126
10.511177	1.229230	0.073498	0.131959
10.513563	1.238913	0.074438	0.131770
10.515950	1.248518	0.075360	0.131567
10.518336	1.258047	0.076272	0.131359
10.520722	1.267493	0.077166	0.131151
10.523108	1.276894	0.078093	0.130973
10.525494	1.286230	0.079002	0.130778
10.527881	1.295494	0.079886	0.130563
10.530267	1.304695	0.080750	0.130336
10.532653	1.313831	0.081600	0.130100
10.535039	1.322915	0.082436	0.129860
10.537425	1.331949	0.083261	0.129623
10.539812	1.340946	0.084074	0.129392
10.542198	1.349907	0.084875	0.129174
10.544584	1.358828	0.085671	0.128965
10.546970	1.367714	0.086462	0.128778
10.549356	1.376544	0.087261	0.128623
10.551743	1.385353	0.088092	0.128497
10.554129	1.394122	0.088903	0.128365
10.556515	1.402834	0.089691	0.128227
10.558901	1.411485	0.090463	0.128085
10.561287	1.420074	0.091219	0.127940
10.563673	1.428603	0.091957	0.127796
10.566060	1.437069	0.092683	0.127649
10.568446	1.445468	0.093394	0.127502
10.570832	1.453798	0.094090	0.127360
10.573218	1.462055	0.094793	0.127238
10.575604	1.470273	0.095502	0.127133
10.577991	1.478455	0.096179	0.127024
10.580377	1.486556	0.096845	0.126883
10.582763	1.494587	0.097489	0.126737
10.585149	1.502556	0.098110	0.126586
10.587535	1.510451	0.098712	0.126430
10.589922	1.518264	0.099295	0.126265
10.592308	1.525980	0.099857	0.126091
10.594694	1.533581	0.100397	0.125901
10.597080	1.541057	0.100914	0.125694
10.599466	1.548386	0.101403	0.125461
10.601853	1.555555	0.101861	0.125199
10.604239	1.562573	0.102309	0.124920
10.606625	1.569437	0.102724	0.124606
10.609011	1.576135	0.103092	0.124250
10.611397	1.582667	0.103414	0.123853
10.613784	1.589047	0.103691	0.123422
10.616170	1.595281	0.103923	0.122964
10.618556	1.601387	0.104118	0.122487
10.620942	1.607379	0.104273	0.122002
10.623328	1.613263	0.104399	0.121510
10.625714	1.619050	0.104496	0.121017
10.628101	1.624738	0.104567	0.120524
10.630487	1.630333	0.104616	0.120038
10.632873	1.635839	0.104653	0.119559
10.635259	1.641264	0.104669	0.119089
10.637645	1.646592	0.104666	0.118626
10.640032	1.651843	0.104650	0.118173
10.642418	1.657006	0.104622	0.117733
10.644804	1.662094	0.104598	0.117318
10.647190	1.667096	0.104565	0.116911
10.649576	1.672017	0.104514	0.116509
10.651963	1.676829	0.104442	0.116104
10.654349	1.681549	0.104350	0.115700
10.656735	1.686175	0.104238	0.115299
10.659121	1.690702	0.104103	0.114902
10.661507	1.695141	0.103948	0.114511
10.663894	1.699491	0.103774	0.114129
10.666280	1.703751	0.103580	0.113755
10.668666	1.707931	0.103371	0.113393
10.671052	1.712014	0.103163	0.113043
10.673438	1.716028	0.102961	0.112715
10.675825	1.719956	0.102739	0.112392
10.678211	1.723788	0.102491	0.112073
10.680597	1.727541	0.102226	0.111744
10.682983	1.731185	0.101941	0.111408
10.685369	1.734732	0.101634	0.111073
10.687755	1.738182	0.101302	0.110738
10.690142	1.741511	0.100939	0.110395
10.692528	1.744720	0.100552	0.110043
10.694914	1.747785	0.100140	0.109677
10.697300	1.750698	0.099710	0.109300
10.699686	1.753442	0.099262	0.108900
10.702073	1.756000	0.098771	0.108464
10.704459	1.758358	0.098237	0.107986
10.706845	1.760520	0.097662	0.107472
10.709231	1.762488	0.097044	0.106922
10.711617	1.764282	0.096387	0.106346
10.714004	1.765914	0.095693	0.105751
10.716390	1.767403	0.094972	0.105149
10.718776	1.768749	0.094231	0.104548
10.721162	1.769979	0.093479	0.103954
10.723548	1.771090	0.092704	0.103361
10.725935	1.772075	0.091904	0.102767
10.728321	1.772941	0.091086	0.102177
10.730707	1.773704	0.090250	0.101595
10.733093	1.774344	0.089407	0.101019
10.735479	1.774889	0.088559	0.100460
10.737866	1.775343	0.087705	0.099918
10.740252	1.775695	0.086832	0.099394
10.742638	1.775961	0.085948	0.098869
10.745024	1.776124	0.085054	0.098347
10.747410	1.776184	0.084148	0.097834
10.749796	1.776150	0.083237	0.097339
10.752183	1.776003	0.082323	0.096855
10.754569	1.775758	0.081406	0.096386
10.756955	1.775409	0.080481	0.095928
10.759341	1.774941	0.079548	0.095471
10.761727	1.774354	0.078603	0.095017
10.764114	1.773649	0.077644	0.094562
10.766500	1.772812	0.076665	0.094102
10.768886	1.771860	0.075669	0.093639
10.771272	1.770760	0.074652	0.093166
10.773658	1.769521	0.073616	0.092687
10.776045	1.768149	0.072564	0.092204
10.778431	1.766638	0.071495	0.091713
10.780817	1.764979	0.070410	0.091211
10.783203	1.763200	0.069311	0.090707
10.785589	1.761283	0.068202	0.090198
10.787976	1.759244	0.067081	0.089687
10.790362	1.757072	0.065952	0.089175
10.792748	1.754793	0.064816	0.088668
10.795134	1.752394	0.063674	0.088165
10.797520	1.749879	0.062528	0.087665
10.799907	1.747254	0.061375	0.087171
10.802293	1.744510	0.060215	0.086680
10.804679	1.741651	0.059050	0.086194
10.807065	1.738686	0.057880	0.085713
10.809451	1.735601	0.056706	0.085235
10.811837	1.732408	0.055537	0.084764
10.814224	1.729107	0.054368	0.084303
10.816610	1.725714	0.053211	0.083856
10.818996	1.722224	0.052057	0.083428
10.821382	1.718655	0.050924	0.083009
10.823768	1.714987	0.049815	0.082598
10.826155	1.711228	0.048728	0.082203
10.828541	1.707367	0.047662	0.081822
10.830927	1.703421	0.046621	0.081455
10.833313	1.699354	0.045600	0.081091
10.835699	1.695169	0.044593	0.080728
10.838086	1.690851	0.043592	0.080359
10.840472	1.686388	0.042588	0.079979
10.842858	1.681769	0.041573	0.079582
10.845244	1.676994	0.040532	0.079167
10.847630	1.672058	0.039465	0.078730
10.850017	1.666973	0.038363	0.078276
10.852403	1.661747	0.037229	0.077808
10.854789	1.656380	0.036056	0.077326
10.857175	1.650900	0.034855	0.076840
10.859561	1.645303	0.033626	0.076350
10.861948	1.639627	0.032376	0.075866
10.864334	1.633865	0.031101	0.075388
10.866720	1.628025	0.029813	0.074919
10.869106	1.622121	0.028509	0.074461
10.871492	1.616141	0.027195	0.074010
10.873878	1.610105	0.025873	0.073569
10.876265	1.603991	0.024547	0.073123
10.878651	1.597812	0.023216	0.072681
10.881037	1.591545	0.021882	0.072242
10.883423	1.585190	0.020542	0.071807
10.885809	1.578725	0.019201	0.071367
10.888196	1.572185	0.017868	0.070928
10.890582	1.565508	0.016527	0.070474
10.892968	1.558735	0.015193	0.070014
10.895354	1.551828	0.013858	0.069537
10.897740	1.544800	0.012531	0.069045
10.900127	1.537645	0.011205	0.068535
10.902513	1.530359	0.009889	0.068002
10.904899	1.522944	0.008578	0.067448
10.907285	1.515401	0.007277	0.066873
10.909671	1.507734	0.005987	0.066276
10.912058	1.499946	0.004707	0.065661
10.914444	1.492047	0.003446	0.065031
10.916830	1.484043	0.002204	0.064395
10.919216	1.475947	0.000982	0.063756
10.921602	1.467758	-0.000213	0.063119
10.923989	1.459489	-0.001375	0.062490
10.926375	1.451165	-0.002511	0.061876
10.928761	1.442795	-0.003597	0.061273
10.931147	1.434374	-0.004639	0.060699
10.933533	1.425909	-0.005619	0.060153
10.935919	1.417439	-0.006545	0.059644
10.938306	1.408939	-0.007414	0.059167
10.940692	1.400431	-0.008223	0.058724
10.943078	1.391923	-0.008983	0.058323
10.945464	1.383422	-0.009694	0.057963
10.947850	1.374953	-0.010362	0.057657
10.950237	1.366514	-0.010992	0.057399
10.952623	1.358106	-0.011587	0.057187
10.955009	1.349736	-0.012157	0.057023
10.957395	1.341382	-0.012697	0.056902
10.959781	1.333046	-0.013215	0.056823
10.962168	1.324714	-0.013716	0.056785
10.964554	1.316357	-0.014190	0.056778
10.966940	1.307972	-0.014641	0.056795
10.969326	1.299526	-0.015092	0.056814
10.971712	1.291012	-0.015536	0.056832
10.974099	1.282406	-0.015980	0.056836
10.976485	1.273712	-0.016423	0.056828
10.978871	1.264914	-0.016866	0.056802
10.981257	1.256019	-0.017314	0.056760
10.983643	1.247028	-0.017762	0.056700
10.986030	1.237942	-0.018212	0.056624
10.988416	1.228767	-0.018663	0.056535
10.990802	1.219529	-0.019116	0.056442
10.993188	1.210225	-0.019571	0.056328
10.995574	1.200857	-0.020004	0.056190
10.997960	1.191432	-0.020430	0.056048
11.000347	1.181942	-0.020855	0.055901
11.002733	1.172400	-0.021270	0.055756
11.005119	1.162821	-0.021667	0.055616
11.007505	1.153204	-0.022053	0.055481
11.009891	1.143556	-0.022427	0.055349
11.012278	1.133875	-0.022780	0.055220
11.014664	1.124163	-0.023125	0.055091
11.017050	1.114405	-0.023459	0.054959
11.019436	1.104602	-0.023783	0.054822
11.021822	1.094749	-0.024098	0.054678
11.024209	1.084846	-0.024401	0.054526
11.026595	1.074902	-0.024693	0.054373
11.028981	1.064911	-0.024971	0.054216
11.031367	1.054873	-0.025234	0.054054
11.033753	1.044810	-0.025487	0.053893
11.036140	1.034717	-0.025717	0.053726
11.038526	1.024576	-0.025896	0.053583
11.040912	1.014385	-0.026052	0.053464
11.043298	1.004161	-0.026165	0.053373
11.045684	0.993912	-0.026236	0.053293
11.048071	0.983638	-0.026261	0.053216
11.050457	0.973362	-0.026217	0.053159
11.052843	0.963102	-0.026131	0.053115
11.055229	0.952829	-0.026028	0.053072
11.057615	0.942590	-0.025914	0.053044
11.060001	0.932382	-0.025794	0.053036
11.062388	0.922216	-0.025666	0.053054
11.064774	0.912097	-0.025531	0.053100
11.067160	0.902021	-0.025392	0.053173
11.069546	0.891984	-0.025244	0.053272
11.071932	0.881978	-0.025091	0.053389
11.074319	0.871985	-0.024934	0.053518
11.076705	0.861987	-0.024772	0.053649
11.079091	0.851968	-0.024609	0.053774
11.081477	0.841910	-0.024453	0.053882
11.083863	0.831811	-0.024303	0.053971
11.086250	0.821681	-0.024147	0.054043
11.088636	0.811514	-0.023992	0.054090
11.091022	0.801326	-0.023834	0.054119
11.093408	0.791120	-0.023672	0.054129
11.095794	0.780918	-0.023508	0.054115
11.098181	0.770711	-0.023332	0.054080
11.100567	0.760537	-0.023161	0.054053
11.102953	0.750357	-0.022985	0.054027
11.105339	0.740188	-0.022793	0.054000
11.107725	0.730041	-0.022593	0.053982
11.110112	0.719914	-0.022381	0.053967
11.112498	0.709816	-0.022154	0.053957
11.114884	0.699742	-0.021915	0.053951
11.117270	0.689691	-0.021665	0.053947
11.119656	0.679668	-0.021408	0.053946
11.122042	0.669668	-0.021140	0.053944
11.124429	0.659694	-0.020862	0.053944
11.126815	0.649749	-0.020576	0.053942
11.129201	0.639832	-0.020283	0.053942
11.131587	0.629949	-0.019982	0.053941
11.133973	0.620094	-0.019672	0.053943
11.136360	0.610280	-0.019351	0.053953
11.138746	0.600485	-0.019025	0.053985
11.141132	0.590717	-0.018654	0.054086
11.143518	0.580994	-0.018218	0.054257
11.145904	0.571308	-0.017761	0.054447
11.148291	0.561688	-0.017294	0.054639
11.150677	0.552172	-0.016798	0.054835
11.153063	0.542780	-0.016263	0.055047
11.155449	0.533517	-0.015694	0.055281
11.157835	0.524388	-0.015107	0.055547
11.160222	0.515386	-0.014515	0.055843
11.162608	0.506502	-0.013933	0.056165
11.164994	0.497726	-0.013365	0.056510
11.167380	0.489000	-0.012817	0.056850
11.169766	0.480300	-0.012289	0.057178
11.172153	0.471617	-0.011782	0.057487
11.174539	0.462952	-0.011295	0.057775
11.176925	0.454276	-0.010829	0.058029
11.179311	0.445604	-0.010380	0.058255
11.181697	0.436948	-0.009942	0.058456
11.184083	0.428303	-0.009516	0.058621
11.186470	0.419688	-0.009106	0.058759
11.188856	0.411106	-0.008695	0.058872
11.191242	0.402573	-0.008294	0.058981
11.193628	0.394092	-0.007904	0.059087
11.196014	0.385672	-0.007522	0.059191
11.198401	0.377308	-0.007148	0.059290
11.200787	0.369002	-0.006779	0.059383
11.203173	0.360762	-0.006415	0.059472
11.205559	0.352586	-0.006057	0.059557
11.207945	0.344489	-0.005703	0.059641
11.210332	0.336470	-0.005355	0.059725
11.212718	0.328537	-0.005010	0.059812
11.215104	0.320697	-0.004669	0.059903
11.217490	0.312942	-0.004333	0.059996
11.219876	0.305283	-0.004000	0.060093
11.222263	0.297723	-0.003670	0.060197
11.224649	0.290268	-0.003341	0.060309
11.227035	0.282935	-0.003012	0.060437
11.229421	0.275726	-0.002686	0.060580
11.231807	0.268654	-0.002362	0.060742
11.234194	0.261723	-0.002041	0.060928
11.236580	0.254934	-0.001723	0.061140
11.238966	0.248286	-0.001408	0.061380
11.241352	0.241753	-0.001099	0.061657
11.243738	0.235316	-0.000765	0.061993
11.246124	0.228993	-0.000410	0.062379
11.248511	0.222763	-0.000052	0.062785
11.250897	0.216665	0.000312	0.063205
11.253283	0.210732	0.000689	0.063639
11.255669	0.204985	0.001085	0.064090
11.258055	0.199439	0.001495	0.064556
11.260442	0.194056	0.001919	0.065030
11.262828	0.188801	0.002332	0.065513
11.265214	0.183652	0.002723	0.065993
11.267600	0.178588	0.003088	0.066463
11.269986	0.173593	0.003426	0.066916
11.272373	0.168657	0.003735	0.067347
11.274759	0.163775	0.004014	0.067749
11.277145	0.158946	0.004269	0.068123
11.279531	0.154163	0.004500	0.068469
11.281917	0.149435	0.004708	0.068788
11.284304	0.144778	0.004896	0.069089
11.286690	0.140201	0.005065	0.069377
11.289076	0.135708	0.005217	0.069649
11.291462	0.131299	0.005351	0.069905
11.293848	0.126973	0.005469	0.070147
11.296235	0.122753	0.005575	0.070381
11.298621	0.118629	0.005666	0.070606
11.301007	0.114614	0.005747	0.070828
11.303393	0.110725	0.005817	0.071054
11.305779	0.106962	0.005878	0.071283
11.308165	0.103333	0.005929	0.071517
11.310552	0.099840	0.005970	0.071760
11.312938	0.096485	0.006003	0.072010
11.315324	0.093270	0.006029	0.072270
11.317710	0.090212	0.006044	0.072545
11.320096	0.087317	0.006057	0.072840
11.322483	0.084583	0.006061	0.073152
11.324869	0.082011	0.006059	0.073483
11.327255	0.079611	0.006050	0.073836
11.329641	0.077383	0.006033	0.074208
11.332027	0.075336	0.006009	0.074603
11.334414	0.073467	0.005977	0.075020
11.336800	0.071786	0.005942	0.075452
11.339186	0.070247	0.005914	0.075908
11.341572	0.068830	0.005887	0.076404
11.343958	0.067539	0.005867	0.076949
11.346345	0.066376	0.005846	0.077518
11.348731	0.065383	0.005829	0.078113
11.351117	0.064580	0.005823	0.078731
11.353503	0.063968	0.005832	0.079366
11.355889	0.063526	0.005849	0.080003
11.358276	0.063216	0.005872	0.080629
11.360662	0.063012	0.005890	0.081233
11.363048	0.062888	0.005898	0.081805
11.365434	0.062839	0.005888	0.082346
11.367820	0.062854	0.005859	0.082852
11.370206	0.062932	0.005809	0.083323
11.372593	0.063062	0.005741	0.083760
11.374979	0.063253	0.005658	0.084170
11.377365	0.063516	0.005563	0.084559
11.379751	0.063870	0.005456	0.084935
11.382137	0.064318	0.005338	0.085296
11.384524	0.064870	0.005206	0.085640
11.386910	0.065532	0.005067	0.085974
11.389296	0.066315	0.004919	0.086300
11.391682	0.067222	0.004769	0.086624
11.394068	0.068264	0.004614	0.086951
11.396455	0.069450	0.004453	0.087284
11.398841	0.070778	0.004288	0.087623
11.401227	0.072254	0.004117	0.087970
11.403613	0.073885	0.003942	0.088328
11.405999	0.075670	0.003765	0.088697
11.408386	0.077605	0.003582	0.089075
11.410772	0.079701	0.003399	0.089466
11.413158	0.081946	0.003212	0.089865
11.415544	0.084350	0.003029	0.090278
11.417930	0.086906	0.002846	0.090701
11.420317	0.089607	0.002666	0.091132
11.422703	0.092459	0.002486	0.091573
11.425089	0.095451	0.002312	0.092034
11.427475	0.098552	0.002139	0.092499
11.429861	0.101784	0.001978	0.092989
11.432247	0.105157	0.001831	0.093500
11.434634	0.108685	0.001697	0.094023
11.437020	0.112392	0.001584	0.094563
11.439406	0.116280	0.001490	0.095117
11.441792	0.120347	0.001412	0.095686
11.444178	0.124577	0.001346	0.096269
11.446565	0.128947	0.001293	0.096871
11.448951	0.133440	0.001250	0.097476
11.451337	0.138033	0.001203	0.098070
11.453723	0.142691	0.001162	0.098648
11.456109	0.147447	0.001120	0.099205
11.458496	0.152284	0.001076	0.099734
11.460882	0.157201	0.001029	0.100237
11.463268	0.162204	0.000985	0.100717
11.465654	0.167300	0.000943	0.101181
11.468040	0.172493	0.000905	0.101633
11.470427	0.177793	0.000871	0.102079
11.472813	0.183203	0.000840	0.102520
11.475199	0.188726	0.000814	0.102958
11.477585	0.194359	0.000792	0.103393
11.479971	0.200101	0.000774	0.103822
11.482358	0.205947	0.000760	0.104242
11.484744	0.211897	0.000751	0.104650
11.487130	0.217949	0.000748	0.105051
11.489516	0.224105	0.000752	0.105444
11.491902	0.230363	0.000766	0.105831
11.494288	0.236729	0.000787	0.106212
11.496675	0.243205	0.000818	0.106591
11.499061	0.249792	0.000859	0.106971
11.501447	0.256494	0.000909	0.107350
11.503833	0.263314	0.000970	0.107732
11.506219	0.270244	0.001039	0.108115
11.508606	0.277278	0.001117	0.108503
11.510992	0.284394	0.001212	0.108902
11.513378	0.291605	0.001328	0.109314
11.515764	0.298922	0.001464	0.109731
11.518150	0.306354	0.001619	0.110147
11.520537	0.313900	0.001799	0.110563
11.522923	0.321568	0.002004	0.110982
11.525309	0.329362	0.002235	0.111408
11.527695	0.337281	0.002484	0.111844
11.530081	0.345334	0.002752	0.112299
11.532468	0.353521	0.003040	0.112777
11.534854	0.361832	0.003343	0.113268
11.537240	0.370253	0.003658	0.113762
11.539626	0.378766	0.003983	0.114254
11.542012	0.387353	0.004322	0.114737
11.544399	0.396000	0.004671	0.115210
11.546785	0.404677	0.005047	0.115680
11.549171	0.413420	0.005438	0.116133
11.551557	0.422222	0.005835	0.116562
11.553943	0.431080	0.006239	0.116971
11.556329	0.440004	0.006654	0.117366
11.558716	0.448992	0.007080	0.117750
11.561102	0.458048	0.007518	0.118128
11.563488	0.467175	0.007965	0.118506
11.565874	0.476373	0.008424	0.118879
11.568260	0.485639	0.008898	0.119248
11.570647	0.494973	0.009383	0.119615
11.573033	0.504368	0.009885	0.119973
11.575419	0.513818	0.010401	0.120330
11.577805	0.523320	0.010933	0.120683
11.580191	0.532867	0.011476	0.121032
11.582578	0.542457	0.012044	0.121387
11.584964	0.552101	0.012638	0.121742
11.587350	0.561800	0.013249	0.122083
11.589736	0.571552	0.013873	0.122412
11.592122	0.581362	0.014510	0.122730
11.594509	0.591265	0.015139	0.123047
11.596895	0.601260	0.015797	0.123332
11.599281	0.611329	0.016482	0.123608
11.601667	0.621473	0.017179	0.123894
11.604053	0.631687	0.017893	0.124196
11.606440	0.641971	0.018632	0.124510
11.608826	0.652320	0.019392	0.124834
11.611212	0.662730	0.020173	0.125165
11.613598	0.673188	0.020973	0.125501
11.615984	0.683677	0.021791	0.125836
11.618370	0.694185	0.022623	0.126163
11.620757	0.704691	0.023461	0.126471
11.623143	0.715196	0.024326	0.126779
11.625529	0.725701	0.025201	0.127059
11.627915	0.736194	0.026075	0.127305
11.630301	0.746673	0.026951	0.127518
11.632688	0.757141	0.027829	0.127702
11.635074	0.767609	0.028710	0.127865
11.637460	0.778082	0.029596	0.128011
11.639846	0.788567	0.030487	0.128146
11.642232	0.799072	0.031384	0.128276
11.644619	0.809600	0.032289	0.128409
11.647005	0.820130	0.033198	0.128546
11.649391	0.830680	0.034152	0.128717
11.651777	0.841276	0.035109	0.128881
11.654163	0.851891	0.036062	0.129036
11.656550	0.862520	0.037018	0.129186
11.658936	0.873159	0.037978	0.129329
11.661322	0.883805	0.038945	0.129465
11.663708	0.894456	0.039919	0.129596
11.666094	0.905110	0.040902	0.129722
11.668481	0.915767	0.041890	0.129845
11.670867	0.926432	0.042883	0.129967
11.673253	0.937107	0.043878	0.130089
11.675639	0.947789	0.044877	0.130210
11.678025	0.958473	0.045882	0.130331
11.680411	0.969161	0.046897	0.130458
11.682798	0.979820	0.047917	0.130581
11.685184	0.990472	0.048976	0.130735
11.687570	1.001133	0.050047	0.130884
11.689956	1.011777	0.051114	0.131015
11.692342	1.022404	0.052177	0.131134
11.694729	1.033024	0.053236	0.131247
11.697115	1.043636	0.054298	0.131351
11.699501	1.054239	0.055367	0.131446
11.701887	1.064857	0.056430	0.131543
11.704273	1.075488	0.057502	0.131625
11.706660	1.086125	0.058582	0.131699
11.709046	1.096805	0.059663	0.131790
11.711432	1.107432	0.060742	0.131886
11.713818	1.118077	0.061877	0.132023
11.716204	1.128709	0.063014	0.132156
11.718591	1.139291	0.064145	0.132271
11.720977	1.149808	0.065271	0.132365
11.723363	1.160251	0.066388	0.132433
11.725749	1.170602	0.067492	0.132468
11.728135	1.180859	0.068579	0.132467
11.730522	1.191010	0.069642	0.132428
11.732908	1.201056	0.070678	0.132352
11.735294	1.211000	0.071688	0.132242
11.737680	1.220847	0.072672	0.132099
11.740066	1.230606	0.073632	0.131931
11.742452	1.240283	0.074572	0.131742
11.744839	1.249885	0.075494	0.131541
11.747225	1.259405	0.076404	0.131334
11.749611	1.268856	0.077316	0.131144
11.751997	1.278256	0.078243	0.130965
11.754383	1.287592	0.079147	0.130768
11.756770	1.296854	0.080028	0.130551
11.759156	1.306052	0.080890	0.130324
11.761542	1.315187	0.081738	0.130089
11.763928	1.324271	0.082574	0.129851
11.766314	1.333306	0.083396	0.129616
11.768701	1.342303	0.084208	0.129388
11.771087	1.351263	0.085008	0.129172
11.773473	1.360183	0.085802	0.128967
11.775859	1.369064	0.086590	0.128781
11.778245	1.377892	0.087394	0.128631
11.780632	1.386697	0.088222	0.128505
11.783018	1.395457	0.089030	0.128372
11.785404	1.404161	0.089816	0.128233
11.787790	1.412801	0.090584	0.128089
11.790176	1.421379	0.091337	0.127942
11.792563	1.429893	0.092072	0.127795
11.794949	1.438347	0.092795	0.127646
11.797335	1.446732	0.093503	0.127497
11.799721	1.455046	0.094195	0.127353
11.802107	1.463296	0.094902	0.127234
11.804493	1.471506	0.095604	0.127128
11.806880	1.479680	0.096279	0.127013
11.809266	1.487769	0.096943	0.126870
11.811652	1.495792	0.097583	0.126724
11.814038	1.503752	0.098203	0.126573
11.816424	1.511640	0.098803	0.126417
11.818811	1.519443	0.099383	0.126252
11.821197	1.527142	0.099943	0.126076
11.823583	1.534731	0.100480	0.125886
11.825969	1.542187	0.100995	0.125676
11.828355	1.549495	0.101480	0.125439
11.830742	1.556645	0.101936	0.125175
11.833128	1.563647	0.102382	0.124894
11.835514	1.570486	0.102790	0.124574
11.837900	1.577165	0.103153	0.124214
11.840286	1.583676	0.103468	0.123812
11.842673	1.590036	0.103738	0.123377
11.845059	1.596251	0.103966	0.122916
11.847445	1.602344	0.104154	0.122439
11.849831	1.608321	0.104305	0.121953
11.852217	1.614192	0.104427	0.121462
11.854604	1.619967	0.104521	0.120969
11.856990	1.625644	0.104590	0.120477
11.859376	1.631227	0.104637	0.119992
11.861762	1.636721	0.104669	0.119516
11.864148	1.642133	0.104684	0.119046
11.866534	1.647455	0.104679	0.118586
11.868921	1.652691	0.104659	0.118134
11.871307	1.657847	0.104631	0.117698
11.873693	1.662918	0.104607	0.117283
11.876079	1.667911	0.104572	0.116879
11.878465	1.672815	0.104519	0.116475
11.880852	1.677618	0.104444	0.116070
11.883238	1.682320	0.104348	0.115665
11.885624	1.686929	0.104230	0.115264
11.888010	1.691448	0.104094	0.114868
11.890396	1.695875	0.103936	0.114479
11.892783	1.700207	0.103758	0.114096
11.895169	1.704461	0.103564	0.113726
11.897555	1.708618	0.103353	0.113362
11.899941	1.712699	0.103147	0.113017
11.902327	1.716701	0.102940	0.112690
11.904714	1.720609	0.102715	0.112365
11.907100	1.724430	0.102464	0.112047
11.909486	1.728168	0.102195	0.111716
11.911872	1.731795	0.101907	0.111379
11.914258	1.735330	0.101599	0.111045
11.916645	1.738761	0.101260	0.110708
11.919031	1.742079	0.100897	0.110365
11.921417	1.745266	0.100505	0.110010
11.923803	1.748309	0.100090	0.109642
11.926189	1.751195	0.099654	0.109262
11.928575	1.753916	0.099204	0.108858
11.930962	1.756443	0.098703	0.108416
11.933348	1.758776	0.098165	0.107933
11.935734	1.760907	0.097583	0.107412
11.938120	1.762852	0.096960	0.106859
11.940506	1.764624	0.096297	0.106280
11.942893	1.766238	0.095599	0.105684
11.945279	1.767698	0.094873	0.105079
11.947665	1.769032	0.094130	0.104480
11.950051	1.770243	0.093378	0.103886
11.952437	1.771333	0.092601	0.103292
11.954824	1.772299	0.091797	0.102697
11.957210	1.773148	0.090975	0.102107
11.959596	1.773886	0.090135	0.101524
11.961982	1.774519	0.089291	0.100951
11.964368	1.775049	0.088442	0.100394
11.966755	1.775481	0.087585	0.099853
11.969141	1.775825	0.086710	0.099331
11.971527	1.776074	0.085824	0.098806
11.973913	1.776222	0.084928	0.098283
11.976299	1.776264	0.084024	0.097772
11.978686	1.776209	0.083111	0.097276
11.981072	1.776054	0.082193	0.096796
11.983458	1.775795	0.081277	0.096329
11.985844	1.775427	0.080351	0.095870
11.988230	1.774941	0.079417	0.095415
11.990616	1.774335	0.078470	0.094959
11.993003	1.773612	0.077508	0.094504
11.995389	1.772757	0.076527	0.094043
11.997775	1.771782	0.075527	0.093578
12.000161	1.770667	0.074510	0.093106
12.002547	1.769407	0.073470	0.092626
12.004934	1.768015	0.072416	0.092142
12.007320	1.766484	0.071345	0.091650
12.009706	1.764811	0.070255	0.091149
12.012092	1.763010	0.069155	0.090643
12.014478	1.761074	0.068043	0.090133
12.016865	1.759011	0.066922	0.089621
12.019251	1.756825	0.065790	0.089109
12.021637	1.754529	0.064653	0.088603
12.024023	1.752114	0.063515	0.088100
12.026409	1.749584	0.062363	0.087601
12.028796	1.746940	0.061211	0.087108
12.031182	1.744176	0.060051	0.086616
12.033568	1.741306	0.058884	0.086132
12.035954	1.738323	0.057715	0.085652
12.038340	1.735215	0.056542	0.085173
12.040727	1.732010	0.055371	0.084703
12.043113	1.728694	0.054205	0.084243
12.045499	1.725285	0.053044	0.083798
12.047885	1.721782	0.051895	0.083372
12.050271	1.718201	0.050765	0.082955
12.052657	1.714515	0.049659	0.082544
12.055044	1.710741	0.048574	0.082152
12.057430	1.706866	0.047515	0.081772
12.059816	1.702901	0.046477	0.081406
12.062202	1.698820	0.045457	0.081043
12.064588	1.694617	0.044452	0.080680
12.066975	1.690281	0.043451	0.080311
12.069361	1.685795	0.042448	0.079928
12.071747	1.681155	0.041428	0.079529
12.074133	1.676358	0.040385	0.079111
12.076519	1.671400	0.039313	0.078672
12.078906	1.666293	0.038210	0.078215
12.081292	1.661047	0.037069	0.077745
12.083678	1.655667	0.035891	0.077264
12.086064	1.650162	0.034683	0.076776
12.088450	1.644561	0.033451	0.076288
12.090837	1.638865	0.032196	0.075804
12.093223	1.633092	0.030922	0.075327
12.095609	1.627246	0.029629	0.074860
12.097995	1.621325	0.028322	0.074401
12.100381	1.615343	0.027005	0.073952
12.102768	1.609291	0.025679	0.073509
12.105154	1.603166	0.024349	0.073061
12.107540	1.596978	0.023015	0.072619
12.109926	1.590701	0.021679	0.072181
12.112312	1.584332	0.020336	0.071745
12.114698	1.577857	0.018995	0.071304
12.117085	1.571302	0.017663	0.070865
12.119471	1.564619	0.016324	0.070412
12.121857	1.557814	0.014982	0.069946
12.124243	1.550890	0.013651	0.069466
12.126629	1.543850	0.012324	0.068973
12.129016	1.536673	0.010999	0.068457
12.131402	1.529371	0.009686	0.067922
12.133788	1.521934	0.008374	0.067364
12.136174	1.514373	0.007076	0.066785
12.138560	1.506683	0.005785	0.066182
12.140947	1.498877	0.004509	0.065564
12.143333	1.490961	0.003250	0.064931
12.145719	1.482942	0.002012	0.064293
12.148105	1.474827	0.000793	0.063652
12.150491	1.466623	-0.000397	0.063016
12.152878	1.458340	-0.001554	0.062388
12.155264	1.450009	-0.002683	0.061775
12.157650	1.441626	-0.003761	0.061176
12.160036	1.433201	-0.004790	0.060607
12.162422	1.424738	-0.005764	0.060066
12.164809	1.416265	-0.006676	0.059564
12.167195	1.407766	-0.007532	0.059092
12.169581	1.399261	-0.008331	0.058657
12.171967	1.390760	-0.009082	0.058264
12.174353	1.382271	-0.009786	0.057916
12.176739	1.373813	-0.010446	0.057619
12.179126	1.365387	-0.011069	0.057371
12.181512	1.356992	-0.011659	0.057170
12.183898	1.348631	-0.012222	0.057016
12.186284	1.340293	-0.012762	0.056905
12.188670	1.331965	-0.013273	0.056836
12.191057	1.323634	-0.013769	0.056804
12.193443	1.315281	-0.014241	0.056805
12.195829	1.306887	-0.014694	0.056822
12.198215	1.298433	-0.015143	0.056841
12.200601	1.289903	-0.015588	0.056856
12.202988	1.281280	-0.016032	0.056857
12.205374	1.272569	-0.016477	0.056844
12.207760	1.263754	-0.016927	0.056814
12.210146	1.254838	-0.017375	0.056766
12.212532	1.245825	-0.017826	0.056700
12.214919	1.236721	-0.018277	0.056620
12.217305	1.227532	-0.018727	0.056527
