0.0018767	13.42865577	6.316522913	3.634184891
0.003753399	5.178985097	1.899590746	1.226229322
0.005630099	1.531628108	0.399940934	0.240488589
0.007506799	0.409664307	0.018962066	-0.040729263
0.009383498	0.298477889	-0.009122209	-0.061245891
0.011260198	0.437568784	0.033231525	-0.024174315
0.013136898	0.564052337	0.066975296	0.006426703
0.015013597	0.632952251	0.082566413	0.021814466
0.016890297	0.661802568	0.086662844	0.027365929
0.018766997	0.671723415	0.085746525	0.028564962
0.020643696	0.67493708	0.083266762	0.028368809
0.022520396	0.676537958	0.080647799	0.027983149
0.024397095	0.678018579	0.078246543	0.027718049
0.026273795	0.679560705	0.076097794	0.027582752
0.028150495	0.681081876	0.074158259	0.027541527
0.030027194	0.682472578	0.072376155	0.02755202
0.031903894	0.683734114	0.07073422	0.027607438
0.033780594	0.684854313	0.069206606	0.027696649
0.035657293	0.685839886	0.067781699	0.027814149
0.037533993	0.68671383	0.066452368	0.027961687
0.039410693	0.687480747	0.065205519	0.028130819
0.041287392	0.68815036	0.064024112	0.028324245
0.043164092	0.688732127	0.062906893	0.028537981
0.045040792	0.689232983	0.061844148	0.028772738
0.046917491	0.689653037	0.060824003	0.029022138
0.048794191	0.689994276	0.059843997	0.029285638
0.050670891	0.690263777	0.058893925	0.029562532
0.05254759	0.690481757	0.057977347	0.029856856
0.05442429	0.690631516	0.057088784	0.030160856
0.05630099	0.690727541	0.05622263	0.030477407
0.058177689	0.690762317	0.055377254	0.03080023
0.060054389	0.690749353	0.054553441	0.031136756
0.061931089	0.690687269	0.05375298	0.031479104
0.063807788	0.690581208	0.052971714	0.031836212
0.065684488	0.690435032	0.052213992	0.032199905
0.067561187	0.690261382	0.051480405	0.03257806
0.069437887	0.690067018	0.050773103	0.032966747
0.071314587	0.689851233	0.050091561	0.033365262
0.073191286	0.689622745	0.049434165	0.033778217
0.075067986	0.689401322	0.04880085	0.034208879
0.076944686	0.689176895	0.048192852	0.034651985
0.078821385	0.688939262	0.047607912	0.035102823
0.080698085	0.688701204	0.047033915	0.035566456
0.082574785	0.688451826	0.046476799	0.036038918
0.084451484	0.688177749	0.045930486	0.036514546
0.086328184	0.687854225	0.045382221	0.036985766
0.088204884	0.687493688	0.04483501	0.037458632
0.090081583	0.687082818	0.044290069	0.037928623
0.091958283	0.686627383	0.043747979	0.038396822
0.093834983	0.686115879	0.043202113	0.038857548
0.095711682	0.685554478	0.04265614	0.039316294
0.097588382	0.684954691	0.042115491	0.03977368
0.099465082	0.68432166	0.041585261	0.040229749
0.101341781	0.683660298	0.041062055	0.040684903
0.103218481	0.682967843	0.040547319	0.041137163
0.105095181	0.682252294	0.040048948	0.041586347
0.10697188	0.68151655	0.039563041	0.042033154
0.10884858	0.680782664	0.039091969	0.042482001
0.110725279	0.680049002	0.038633793	0.042930338
0.112601979	0.679337021	0.038193342	0.043382989
0.114478679	0.678642243	0.037766686	0.043840335
0.116355378	0.677975243	0.037354577	0.044301675
0.118232078	0.677350415	0.036957411	0.044771692
0.120108778	0.676772525	0.036577046	0.045252451
0.121985477	0.67623414	0.036211137	0.045739091
0.123862177	0.675747029	0.035856752	0.046237941
0.125738877	0.675297032	0.035516389	0.046742991
0.127615576	0.674873993	0.035185295	0.047252223
0.129492276	0.674482817	0.034857423	0.047767186
0.131368976	0.674120937	0.034540283	0.048289067
0.133245675	0.673794586	0.034231616	0.048818105
0.135122375	0.673499091	0.03393051	0.049353587
0.136999075	0.673251879	0.033641758	0.049899722
0.138875774	0.673045158	0.033358734	0.050454969
0.140752474	0.67288835	0.033082293	0.051021929
0.142629174	0.672778496	0.03281908	0.051600349
0.144505873	0.672729133	0.032567442	0.052192745
0.146382573	0.672743271	0.032329512	0.052800468
0.148259273	0.672830707	0.03210371	0.053423743
0.150135972	0.672989824	0.031886035	0.054064106
0.152012672	0.673216385	0.031679658	0.054717328
0.153889371	0.673507287	0.031485089	0.055382525
0.155766071	0.673856152	0.031301771	0.056057223
0.157642771	0.674259582	0.031126562	0.056739944
0.15951947	0.674722249	0.030961379	0.057430975
0.16139617	0.675245987	0.030805413	0.058129652
0.16327287	0.6758276	0.030656785	0.058834161
0.165149569	0.676472852	0.03051464	0.059545607
0.167026269	0.677174331	0.030379769	0.060260258
0.168902969	0.677932928	0.030250091	0.060977998
0.170779668	0.678744451	0.030129098	0.061697229
0.172656368	0.679611693	0.030013212	0.06241813
0.174533068	0.680532321	0.029901261	0.063140313
0.176409767	0.681507267	0.029795561	0.063863197
0.178286467	0.6825468	0.029696424	0.06458929
0.180163167	0.683651442	0.029602427	0.065320035
0.182039866	0.684823257	0.029516598	0.066053949
0.183916566	0.686061743	0.029436533	0.066791498
0.185793266	0.687371335	0.02936412	0.067534385
0.187669965	0.688750942	0.029297938	0.068281866
0.189546665	0.690197472	0.029239333	0.069032913
0.191423365	0.691716188	0.029186684	0.069788618
0.193300064	0.693303215	0.029142629	0.070548431
0.195176764	0.69496013	0.029103295	0.071311788
0.197053464	0.69669032	0.029075009	0.072080813
0.198930163	0.698498735	0.029054463	0.072853973
0.200806863	0.700382342	0.029041708	0.073632976
0.202683562	0.70234582	0.029035863	0.07441755
0.204560262	0.704386082	0.029038516	0.075207462
0.206436962	0.706503661	0.029050589	0.07600203
0.208313661	0.708695774	0.029070408	0.076800559
0.210190361	0.710965646	0.029097187	0.077603852
0.212067061	0.713306701	0.029132722	0.078409076
0.21394376	0.715723004	0.029179183	0.079217622
0.21582046	0.718211188	0.029234799	0.080028592
0.21769716	0.720775987	0.029300082	0.080844285
0.219573859	0.723415978	0.029376848	0.081662247
0.221450559	0.726131404	0.029460553	0.082481845
0.223327259	0.728930802	0.029551616	0.083303364
0.225203958	0.73180988	0.029651874	0.084125571
0.227080658	0.734767287	0.029760317	0.08494687
0.228957358	0.73780548	0.029874568	0.085768358
0.230834057	0.740923868	0.029997852	0.086589721
0.232710757	0.744124524	0.030127036	0.087413284
0.234587457	0.747409906	0.030264184	0.088239585
0.236464156	0.750773828	0.030409402	0.089066563
0.238340856	0.754221042	0.030561778	0.089895621
0.240217556	0.757749657	0.03072291	0.090726761
0.242094255	0.761360356	0.030892012	0.09156
0.243970955	0.765058925	0.031069392	0.092397387
0.245847654	0.768843853	0.031253478	0.093237801
0.247724354	0.772714977	0.031447902	0.094081301
0.249601054	0.776674564	0.031651424	0.094928359
0.251477753	0.780720789	0.03186456	0.095778314
0.253354453	0.784848977	0.032086645	0.096629171
0.255231153	0.789064889	0.03231914	0.097483295
0.257107852	0.793363147	0.032559358	0.098337694
0.258984552	0.797745934	0.032809584	0.099193656
0.260861252	0.802209784	0.033070208	0.100049028
0.262737951	0.806754258	0.033340632	0.100904142
0.264614651	0.811376225	0.033621488	0.101757083
0.266491351	0.816078424	0.033912418	0.102609201
0.26836805	0.820855672	0.034213298	0.103457852
0.27024475	0.825711711	0.034524237	0.104304377
0.27212145	0.830645802	0.034844664	0.105147629
0.273998149	0.835656827	0.035173848	0.105986639
0.275874849	0.840745963	0.035512426	0.10682134
0.277751549	0.845909869	0.035860653	0.107650428
0.279628248	0.851150716	0.036219786	0.108475873
0.281504948	0.856465773	0.036590564	0.109298008
0.283381648	0.861857082	0.036972429	0.110116703
0.285258347	0.867323132	0.037365142	0.110932186
0.287135047	0.872863878	0.03777004	0.111744899
0.289011746	0.878477387	0.038187497	0.112554297
0.290888446	0.884166717	0.038617587	0.113361877
0.292765146	0.889928473	0.039061394	0.114166662
0.294641845	0.895764631	0.039518748	0.114969582
0.296518545	0.901675009	0.039991189	0.115770024
0.298395245	0.907659953	0.04047925	0.116568621
0.300271944	0.913720954	0.04098275	0.117365042
0.302148644	0.919858653	0.04150262	0.118160156
0.304025344	0.92607305	0.042039618	0.118955421
0.305902043	0.932362568	0.042594655	0.119750441
0.307778743	0.938728778	0.04316606	0.120543889
0.309655443	0.945168933	0.043752445	0.121333813
0.311532142	0.951680768	0.044353443	0.122118487
0.313408842	0.958267101	0.044968427	0.122899191
0.315285542	0.964927331	0.045598384	0.123675757
0.317162241	0.971659677	0.046244722	0.124448949
0.319038941	0.978466513	0.046906356	0.125218778
0.320915641	0.985345176	0.047584046	0.125985626
0.32279234	0.992296402	0.048276325	0.126749395
0.32466904	0.999320032	0.048984116	0.127510797
0.32654574	1.006415815	0.04970779	0.128269358
0.328422439	1.013583527	0.050447326	0.129025808
0.330299139	1.020824606	0.051203601	0.129779979
0.332175838	1.028137874	0.051976491	0.130532401
0.334052538	1.035525748	0.052766464	0.131283205
0.335929238	1.042985174	0.053573362	0.132032102
0.337805937	1.050518054	0.054398241	0.132779563
0.339682637	1.058120929	0.055240331	0.133524873
0.341559337	1.065793975	0.056100906	0.134268748
0.343436036	1.073537572	0.05697905	0.135010626
0.345312736	1.08134804	0.05787595	0.135750282
0.347189436	1.08922557	0.058791194	0.136487844
0.349066135	1.097166418	0.059724566	0.137221758
0.350942835	1.105170319	0.060676443	0.137951897
0.352819535	1.11323296	0.061646977	0.138677829
0.354696234	1.121355358	0.062635435	0.139398413
0.356572934	1.129530797	0.063641895	0.140113483
0.358449634	1.137762766	0.064666019	0.140822237
0.360326333	1.146045347	0.065708142	0.141524898
0.362203033	1.154382042	0.066767153	0.142219893
0.364079733	1.162766673	0.067844718	0.142908394
0.365956432	1.171203896	0.068939928	0.143589504
0.367833132	1.179689635	0.070052943	0.144262731
0.369709832	1.188224698	0.071182332	0.144928486
0.371586531	1.1968038	0.072329831	0.145586757
0.373463231	1.205431911	0.073494335	0.146237267
0.37533993	1.214101904	0.074676337	0.146879661
0.37721663	1.222817119	0.0758763	0.147515458
0.37909333	1.231577347	0.077095979	0.148145621
0.380970029	1.240380604	0.078337018	0.148773312
0.382846729	1.249221549	0.079601827	0.149399792
0.384723429	1.258110875	0.080888157	0.150022539
0.386600128	1.267040561	0.082192158	0.150636426
0.388476828	1.276009798	0.083510261	0.151240667
0.390353528	1.285016013	0.084844001	0.151834147
0.392230227	1.294065431	0.086193437	0.152419384
0.394106927	1.303151631	0.087559283	0.152996102
0.395983627	1.312278667	0.088940624	0.153566045
0.397860326	1.321442099	0.090339539	0.154128069
0.399737026	1.330645358	0.091753553	0.154683618
0.401613726	1.339884815	0.093183422	0.155233605
0.403490425	1.349160362	0.094628649	0.15577812
0.405367125	1.358472897	0.096092819	0.156316944
0.407243825	1.367822565	0.097572695	0.156851738
0.409120524	1.377204425	0.099069257	0.157381104
0.410997224	1.386617102	0.10058167	0.157905241
0.412873924	1.396059295	0.102109763	0.158423678
0.414750623	1.405532111	0.103653962	0.158933558
0.416627323	1.415029641	0.105214975	0.159438527
0.418504022	1.424557348	0.106803372	0.159947285
0.420380722	1.43411218	0.108413657	0.160452553
0.422257422	1.443692805	0.110041447	0.160950739
0.424134121	1.453292789	0.111681903	0.161438395
0.426010821	1.462909907	0.113334261	0.161914838
0.427887521	1.472543177	0.114999497	0.162379467
0.42976422	1.482193602	0.116676669	0.16283494
0.43164092	1.491860426	0.118368292	0.163281628
0.43351762	1.501542419	0.120071111	0.163719786
0.435394319	1.511239608	0.121785174	0.16414931
0.437271019	1.520952012	0.123510201	0.164570879
0.439147719	1.530678365	0.125245954	0.164984771
0.441024418	1.540414499	0.126991729	0.165390532
0.442901118	1.550162754	0.128748027	0.165789366
0.444777818	1.559917924	0.130515784	0.166182156
0.446654517	1.569679566	0.132295716	0.16656923
0.448531217	1.57944064	0.134087232	0.166952288
0.450407917	1.589190907	0.135880843	0.167324242
0.452284616	1.598934528	0.137701855	0.167702781
0.454161316	1.608688136	0.139537157	0.168072725
0.456038016	1.618439813	0.141381022	0.168431201
0.457914715	1.628181233	0.143225721	0.168771934
0.459791415	1.637915598	0.145072291	0.16909341
0.461668114	1.647633585	0.146919199	0.169396877
0.463544814	1.65733985	0.148768059	0.169684408
0.465421514	1.667035018	0.150619097	0.169958763
0.467298213	1.676714689	0.152472391	0.170219067
0.469174913	1.686381355	0.154329706	0.170466729
0.471051613	1.696035001	0.156186574	0.170703841
0.472928312	1.705672751	0.158046738	0.170929718
0.474805012	1.715293204	0.159907048	0.171145785
0.476681712	1.724889538	0.161767458	0.171352181
0.478558411	1.734466125	0.163626525	0.171547844
0.480435111	1.744016159	0.16549207	0.171741077
0.482311811	1.753549438	0.167373496	0.171931443
0.48418851	1.763065367	0.169251913	0.172104421
0.48606521	1.772556179	0.171125323	0.172260105
0.48794191	1.782020708	0.172994943	0.172397238
0.489818609	1.791456157	0.174856991	0.172517828
0.491695309	1.800861709	0.176714493	0.172626076
0.493572009	1.810246642	0.178569044	0.172723543
0.495448708	1.819607681	0.180421386	0.172812635
0.497325408	1.828947982	0.182268617	0.172895076
0.499202108	1.838270169	0.184116204	0.172972187
0.501078807	1.847569172	0.185960596	0.173043558
0.502955507	1.856852045	0.187802389	0.173110747
0.504832207	1.866106869	0.189641813	0.17317438
0.506708906	1.875335965	0.191479149	0.173234177
0.508585606	1.884533359	0.193312014	0.173288967
0.510462305	1.893701972	0.195140952	0.173338444
0.512339005	1.902833228	0.196969747	0.173386157
0.514215705	1.911932453	0.198805793	0.173436307
0.516092404	1.92100082	0.200636746	0.173475568
0.517969104	1.930029281	0.202457873	0.173501293
0.519845804	1.939011274	0.204264403	0.173511347
0.521722503	1.947941385	0.206056004	0.173503755
0.523599203	1.956823416	0.207830447	0.17347971
0.525475903	1.965655575	0.209590361	0.17343914
0.527352602	1.974429245	0.211332153	0.17338533
0.529229302	1.983156187	0.213059987	0.173319453
0.531106002	1.991834746	0.214770982	0.173242357
0.532982701	2.000459178	0.216465201	0.173152624
0.534859401	2.009022834	0.218140667	0.173051088
0.536736101	2.017530598	0.219802754	0.172943225
0.5386128	2.025976212	0.221465602	0.172834152
0.5404895	2.034374665	0.223113511	0.172710457
0.5423662	2.042716004	0.22473754	0.172571384
0.544242899	2.050992624	0.226339397	0.172411611
0.546119599	2.059203375	0.227914216	0.172232326
0.547996299	2.067345677	0.229464605	0.17203779
0.549872998	2.075430152	0.230991656	0.171830017
0.551749698	2.08345494	0.232495883	0.171610885
0.553626397	2.091417947	0.233979523	0.171384134
0.555503097	2.099323702	0.235455361	0.171157838
0.557379797	2.107176183	0.236922781	0.170931107
0.559256496	2.114984802	0.238372421	0.170695268
0.561133196	2.122731311	0.239797129	0.170447981
0.563009896	2.130421842	0.241196966	0.170187586
0.564886595	2.138048312	0.242569335	0.169914451
0.566763295	2.145621773	0.243920854	0.169633305
0.568639995	2.153128507	0.245248722	0.169348184
0.570516694	2.160586054	0.246566898	0.169065813
0.572393394	2.167980332	0.24787955	0.168780928
0.574270094	2.175327133	0.249167364	0.168496271
0.576146793	2.182619212	0.250439926	0.168205047
0.578023493	2.189840708	0.251691322	0.167910261
0.579900193	2.197002749	0.25293074	0.167612569
0.581776892	2.204110105	0.25415771	0.167314748
0.583653592	2.211150424	0.255370464	0.167010963
0.585530292	2.218131271	0.256569011	0.166703359
0.587406991	2.225052189	0.257760831	0.166393559
0.589283691	2.23191641	0.258945464	0.166079998
0.591160391	2.238721916	0.260130733	0.165763068
0.59303709	2.245463754	0.261326068	0.16544874
0.59491379	2.252116024	0.262583077	0.165163685
0.596790489	2.258819501	0.264222883	0.165026406
0.598667189	2.265793431	0.266264906	0.165022971
0.600543889	2.27267752	0.268391562	0.165036955
0.602420588	2.279165531	0.270329899	0.164952411
0.604297288	2.285061872	0.272050171	0.164751468
0.606173988	2.290623365	0.27358367	0.16444606
0.608050687	2.295807839	0.274921954	0.164093182
0.609927387	2.300884529	0.276139244	0.163703022
0.611804087	2.305878951	0.277220038	0.163292993
0.613680786	2.310707416	0.278142735	0.162871694
0.615557486	2.315520785	0.278945833	0.162425666
0.617434186	2.320227179	0.279650458	0.161988055
0.619310885	2.325004572	0.280373213	0.161568845
0.621187585	2.329802248	0.28101454	0.161143319
0.623064285	2.334469883	0.281577319	0.160732594
0.624940984	2.339062074	0.282072103	0.160323307
0.626817684	2.343638924	0.282530023	0.159908501
0.628694384	2.34816531	0.282946112	0.15950827
0.630571083	2.352705918	0.283370329	0.159120687
0.632447783	2.357291223	0.28381887	0.158744073
0.634324483	2.361827024	0.284252996	0.158388519
0.636201182	2.366265432	0.284655519	0.158047262
0.638077882	2.370644016	0.285018272	0.157709706
0.639954581	2.374856819	0.285310203	0.157387609
0.641831281	2.379043225	0.285597376	0.15707203
0.643707981	2.38327634	0.285885344	0.156760682
0.64558468	2.387380168	0.286133697	0.156477143
0.64746138	2.39147023	0.286396574	0.1562073
0.64933808	2.395597965	0.286685611	0.155954356
0.651214779	2.399620937	0.28697865	0.155731953
0.653091479	2.403613478	0.287286968	0.155531181
0.654968179	2.407492237	0.287540204	0.155349254
0.656844878	2.411211992	0.287737824	0.155188206
0.658721578	2.414887372	0.287918448	0.155041789
0.660598278	2.41853147	0.288079149	0.15490769
0.662474977	2.422091783	0.288213952	0.154806514
0.664351677	2.425662623	0.28836727	0.154726373
0.666228377	2.42918314	0.288498733	0.15466613
0.668105076	2.432606378	0.288627058	0.154646008
0.669981776	2.436073944	0.288791482	0.154639924
0.671858476	2.439429196	0.28892871	0.154670923
0.673735175	2.442781301	0.289168525	0.154739135
0.675611875	2.446069368	0.28935171	0.154824223
0.677488575	2.449125432	0.289449975	0.154944934
0.679365274	2.45211616	0.289530542	0.155072189
0.681241974	2.45503727	0.289568675	0.155207262
0.683118673	2.457814856	0.289560986	0.155375577
0.684995373	2.460635976	0.289588594	0.155548776
0.686872073	2.463359429	0.289566252	0.155738963
0.688748772	2.465919096	0.289509446	0.155959534
0.690625472	2.46856818	0.28951014	0.156170582
0.692502172	2.470937016	0.289381861	0.156407473
0.694378871	2.473243552	0.289292616	0.156659544
0.696255571	2.475644475	0.289238931	0.156897539
0.698132271	2.477606509	0.289049828	0.157186177
0.70000897	2.479802005	0.289056071	0.157461346
0.70188567	2.4817252	0.288909292	0.157751511
0.70376237	2.483366823	0.288674095	0.158066454
0.705639069	2.485112986	0.288520445	0.158352196
0.707515769	2.486467829	0.28815737	0.158661534
0.709392469	2.487729827	0.287777339	0.158980689
0.711269168	2.489148053	0.287504807	0.159270413
0.713145868	2.490171072	0.287037537	0.15960026
0.715022568	2.491132181	0.286577369	0.159933485
0.716899267	2.492282564	0.286251217	0.160232931
0.718775967	2.492887193	0.285670142	0.160583979
0.720652667	2.493534838	0.285161464	0.160931403
0.722529366	2.494367888	0.284784728	0.161247142
0.724406066	2.494550874	0.284121243	0.161628487
0.726282765	2.494879413	0.283581872	0.161991972
0.728159465	2.49538054	0.283152725	0.162319561
0.730036165	2.495115815	0.282404015	0.162722379
0.731912864	2.495123918	0.281844974	0.163096578
0.733789564	2.49526332	0.281362327	0.163443866
0.735666264	2.494537809	0.280541977	0.163874335
0.737542963	2.494240019	0.279989979	0.164269356
0.739419663	2.493940681	0.279432583	0.164638815
0.741296363	2.492897454	0.278653737	0.165112663
0.743173062	2.492149402	0.278057215	0.165485534
0.745049762	2.491299175	0.27739683	0.165899845
0.746926462	2.489785937	0.276465339	0.166375715
0.748803161	2.488434582	0.275695236	0.166749722
0.750679861	2.487217695	0.274989249	0.167154312
0.752556561	2.485167324	0.27383012	0.167600724
0.75443326	2.483260745	0.272855157	0.167986963
0.75630996	2.48182646	0.272143764	0.168363855
0.75818666	2.479605486	0.27105653	0.168789568
0.760063359	2.477124222	0.269963536	0.169203633
0.761940059	2.475203609	0.26922665	0.169562197
0.763816759	2.47261987	0.268163173	0.169946964
0.765693458	2.469617676	0.266958947	0.170392135
0.767570158	2.467079975	0.266095345	0.170740857
0.769446857	2.46433292	0.265145203	0.171086351
0.771323557	2.460861851	0.263890666	0.1715489
0.773200257	2.457607419	0.262850438	0.171910181
0.775076956	2.454272202	0.261829526	0.172179804
0.776953656	2.450833255	0.260685097	0.172683602
0.778830356	2.446684515	0.259415191	0.173049663
0.780707055	2.443145579	0.258485808	0.173364573
0.782583755	2.438931623	0.257235745	0.173719107
0.784460455	2.434390878	0.255884006	0.174158213
0.786337154	2.430226765	0.254836163	0.174488878
0.788213854	2.425826236	0.253703471	0.17478138
0.790090554	2.420799002	0.252259856	0.175240755
0.791967253	2.415802368	0.250994679	0.175547529
0.793843953	2.410957392	0.249860782	0.175793738
0.795720653	2.405857491	0.248529626	0.176213824
0.797597352	2.40010335	0.247085298	0.176546738
0.799474052	2.394670517	0.245868144	0.176761015
0.801350752	2.389068216	0.244531598	0.177020836
0.803227451	2.382641995	0.242903343	0.177347765
0.805104151	2.376595468	0.241563572	0.177546954
0.806980851	2.370330445	0.240161194	0.177647552
0.80885755	2.36399766	0.238644759	0.177990376
0.81073425	2.356935901	0.237051716	0.178127539
0.812610949	2.350194609	0.235615599	0.178166902
0.814487649	2.343096444	0.234013586	0.178268862
0.816364349	2.33544951	0.232240705	0.178421254
0.818241048	2.32801689	0.230683856	0.178390726
0.820117748	2.32071824	0.229185284	0.178360382
0.821994448	2.312644986	0.227354671	0.178460408
0.823871147	2.304273333	0.225536776	0.178358021
0.825747847	2.296366644	0.223983085	0.178209254
0.827624547	2.287726087	0.222109909	0.178073812
0.829501246	2.278707295	0.220123751	0.17799049
0.831377946	2.27014227	0.21845981	0.177765677
0.833254646	2.261493194	0.216767878	0.177509803
0.835131345	2.251841884	0.214683372	0.177315323
0.837008045	2.242148325	0.212658606	0.177008099
0.838884745	2.233056954	0.210993091	0.176637124
0.840761444	2.223429525	0.20907447	0.176308181
0.842638144	2.212905154	0.2068744	0.175957246
0.844514844	2.203089398	0.205079068	0.175501069
0.846391543	2.193262307	0.20329538	0.17503251
0.848268243	2.182429923	0.201104711	0.174591779
0.850144943	2.171306474	0.198780995	0.17405918
0.852021642	2.161024442	0.196927319	0.173437659
0.853898342	2.150452788	0.1950311	0.172851944
0.855775042	2.138968007	0.19288581	0.172316383
0.857651741	2.128168217	0.191158258	0.171661409
0.859528441	2.11695985	0.189227601	0.171032624
0.86140514	2.10492905	0.186927551	0.170382633
0.86328184	2.093029475	0.184710309	0.169649127
0.86515854	2.081738755	0.182843628	0.168862983
0.867035239	2.069653915	0.180692712	0.168139032
0.868911939	2.05742794	0.178514615	0.167385702
0.870788639	2.045698249	0.176608183	0.166560208
0.872665338	2.033698253	0.174647756	0.16576131
0.874542038	2.021005433	0.172415914	0.164973801
0.876418738	2.008769251	0.170509584	0.164091942
0.878295437	1.996548814	0.168613365	0.163210754
0.880172137	1.983494143	0.166323192	0.162365243
0.882048837	1.970715137	0.164255515	0.16143575
0.883925536	1.958348348	0.162402493	0.160475066
0.885802236	1.945370699	0.160287581	0.159567765
0.887678936	1.932246768	0.158181652	0.158622045
0.889555635	1.91965045	0.156369327	0.15760414
0.891432335	1.90665946	0.154400756	0.156636515
0.893309035	1.893141603	0.152214128	0.155656858
0.895185734	1.880026076	0.150207244	0.154575368
0.897062434	1.867119697	0.148334338	0.153505463
0.898939134	1.853636854	0.146301343	0.152479699
0.900815833	1.840446624	0.14449097	0.15140497
0.902692533	1.827373178	0.142728518	0.150311068
0.904569232	1.813762375	0.14078901	0.149238023
0.906445932	1.800196324	0.138932563	0.148132566
0.908322632	1.786812548	0.137147575	0.146977217
0.910199331	1.773022027	0.135175184	0.145833822
0.912076031	1.759133496	0.133179453	0.144668225
0.913952731	1.745366422	0.131176856	0.143440272
0.91582943	1.731593189	0.12913181	0.142182089
0.91770613	1.717846348	0.127164634	0.140931749
0.91958283	1.704425633	0.125424075	0.139670989
0.921459529	1.690911421	0.123687894	0.138428208
0.923336229	1.677074259	0.121906983	0.137202573
0.925212929	1.663242377	0.120165992	0.135920107
0.927089628	1.649355314	0.118393361	0.134600545
0.928966328	1.635254549	0.116558732	0.133291409
0.930843028	1.621260777	0.114744956	0.131936938
0.932719727	1.607306939	0.112957203	0.130557707
0.934596427	1.593192116	0.111073702	0.129187906
0.936473127	1.579007636	0.109127009	0.127772744
0.938349826	1.564855649	0.107163113	0.126296854
0.940226526	1.55087836	0.10522657	0.124806692
0.942103226	1.536950684	0.103327588	0.123305401
0.943979925	1.523163501	0.101588891	0.121815589
0.945856625	1.509395586	0.099935653	0.120337554
0.947733324	1.495463398	0.098276078	0.118849602
0.949610024	1.481304258	0.096561406	0.11733183
0.951486724	1.467099346	0.094835337	0.11576528
0.953363423	1.452849735	0.093088191	0.114168268
0.955240123	1.438546148	0.091282308	0.112542
0.957116823	1.424171963	0.08940186	0.110871731
0.958993522	1.409828593	0.087483562	0.109159078
0.960870222	1.395652595	0.08559263	0.107419667
0.962746922	1.38155232	0.083690624	0.105665882
0.964623621	1.367485952	0.081797552	0.103909465
0.966500321	1.353474306	0.079932104	0.10214306
0.968377021	1.339506483	0.078111494	0.100372939
0.97025372	1.325646778	0.076408664	0.098629374
0.97213042	1.311880455	0.074832414	0.096915482
0.97400712	1.298048557	0.073265118	0.095213567
0.975883819	1.28420832	0.07172252	0.093505224
0.977760519	1.270350211	0.07018381	0.091787342
0.979637219	1.256463111	0.068613673	0.090065092
0.981513918	1.242554329	0.066997466	0.088330355
0.983390618	1.228760042	0.065367303	0.086591963
0.985267318	1.215108994	0.063721471	0.084856849
0.987144017	1.201656588	0.062097337	0.083129969
0.989020717	1.188399007	0.060504479	0.081431307
0.990897416	1.175269917	0.058919791	0.079757429
0.992774116	1.16224974	0.057346499	0.078103684
0.994650816	1.149388219	0.055797675	0.076468057
0.996527515	1.136669976	0.054295267	0.074855747
0.998404215	1.124062309	0.052830968	0.073280519
1.000280915	1.111588794	0.051422942	0.071740687
1.002157614	1.099290115	0.050104864	0.07024869
1.004034314	1.087147424	0.048866005	0.068808195
1.005911014	1.075087139	0.047663276	0.067399221
1.007787713	1.063127823	0.046491073	0.066008207
1.009664413	1.051327101	0.045359321	0.064631796
1.011541113	1.039621462	0.044249527	0.063261784
1.013417812	1.028056768	0.043157548	0.061910557
1.015294512	1.016624477	0.042063315	0.060574536
1.017171212	1.005359729	0.040968087	0.05926499
1.019047911	0.994257169	0.039880492	0.057974875
1.020924611	0.983281327	0.038780233	0.056711285
1.022801311	0.972468388	0.037681539	0.055467938
1.02467801	0.96184585	0.036601492	0.054251251
1.02655471	0.951343162	0.035535738	0.053054613
1.02843141	0.940996199	0.034488896	0.051895408
1.030308109	0.930779059	0.03344644	0.050757286
1.032184809	0.920675793	0.032406141	0.049627228
1.034061508	0.910768088	0.031397954	0.048525107
1.035938208	0.90097707	0.030399843	0.047444381
1.037814908	0.891305673	0.029404848	0.046382133
1.039691607	0.881760432	0.02841925	0.045337258
1.041568307	0.872335614	0.027440179	0.044302001
1.043445007	0.863050256	0.026480999	0.043284922
1.045321706	0.853893802	0.025524756	0.042290327
1.047198406	0.844828945	0.024567824	0.041302406
1.049075106	0.835881473	0.02361693	0.04032465
1.050951805	0.827046709	0.022669612	0.03935061
1.052828505	0.818317651	0.021719217	0.03838755
1.054705205	0.809687323	0.020768856	0.0374301
1.056581904	0.801163419	0.019830055	0.0364781
1.058458604	0.792763764	0.01890255	0.035533116
1.060335304	0.784452847	0.017967645	0.03459046
1.062212003	0.77623503	0.017033581	0.033648219
1.064088703	0.768124784	0.016116344	0.032706693
1.065965403	0.760129247	0.015208884	0.031771079
1.067842102	0.752233293	0.01430521	0.030839094
1.069718802	0.744431228	0.013413214	0.029905879
1.071595502	0.7367389	0.012541	0.028978353
1.073472201	0.729165028	0.011692398	0.028067025
1.075348901	0.721722697	0.010884038	0.027178794
1.0772256	0.714369047	0.010105003	0.026296303
1.0791023	0.707156661	0.009351935	0.025432944
1.080979	0.700047951	0.008622738	0.024582267
1.082855699	0.693058356	0.007930842	0.023741362
1.084732399	0.686234523	0.007274021	0.022917702
1.086609099	0.679467429	0.006631347	0.022064253
1.088485798	0.672831227	0.005991727	0.02120685
1.090362498	0.666314718	0.005365504	0.020334152
1.092239198	0.659857663	0.00474617	0.019450785
1.094115897	0.653488803	0.004137768	0.018553799
1.095992597	0.647219411	0.003556187	0.017649124
1.097869297	0.641050967	0.002999705	0.016738449
1.099745996	0.634942589	0.002461729	0.015824835
1.101622696	0.628968571	0.001956929	0.014915864
1.103499396	0.623100518	0.001482723	0.014005637
1.105376095	0.617322103	0.001034524	0.013100169
1.107252795	0.61166071	0.000615519	0.012204666
1.109129495	0.60614596	0.000232487	0.011333525
1.111006194	0.600773651	-0.000121701	0.010490627
1.112882894	0.59557955	-0.000446155	0.009688421
1.114759594	0.590597536	-0.000719745	0.00893999
1.116636293	0.585825203	-0.000949038	0.008257475
1.118512993	0.581294568	-0.001131455	0.007660081
1.120389692	0.577080431	-0.001249414	0.007165304
1.122266392	0.573184169	-0.001309193	0.006786769
1.124143092	0.569601057	-0.001316906	0.006532856
1.126019791	0.566361889	-0.001266014	0.006415222
1.127896491	0.563497099	-0.001151001	0.006442638
1.129773191	0.56103198	-0.000968474	0.006630173
1.13164989	0.558989902	-0.000727548	0.006980709
1.13352659	0.557312756	-0.00043623	0.007494314
1.13540329	0.556063778	-7.68E-05	0.008175019
1.137279989	0.555253739	0.000346708	0.009030423
1.139156689	0.55482497	0.000818199	0.010045264
1.141033389	0.554760217	0.001330532	0.011214811
1.142910088	0.555076085	0.001889651	0.012542264
1.144786788	0.555755235	0.002497566	0.014015842
1.146663488	0.556758009	0.003132935	0.01562082
1.148540187	0.558044348	0.003789353	0.017340101
1.150416887	0.559586633	0.004457173	0.019163011
1.152293587	0.561371458	0.00514654	0.021082177
1.154170286	0.563388372	0.005848623	0.02308449
1.156046986	0.565577498	0.006548399	0.025143536
1.157923686	0.567904761	0.007238823	0.027247316
1.159800385	0.570334765	0.007912368	0.029376322
1.161677085	0.572829081	0.008572352	0.031512647
1.163553785	0.575363432	0.009204856	0.033645292
1.165430484	0.577888187	0.009797623	0.035741048
1.167307184	0.580343306	0.010346567	0.037781338
1.169183883	0.582695485	0.010850016	0.039752488
1.171060583	0.584903259	0.011317531	0.04164379
1.172937283	0.586923892	0.011735015	0.043432548
1.174813982	0.588704127	0.012094202	0.045093191
1.176690682	0.590203303	0.01239589	0.046608698
1.178567382	0.591380385	0.012645565	0.047959472
1.180444081	0.592220794	0.012839119	0.049128051
1.182320781	0.592663201	0.012952394	0.050074879
1.184197481	0.592670025	0.012982589	0.050784942
1.18607418	0.592214177	0.012922542	0.05124527
1.18795088	0.591274359	0.012774748	0.05144584
1.18982758	0.589838558	0.012540742	0.051382173
1.191704279	0.587911729	0.012224477	0.051058604
1.193580979	0.585516166	0.011832373	0.050483247
1.195457679	0.582683486	0.011368276	0.049671021
1.197334378	0.579466154	0.010842765	0.048646794
1.199211078	0.575925244	0.010265869	0.047437474
1.201087778	0.572145244	0.009649305	0.046078929
1.202964477	0.568207843	0.009003834	0.044607759
1.204841177	0.564207903	0.00834137	0.043066153
1.206717877	0.56024496	0.007675696	0.041496349
1.208594576	0.556424974	0.0070276	0.039948573
1.210471276	0.552852175	0.006407142	0.038474912
1.212347975	0.549603998	0.005825532	0.037099363
1.214224675	0.546761226	0.005302013	0.035861446
1.216101375	0.544387304	0.004842014	0.034794483
1.217978074	0.542535195	0.004447723	0.033923894
1.219854774	0.541258755	0.004132836	0.033275195
1.221731474	0.540604472	0.003893524	0.032862697
1.223608173	0.540578179	0.003728601	0.032690942
1.225484873	0.54118194	0.003642861	0.032761726
1.227361573	0.542418583	0.003637413	0.033070877
1.229238272	0.544270643	0.003704537	0.03361762
1.231114972	0.546713198	0.003839179	0.034385318
1.232991672	0.549716488	0.00404352	0.035363963
1.234868371	0.553238557	0.004307684	0.036536184
1.236745071	0.557243401	0.004620258	0.037878827
1.238621771	0.561669907	0.00497994	0.039374665
1.24049847	0.566483444	0.005379756	0.041002781
1.24237517	0.571638029	0.005813304	0.042742193
1.24425187	0.577077646	0.006273564	0.044572321
1.246128569	0.582762933	0.006756889	0.04647814
1.248005269	0.588652034	0.007251532	0.048434533
1.249881969	0.594702331	0.00775973	0.050428561
1.251758668	0.600884527	0.008276166	0.052443814
1.253635368	0.607135652	0.008792674	0.054453958
1.255512067	0.613436861	0.009305107	0.056448352
1.257388767	0.619746711	0.00980635	0.058412035
1.259265467	0.626013447	0.010284307	0.060318641
1.261142166	0.632215273	0.010726732	0.062162806
1.263018866	0.638330566	0.011166076	0.063957906
1.264895566	0.644358628	0.011626405	0.065705187
1.266772265	0.650257112	0.012067541	0.067368836
1.268648965	0.6560059	0.012496615	0.068938922
1.270525665	0.661584774	0.012894874	0.070393847
1.272402364	0.666985465	0.013250485	0.071715444
1.274279064	0.672167235	0.013574911	0.07289476
1.276155764	0.677113489	0.01386449	0.073922823
1.278032463	0.68181871	0.014116133	0.074797562
1.279909163	0.686276793	0.014334426	0.075517169
1.281785863	0.69048935	0.014513465	0.076080902
1.283662562	0.694481478	0.014653233	0.07649497
1.285539262	0.698237878	0.0147509	0.076756337
1.287415962	0.701773475	0.014809931	0.076871319
1.289292661	0.70511353	0.014835536	0.076852571
1.291169361	0.708273174	0.014829077	0.076705438
1.293046061	0.711297683	0.014797189	0.076451898
1.29492276	0.714256589	0.014748643	0.076120312
1.29679946	0.717184434	0.014691572	0.07572713
1.298676159	0.720116357	0.014631856	0.07529563
1.300552859	0.72313041	0.014573369	0.074852328
1.302429559	0.726293116	0.014526422	0.074431232
1.304306258	0.72966392	0.014503679	0.074062219
1.306182958	0.733310686	0.014514766	0.073773975
1.308059658	0.73728187	0.014570034	0.073592096
1.309936357	0.741637269	0.014673871	0.07353824
1.311813057	0.746422677	0.014833713	0.073633498
1.313689757	0.751657983	0.015056276	0.073887565
1.315566456	0.757359094	0.015346062	0.074310311
1.317443156	0.76354127	0.015704447	0.074919252
1.319319856	0.770219968	0.016128412	0.07571536
1.321196555	0.777369093	0.01662324	0.076694344
1.323073255	0.784994127	0.017187392	0.077852485
1.324949955	0.793040596	0.017814367	0.079166394
1.326826654	0.801475385	0.018500447	0.080620476
1.328703354	0.810275029	0.019244597	0.082206384
1.330580054	0.819406754	0.020041883	0.083907164
1.332456753	0.828808221	0.020884042	0.085695957
1.334333453	0.838442826	0.02176682	0.087556762
1.336210153	0.848263997	0.022683919	0.089470727
1.338086852	0.858212748	0.023631417	0.091414685
1.339963552	0.868255634	0.024590275	0.093365531
1.341840251	0.878309562	0.025545729	0.095304162
1.343716951	0.888367178	0.026542863	0.097246647
1.345593651	0.898389	0.027565277	0.099159644
1.34747035	0.908346484	0.028594813	0.10101765
1.34934705	0.918199644	0.029618112	0.102793667
1.35122375	0.927921556	0.030631424	0.104470948
1.353100449	0.937495373	0.031631342	0.106038684
1.354977149	0.946895341	0.032613001	0.107483649
1.356853849	0.956092521	0.033571866	0.108797573
1.358730548	0.965065902	0.034502978	0.109972327
1.360607248	0.973826855	0.03540644	0.111014282
1.362483948	0.982378477	0.036284499	0.111922368
1.364360647	0.990735201	0.037131228	0.112700489
1.366237347	0.998890738	0.037947766	0.113350795
1.368114047	1.006857359	0.038732574	0.113877839
1.369990746	1.014646811	0.039490895	0.114293594
1.371867446	1.02230171	0.040220806	0.114610884
1.373744146	1.02984359	0.040926273	0.11484464
1.375620845	1.037310598	0.041614664	0.115006789
1.377497545	1.044728788	0.042302332	0.115114192
1.379374245	1.05213326	0.042996042	0.115179725
1.381250944	1.059575633	0.043699071	0.115226324
1.383127644	1.067078906	0.044409095	0.115272986
1.385004343	1.074705633	0.045143314	0.115340693
1.386881043	1.082491825	0.045911493	0.115445691
1.388757743	1.09046328	0.046716006	0.115605641
1.390634442	1.098660236	0.047571808	0.115841792
1.392511142	1.107106761	0.048483489	0.116169788
1.394387842	1.115815852	0.049455706	0.116598579
1.396264541	1.124794544	0.050493281	0.117138137
1.398141241	1.134063985	0.05161231	0.117808344
1.400017941	1.143620435	0.052798012	0.11858791
1.40189464	1.15346142	0.054045476	0.119470449
1.40377134	1.163561376	0.05535369	0.12044935
1.40564804	1.173914388	0.056722601	0.121515428
1.407524739	1.1844881	0.058146863	0.122655375
1.409401439	1.195254473	0.059622531	0.12386092
1.411278139	1.206195427	0.061143934	0.125117648
1.413154838	1.21725775	0.062702386	0.126410086
1.415031538	1.22841374	0.064295055	0.127722058
1.416908238	1.239641614	0.065915219	0.129044461
1.418784937	1.250901003	0.067551215	0.130357101
1.420661637	1.262172147	0.069199323	0.131650113
1.422538337	1.273418374	0.070850725	0.132907116
1.424415036	1.284598593	0.072494006	0.134109179
1.426291736	1.295701567	0.074132248	0.1352535
1.428168435	1.306703551	0.075766261	0.136335407
1.430045135	1.317588452	0.077394109	0.137347995
1.431921835	1.328347568	0.079007341	0.138283822
1.433798534	1.338972904	0.080601103	0.139136529
1.435675234	1.349470436	0.082174901	0.13990451
1.437551934	1.359842241	0.083733833	0.140592604
1.439428633	1.370105777	0.085278346	0.141209375
1.441305333	1.380274077	0.086812415	0.14176115
1.443182033	1.390370516	0.088329307	0.142270082
1.445058732	1.40040292	0.089840637	0.142727336
1.446935432	1.410399006	0.091358083	0.143147672
1.448812132	1.420382769	0.092883186	0.14354642
1.450688831	1.43036765	0.094422935	0.143936509
1.452565531	1.440373701	0.095982406	0.144333976
1.454442231	1.45040915	0.097563145	0.144748441
1.45631893	1.460493967	0.09918779	0.145193981
1.45819563	1.47063855	0.100838833	0.145654465
1.46007233	1.480830846	0.102504861	0.146124425
1.461949029	1.491078871	0.104186921	0.146605371
1.463825729	1.501388487	0.10588832	0.147099911
1.465702429	1.511750503	0.107609707	0.147607536
1.467579128	1.522163754	0.109351435	0.14812551
1.469455828	1.532605323	0.11111522	0.148651557
1.471332528	1.54307057	0.112894091	0.149185464
1.473209227	1.553556002	0.114695967	0.149735069
1.475085927	1.564064738	0.116529325	0.150294135
1.476962626	1.574584538	0.11837156	0.150844602
1.478839326	1.585105503	0.120212721	0.151381849
1.480716026	1.595614374	0.122056184	0.151902754
1.482592725	1.606110634	0.123899457	0.152407688
1.484469425	1.616591171	0.125745355	0.152896595
1.486346125	1.627052994	0.127592638	0.153371384
1.488222824	1.637500038	0.129443551	0.153832813
1.490099524	1.647930498	0.131296612	0.154282347
1.491976224	1.658349754	0.133154602	0.154719561
1.493852923	1.668752525	0.135014474	0.15514679
1.495729623	1.679137595	0.136877379	0.155561976
1.497606323	1.689498908	0.13874024	0.155966222
1.499483022	1.699839644	0.1406039	0.156360296
1.501359722	1.710163608	0.142471524	0.156745758
1.503236422	1.720465973	0.144340094	0.157122106
1.505113121	1.730745638	0.146209476	0.157491437
1.506989821	1.741002113	0.148080074	0.157853555
1.508866521	1.751236118	0.149956486	0.158207608
1.51074322	1.761440684	0.151833972	0.158553187
1.51261992	1.771616693	0.153714551	0.158891963
1.51449662	1.78174096	0.155584912	0.159220645
1.516373319	1.791839591	0.15747206	0.1595536
1.518250019	1.80190179	0.159365894	0.159879156
1.520126718	1.81192474	0.161254786	0.16018817
1.522003418	1.8219074	0.163129258	0.160481382
1.523880118	1.831844803	0.164987663	0.160755801
1.525756817	1.841733983	0.166834432	0.161011597
1.527633517	1.85157805	0.168670375	0.161246877
1.529510217	1.861370725	0.170497089	0.16146381
1.531386916	1.871117342	0.172313483	0.161665999
1.533263616	1.880822251	0.174114381	0.161857063
1.535140316	1.890481741	0.175909507	0.162035062
1.537017015	1.90009102	0.177694873	0.162202805
1.538893715	1.909656994	0.179478061	0.162363786
1.540770415	1.919156514	0.181246517	0.16251731
1.542647114	1.928622293	0.183032867	0.162679957
1.544523814	1.938051965	0.184815876	0.162835944
1.546400514	1.947435771	0.18658505	0.162978214
1.548277213	1.956771042	0.188335249	0.163101608
1.550153913	1.96604614	0.190067769	0.163205414
1.552030613	1.975274105	0.191783749	0.163294811
1.553907312	1.984456133	0.19348694	0.163375523
1.555784012	1.993590511	0.195180195	0.163447252
1.557660712	2.002678515	0.196865448	0.16351434
1.559537411	2.011713786	0.198538435	0.1635775
1.561414111	2.020693417	0.200205219	0.163639339
1.56329081	2.029628399	0.201881451	0.163706726
1.56516751	2.038508458	0.203545385	0.163756721
1.56704421	2.047324095	0.205186966	0.163786734
1.568920909	2.056066948	0.206794965	0.16379553
1.570797609	2.064727392	0.208372065	0.163780751
1.572674309	2.073310436	0.209920717	0.163745151
1.574551008	2.081814228	0.211442517	0.163690077
1.576427708	2.090237104	0.212939132	0.163618478
1.578304408	2.09858461	0.214419531	0.163536324
1.580181107	2.106855721	0.21589401	0.163450474
1.582057807	2.115063941	0.217350838	0.163348871
1.583934507	2.123195795	0.218777904	0.163226726
1.585811206	2.131233174	0.220168522	0.163079605
1.587687906	2.139182106	0.221523524	0.162909955
1.589564606	2.147046435	0.222851137	0.162722746
1.591441305	2.154825686	0.224166464	0.162528583
1.593318005	2.162533306	0.225468955	0.162327386
1.595194705	2.170175367	0.226752533	0.162110877
1.597071404	2.177738677	0.22802125	0.161880383
1.598948104	2.185239455	0.22927291	0.161646281
1.600824804	2.192667713	0.230521097	0.161400135
1.602701503	2.200044406	0.231765839	0.161144989
1.604578203	2.20736216	0.233027451	0.160891164
1.606454902	2.214585367	0.234379494	0.160679647
1.608331602	2.22188054	0.236142784	0.160635371
1.610208302	2.229403033	0.238345755	0.160761274
1.612085001	2.23683482	0.240638628	0.160919709
1.613961701	2.243770758	0.242665191	0.160960105
1.615838401	2.250236519	0.244511201	0.16089605
1.6177151	2.256250806	0.246104488	0.160728918
1.6195918	2.261991308	0.247557144	0.16051604
1.6214685	2.267655554	0.248909743	0.160277306
1.623345199	2.273176325	0.250129993	0.160040539
1.625221899	2.27868712	0.251237289	0.159786723
1.627098599	2.284079165	0.252212569	0.159525266
1.628975298	2.289456002	0.253179666	0.159285237
1.630851998	2.29492312	0.254089072	0.159045469
1.632728698	2.300286093	0.254920903	0.158835044
1.634605397	2.305607176	0.255705821	0.158626824
1.636482097	2.310905101	0.256437802	0.1584211
1.638358797	2.316135518	0.257129836	0.158245074
1.640235496	2.321450392	0.257832806	0.158073841
1.642112196	2.326725363	0.258522807	0.15791536
1.643988896	2.332045695	0.259269803	0.15777741
1.645865595	2.337293514	0.259970171	0.157658127
1.647742295	2.342362509	0.260610849	0.157554756
1.649618994	2.347438129	0.26123173	0.157449694
1.651495694	2.352384572	0.2618075	0.157360822
1.653372394	2.35729808	0.262373112	0.157282175
1.655249093	2.362282884	0.262951161	0.157212235
1.657125793	2.367100695	0.263494252	0.157171963
1.659002493	2.37193953	0.264083626	0.157137723
1.660879192	2.376783021	0.26469629	0.157116694
1.662755892	2.381466852	0.265273477	0.157134933
1.664632592	2.386102039	0.26581347	0.157143258
1.666509291	2.390465864	0.266275807	0.157185797
1.668385991	2.39491272	0.266763411	0.157223881
1.670262691	2.399251018	0.267189291	0.157275534
1.67213939	2.403470036	0.267612516	0.157359403
1.67401609	2.407815226	0.268079852	0.157433204
1.67589279	2.41192405	0.268475048	0.157558886
1.677769489	2.416090396	0.268941435	0.15769978
1.679646189	2.420189342	0.269366328	0.157867634
1.681522889	2.424168244	0.269874001	0.158089394
1.683399588	2.428275808	0.270402199	0.158317485
1.685276288	2.431978547	0.270784473	0.158606578
1.687152988	2.435760845	0.271229365	0.158894248
1.689029687	2.439424838	0.271598324	0.159216344
1.690906387	2.442940323	0.271960244	0.159592204
1.692783086	2.446773312	0.272461235	0.159980241
1.694659786	2.450147397	0.272750022	0.160432109
1.696536486	2.453638749	0.273189764	0.160887317
1.698413185	2.457186188	0.273622689	0.161359989
1.700289885	2.460335478	0.273927112	0.161922449
1.702166585	2.46385157	0.274445054	0.162458345
1.704043284	2.466963589	0.274769136	0.163060586
1.705919984	2.470078915	0.275237643	0.163703059
1.707796684	2.473494625	0.275816749	0.164329631
1.709673383	2.476078849	0.276031064	0.165063878
1.711550083	2.478927609	0.276476551	0.165711236
1.713426783	2.481817662	0.27687756	0.166423278
1.715303482	2.484065485	0.277059143	0.167223106
1.717180182	2.486672815	0.277419963	0.167903298
1.719056882	2.489245653	0.27773364	0.168669337
1.720933581	2.491117492	0.277797973	0.169496567
1.722810281	2.493550718	0.278184014	0.170222502
1.724686981	2.495779072	0.278422555	0.171037668
1.72656368	2.497239578	0.278425372	0.171886438
1.72844038	2.499470751	0.278809255	0.172643655
1.73031708	2.501214167	0.278971504	0.173481917
1.732193779	2.502376743	0.278946277	0.174380474
1.734070479	2.503746161	0.279102673	0.175057824
1.735947178	2.505801187	0.27950283	0.176070486
1.737823878	2.506339794	0.279352775	0.176962872
1.739700578	2.507240779	0.279424636	0.177630674
1.741577277	2.508426228	0.279574256	0.17855693
1.743453977	2.508787861	0.279523726	0.179524418
1.745330677	2.50955369	0.279761765	0.180296429
1.747207376	2.509682091	0.279514222	0.181175845
1.749084076	2.50967781	0.279273552	0.182135591
1.750960776	2.509779569	0.279243078	0.182885268
1.752837475	2.509704918	0.279147931	0.183673786
1.754714175	2.509536249	0.279116366	0.184771415
1.756590875	2.508743812	0.278894356	0.185465122
1.758467574	2.508475914	0.278789877	0.186349417
1.760344274	2.507251197	0.278245206	0.187277989
1.762220974	2.506328955	0.278055046	0.188101056
1.764097673	2.505689646	0.27803459	0.18888331
1.765974373	2.503878816	0.277383926	0.189793305
1.767851073	2.50209083	0.276965229	0.190572886
1.769727772	2.500730354	0.276820627	0.19133868
1.771604472	2.498851304	0.27626036	0.19217501
1.773481172	2.496599362	0.275756298	0.193052246
1.775357871	2.494275416	0.275306017	0.193696533
1.777234571	2.492186344	0.274861125	0.194488215
1.77911127	2.489050033	0.274094064	0.195300978
1.78098797	2.485986436	0.273519992	0.19592253
1.78286467	2.483623937	0.273178623	0.196684063
1.784741369	2.479947963	0.272223298	0.197412447
1.786618069	2.476295131	0.271568037	0.198033787
1.788494769	2.473086439	0.271120832	0.198679131
1.790371468	2.468943607	0.270102829	0.199324315
1.792248168	2.464510267	0.269272131	0.199945369
1.794124868	2.460575957	0.268669728	0.200485328
1.796001567	2.456169051	0.267743986	0.201049791
1.797878267	2.450918581	0.266675869	0.201604196
1.799754967	2.44606375	0.265918269	0.202039621
1.801631666	2.440910337	0.264984011	0.202488842
1.803508366	2.435143161	0.263688017	0.202962844
1.805385066	2.42952699	0.262751495	0.203295751
1.807261765	2.423823361	0.261772594	0.203635267
1.809138465	2.417271128	0.260304816	0.203981603
1.811015165	2.410933236	0.259249003	0.204287673
1.812891864	2.404341713	0.258060754	0.204418878
1.814768564	2.397339159	0.256589012	0.204623778
1.816645264	2.390140634	0.25532955	0.204859237
1.818521963	2.382795593	0.254040535	0.204884203
1.820398663	2.375477298	0.252708261	0.205004662
1.822275363	2.367229218	0.251045366	0.205097105
1.824152062	2.359348417	0.249733731	0.205041713
1.826028762	2.35129884	0.248319292	0.205015881
1.827905461	2.342575948	0.246599139	0.205003496
1.829782161	2.334005436	0.245167959	0.204924226
1.831658861	2.325358126	0.243727306	0.204728288
1.83353556	2.31618482	0.241968799	0.20458929
1.83541226	2.306658037	0.240355783	0.204453426
1.83728896	2.297379137	0.238854624	0.204162507
1.839165659	2.288219367	0.237347548	0.203963274
1.841042359	2.277830341	0.235455754	0.203717005
1.842919059	2.26770901	0.233849898	0.203324606
1.844795758	2.258140179	0.232425152	0.203026633
1.846672458	2.247524939	0.230522	0.202732813
1.848549158	2.237036465	0.228940293	0.2023894
1.850425857	2.226507595	0.227351278	0.201900106
1.852302557	2.21588317	0.225683602	0.201551125
1.854179257	2.204521739	0.223879081	0.201184717
1.856055956	2.193800774	0.222395155	0.200690003
1.857932656	2.182925966	0.220828191	0.200203373
1.859809356	2.171203568	0.218922335	0.199770005
1.861686055	2.159722112	0.217286351	0.199243726
1.863562755	2.148581951	0.21590808	0.198680281
1.865439455	2.136692885	0.214015948	0.198148789
1.867316154	2.124474176	0.212238739	0.197588054
1.869192854	2.112990115	0.210862893	0.196968581
1.871069553	2.101069336	0.209233566	0.196379903
1.872946253	2.088508067	0.207383766	0.195825634
1.874822953	2.07620583	0.205767373	0.195141202
1.876699652	2.064425505	0.204378361	0.194467418
1.878576352	2.051797207	0.202635052	0.19386792
1.880453052	2.038875056	0.200860319	0.193190171
1.882329751	2.026771179	0.199607947	0.192489005
1.884206451	2.014240997	0.197949609	0.191801319
1.886083151	2.000938486	0.196135728	0.191124478
1.88795985	1.988411626	0.1947615	0.190357592
1.88983655	1.975793748	0.193320401	0.189596291
1.89171325	1.962185533	0.191455726	0.18887297
1.893589949	1.949256876	0.18999404	0.188053683
1.895466649	1.936483983	0.188595446	0.187208408
1.897343349	1.922780714	0.186787058	0.186423194
1.899220048	1.909453262	0.18523888	0.185548894
1.901096748	1.896488298	0.183857433	0.184622188
1.902973448	1.882520075	0.182029692	0.183761376
1.904850147	1.86878916	0.18037666	0.182816176
1.906726847	1.855537981	0.178937231	0.181776134
1.908603547	1.841645496	0.177221825	0.180846664
1.910480246	1.827377986	0.17533044	0.179827206
1.912356946	1.813919685	0.17382419	0.178699168
1.914233645	1.800073207	0.172184094	0.177625409
1.916110345	1.785553308	0.170235994	0.176525139
1.917987045	1.771711412	0.168582892	0.175332667
1.919863744	1.757998486	0.167000974	0.17412357
1.921740444	1.743529798	0.165172959	0.172969997
1.923617144	1.729554632	0.163648519	0.171730522
1.925493843	1.715576088	0.162084125	0.170481734
1.927370543	1.700905098	0.160297453	0.169242646
1.929247243	1.68663615	0.1587196	0.16793762
1.931123942	1.67234659	0.157080912	0.166615025
1.933000642	1.657604207	0.155274659	0.165319242
1.934877342	1.643134771	0.153604805	0.163924327
1.936754041	1.628740258	0.151915313	0.162545239
1.938630741	1.61399044	0.150076315	0.161178124
1.940507441	1.599255098	0.148218442	0.159727426
1.94238414	1.584711628	0.146352336	0.158257463
1.94426084	1.570157692	0.144487696	0.156772793
1.94613754	1.555881933	0.142791774	0.155273265
1.948014239	1.541689631	0.14119169	0.153784829
1.949890939	1.527299316	0.139559076	0.152330792
1.951767639	1.512809918	0.137927821	0.150834926
1.953644338	1.498353111	0.136305326	0.149299043
1.955521038	1.483730131	0.134613885	0.147766302
1.957397737	1.469102656	0.13289641	0.146195712
1.959274437	1.454546983	0.131156391	0.144587483
1.961151137	1.440009252	0.129368964	0.142989621
1.963027836	1.425366535	0.127521619	0.141335135
1.964904536	1.410973683	0.125704701	0.139648545
1.966781236	1.396636824	0.123856304	0.137965509
1.968657935	1.382358133	0.122014328	0.136249142
1.970534635	1.368228799	0.120276242	0.134541251
1.972411335	1.354238834	0.118667596	0.132862828
1.974288034	1.340163387	0.117069626	0.131203538
1.976164734	1.325989755	0.115454396	0.129529997
1.978041434	1.311761667	0.113814105	0.12782788
1.979918133	1.29753065	0.112161398	0.126097953
1.981794833	1.283328471	0.110492363	0.124350778
1.983671533	1.269167802	0.108798025	0.12259572
1.985548232	1.255061926	0.107080087	0.12082143
1.987424932	1.240973843	0.105306338	0.119033607
1.989301632	1.226911064	0.103484728	0.117224118
1.991178331	1.212946248	0.101640124	0.115378728
1.993055031	1.199176345	0.099820338	0.113525137
1.994931731	1.185518254	0.097999451	0.11166495
1.99680843	1.171933212	0.096172867	0.109811593
1.99868513	1.15841685	0.094363304	0.107949507
2.000561829	1.144950973	0.092571219	0.106076525
2.002438529	1.131574618	0.090833792	0.104210866
2.004315229	1.118363513	0.089224248	0.102374347
2.006191928	1.105181264	0.08764973	0.100546353
2.008068628	1.091988628	0.086074947	0.098704428
2.009945328	1.07870536	0.084467353	0.09683484
2.011822027	1.065346755	0.08280541	0.09493414
2.013698727	1.051999192	0.081098258	0.093000626
2.015575427	1.038735167	0.07936438	0.091044797
2.017452126	1.025605313	0.077619918	0.089068913
2.019328826	1.012652592	0.07588127	0.08709354
2.021205526	0.999821178	0.074127397	0.085118095
2.023082225	0.987063621	0.072356221	0.083138129
2.024958925	0.974426204	0.070603114	0.081165628
2.026835625	0.961880441	0.068863556	0.079205687
2.028712324	0.949407367	0.06712183	0.077255633
2.030589024	0.937051542	0.065398621	0.075317152
2.032465724	0.924828242	0.063692939	0.073386571
2.034342423	0.912692681	0.062019254	0.071467153
2.036219123	0.900684719	0.060381679	0.069586919
2.038095823	0.888769272	0.058778223	0.067741297
2.039972522	0.876994022	0.057212477	0.065924675
2.041849222	0.865349151	0.055675653	0.064142806
2.043725921	0.853801197	0.054169032	0.062380761
2.045602621	0.842443145	0.052722604	0.060643119
2.047479321	0.831282895	0.051322258	0.058944661
2.04935602	0.820282532	0.049944592	0.057268137
2.05123272	0.809444047	0.048592027	0.05561251
2.05310942	0.798764538	0.047259121	0.053979024
2.054986119	0.788207208	0.04593732	0.052361275
2.056862819	0.777836852	0.044618555	0.050781603
2.058739519	0.767631677	0.043306258	0.049228581
2.060616218	0.757627234	0.042021492	0.047709282
2.062492918	0.747801313	0.040748853	0.046228562
2.064369618	0.738155027	0.039495326	0.044779698
2.066246317	0.728691672	0.038261733	0.043363111
2.068123017	0.719436664	0.037067861	0.041985014
2.069999717	0.710375734	0.035902642	0.040653146
2.071876416	0.701493378	0.034753757	0.039356121
2.073753116	0.692790426	0.033631013	0.038092031
2.075629816	0.684290719	0.03254384	0.036865747
2.077506515	0.675958755	0.031477048	0.035676223
2.079383215	0.667792229	0.030421895	0.034522164
2.081259915	0.659818652	0.029398172	0.033401484
2.083136614	0.652043685	0.028407056	0.032316578
2.085013314	0.644434431	0.027428389	0.031263947
2.086890013	0.636972535	0.026454402	0.030234738
2.088766713	0.629684261	0.02550207	0.029231163
2.090643413	0.622587733	0.024576248	0.028258616
2.092520112	0.615643051	0.023664651	0.027314998
2.094396812	0.608864194	0.022764381	0.026397852
2.096273512	0.602266102	0.021892276	0.025506777
2.098150211	0.595827348	0.021039725	0.024640682
2.100026911	0.589529667	0.020200185	0.023801567
2.101903611	0.583393567	0.019393314	0.023000127
2.10378031	0.577487543	0.01865979	0.022260208
2.10565701	0.571722474	0.017959484	0.021549375
2.10753371	0.566125414	0.017297858	0.020886235
2.109410409	0.560688843	0.016676057	0.020262688
2.111287109	0.555407687	0.016091424	0.01966605
2.113163809	0.550333085	0.015520192	0.019107962
2.115040508	0.545455365	0.014955014	0.018582663
2.116917208	0.540692915	0.014406735	0.018076084
2.118793908	0.536151665	0.013889304	0.017596443
2.120670607	0.531769747	0.01339894	0.017135043
2.122547307	0.527590731	0.012932373	0.016717535
2.124424007	0.523587013	0.012504831	0.016328408
2.126300706	0.519754315	0.012116446	0.015967482
2.128177406	0.516057681	0.011736845	0.015645311
2.130054106	0.512525472	0.011392804	0.01535049
2.131930805	0.509137742	0.011084523	0.015082259
2.133807505	0.505827662	0.010799808	0.014826363
2.135684204	0.50266645	0.010530674	0.01459297
2.137560904	0.499624825	0.010286568	0.014369091
2.139437604	0.496655518	0.010052666	0.014152418
2.141314303	0.493755758	0.009831891	0.013940002
2.143191003	0.490932699	0.009627878	0.013724626
2.145067703	0.488234638	0.009455999	0.013526148
2.146944402	0.485630686	0.00930381	0.013336988
2.148821102	0.483092581	0.009167823	0.013160907
2.150697802	0.480650929	0.009048481	0.01300236
2.152574501	0.478324615	0.008949147	0.012864618
2.154451201	0.476140593	0.008880611	0.012759214
2.156327901	0.474127804	0.00883863	0.012693194
2.1582046	0.472271973	0.00881595	0.012670776
2.1600813	0.470565864	0.008806021	0.012700397
2.161958	0.469052646	0.008821306	0.012798741
2.163834699	0.467772436	0.008870395	0.012978108
2.165711399	0.466740923	0.008949562	0.013250651
2.167588099	0.46595315	0.009055786	0.013619418
2.169464798	0.465422748	0.009187738	0.014093792
2.171341498	0.465172553	0.009364515	0.014684107
2.173218198	0.465225048	0.009576523	0.015391411
2.175094897	0.465566436	0.009816336	0.016213867
2.176971597	0.466190611	0.010082219	0.017154483
2.178848296	0.467100336	0.010382236	0.018212923
2.180724996	0.468313423	0.010714327	0.019393141
2.182601696	0.469800868	0.011067648	0.020677066
2.184478395	0.471521333	0.011436266	0.022054694
2.186355095	0.47348031	0.011811699	0.023526827
2.188231795	0.475672416	0.012214116	0.02508883
2.190108494	0.478071355	0.012630234	0.026725325
2.191985194	0.480642276	0.013047575	0.028418338
2.193861894	0.483351613	0.013456007	0.030157952
2.195738593	0.486166046	0.013857409	0.031934757
2.197615293	0.48907223	0.014261429	0.033737167
2.199491993	0.492030357	0.014649096	0.035544559
2.201368692	0.494992957	0.015019461	0.037342107
2.203245392	0.497912009	0.015364006	0.039113665
2.205122092	0.500784735	0.015712166	0.040860714
2.206998791	0.50360262	0.016061595	0.042565072
2.208875491	0.506304613	0.016381145	0.044182667
2.210752191	0.50884	0.016655446	0.045690763
2.21262889	0.511161845	0.016878437	0.047068661
2.21450559	0.513245007	0.017046257	0.048303392
2.21638229	0.515059204	0.017157148	0.049381553
2.218258989	0.516585369	0.017210142	0.050294346
2.220135689	0.51778506	0.017196053	0.051022464
2.222012388	0.518659196	0.01711958	0.051565259
2.223889088	0.519191666	0.016971851	0.051911339
2.225765788	0.519359212	0.016750143	0.052053831
2.227642487	0.519190156	0.016468612	0.052003009
2.229519187	0.518693612	0.016132723	0.051763844
2.231395887	0.517888725	0.01574148	0.051342165
2.233272586	0.516794252	0.015298202	0.050750995
2.235149286	0.515458917	0.014813836	0.050014529
2.237025986	0.513931226	0.014297304	0.049154302
2.238902685	0.512274346	0.01375723	0.048197689
2.240779385	0.510560227	0.013209594	0.047175211
2.242656085	0.508836644	0.012656694	0.046109991
2.244532784	0.507187118	0.012103829	0.04503286
2.246409484	0.505656175	0.011569273	0.043975426
2.248286184	0.504320069	0.011058668	0.042965957
2.250162883	0.503238594	0.010580222	0.042031562
2.252039583	0.502463157	0.010136811	0.041196101
2.253916283	0.502037661	0.009737391	0.040478328
2.255792982	0.50202019	0.009391599	0.039908241
2.257669682	0.502458282	0.009102179	0.039500458
2.259546382	0.50337459	0.008867987	0.039267424
2.261423081	0.504807361	0.008701765	0.039228829
2.263299781	0.506764694	0.008603798	0.039385371
2.26517648	0.509240646	0.00856726	0.03973642
2.26705318	0.512244671	0.008592575	0.040285133
2.26892988	0.515782014	0.008682982	0.041036064
2.270806579	0.519833212	0.00883297	0.041977347
2.272683279	0.524385887	0.009035131	0.043093949
2.274559979	0.529413544	0.009294256	0.044376935
2.276436678	0.534849047	0.009598595	0.045811366
2.278313378	0.540682097	0.009948234	0.047392896
2.280190078	0.546883756	0.010333192	0.049109024
2.282066777	0.553386066	0.01074505	0.050925753
2.283943477	0.560093972	0.011157621	0.052822647
2.285820177	0.567059248	0.011645552	0.054831574
2.287696876	0.574202557	0.012173478	0.056902788
2.289573576	0.581480237	0.012720482	0.059003293
2.291450276	0.5888362	0.013270572	0.061100328
2.293326975	0.596220834	0.013809848	0.063165173
2.295203675	0.603598126	0.014344317	0.065181419
2.297080375	0.610923572	0.01486728	0.067128758
2.298957074	0.618161751	0.015373739	0.06899336
2.300833774	0.625261832	0.015856532	0.070751213
2.302710474	0.632187998	0.016309381	0.072388838
2.304587173	0.638902819	0.016727197	0.073886316
2.306463873	0.645370381	0.017104947	0.075228573
2.308340572	0.651558323	0.017439506	0.076402203
2.310217272	0.657436661	0.017725352	0.07739179
2.312093972	0.662991628	0.017958021	0.078188372
2.313970671	0.668184927	0.018138778	0.078780605
2.315847371	0.673033306	0.018268532	0.079168896
2.317724071	0.677535294	0.018348197	0.07935768
2.31960077	0.681700021	0.018379718	0.079346734
2.32147747	0.685578999	0.018371573	0.079159933
2.32335417	0.689223746	0.018329331	0.078821236
2.325230869	0.692679251	0.018262452	0.078355261
2.327107569	0.696031909	0.018177162	0.077801173
2.328984269	0.699364502	0.018085562	0.077197454
2.330860968	0.702750711	0.017997872	0.076582888
2.332737668	0.706285059	0.017923422	0.07599776
2.334614368	0.710054542	0.017877355	0.075480254
2.336491067	0.714150555	0.017882557	0.075072022
2.338367767	0.718647163	0.017950509	0.074808599
2.340244467	0.723571227	0.018077123	0.074706287
2.342121166	0.729015525	0.018264362	0.074804973
2.343997866	0.735010049	0.018524802	0.075113826
2.345874566	0.741557866	0.018869234	0.075634163
2.347751265	0.748655391	0.019296718	0.076365793
2.349627965	0.756287777	0.0198064	0.077307062
2.351504664	0.764426883	0.020393102	0.078446331
2.353381364	0.773041367	0.021056482	0.079770004
2.355258064	0.782087709	0.021791906	0.081259949
2.357134763	0.791511991	0.022587877	0.082889355
2.359011463	0.801251458	0.02343452	0.084631994
2.360888163	0.811257723	0.024333346	0.086466413
2.362764862	0.821499695	0.025277901	0.088373715
2.364641562	0.831911149	0.026259493	0.090323918
2.366518262	0.842435459	0.027267886	0.092293824
2.368394961	0.853026159	0.028298669	0.094263726
2.370271661	0.863626077	0.029330121	0.096204006
2.372148361	0.87416576	0.030355986	0.098103109
2.37402506	0.884638348	0.031413662	0.099973119
2.37590176	0.895022733	0.032481206	0.101782286
2.37777846	0.905273351	0.033541726	0.10350236
2.379655159	0.915340498	0.034586871	0.105110308
2.381531859	0.925243327	0.035612294	0.106598696
2.383408559	0.934949438	0.036621869	0.107958245
2.385285258	0.944437841	0.037606757	0.109177818
2.387161958	0.953699588	0.038564859	0.110257085
2.389038658	0.962742364	0.039493568	0.11120042
2.390915357	0.971573389	0.040389483	0.112013859
2.392792057	0.980213591	0.041252216	0.112698269
2.394668756	0.98866501	0.042086394	0.113261065
2.396545456	0.996932259	0.042898902	0.11370517
2.398422156	1.005058392	0.043688554	0.114045304
2.400298855	1.013064986	0.044460045	0.114288837
2.402175555	1.020992017	0.045219415	0.114461941
2.404052255	1.028873554	0.045966485	0.11457868
2.405928954	1.036739423	0.046698678	0.114672528
2.407805654	1.044613135	0.047438339	0.114736518
2.409682354	1.052517475	0.048194069	0.114785068
2.411559053	1.060491878	0.048972031	0.114841783
2.413435753	1.068566252	0.049777298	0.114919527
2.415312453	1.07676251	0.050618513	0.115030407
2.417189152	1.085113986	0.051495721	0.115190935
2.419065852	1.093642462	0.052418613	0.11540903
2.420942552	1.102369322	0.053391591	0.11569235
2.422819251	1.111310443	0.054418508	0.116049709
2.424695951	1.120490647	0.055497864	0.11649164
2.426572651	1.129915174	0.056633885	0.1170216
2.42844935	1.13958746	0.057827212	0.11764313
2.43032605	1.149517222	0.059082231	0.118361262
2.43220275	1.159713005	0.060402948	0.119183014
2.434079449	1.170155368	0.061786366	0.120095221
2.435956149	1.180831629	0.063227804	0.121093948
2.437832848	1.191717694	0.064722837	0.122169289
2.439709548	1.202789597	0.066270286	0.123313368
2.441586248	1.21403442	0.067869339	0.124516069
2.443462947	1.225419463	0.069513067	0.125761538
2.445339647	1.236913025	0.071189314	0.127036519
2.447216347	1.248474271	0.072894557	0.128326159
2.449093046	1.260059297	0.074623636	0.129617586
2.450969746	1.271653947	0.076379257	0.130907296
2.452846446	1.283188832	0.078131475	0.132166367
2.454723145	1.294687709	0.079909989	0.133407533
2.456599845	1.306132153	0.081690552	0.134594856
2.458476545	1.31749557	0.083452434	0.135712337
2.460353244	1.328743963	0.085196193	0.136749263
2.462229944	1.339865646	0.086922441	0.137708466
2.464106644	1.350846868	0.088626995	0.138587488
2.465983343	1.361693266	0.090315808	0.139388189
2.467860043	1.372406083	0.091984731	0.140112194
2.469736743	1.383003839	0.093637111	0.140769585
2.471613442	1.393497453	0.095270654	0.141370053
2.473490142	1.403909177	0.096886379	0.141916343
2.475366842	1.414237024	0.098490342	0.142407442
2.477243541	1.424492605	0.10009265	0.142848935
2.479120241	1.434698838	0.10169311	0.143252956
2.480996941	1.444878039	0.103293372	0.143633082
2.48287364	1.455043996	0.104899686	0.144000059
2.48475034	1.465215461	0.106520781	0.144359528
2.486627039	1.475396646	0.108151567	0.144721642
2.488503739	1.485602855	0.109801286	0.14509231
2.490380439	1.495846101	0.11147384	0.145473492
2.492257138	1.506129494	0.113169088	0.145866817
2.494133838	1.516466047	0.114892144	0.146278602
2.496010538	1.526857513	0.116638735	0.146707703
2.497887237	1.537300576	0.118412163	0.147155738
2.499763937	1.547788614	0.120211522	0.147621448
2.501640637	1.55831827	0.122034887	0.148105265
2.503517336	1.568870807	0.123876179	0.14860451
2.505394036	1.579461896	0.125750353	0.149130228
2.507270736	1.590085625	0.127661634	0.149678678
2.509147435	1.600743553	0.129587878	0.150230194
2.511024135	1.611409739	0.131520615	0.150775066
2.512900835	1.622073516	0.133456119	0.151311508
2.514777534	1.632720156	0.135396041	0.151837604
2.516654234	1.643355787	0.137336968	0.152351286
2.518530934	1.653970677	0.139278324	0.152850077
2.520407633	1.664538556	0.141217031	0.153334665
2.522284333	1.67507536	0.14315543	0.153799842
2.524161033	1.68557588	0.145089443	0.154245805
2.526037732	1.69602325	0.147022026	0.154673065
2.527914432	1.706394465	0.148933402	0.155072248
2.529791131	1.716702766	0.150856478	0.155462289
2.531667831	1.726955669	0.152783467	0.155828206
2.533544531	1.737144709	0.154694953	0.156162487
2.53542123	1.747258572	0.15657792	0.156459989
2.53729793	1.757300185	0.158441527	0.15671933
2.53917463	1.767266602	0.160284579	0.156944187
2.541051329	1.777167382	0.162109883	0.157140613
2.542928029	1.787008371	0.163923246	0.157316497
2.544804729	1.796796954	0.165721786	0.157474087
2.546681428	1.806535318	0.167509808	0.157614984
2.548558128	1.816237636	0.169287655	0.157747017
2.550434828	1.825908393	0.171048476	0.157880566
2.552311527	1.835548302	0.172804181	0.158000799
2.554188227	1.845158742	0.174557774	0.158106392
2.556064927	1.854746052	0.176313233	0.158212057
2.557941626	1.864307211	0.178071418	0.158320758
2.559818326	1.873824997	0.179827278	0.158432516
2.561695026	1.883310611	0.181584012	0.158552238
2.563571725	1.892773509	0.183366179	0.158696264
2.565448425	1.902221982	0.185151207	0.158841176
2.567325125	1.911638675	0.186932021	0.158981971
2.569201824	1.921014538	0.188700922	0.159114244
2.571078524	1.930348409	0.190455977	0.15923635
2.572955223	1.939635154	0.192199637	0.159350001
2.574831923	1.948877583	0.193933607	0.159456753
2.576708623	1.958071172	0.195653171	0.159559074
2.578585322	1.967215211	0.197364984	0.15965766
2.580462022	1.976301885	0.199060815	0.159750297
2.582338722	1.985324022	0.200754605	0.15984391
2.584215421	1.99429809	0.202454855	0.159941971
2.586092121	2.003221511	0.204139183	0.160024129
2.587968821	2.012076581	0.205795305	0.160084795
2.58984552	2.020838027	0.207412798	0.1601198
2.59172222	2.029531107	0.209004613	0.160130186
2.59359892	2.038132976	0.210564337	0.160119008
2.595475619	2.046656584	0.212095377	0.160088227
2.597352319	2.055087875	0.213601127	0.160034298
2.599229019	2.063433302	0.215088258	0.159970336
2.601105718	2.071703665	0.216569518	0.159899175
2.602982418	2.079897854	0.218027319	0.159805897
2.604859118	2.088000128	0.219448032	0.159687805
2.606735817	2.096008999	0.220832295	0.159540817
2.608612517	2.103924952	0.222178595	0.159368154
2.610489217	2.111743088	0.223491821	0.159175214
2.612365916	2.119486225	0.224790121	0.158972081
2.614242616	2.127153033	0.226085365	0.158764668
2.616119315	2.134766022	0.227358942	0.158551496
2.617996015	2.142297257	0.228614113	0.158323763
2.619872715	2.149755772	0.229855214	0.158088512
2.621749414	2.157158562	0.231089853	0.15784916
2.623626114	2.164504537	0.232321431	0.157605368
2.625502814	2.171812841	0.23355739	0.157360855
2.627379513	2.179084857	0.234816148	0.157123
2.629256213	2.186266582	0.236189884	0.156939945
2.631132913	2.19352331	0.237993584	0.156930698
2.633009612	2.201020265	0.240230844	0.157098575
2.634886312	2.20839851	0.242535185	0.157308854
2.636763012	2.215288022	0.244560627	0.157396179
2.638639711	2.221700588	0.246393127	0.157373752
2.640516411	2.227707025	0.247994382	0.157263915
2.642393111	2.233443207	0.249448635	0.157115311
2.64426981	2.239116387	0.250815279	0.156940996
2.64614651	2.24467339	0.252069663	0.156773125
2.64802321	2.250221637	0.253212258	0.156588882
2.649899909	2.255656521	0.254236204	0.156409559
2.651776609	2.261060199	0.2552419	0.156255765
2.653653309	2.266581658	0.256196998	0.156102631
2.655530008	2.271988889	0.257083268	0.155979237
2.657406708	2.277364762	0.257923155	0.155859718
2.659283407	2.282704458	0.258702153	0.155745655
2.661160107	2.287989315	0.259450583	0.15565257
2.663036807	2.293340872	0.260203463	0.15555595
2.664913506	2.298651948	0.260945748	0.155477366
2.666790206	2.303960908	0.261710619	0.155414472
2.668666906	2.309253791	0.262474103	0.155368859
2.670543605	2.314361466	0.263167872	0.155329851
2.672420305	2.319448528	0.263832955	0.155282891
2.674297005	2.324354329	0.264436506	0.155250083
2.676173704	2.329238135	0.265028203	0.155212934
2.678050404	2.334148593	0.265617769	0.15517568
2.679927104	2.338881762	0.266164519	0.155161459
2.681803803	2.34365416	0.266729657	0.155135233
2.683680503	2.348282549	0.267287567	0.155131309
2.685557203	2.352940715	0.267901929	0.155141261
2.687433902	2.357475947	0.268452142	0.155170477
2.689310602	2.361793914	0.268944095	0.155223707
2.691187302	2.366109853	0.269419163	0.155263807
2.693064001	2.370250952	0.269841064	0.155335587
2.694940701	2.374453551	0.270305529	0.155412768
2.696817401	2.378544153	0.270706985	0.155515598
2.6986941	2.382530617	0.271129333	0.155656338
2.7005708	2.386628921	0.271590558	0.155799316
2.702447499	2.390466729	0.271994477	0.156006308
2.704324199	2.394467715	0.272508731	0.15622544
2.706200899	2.398264764	0.272948275	0.156495074
2.708077598	2.402055867	0.273479343	0.156805444
2.709954298	2.405852446	0.273982804	0.15712966
2.711830998	2.409247569	0.274331062	0.157531161
2.713707697	2.412834527	0.274800741	0.157921932
2.715584397	2.416462147	0.275258686	0.158380446
2.717461097	2.419704741	0.275613913	0.158874188
2.719337796	2.423379841	0.276185076	0.159374632
2.721214496	2.426642249	0.276526886	0.159977488
2.723091196	2.429851385	0.276986651	0.160551338
2.724967895	2.433285554	0.277500336	0.161160125
2.726844595	2.436162694	0.2778226	0.161868346
2.728721295	2.439485056	0.278413159	0.162530733
2.730597994	2.442479944	0.278826699	0.163253595
2.732474694	2.445305581	0.279288908	0.164032573
2.734351394	2.448536791	0.279960977	0.164776529
2.736228093	2.450901244	0.280199996	0.165640736
2.738104793	2.453405565	0.28065905	0.166420447
2.739981493	2.456251295	0.281245849	0.16724611
2.741858192	2.458036042	0.281273484	0.168158812
2.743734892	2.460449432	0.281758537	0.16899135
2.745611591	2.46292854	0.282250226	0.169852491
2.747488291	2.464340191	0.282181392	0.170803603
2.749364991	2.466407761	0.282590607	0.171652103
2.75124169	2.468589319	0.283016642	0.172537937
2.75311839	2.469516985	0.282858059	0.173513379
2.75499509	2.47126413	0.283235483	0.174386913
2.756871789	2.473086534	0.283603595	0.175300845
2.758748489	2.473644584	0.283403021	0.176293667
2.760625189	2.474896947	0.283734791	0.177178275
2.762501888	2.476308971	0.284044384	0.178086886
2.764378588	2.476423975	0.283791706	0.179085197
2.766255288	2.477158669	0.284042697	0.17997362
2.768131987	2.477648117	0.284113208	0.18081186
2.770008687	2.477952885	0.284078494	0.18193882
2.771885387	2.478122105	0.284242479	0.182812173
2.773762086	2.477956258	0.284138984	0.183645979
2.775638786	2.477471341	0.283874904	0.18467406
2.777515486	2.477266006	0.283920282	0.18558827
2.779392185	2.476619214	0.283800343	0.186340602
2.781268885	2.475502199	0.283400842	0.187358799
2.783145585	2.474671092	0.283342776	0.188263131
2.785022284	2.473734982	0.283275123	0.189060012
2.786898984	2.471692303	0.282499854	0.189903798
2.788775684	2.470083704	0.282150625	0.190778474
2.790652383	2.468759737	0.28209122	0.191548256
2.792529083	2.466583122	0.281455125	0.192349582
2.794405782	2.464305077	0.280945631	0.193256668
2.796282482	2.461764225	0.280466592	0.193883559
2.798159182	2.459567739	0.27998845	0.194646561
2.800035881	2.456414932	0.27918525	0.19545314
2.801912581	2.453509334	0.278726731	0.196113316
2.803789281	2.45053522	0.278123267	0.196707896
2.80566598	2.446774978	0.277155529	0.197438039
2.80754268	2.443043371	0.27643683	0.198034907
2.80941938	2.43966956	0.275967994	0.198613767
2.811296079	2.435167597	0.274764594	0.199139706
2.813172779	2.430751481	0.273929613	0.199759758
2.815049479	2.426271542	0.27310145	0.20014818
2.816926178	2.421762347	0.272137785	0.200644572
2.818802878	2.416287408	0.270932567	0.201112104
2.820679578	2.411049474	0.269986111	0.201407317
2.822556277	2.406123296	0.269063907	0.201793539
2.824432977	2.399828579	0.267604996	0.202126847
2.826309677	2.393823261	0.266472013	0.202327612
2.828186376	2.388053456	0.265500802	0.202554251
2.830063076	2.380941565	0.263701639	0.202664432
2.831939776	2.374258147	0.262486997	0.202850398
2.833816475	2.367329703	0.261182163	0.202829487
2.835693175	2.360358503	0.259724942	0.202934353
2.837569874	2.352443518	0.258115484	0.202969355
2.839446574	2.345076222	0.256809488	0.202882106
2.841323274	2.33769269	0.255401297	0.202866868
2.843199973	2.328968781	0.253540903	0.202781968
2.845076673	2.320403769	0.251951717	0.202533161
2.846953373	2.312431442	0.250556685	0.202376089
2.848830072	2.303685494	0.248745673	0.202265641
2.850706772	2.294600634	0.247107064	0.202045056
2.852583472	2.285641093	0.245541227	0.201692201
2.854460171	2.276367889	0.243768388	0.201453745
2.856336871	2.266449599	0.241915459	0.201185112
2.858213571	2.257186639	0.240440251	0.200825723
2.86009027	2.247799284	0.238811191	0.200500693
2.86196697	2.237162654	0.236747823	0.200135894
2.86384367	2.227155967	0.235196307	0.199747826
2.865720369	2.217293281	0.233630704	0.199306659
2.867597069	2.206889663	0.231776228	0.198977155
2.869473769	2.196011651	0.22997141	0.198527079
2.871350468	2.185918964	0.22862842	0.198092831
2.873227168	2.175102283	0.226811751	0.197642386
2.875103868	2.163771324	0.2249085	0.197205552
2.876980567	2.153094917	0.223462165	0.196695173
2.878857267	2.142238703	0.221839734	0.19618071
2.880733966	2.130556891	0.219951887	0.195728852
2.882610666	2.11898527	0.218244061	0.195154143
2.884487366	2.108048094	0.21683577	0.194575225
2.886364065	2.096376065	0.215041705	0.194034539
2.888240765	2.084253019	0.213211262	0.193464661
2.890117465	2.072913068	0.21194769	0.192842988
2.891994164	2.061108258	0.210205297	0.192250906
2.893870864	2.048599674	0.20833634	0.191664772
2.895747564	2.036672273	0.206824396	0.19097474
2.897624263	2.024841518	0.205341052	0.19030619
2.899500963	2.01205236	0.203474704	0.189715147
2.901377663	1.999701525	0.201872332	0.189025174
2.903254362	1.987749191	0.200471686	0.188290991
2.905131062	1.974975689	0.198717214	0.187624755
2.907007762	1.962136988	0.197060211	0.186906388
2.908884461	1.949784973	0.195610257	0.186105178
2.910761161	1.937124987	0.194014507	0.185395101
2.912637861	1.923790509	0.192238265	0.184627068
2.91451456	1.911128546	0.19076184	0.183747277
2.91639126	1.898323799	0.189217439	0.182952492
2.91826796	1.884620505	0.187310324	0.18212001
2.920144659	1.871516066	0.185743444	0.181172393
2.922021359	1.858613587	0.184226877	0.180231399
2.923898058	1.844668811	0.182280254	0.179319452
2.925774758	1.83109691	0.180526814	0.178322099
2.927651458	1.818111044	0.179121596	0.177254176
2.929528157	1.804175899	0.177201488	0.176237908
2.931404857	1.790155213	0.175341487	0.175169437
2.933281557	1.776787408	0.173858276	0.173982158
2.935158256	1.762924517	0.172075846	0.172859883
2.937034956	1.748603247	0.170152673	0.171705175
2.938911656	1.734890004	0.168577591	0.170435297
2.940788355	1.720834606	0.166812917	0.169211092
2.942665055	1.706278833	0.164885931	0.167945479
2.944541755	1.692344457	0.163269938	0.166601059
2.946418454	1.678014354	0.161451534	0.165284138
2.948295154	1.663379941	0.159564354	0.163948051
2.950171854	1.649106806	0.157822934	0.162513153
2.952048553	1.634641991	0.155949128	0.161112706
2.953925253	1.619825158	0.153977097	0.159676152
2.955801953	1.605184423	0.151990636	0.158164249
2.957678652	1.59067573	0.149999309	0.156631215
2.959555352	1.576113149	0.14806727	0.155089227
2.961432052	1.561898288	0.146322117	0.153539378
2.963308751	1.547628109	0.14460277	0.151999546
2.965185451	1.533028259	0.142819776	0.150485872
2.96706215	1.518516249	0.141078324	0.148913536
2.96893885	1.503958342	0.139330729	0.147318638
2.97081555	1.489225301	0.137513967	0.145721086
2.972692249	1.474585679	0.135688272	0.144087113
2.974568949	1.460014641	0.133864176	0.142435164
2.976445649	1.445329898	0.131959829	0.140776699
2.978322348	1.430671206	0.130025133	0.139087141
2.980199048	1.416221835	0.128093292	0.137356781
2.982075748	1.401845332	0.126150838	0.135621202
2.983952447	1.387560049	0.124237106	0.133867113
2.985829147	1.373482438	0.122469474	0.132135978
2.987705847	1.359442218	0.120772976	0.130439195
2.989582546	1.345307377	0.11908555	0.128758812
2.991459246	1.331150502	0.117413652	0.127064319
2.993335946	1.316986666	0.115740931	0.125354979
2.995212645	1.302829299	0.114046246	0.123632743
2.997089345	1.288728434	0.112346766	0.121898969
2.998966045	1.274690088	0.110628895	0.120161255
3.000842744	1.260704184	0.108887132	0.118420473
3.002719444	1.246774695	0.107104677	0.116673947
3.004596144	1.232906239	0.105285116	0.11491721
3.006472843	1.219174954	0.10345347	0.113138755
3.008349543	1.205651649	0.101651906	0.111356546
3.010226242	1.19226171	0.099854312	0.109579391
3.012102942	1.178948221	0.098059197	0.107814238
3.013979642	1.165730001	0.096293109	0.106053908
3.015856341	1.152606807	0.094564126	0.104301984
3.017733041	1.139566308	0.092883727	0.102564447
3.019609741	1.126663669	0.091303002	0.100846545
3.02148644	1.113867296	0.089791163	0.099143667
3.02336314	1.101111094	0.088282518	0.097446904
3.02523984	1.088261926	0.086737624	0.095728389
3.027116539	1.07536831	0.085142439	0.093986999
3.028993239	1.062472359	0.08349273	0.092214419
3.030869939	1.049659	0.081814429	0.090420495
3.032746638	1.036982827	0.080121626	0.088607346
3.034623338	1.02447544	0.078435476	0.086790838
3.036500038	1.012096495	0.07673676	0.084976047
3.038376737	0.999790231	0.075018821	0.083157973
3.040253437	0.987590314	0.073307846	0.081339044
3.042130137	0.975472349	0.071608914	0.079523466
3.044006836	0.963390295	0.069900657	0.077712549
3.045883536	0.951410746	0.06821058	0.075910249
3.047760236	0.939526525	0.066528073	0.074106405
3.049636935	0.927719018	0.064856295	0.072302832
3.051513635	0.916022722	0.0632139	0.07051432
3.053390334	0.904371985	0.061589144	0.068747215
3.055267034	0.892831684	0.059993955	0.067003446
3.057143734	0.881383213	0.058428721	0.065282243
3.059020433	0.870020188	0.05687724	0.063577031
3.060897133	0.858755308	0.05536495	0.061885249
3.062773833	0.847680871	0.053905154	0.060212255
3.064650532	0.83672431	0.052468268	0.058559268
3.066527232	0.825895205	0.051049984	0.056914519
3.068403932	0.815190322	0.049648164	0.055277492
3.070280631	0.80460897	0.048264931	0.05365222
3.072157331	0.794144371	0.046877607	0.052040268
3.074034031	0.783808442	0.045488557	0.050447037
3.07591073	0.77362982	0.04411591	0.04887551
3.07778743	0.763614218	0.042757066	0.047329439
3.07966413	0.753732501	0.041410912	0.045809648
3.081540829	0.744028066	0.04008213	0.044317777
3.083417529	0.734500858	0.038786155	0.042856338
3.085294229	0.725145688	0.037521983	0.041426296
3.087170928	0.715933546	0.036278463	0.040028624
3.089047628	0.70690076	0.035055249	0.038663543
3.090924328	0.698025388	0.033863126	0.037323004
3.092801027	0.689332521	0.032704417	0.036021119
3.094677727	0.680796904	0.03156405	0.034752458
3.096554426	0.672437144	0.030440831	0.033519691
3.098431126	0.664259598	0.029360949	0.032319708
3.100307826	0.656254895	0.028303147	0.031152047
3.102184525	0.648407977	0.027252955	0.030016143
3.104061225	0.640718429	0.026220496	0.028903735
3.105937925	0.633211194	0.02522261	0.027822623
3.107814624	0.625882472	0.024249746	0.026778124
3.109691324	0.618716478	0.023291932	0.02576661
3.111568024	0.611728744	0.02235596	0.024781481
3.113444723	0.604930926	0.021453446	0.023829872
3.115321423	0.59827442	0.020569605	0.022907414
3.117198123	0.591795718	0.019708053	0.022026367
3.119074822	0.585493062	0.018891175	0.021184734
3.120951522	0.579445025	0.018156631	0.020421552
3.122828222	0.573543569	0.017455971	0.019695219
3.124704921	0.567799018	0.016796304	0.01901849
3.126581621	0.562319884	0.016198279	0.018411482
3.128458321	0.556999436	0.01563011	0.017833182
3.13033502	0.551872481	0.01507405	0.017299736
3.13221172	0.546936631	0.014531235	0.016800579
3.13408842	0.542229086	0.014023096	0.01633792
3.135965119	0.537720983	0.013544965	0.015911609
3.137841819	0.533389153	0.013089293	0.015521229
3.139718519	0.529249516	0.012675251	0.015165404
3.141595218	0.525335966	0.0123026	0.014850777
3.143471918	0.521556072	0.011954776	0.014585052
3.145348617	0.517972103	0.011632946	0.014357553
3.147225317	0.514529997	0.011350593	0.014153033
3.149102017	0.511211809	0.011095771	0.013976632
3.150978716	0.508036388	0.010860873	0.013821514
3.152855416	0.504967921	0.010644158	0.013676879
3.154732116	0.502005662	0.010439785	0.013538019
3.156608815	0.499096951	0.010242766	0.013399399
3.158485515	0.496259063	0.0100623	0.013257501
3.160362215	0.493501765	0.009899073	0.013119073
3.162238914	0.490859518	0.009759403	0.012986119
3.164115614	0.488252204	0.009623333	0.012851233
3.165992314	0.485717246	0.009502224	0.012724541
3.167869013	0.483269916	0.009395073	0.012608045
3.169745713	0.480933978	0.009311325	0.01251207
3.171622413	0.478736128	0.009258002	0.012444462
3.173499112	0.476694058	0.009223244	0.012408762
3.175375812	0.474769037	0.009199609	0.012409021
3.177252512	0.472991358	0.009189748	0.012458356
3.179129211	0.471416289	0.009212275	0.012574726
3.181005911	0.470063429	0.009262715	0.012770611
3.182882611	0.468943935	0.00934092	0.013054982
3.18475931	0.468049673	0.00943877	0.013431012
3.18663601	0.467412579	0.00957533	0.013914498
3.188512709	0.46706474	0.009751923	0.014510963
3.190389409	0.467009518	0.009958178	0.015221518
3.192266109	0.467226312	0.010189527	0.016046263
3.194142808	0.467732241	0.010456266	0.016990768
3.196019508	0.46852784	0.01076039	0.018055287
3.197896208	0.469613565	0.011090204	0.019234548
3.199772907	0.470961638	0.011439988	0.020516395
3.201649607	0.472553652	0.011802318	0.02189323
3.203526307	0.474384356	0.012183526	0.023369422
3.205403006	0.476454352	0.012586637	0.024933644
3.207279706	0.478704488	0.012994598	0.026558735
3.209156406	0.481116428	0.013403171	0.028239978
3.211033105	0.483657046	0.013805088	0.02996546
3.212909805	0.486302289	0.014207041	0.03172609
3.214786505	0.489025116	0.0146038	0.03350449
3.216663204	0.491780688	0.014980333	0.035280819
3.218539904	0.494522709	0.015337996	0.037041369
3.220416604	0.497218172	0.015678862	0.038775464
3.222293303	0.499859572	0.016025726	0.04047748
3.224170003	0.502414666	0.016357438	0.042114938
3.226046703	0.504829191	0.016649384	0.043653804
3.227923402	0.507052717	0.016893291	0.045072687
3.229800102	0.509053288	0.017085422	0.046355833
3.231676801	0.510799414	0.017224172	0.04748878
3.233553501	0.512254364	0.017302933	0.048454891
3.235430201	0.51339624	0.01731774	0.049242294
3.2373069	0.514211516	0.01726521	0.049842528
3.2391836	0.514683022	0.017137097	0.050244923
3.2410603	0.514803588	0.016940203	0.050450227
3.242936999	0.514581418	0.016680455	0.050460736
3.244813699	0.514019532	0.016361787	0.050275907
3.246690399	0.513136188	0.015987768	0.049905113
3.248567098	0.51196044	0.015560241	0.049361982
3.250443798	0.51053507	0.015087786	0.048666737
3.252320498	0.508899964	0.014583933	0.047842216
3.254197197	0.507124519	0.014050045	0.04691196
3.256073897	0.505256129	0.013504754	0.045905169
3.257950597	0.503371739	0.012952448	0.044851826
3.259827296	0.501543031	0.012398507	0.04377972
3.261703996	0.499823175	0.011860198	0.042721385
3.263580696	0.498284605	0.011344669	0.041705584
3.265457395	0.496988423	0.010860172	0.040759659
3.267334095	0.49598	0.01041112	0.039905755
3.269210795	0.4953169	0.010001464	0.039163799
3.271087494	0.495054721	0.00964834	0.038565846
3.272964194	0.495223126	0.009346684	0.038123428
3.274840893	0.495860487	0.009098806	0.03785058
3.276717593	0.496998292	0.008916102	0.037763912
3.278594293	0.498653942	0.008801957	0.037872616
3.280470992	0.500826287	0.008748296	0.038169582
3.282347692	0.503515575	0.008756506	0.038664234
3.284224392	0.506729101	0.008831431	0.039355912
3.286101091	0.510456341	0.008966827	0.04023778
3.287977791	0.514686408	0.009152401	0.041300818
3.289854491	0.519388261	0.009389519	0.042529572
3.29173119	0.524528515	0.009683565	0.043908231
3.29360789	0.530049037	0.010022585	0.045427054
3.29548459	0.535942648	0.010394942	0.04708436
3.297361289	0.542145453	0.010785498	0.048850906
3.299237989	0.548569051	0.011189156	0.050706784
3.301114689	0.555263039	0.011666068	0.052676323
3.302991388	0.562157096	0.012184806	0.054716324
3.304868088	0.569193643	0.012719434	0.056788709
3.306744788	0.576327438	0.013258222	0.058862577
3.308621487	0.583502714	0.013791946	0.060915623
3.310498187	0.590693426	0.014320851	0.062929484
3.312374887	0.597843274	0.014840895	0.06488293
3.314251586	0.604926232	0.015348372	0.066760305
3.316128286	0.61188971	0.015833975	0.068542493
3.318004985	0.618707337	0.016295316	0.07021503
3.319881685	0.625325073	0.016722476	0.071756208
3.321758385	0.631718611	0.017112066	0.073151378
3.323635084	0.637857049	0.017458753	0.074388744
3.325511784	0.643708703	0.017757431	0.075450939
3.327388484	0.649237591	0.01800651	0.076325609
3.329265183	0.654430089	0.018203828	0.077005409
3.331141883	0.659270904	0.018349029	0.077482348
3.333018583	0.663800345	0.018447348	0.077765413
3.334895282	0.667986417	0.018496217	0.077853412
3.336771982	0.671875686	0.018504551	0.077760525
3.338648682	0.67551327	0.01847744	0.077509818
3.340525381	0.678953162	0.018422368	0.077124137
3.342402081	0.682269009	0.018347325	0.076639661
3.344278781	0.685536512	0.018261981	0.07609321
3.34615548	0.688838142	0.018174932	0.075520797
3.34803218	0.692261186	0.018097457	0.074966846
3.34990888	0.695906485	0.018047468	0.074476557
3.351785579	0.69984564	0.018040717	0.074081911
3.353662279	0.704142852	0.018086655	0.07381072
3.355538979	0.70885471	0.018188603	0.073693646
3.357415678	0.714055958	0.018357703	0.07375895
3.359292378	0.719790197	0.018590687	0.074040105
3.361169077	0.726083353	0.018908869	0.074525229
3.363045777	0.732892895	0.019303441	0.075218246
3.364922477	0.740251902	0.019774904	0.076112954
3.366799176	0.748121978	0.020327086	0.07720978
3.368675876	0.756468307	0.020952739	0.078488098
3.370552576	0.765242378	0.021642305	0.079928287
3.372429275	0.77439088	0.022387056	0.081508223
3.374305975	0.783861475	0.023189967	0.083205503
3.376182675	0.793618491	0.024045905	0.085002177
3.378059374	0.803604357	0.024949524	0.08687187
3.379936074	0.813768956	0.025889223	0.088786673
3.381812774	0.82403036	0.026854869	0.090722099
3.383689473	0.834345265	0.027820694	0.092643832
3.385566173	0.844668913	0.028801439	0.094562927
3.387442873	0.854966116	0.029824879	0.096466779
3.389319572	0.865218956	0.030862478	0.098323167
3.391196272	0.875374641	0.031895298	0.100105782
3.393072972	0.88538197	0.032918761	0.101788601
3.394949671	0.895233912	0.033924219	0.10335722
3.396826371	0.904913768	0.034915251	0.104807717
3.398703071	0.914413654	0.035893248	0.106134742
3.40057977	0.923707869	0.036847797	0.107330227
3.40245647	0.932793343	0.037774837	0.108391554
3.404333169	0.941666925	0.038672652	0.109319962
3.406209869	0.950340086	0.039536349	0.11011854
3.408086569	0.95881868	0.040369217	0.110798144
3.409963268	0.967118262	0.041170642	0.111357207
3.411839968	0.975247945	0.041947102	0.111804549
3.413716668	0.98324038	0.042703796	0.112150689
3.415593367	0.99112254	0.043447723	0.112403812
3.417470067	0.998930845	0.044178384	0.112580918
3.419346767	1.006700852	0.044900591	0.112706025
3.421223466	1.0144523	0.04562261	0.112792088
3.423100166	1.022243929	0.046346451	0.112873717
3.424976866	1.030065308	0.047082866	0.112947257
3.426853565	1.037966623	0.047844871	0.1130268
3.428730265	1.045992663	0.048639696	0.113137751
3.430606965	1.054162746	0.049472099	0.113293106
3.432483664	1.062502533	0.050347533	0.113503043
3.434360364	1.071047196	0.051267839	0.113780658
3.436237064	1.079814293	0.052238596	0.114137558
3.438113763	1.088821196	0.053267714	0.114578504
3.439990463	1.09808174	0.054357475	0.115110619
3.441867163	1.107609213	0.055506346	0.115741961
3.443743862	1.117407988	0.056718354	0.116474484
3.445620562	1.127484855	0.057994938	0.117309462
3.447497262	1.137809636	0.059333831	0.118240605
3.449373961	1.148387558	0.060733921	0.119266441
3.451250661	1.159193068	0.062190079	0.120375196
3.45312736	1.170185297	0.063696714	0.121551139
3.45500406	1.181348749	0.06524888	0.122782589
3.45688076	1.192661848	0.066844736	0.124062534
3.458757459	1.204089029	0.068478233	0.125372669
3.460634159	1.215593185	0.070140356	0.126693991
3.462510859	1.227137641	0.071822346	0.128013122
3.464387558	1.238683755	0.073517376	0.129313235
3.466264258	1.250202322	0.075224098	0.130585706
3.468140958	1.261662116	0.076941237	0.131820581
3.470017657	1.273048748	0.07866131	0.133009607
3.471894357	1.284337872	0.080368241	0.134138044
3.473771057	1.295526748	0.082058862	0.135193343
3.475647756	1.306592049	0.083731432	0.136168976
3.477524456	1.31752013	0.085389102	0.137058318
3.479401156	1.328311637	0.08703176	0.13786619
3.481277855	1.338960734	0.088654789	0.138596656
3.483154555	1.349483492	0.090262615	0.139254543
3.485031255	1.359895898	0.091857359	0.13984671
3.486907954	1.370214374	0.09344518	0.140382565
3.488784654	1.380466179	0.095020394	0.140876797
3.490661354	1.390657843	0.096587101	0.141339721
3.492538053	1.400812099	0.098158934	0.141769885
3.494414753	1.410927353	0.099743661	0.142176688
3.496291452	1.421037473	0.101358668	0.142582242
3.498168152	1.431157106	0.102989518	0.142978752
3.500044852	1.441299013	0.104624523	0.143368315
3.501921551	1.451454996	0.106263814	0.143754336
3.503798251	1.461636357	0.107912276	0.144140865
3.505674951	1.471847795	0.109577741	0.144533928
3.50755165	1.482113811	0.111264808	0.144939402
3.50942835	1.492419258	0.112977616	0.145361128
3.51130505	1.502780551	0.114717894	0.145797709
3.513181749	1.513183067	0.116482815	0.146250645
3.515058449	1.523627826	0.11827093	0.14672541
3.516935149	1.534122777	0.120106693	0.147230893
3.518811848	1.544661839	0.121963793	0.147745576
3.520688548	1.555233966	0.123830194	0.148263071
3.522565248	1.565830534	0.125706521	0.148782144
3.524441947	1.576450246	0.127594796	0.14930437
3.526318647	1.587089783	0.129496334	0.149829477
3.528195347	1.597746474	0.131411304	0.150354594
3.530072046	1.608407779	0.133337032	0.150879495
3.531948746	1.619067425	0.135268423	0.151400308
3.533825446	1.629719318	0.137205002	0.151913557
3.535702145	1.640363225	0.139147501	0.152419083
3.537578845	1.650990228	0.141094027	0.15291422
3.539455544	1.661589002	0.143039983	0.153394665
3.541332244	1.672156107	0.144983647	0.153861521
3.543208944	1.682685446	0.146925832	0.154308992
3.545085643	1.693167525	0.148863008	0.154738298
3.546962343	1.703603703	0.15079479	0.155150535
3.548839043	1.71399479	0.152724593	0.15554405
3.550715742	1.724340558	0.154649751	0.155918492
3.552592442	1.734634653	0.156572661	0.156279238
3.554469142	1.744873185	0.158480395	0.156619306
3.556345841	1.755055441	0.160395287	0.156955588
3.558222541	1.765199998	0.16231764	0.157289602
3.560099241	1.775302118	0.164225602	0.157608594
3.56197594	1.785349502	0.166118302	0.157898516
3.56385264	1.795346055	0.167996817	0.158160571
3.56572934	1.805292736	0.169864875	0.158397692
3.567606039	1.81518579	0.171719185	0.158615235
3.569482739	1.825026252	0.173562982	0.158815691
3.571359439	1.834809827	0.175395478	0.158999043
3.573236138	1.8445425	0.177216707	0.159170865
3.575112838	1.854218945	0.179023226	0.159332436
3.576989538	1.863843918	0.180823491	0.159483128
3.578866237	1.873414823	0.182612184	0.159624805
3.580742937	1.882920413	0.184390199	0.159757561
3.582619636	1.892360895	0.186163396	0.159883347
3.584496336	1.901755669	0.187950723	0.160013616
3.586373036	1.911107221	0.189730124	0.160129073
3.588249735	1.920401425	0.191488599	0.16022456
3.590126435	1.929628826	0.193222826	0.160297343
3.592003135	1.93879273	0.194933262	0.160351042
3.593879834	1.947899684	0.196624023	0.16038878
3.595756534	1.956946857	0.19829749	0.160414321
3.597633234	1.9659429	0.199958539	0.160430596
3.599509933	1.974884902	0.201605331	0.160440485
3.601386633	1.983766944	0.20323682	0.160443274
3.603263333	1.992582445	0.204861774	0.160447133
3.605140032	2.001353859	0.206496642	0.160454905
3.607016732	2.010074334	0.20811161	0.160448178
3.608893432	2.018722838	0.209700301	0.160417958
3.610770131	2.027298124	0.211255555	0.16036771
3.612646831	2.035798412	0.212782365	0.160297753
3.614523531	2.04422508	0.214285293	0.160212096
3.61640023	2.05258694	0.215764846	0.160112481
3.61827693	2.060869821	0.217222623	0.16000159
3.62015363	2.069084984	0.218666589	0.159889772
3.622030329	2.077243743	0.220114593	0.159781791
3.623907029	2.085350828	0.221545085	0.159660681
3.625783728	2.093384053	0.222949755	0.159529434
3.627660428	2.101356342	0.224324198	0.159381438
3.629537128	2.109243425	0.225666504	0.159217676
3.631413827	2.117059845	0.226987712	0.159044659
3.633290527	2.124811504	0.22829668	0.158869376
3.635167227	2.132498419	0.229606002	0.158699097
3.637043926	2.14013124	0.230902271	0.158522874
3.638920626	2.14770251	0.232175075	0.158340019
3.640797326	2.15520952	0.233441274	0.158147255
3.642674025	2.162652812	0.234707048	0.157946854
3.644550725	2.170046217	0.235963938	0.157742679
3.646427425	2.177392017	0.237229587	0.157538021
3.648304124	2.184685421	0.238523397	0.157341864
3.650180824	2.191907847	0.240025506	0.157234219
3.652057524	2.199239209	0.241962469	0.157314878
3.653934223	2.206765611	0.244281139	0.157544823
3.655810923	2.214069748	0.246548795	0.157759411
3.657687623	2.220763383	0.248506226	0.157832869
3.659564322	2.227101664	0.250271512	0.157795792
3.661441022	2.233003733	0.251838388	0.157687822
3.663317722	2.238732955	0.253267304	0.157543588
3.665194421	2.244364135	0.254605949	0.157378947
3.667071121	2.249896652	0.255830083	0.157217794
3.66894782	2.255420006	0.256933434	0.157036132
3.67082452	2.260775299	0.257930214	0.156876517
3.67270122	2.266236627	0.25892688	0.156728248
3.674577919	2.271701274	0.259847608	0.15658052
3.676454619	2.277040443	0.260695758	0.15644834
3.678331319	2.282373531	0.261493647	0.156308832
3.680208018	2.287621401	0.262235712	0.156183243
3.682084718	2.292861612	0.262952896	0.156061931
3.683961418	2.298158591	0.263672814	0.15593618
3.685838117	2.303346885	0.264365188	0.155832096
3.687714817	2.308603272	0.265095535	0.155734024
3.689591517	2.313715595	0.265775348	0.155652477
3.691468216	2.318703897	0.266402876	0.15555951
3.693344916	2.323643869	0.26699246	0.155461676
3.695221616	2.32838711	0.267518832	0.155373678
3.697098315	2.333197291	0.268060849	0.15527694
3.698975015	2.337901402	0.26856796	0.155193555
3.700851715	2.342517561	0.269055044	0.155123352
3.702728414	2.347170477	0.269558488	0.155048139
3.704605114	2.351672692	0.27007593	0.15501506
3.706481814	2.356211732	0.270611125	0.154974021
3.708358513	2.360500705	0.271065185	0.154957519
3.710235213	2.364760738	0.271522406	0.154956022
3.712111912	2.368879496	0.271901033	0.154963277
3.713988612	2.372894208	0.272283364	0.154999126
3.715865312	2.377012459	0.272696214	0.155036986
3.717742011	2.380928058	0.273039618	0.155122002
3.719618711	2.384896932	0.273446488	0.155224314
3.721495411	2.388780535	0.273794532	0.155352054
3.72337211	2.392558429	0.27420575	0.155541155
3.72524881	2.396502521	0.274666359	0.155736669
3.72712551	2.400165025	0.275074287	0.156004246
3.729002209	2.404004249	0.275631495	0.156296388
3.730878909	2.407479933	0.275965088	0.156624381
3.732755609	2.410892151	0.276360174	0.156999257
3.734632308	2.414574231	0.276836471	0.157380971
3.736509008	2.417780142	0.277120931	0.157841516
3.738385708	2.421144647	0.277552827	0.158299471
3.740262407	2.424701502	0.278034686	0.158821995
3.742139107	2.427632177	0.278264617	0.159378161
3.744015807	2.431160105	0.278817939	0.159934543
3.745892506	2.43417221	0.279102303	0.160561375
3.747769206	2.437177067	0.279505912	0.16120643
3.749645906	2.440481692	0.280047963	0.161846434
3.751522605	2.442923503	0.280257063	0.162601946
3.753399305	2.446096763	0.280935108	0.163307942
3.755276004	2.448718979	0.281246748	0.164069223
3.757152704	2.451124614	0.281572073	0.164879306
3.759029404	2.454026996	0.282142482	0.165636227
3.760906103	2.456077217	0.28230083	0.166473334
3.762782803	2.458070276	0.282511873	0.16731013
3.764659503	2.460641497	0.282987522	0.168089358
3.766536202	2.462372435	0.283070593	0.168978891
3.768412902	2.464026599	0.283201406	0.169863928
3.770289602	2.466269202	0.283619038	0.170660755
3.772166301	2.467648448	0.283646092	0.171577263
3.774043001	2.468864933	0.283677811	0.172477149
3.775919701	2.470777611	0.28405288	0.17328146
3.7777964	2.471864624	0.284070659	0.174223392
3.7796731	2.472688867	0.284083118	0.175158876
3.7815498	2.474108768	0.284379131	0.17597561
3.783426499	2.474877644	0.284381682	0.176915373
3.785303199	2.47513464	0.284288288	0.177861622
3.787179899	2.475910956	0.284483119	0.17864721
3.789056598	2.47653268	0.284527929	0.179633415
3.790933298	2.476250431	0.284323397	0.180607015
3.792809998	2.476219215	0.284404393	0.181366649
3.794686697	2.476189826	0.284187298	0.182241213
3.796563397	2.475599722	0.283996407	0.183251207
3.798440097	2.47513688	0.284058824	0.184028291
3.800316796	2.474248174	0.283685054	0.184902465
3.802193496	2.473551386	0.283471077	0.185935171
3.804070195	2.472435835	0.283289234	0.186647934
3.805946895	2.471144083	0.282911601	0.18745534
3.807823595	2.469184837	0.282327827	0.1884108
3.809700294	2.46755545	0.282002944	0.189130963
3.811576994	2.466018335	0.281683739	0.189880539
3.813453694	2.463453409	0.280856008	0.190709097
3.815330393	2.461154987	0.280323129	0.191457264
3.817207093	2.459176241	0.28007114	0.192149941
3.819083793	2.456333993	0.279211472	0.192905707
3.820960492	2.453204514	0.278489958	0.193650237
3.822837192	2.450303303	0.277956094	0.194238752
3.824713892	2.44716118	0.277198448	0.194893051
3.826590591	2.443371584	0.276315769	0.195616306
3.828467291	2.439768605	0.275657048	0.196142072
3.830343991	2.436140513	0.27488942	0.19668385
3.83222069	2.431473457	0.273711529	0.197267785
3.83409739	2.427093693	0.272846882	0.197746239
3.83597409	2.423050987	0.272211936	0.198221746
3.837850789	2.417691916	0.270762156	0.198637438
3.839727489	2.412614386	0.269813713	0.199120021
3.841604189	2.407442699	0.268841817	0.199396076
3.843480888	2.40210999	0.267667174	0.199783366
3.845357588	2.395863691	0.266323335	0.200124719
3.847234287	2.390137528	0.265291973	0.200332391
3.849110987	2.384371625	0.264141365	0.200583017
3.850987687	2.3772973	0.26253679	0.200788468
3.852864386	2.37035773	0.261190445	0.200828991
3.854741086	2.363871028	0.259970387	0.200905566
3.856617786	2.356622585	0.258354313	0.201058585
3.858494485	2.349100505	0.256930403	0.201095311
3.860371185	2.341578462	0.255515527	0.200976662
3.862247885	2.333687351	0.253859965	0.200963019
3.864124584	2.325473846	0.252265696	0.200956204
3.866001284	2.316946833	0.250659644	0.200670318
3.867877984	2.309036799	0.249161246	0.20057719
3.869754683	2.299696891	0.24719896	0.200395424
3.871631383	2.291100218	0.245774222	0.2001835
3.873508083	2.282132297	0.244110192	0.199849424
3.875384782	2.272628557	0.24216281	0.199629169
3.877261482	2.26305837	0.240447888	0.199314558
3.879138182	2.253794315	0.238976402	0.198948912
3.881014881	2.243964665	0.237080137	0.198623568
3.882891581	2.233607487	0.23518151	0.198304483
3.884768281	2.223837095	0.233645813	0.197861638
3.88664498	2.213816977	0.231929293	0.19746297
3.88852168	2.202984139	0.229943767	0.197081333
3.890398379	2.192630623	0.228337103	0.196657895
3.892275079	2.18236101	0.226797648	0.196167964
3.894151779	2.171363598	0.224844157	0.195725554
3.896028478	2.160143724	0.223014484	0.19524452
3.897905178	2.149603615	0.221676054	0.194742889
3.899781878	2.138506667	0.219826791	0.194242599
3.901658577	2.126720365	0.217880204	0.193733097
3.903535277	2.115656685	0.216415322	0.193163903
3.905411977	2.104390208	0.214765557	0.192593011
3.907288676	2.092361747	0.2128387	0.192073234
3.909165376	2.080497429	0.211107569	0.191451966
3.911042076	2.069233186	0.20966872	0.190800927
3.912918775	2.057235577	0.207891635	0.190231227
3.914795475	2.044812315	0.206147092	0.189606803
3.916672175	2.033180822	0.20478447	0.188958296
3.918548874	2.020974741	0.202961807	0.188314541
3.920425574	2.008238738	0.201057339	0.187666359
3.922302274	1.996059383	0.199574163	0.18694902
3.924178973	1.984043604	0.19808315	0.186228939
3.926055673	1.971014727	0.196184222	0.185593882
3.927932373	1.95844961	0.194667038	0.18481713
3.929809072	1.94612405	0.193176762	0.184027913
3.931685772	1.932886844	0.191293555	0.183312538
3.933562471	1.920025549	0.189698329	0.182487193
3.935439171	1.907496815	0.188277897	0.181618491
3.937315871	1.893834512	0.186296353	0.180814918
3.93919257	1.880559686	0.184586126	0.179926019
3.94106927	1.867677647	0.183065326	0.178925273
3.94294597	1.854207101	0.181261031	0.178064288
3.944822669	1.840389043	0.179343727	0.177102039
3.946699369	1.827339572	0.177807035	0.17601776
3.948576069	1.813755324	0.176041183	0.175004324
3.950452768	1.79959964	0.174040523	0.173944917
3.952329468	1.786052991	0.172325129	0.172758866
3.954206168	1.772576327	0.170666337	0.171620943
3.956082867	1.7584098	0.168760801	0.170495622
3.957959567	1.744718547	0.16717809	0.169255853
3.959836267	1.730857159	0.16547615	0.168044315
3.961712966	1.716353073	0.163557831	0.166810707
3.963589666	1.702362616	0.161897872	0.1654871
3.965466366	1.688141942	0.160109361	0.164186754
3.967343065	1.673511174	0.158166783	0.162865958
3.969219765	1.659251324	0.156412875	0.161455497
3.971096465	1.64487226	0.154544142	0.160068015
3.972973164	1.630158272	0.152574696	0.158678151
3.974849864	1.615529397	0.150559387	0.157200401
3.976726563	1.601099214	0.148556116	0.155687209
3.978603263	1.586630949	0.146601101	0.154173185
3.980479963	1.572501763	0.144865398	0.152660973
3.982356662	1.55832983	0.143162754	0.151151665
3.984233362	1.543817894	0.14138258	0.149679203
3.986110062	1.529343097	0.139645891	0.148140173
3.987986761	1.514838513	0.137899031	0.146560482
3.989863461	1.500164975	0.136086722	0.144998417
3.991740161	1.485571724	0.134265719	0.143395224
3.99361686	1.471049547	0.132446064	0.141765541
3.99549356	1.456420943	0.13054756	0.140130648
3.99737026	1.441754588	0.128590774	0.138465884
3.999246959	1.427323433	0.126651569	0.13675082
4.001123659	1.412960795	0.124698325	0.135034969
4.003000359	1.398711847	0.122775165	0.133299659
4.004877058	1.384620523	0.120975703	0.131576967
4.006753758	1.37060135	0.11926327	0.1298847
4.008630458	1.356494977	0.117565359	0.128215264
4.010507157	1.342337817	0.115880563	0.126528505
4.012383857	1.32816769	0.114198027	0.124822674
4.014260557	1.313997757	0.112497407	0.123106199
4.016137256	1.299859943	0.110783594	0.121372168
4.018013956	1.285785599	0.109054477	0.119632386
4.019890655	1.271757604	0.107299543	0.117884794
4.021767355	1.257780888	0.105506664	0.116131495
4.023644055	1.243849992	0.103672147	0.114365645
4.025520754	1.230042614	0.101825371	0.112583191
4.027397454	1.216433324	0.100002904	0.110789681
4.029274154	1.202972792	0.09819675	0.109001769
4.031150853	1.189583581	0.096383477	0.107224112
4.033027553	1.176304203	0.094604153	0.105457078
4.034904253	1.163090105	0.092849499	0.103688795
4.036780952	1.149968758	0.091146585	0.10193213
4.038657652	1.136985614	0.089554315	0.100201193
4.040534352	1.124111311	0.088034393	0.098493731
4.042411051	1.111244453	0.086512734	0.096779249
4.044287751	1.09831575	0.084969886	0.09505073
4.046164451	1.085332976	0.083376875	0.093300805
4.04804115	1.072353194	0.081733933	0.091523358
4.04991785	1.059437266	0.08005917	0.089720147
4.05179455	1.046661335	0.078369579	0.087900296
4.053671249	1.034057194	0.076685577	0.086077289
4.055547949	1.021585125	0.074993015	0.084257002
4.057424649	1.009196288	0.07328681	0.082439652
4.059301348	0.996930072	0.071587836	0.080625296
4.061178048	0.984749843	0.069903236	0.078815938
4.063054747	0.972611871	0.06821119	0.077013818
4.064931447	0.960578365	0.066536748	0.07522041
4.066808147	0.94863517	0.06487113	0.073428955
4.068684846	0.93677997	0.063218439	0.07163812
4.070561546	0.925041017	0.061594837	0.06986317
4.072438246	0.913369169	0.059994344	0.068113486
4.074314945	0.901788907	0.058419325	0.06638624
4.076191645	0.890318653	0.056875759	0.064683567
4.078068345	0.878952648	0.055353281	0.063001543
4.079945044	0.867668661	0.05385955	0.061335305
4.081821744	0.856585675	0.052430027	0.059689891
4.083698444	0.84562093	0.051024081	0.058067097
4.085575143	0.834798104	0.049639407	0.056455531
4.087451843	0.824099469	0.048269364	0.054851229
4.089328543	0.813542644	0.046921713	0.053261898
4.091205242	0.803064526	0.045570743	0.051679902
4.093081942	0.792743325	0.044218344	0.050119727
4.094958642	0.782574815	0.042879287	0.04858265
4.096835341	0.772581259	0.041558719	0.047071927
4.098712041	0.762725366	0.040248449	0.045588982
4.100588741	0.753055434	0.038955551	0.044136082
4.10246544	0.743550487	0.037689006	0.042709044
4.10434214	0.734220958	0.036456184	0.041313018
4.10621884	0.725041161	0.03524364	0.039951159
4.108095539	0.71604078	0.034053917	0.038623811
4.109972239	0.707201118	0.032890919	0.037321249
4.111848938	0.698540091	0.031763581	0.036055574
4.113725638	0.690041038	0.030655022	0.034823626
4.115602338	0.681712347	0.02955981	0.03362558
4.117479037	0.673547456	0.028504903	0.032455957
4.119355737	0.665566761	0.027471753	0.031318444
4.121232437	0.65773857	0.026444801	0.03020947
4.123109136	0.65006402	0.025435877	0.029125637
4.124985836	0.642561767	0.024459813	0.028069366
4.126862536	0.635245307	0.023511711	0.027051554
4.128739235	0.628081255	0.022571733	0.026061178
4.130615935	0.621081537	0.021653875	0.025094322
4.132492635	0.614271953	0.020767567	0.024159912
4.134369334	0.607602603	0.019903098	0.023254592
4.136246034	0.601117844	0.019058914	0.022389413
4.138122734	0.594783064	0.018246422	0.021550256
4.139999433	0.588679199	0.017497306	0.020776338
4.141876133	0.582744638	0.01681491	0.020058571
4.143752833	0.576959614	0.016152651	0.019374885
4.145629532	0.571450435	0.015560615	0.018773817
4.147506232	0.566062557	0.015001637	0.018199375
4.149382932	0.560879438	0.01445882	0.017667246
4.151259631	0.555892074	0.013930695	0.017172217
4.153136331	0.55112968	0.013434527	0.016712022
4.15501303	0.546565909	0.012962699	0.016285474
4.15688973	0.542153194	0.012509886	0.015887954
4.15876643	0.537953711	0.012099992	0.015531864
4.160643129	0.533969766	0.011732641	0.015213304
4.162519829	0.53011458	0.011387285	0.014939767
4.164396529	0.526423855	0.011066759	0.014700169
4.166273228	0.522928644	0.010786387	0.014493588
4.168149928	0.51953201	0.010533258	0.014307206
4.170026628	0.516264186	0.010296343	0.014142793
4.171903327	0.513116487	0.01007835	0.013985845
4.173780027	0.510069938	0.009870706	0.013836661
4.175656727	0.50707628	0.009672151	0.013687764
4.177533426	0.504151691	0.009489729	0.013533252
4.179410126	0.501301459	0.009325342	0.013381123
4.181286826	0.498569607	0.009176191	0.013230747
4.183163525	0.495862333	0.009031531	0.013078729
4.185040225	0.493231015	0.008900636	0.012933158
4.186916925	0.490673644	0.008785842	0.012795922
4.188793624	0.488251045	0.008702578	0.012683842
4.190670324	0.485951791	0.00864109	0.012594311
4.192547024	0.483796096	0.008598275	0.012534347
4.194423723	0.481756292	0.008564781	0.01250975
4.196300423	0.479881669	0.008552962	0.012538664
4.198177122	0.478210337	0.008573609	0.012633445
4.200053822	0.476757056	0.008620388	0.012807045
4.201930522	0.475534618	0.008692781	0.013065989
4.203807221	0.474546611	0.008786508	0.013419517
4.205683921	0.473815188	0.008921303	0.013880837
4.207560621	0.473378114	0.009093225	0.014456186
4.20943732	0.473240072	0.009296188	0.015147887
4.21131402	0.473374685	0.009524861	0.015955841
4.21319072	0.473796573	0.009790184	0.016886185
4.215067419	0.474533173	0.010097088	0.017939912
4.216944119	0.475558236	0.010429602	0.019110107
4.218820819	0.476852188	0.010783728	0.020386034
4.220697518	0.478401074	0.011152301	0.02176075
4.222574218	0.480201505	0.011543957	0.023239041
4.224450918	0.482240292	0.011952007	0.02480757
4.226327617	0.484467687	0.012366629	0.026438207
4.228204317	0.486855196	0.012780144	0.028125179
4.230081017	0.489379126	0.013188957	0.02985936
4.231957716	0.492014303	0.013602729	0.03162893
4.233834416	0.494734734	0.014009209	0.033420474
4.235711116	0.497486103	0.014395013	0.035207053
4.237587815	0.50022688	0.014762163	0.036979136
4.239464515	0.502921124	0.015111594	0.038725015
4.241341214	0.505561075	0.015460746	0.040434673
4.243217914	0.508111673	0.015788954	0.042075764
4.245094614	0.510518908	0.016070933	0.043614173
4.246971313	0.51273321	0.016300583	0.045029108
4.248848013	0.514720752	0.016477583	0.046308215
4.250724713	0.516449995	0.016600564	0.047434843
4.252601412	0.517888115	0.01666541	0.048394272
4.254478112	0.519014775	0.016669634	0.049176283
4.256354812	0.519808448	0.016611052	0.049772945
4.258231511	0.520262498	0.016488918	0.050180218
4.260108211	0.520361649	0.01630101	0.050390403
4.261984911	0.520110291	0.01605018	0.050403922
4.26386161	0.51951197	0.015738934	0.050219906
4.26573831	0.518587283	0.015375083	0.049849846
4.26761501	0.517368468	0.014961988	0.04930728
4.269491709	0.515893985	0.014504115	0.048610399
4.271368409	0.514203263	0.014004053	0.047776365
4.273245109	0.512367036	0.013481429	0.04683806
4.275121808	0.510446343	0.012944628	0.045823994
4.276998508	0.508515145	0.012399938	0.044764239
4.278875208	0.506631968	0.011857563	0.043687157
4.280751907	0.504873176	0.011331447	0.042627111
4.282628607	0.503294096	0.010825741	0.04160876
4.284505306	0.501966873	0.01035449	0.040664362
4.286382006	0.500942784	0.009921412	0.039815334
4.288258706	0.500259028	0.009527694	0.039080421
4.290135405	0.499983937	0.009182813	0.038485029
4.292012105	0.500138022	0.008892772	0.038046522
4.293888805	0.5007671	0.008662725	0.037781777
4.295765504	0.501900178	0.008492056	0.037699733
4.297642204	0.503549076	0.008380089	0.037807288
4.299518904	0.505715262	0.008332903	0.038107911
4.301395603	0.508392344	0.008352208	0.038604571
4.303272303	0.511587296	0.008432743	0.039290506
4.305149003	0.515298227	0.008567271	0.040164867
4.307025702	0.519496486	0.008761219	0.041222182
4.308902402	0.524163512	0.009003907	0.042442498
4.310779102	0.529281517	0.00930024	0.043811497
4.312655801	0.534768104	0.009637926	0.045310384
4.314532501	0.540623836	0.010014884	0.046947129
4.316409201	0.546808479	0.010418646	0.048699358
4.3182859	0.553256836	0.010853244	0.05053573
4.3201626	0.559962944	0.011312871	0.052449623
4.3220393	0.566847648	0.011788545	0.054419177
4.323915999	0.57381553	0.012226816	0.056395172
4.325792699	0.580894154	0.012724922	0.058434241
4.327669398	0.588052005	0.013257873	0.060494085
4.329546098	0.595265468	0.013811814	0.062547064
4.331422798	0.60246937	0.014358734	0.064550834
4.333299497	0.609614699	0.014885034	0.066481968
4.335176197	0.616662748	0.015393458	0.068325199
4.337052897	0.623577494	0.015878038	0.070065086
4.338929596	0.630335033	0.016337507	0.071691575
4.340806296	0.636894968	0.016766798	0.073186076
4.342682996	0.643239614	0.017160956	0.074541623
4.344559695	0.649346347	0.017511119	0.075744258
4.346436395	0.655179616	0.017818852	0.076784178
4.348313095	0.660729024	0.018081776	0.077651976
4.350189794	0.665977866	0.018297782	0.078340663
4.352066494	0.670936048	0.018466889	0.078848112
4.353943194	0.675579415	0.018588807	0.079172637
4.355819893	0.679925506	0.018668475	0.07931923
4.357696593	0.684001809	0.018709777	0.079297977
4.359573293	0.687853675	0.018714744	0.079125323
4.361449992	0.691508431	0.018691765	0.078822801
4.363326692	0.69504045	0.018646849	0.078419657
4.365203392	0.698497422	0.018586564	0.077939959
4.367080091	0.701947588	0.018514878	0.077415253
4.368956791	0.70547759	0.018446596	0.076886203
4.37083349	0.709161013	0.018400185	0.076384786
4.37271019	0.713064925	0.018392471	0.075945592
4.37458689	0.717249153	0.018420355	0.075592596
4.376463589	0.721810224	0.018498391	0.075366566
4.378340289	0.72680138	0.018627595	0.075305119
4.380216989	0.732266639	0.018822628	0.075416501
4.382093688	0.738235312	0.019090555	0.075713662
4.383970388	0.744697797	0.019433726	0.076201682
4.385847088	0.751692213	0.019854556	0.076890328
4.387723787	0.75920501	0.020354675	0.077779444
4.389600487	0.7672024	0.020931674	0.078858823
4.391477187	0.775653279	0.021576536	0.080114611
4.393353886	0.784520809	0.02228667	0.081527636
4.395230586	0.793770679	0.023061852	0.083083758
4.397107286	0.803360098	0.023902322	0.08476467
4.398983985	0.813234489	0.024793427	0.086541015
4.400860685	0.823327706	0.025730111	0.08839039
4.402737385	0.833603488	0.026705406	0.090291922
4.404614084	0.844006492	0.027701126	0.092218004
4.406490784	0.854477578	0.028705145	0.094158346
4.408367484	0.864976047	0.02976356	0.096116
4.410244183	0.875493052	0.030848733	0.098059682
4.412120883	0.88596181	0.031939164	0.099952424
4.413997583	0.896326584	0.033028086	0.101768627
4.415874282	0.906582769	0.034110503	0.103494177
4.417750982	0.916700932	0.035186082	0.105115145
4.419627681	0.926657458	0.036247119	0.106624012
4.421504381	0.936428821	0.037288863	0.108008121
4.423381081	0.945995995	0.038306864	0.109262256
4.42525778	0.95535083	0.039293826	0.110381663
4.42713448	0.964489679	0.040246487	0.111368574
4.42901118	0.973421291	0.041163148	0.112222443
4.430887879	0.982132275	0.042048532	0.112941647
4.432764579	0.990632851	0.04290166	0.113527607
4.434641279	0.998942627	0.043730455	0.113989021
4.436517978	1.007112201	0.044534061	0.114337404
4.438394678	1.015154967	0.045316274	0.114588455
4.440271378	1.023087403	0.046076571	0.114756215
4.442148077	1.030955489	0.046822324	0.114870236
4.444024777	1.038784598	0.047559928	0.11494458
4.445901477	1.046599187	0.048311205	0.11498627
4.447778176	1.054465083	0.049077799	0.115019282
4.449654876	1.062416504	0.049870606	0.115068662
4.451531576	1.070477999	0.050695113	0.115148305
4.453408275	1.078690367	0.051557909	0.115272822
4.455284975	1.087094734	0.052461301	0.115465641
4.457161675	1.095711538	0.053419888	0.115732651
4.459038374	1.104573987	0.054435637	0.116084904
4.460915074	1.113693217	0.055509456	0.11653254
4.462791773	1.123104975	0.056646074	0.117090391
4.464668473	1.132805647	0.057850075	0.11775588
4.466545173	1.142782824	0.059120753	0.118528066
4.468421872	1.153030637	0.060457829	0.119407269
4.470298572	1.163549603	0.061856123	0.120387927
4.472175272	1.17429895	0.063314426	0.121456483
4.474051971	1.185264223	0.064828125	0.122600476
4.475928671	1.196407811	0.066389651	0.123807189
4.477805371	1.207704903	0.067996626	0.125064101
4.47968207	1.219128185	0.069643062	0.126355129
4.48155877	1.230630203	0.071318632	0.12766192
4.48343547	1.242177752	0.073017463	0.128968788
4.485312169	1.253725242	0.074730169	0.130257365
4.487188869	1.265252155	0.076455145	0.131520087
4.489065569	1.276719848	0.078187273	0.132747129
4.490942268	1.288119607	0.079920567	0.133928515
4.492818968	1.299425337	0.081638733	0.135049113
4.494695668	1.310628713	0.083345378	0.136096987
4.496572367	1.321702843	0.08503639	0.137061661
4.498449067	1.33264627	0.086710006	0.137945203
4.500325767	1.343446254	0.088366718	0.138747548
4.502202466	1.354110597	0.090003248	0.139473522
4.504079166	1.364643071	0.091623147	0.140125228
4.505955865	1.375068461	0.093234312	0.140711719
4.507832565	1.385399087	0.094829526	0.141247996
4.509709265	1.395669199	0.096417984	0.141745184
4.511585964	1.405886305	0.098000981	0.142207384
4.513462664	1.416048406	0.09959126	0.142635275
4.515339364	1.426170567	0.101202621	0.143049037
4.517216063	1.436285919	0.102833625	0.143448318
4.519092763	1.446410966	0.104468945	0.1438381
4.520969463	1.4565576	0.106111788	0.144220006
4.522846162	1.466714382	0.107759601	0.144598984
4.524722862	1.476899353	0.109420104	0.144981629
4.526599562	1.487129487	0.11109701	0.145374302
4.528476261	1.497394438	0.112800826	0.145780461
4.530352961	1.507706558	0.114531614	0.14620327
4.532229661	1.518060833	0.116287094	0.146650567
4.53410636	1.528479329	0.1180929	0.147129032
4.53598306	1.538948216	0.119918776	0.14761677
4.53785976	1.549448675	0.121756305	0.148109375
4.539736459	1.559989724	0.123605129	0.148607424
4.541613159	1.570557826	0.125465406	0.149109976
4.543489859	1.581151428	0.127339458	0.149618447
4.545366558	1.591764859	0.129227011	0.15013304
4.547243258	1.602401072	0.131130982	0.150651559
4.549119957	1.613049641	0.133048687	0.151171125
4.550996657	1.623704681	0.1349763	0.151688462
4.552873357	1.634357421	0.136910733	0.152200846
4.554750056	1.64499705	0.138848513	0.152705627
4.556626756	1.655621539	0.140790509	0.153199958
4.558503456	1.666217852	0.142732283	0.153682728
4.560380155	1.676786765	0.144675782	0.15415153
4.562256855	1.687318007	0.146616697	0.154603381
4.564133555	1.697809263	0.148554545	0.155037487
4.566010254	1.708254091	0.150488553	0.155453524
4.567886954	1.718650973	0.15241844	0.155852961
4.569763654	1.729000545	0.15434364	0.156233626
4.571640353	1.739299485	0.156268318	0.156602144
4.573517053	1.749534136	0.158175568	0.156948833
4.575393753	1.75971861	0.1600902	0.157283619
4.577270452	1.769864296	0.16201734	0.157613791
4.579147152	1.779957692	0.163934625	0.157923229
4.581023852	1.789993247	0.165834773	0.158208509
4.582900551	1.799966082	0.167716419	0.158470096
4.584777251	1.809883877	0.169577468	0.158712935
4.586653951	1.819752112	0.171419897	0.158941786
4.58853065	1.829564453	0.173248798	0.159141119
4.59040735	1.839326782	0.175070675	0.159317519
4.592284049	1.849042647	0.1768787	0.159476566
4.594160749	1.858693631	0.178672524	0.159617023
4.596037449	1.868286629	0.180453949	0.159743341
4.597914148	1.877818195	0.18222676	0.159862197
4.599790848	1.887283342	0.183980306	0.159973264
4.601667548	1.896683211	0.185739986	0.160085561
4.603544247	1.906039699	0.187509444	0.160195211
4.605420947	1.915341518	0.18926407	0.160286501
4.607297647	1.924583502	0.190997085	0.160355679
4.609174346	1.933756702	0.192706807	0.160402378
4.611051046	1.942872044	0.194396438	0.16043118
4.612927746	1.951922272	0.196067307	0.160446851
4.614804445	1.960923419	0.197723021	0.16045101
4.616681145	1.969873215	0.199365618	0.160448708
4.618557845	1.978776936	0.200999137	0.160444622
4.620434544	1.987623752	0.202618604	0.160438305
4.622311244	1.996427	0.204246625	0.160443621
4.624187944	2.005196321	0.205879476	0.160453623
4.626064643	2.0139167	0.207495806	0.160452757
4.627941343	2.022589433	0.209087609	0.160438016
4.629818043	2.031194238	0.210653821	0.16040821
4.631694742	2.039740094	0.212194955	0.160365258
4.633571442	2.048216172	0.213717296	0.160307335
4.635448141	2.056624096	0.215214552	0.160238162
4.637324841	2.064966173	0.216693698	0.160161794
4.639201541	2.073242113	0.218166591	0.160085072
4.64107824	2.081461649	0.219641465	0.160007071
4.64295494	2.089611124	0.22109005	0.159912544
4.64483164	2.097683529	0.22250635	0.159798848
4.646708339	2.105668528	0.223887836	0.15966351
4.648585039	2.113574602	0.225236708	0.159507407
4.650461739	2.12140441	0.226564206	0.159337897
4.652338438	2.129152906	0.227876401	0.159167426
4.654215138	2.136840731	0.229187639	0.158994911
4.656091838	2.144458974	0.23048094	0.158810677
4.657968537	2.152010558	0.231752539	0.158614033
4.659845237	2.159489377	0.233011976	0.158412402
4.661721937	2.166907586	0.234265951	0.158202185
4.663598636	2.174266305	0.235512999	0.157983066
4.665475336	2.181578639	0.236772953	0.157761061
4.667352036	2.188817129	0.238076001	0.15754963
4.669228735	2.196022453	0.239702974	0.157472158
4.671105435	2.203393775	0.241754957	0.157585339
4.672982135	2.210855506	0.244084041	0.15779934
4.674858834	2.218003358	0.246255275	0.157948578
4.676735534	2.22451598	0.248139416	0.157962746
4.678612233	2.230647933	0.249808386	0.157867101
4.680488933	2.236418472	0.251303931	0.157718523
4.682365633	2.242075368	0.252686228	0.157534805
4.684242332	2.24761718	0.253960586	0.157340943
4.686119032	2.253116844	0.255140412	0.157148423
4.687995732	2.258551546	0.25618473	0.156941992
4.689872431	2.263855853	0.257168656	0.156764561
4.691749131	2.26932685	0.258135055	0.156587904
4.693625831	2.274698054	0.259014349	0.156434607
4.69550253	2.280024985	0.259847101	0.156293795
4.69737923	2.285331027	0.260618289	0.15615305
4.69925593	2.290548356	0.261343654	0.156030966
4.701132629	2.295832909	0.262076946	0.15591246
4.703009329	2.301120897	0.262791109	0.155803011
4.704886029	2.306355233	0.263513666	0.155716278
4.706762728	2.311634973	0.264261198	0.155639126
4.708639428	2.31673762	0.264947997	0.155578689
4.710516128	2.321793429	0.265597588	0.155513946
4.712392827	2.326708822	0.266189912	0.155455204
4.714269527	2.331528155	0.266753405	0.155397214
4.716146227	2.336419291	0.267326018	0.155332841
4.718022926	2.341138145	0.267848643	0.155288911
4.719899626	2.345844867	0.26838456	0.155242637
4.721776325	2.350499833	0.268907377	0.155207405
4.723653025	2.355104645	0.269483577	0.155197196
4.725529725	2.359645538	0.270018445	0.155194106
4.727406424	2.363949106	0.270493315	0.155225986
4.729283124	2.368256475	0.27095396	0.155240886
4.731159824	2.372398431	0.271358769	0.155280024
4.733036523	2.376519621	0.271785214	0.155337439
4.734913223	2.380628336	0.272177069	0.155398946
4.736789923	2.38454933	0.272547514	0.155509013
4.738666622	2.388606547	0.272975842	0.155621505
4.740543322	2.39246071	0.273348634	0.15578785
4.742420022	2.396327033	0.273793017	0.155983775
4.744296721	2.400209771	0.274235539	0.156204434
4.746173421	2.403924239	0.274697973	0.156485854
4.748050121	2.407780008	0.275229311	0.15677896
4.74992682	2.411117718	0.27551636	0.157140825
4.75180352	2.414625755	0.275950339	0.157513323
4.75368022	2.418270005	0.276409668	0.157912318
4.755556919	2.421497548	0.276711627	0.15838635
4.757433619	2.425013517	0.277189402	0.158844683
4.759310319	2.428468103	0.277598227	0.159389813
4.761187018	2.43147855	0.277911586	0.15994776
4.763063718	2.434994332	0.278460772	0.160513883
4.764940418	2.437840947	0.278687687	0.161171946
4.766817117	2.441008258	0.279195575	0.161805088
4.768693817	2.444159494	0.279662267	0.162470529
4.770570516	2.446778715	0.279988224	0.163234722
4.772447216	2.450007083	0.280643442	0.163925181
4.774323916	2.452471024	0.280884157	0.164722216
4.776200615	2.454933663	0.281283244	0.165525404
4.778077315	2.45780544	0.281840664	0.166288179
4.779954015	2.459707506	0.281918749	0.167151387
4.781830714	2.461883618	0.282244558	0.167971923
4.783707414	2.464418352	0.282714772	0.168769133
4.785584114	2.465985263	0.28271532	0.169680016
4.787460813	2.467842474	0.282978239	0.170535656
4.789337513	2.470053324	0.283387664	0.171356422
4.791214213	2.471159677	0.283286115	0.172296471
4.793090912	2.472743325	0.28354366	0.173169031
4.794967612	2.474552061	0.283885613	0.174019227
4.796844312	2.475215552	0.283692664	0.174978427
4.798721011	2.476360784	0.283947753	0.175860183
4.800597711	2.477794586	0.284206723	0.176714083
4.802474411	2.477956743	0.283934879	0.177680597
4.80435111	2.478676901	0.284103791	0.178554348
4.80622781	2.479217563	0.284151531	0.17935831
4.80810451	2.479525866	0.284068589	0.180450166
4.809981209	2.479760492	0.284169876	0.181322279
4.811857909	2.479615287	0.2840078	0.182060824
4.813734608	2.479282833	0.283811845	0.183119386
4.815611308	2.47916705	0.283933561	0.184002534
4.817488008	2.478652839	0.283731622	0.184810346
4.819364707	2.477325681	0.283191837	0.185736837
4.821241407	2.476593402	0.283051139	0.186599341
4.823118107	2.475737794	0.282995054	0.187377228
4.824994806	2.47402977	0.282374982	0.188285831
4.826871506	2.472254723	0.281946554	0.189079164
4.828748206	2.47107233	0.281902711	0.189868771
4.830624905	2.468788322	0.281118739	0.190650079
4.832501605	2.466532838	0.280559539	0.191501514
4.834378305	2.464523764	0.280242622	0.192183473
4.836255004	2.462167606	0.2796529	0.1929388
4.838131704	2.4591167	0.278900896	0.193763357
4.840008404	2.456287806	0.278372976	0.194372566
4.841885103	2.453509124	0.277779918	0.195013094
4.843761803	2.449745075	0.276799917	0.195725274
4.845638503	2.446256136	0.276120658	0.196325182
4.847515202	2.442980247	0.275644473	0.196918796
4.849391902	2.438465662	0.274346321	0.197451491
4.851268602	2.434241055	0.273560724	0.198067188
4.853145301	2.429944548	0.272767311	0.19847828
4.855022001	2.425533696	0.271794267	0.199021874
4.8568987	2.420156307	0.270620669	0.199501981
4.8587754	2.415300685	0.26975414	0.19984684
4.8606521	2.410467928	0.268791165	0.200258253
4.862528799	2.404264646	0.267353635	0.200620966
4.864405499	2.398216244	0.266173634	0.200807114
4.866282199	2.392673631	0.265152304	0.20105992
4.868158898	2.386334995	0.263699953	0.201367568
4.870035598	2.379601717	0.262404411	0.201526257
4.871912298	2.373037765	0.261140006	0.201557973
4.873788997	2.365836225	0.259583557	0.201671842
4.875665697	2.358522525	0.258172623	0.201813938
4.877542397	2.3508146	0.25667604	0.20166935
4.879419096	2.343662339	0.25526141	0.201708854
4.881295796	2.335303965	0.253523702	0.201695768
4.883172496	2.326884488	0.251947139	0.201473873
4.885049195	2.319280674	0.250618712	0.201405
4.886925895	2.310291462	0.24868101	0.201283178
4.888802595	2.30147461	0.247078218	0.201050305
4.890679294	2.292958174	0.245681001	0.200815606
4.892555994	2.283394273	0.243617881	0.20051301
4.894432694	2.273955614	0.241919929	0.200312042
4.896309393	2.264611559	0.240353621	0.199932119
4.898186093	2.25521478	0.238647516	0.199623411
4.900062792	2.24477539	0.236615994	0.199286215
4.901939492	2.235213987	0.235182106	0.198952578
4.903816192	2.225212351	0.233468087	0.198474147
4.905692891	2.214703868	0.231530175	0.198121769
4.907569591	2.204094867	0.22976397	0.19769687
4.909446291	2.193981841	0.228349923	0.197221006
4.91132299	2.183228392	0.226432936	0.196785422
4.91319969	2.171929284	0.224542836	0.196340401
4.91507639	2.16139075	0.223099661	0.195833446
4.916953089	2.150500383	0.221404673	0.195334292
4.918829789	2.138865212	0.219473384	0.19486934
4.920706489	2.127439477	0.217771093	0.194284571
4.922583188	2.116535762	0.216298398	0.193718621
4.924459888	2.104817331	0.214443824	0.193173129
4.926336588	2.092779971	0.212610024	0.192586106
4.928213287	2.08151164	0.211296458	0.191974587
4.930089987	2.069661852	0.209479473	0.191371624
4.931966687	2.057204035	0.207582401	0.190773026
4.933843386	2.045458018	0.206141494	0.190110251
4.935720086	2.033571588	0.20456988	0.189445825
4.937596786	2.020831734	0.202663008	0.188838343
4.939473485	2.008556269	0.201059293	0.188157562
4.941350185	1.99667272	0.199658003	0.187441526
4.943226884	1.98382974	0.197835064	0.186791086
4.945103584	1.971144883	0.196201683	0.186084811
4.946980284	1.958906129	0.194750594	0.185312642
4.948856983	1.946142584	0.193086922	0.184606474
4.950733683	1.932965482	0.191334193	0.183851242
4.952610383	1.920416205	0.189881577	0.182998682
4.954487082	1.907595663	0.188291523	0.182242782
4.956363782	1.893926562	0.186364699	0.181416994
4.958240482	1.881083689	0.184887288	0.180501713
4.960117181	1.86816279	0.183312039	0.179598487
4.961993881	1.854218561	0.181315905	0.178701865
4.963870581	1.840802424	0.179609259	0.17773084
4.96574728	1.827859068	0.17815271	0.176683669
4.96762398	1.814053054	0.176269978	0.175708758
4.96950068	1.800066406	0.174377803	0.174645293
4.971377379	1.7868638	0.17291169	0.173505191
4.973254079	1.773041154	0.17109445	0.172409143
4.975130779	1.758943974	0.169291129	0.171287797
4.977007478	1.745368275	0.167752552	0.170050996
4.978884178	1.731261183	0.165945141	0.168875625
4.980760878	1.716790665	0.164076686	0.16763006
4.982637577	1.702950949	0.162479828	0.166327274
4.984514277	1.688433607	0.160562388	0.165034862
4.986390976	1.673978625	0.158728933	0.163712566
4.988267676	1.659819469	0.156993203	0.162309172
4.990144376	1.645246973	0.15506508	0.160929793
4.992021075	1.630546756	0.153108654	0.159520352
4.993897775	1.616078199	0.151172665	0.15803683
4.995774475	1.601569851	0.149197418	0.156535265
4.997651174	1.587001674	0.147298458	0.155034919
4.999527874	1.572727539	0.145490179	0.153494676
5.001404574	1.558409404	0.143715731	0.151966455
5.003281273	1.543873482	0.141943597	0.150454005
5.005157973	1.529414396	0.140193205	0.148892085
5.007034673	1.51481448	0.138415793	0.147317897
5.008911372	1.500069869	0.136586624	0.145724691
5.010788072	1.485456213	0.134756238	0.144100416
5.012664772	1.470852712	0.132916978	0.14246372
5.014541471	1.456103513	0.130990941	0.140804552
5.016418171	1.441429101	0.129046329	0.139110008
5.018294871	1.426942921	0.127099697	0.137380992
5.02017157	1.412535331	0.125156128	0.135642288
5.02204827	1.398200616	0.123249015	0.133893425
5.02392497	1.38408086	0.121493217	0.132161896
5.025801669	1.369926182	0.119773715	0.130459191
5.027678369	1.355676119	0.118060137	0.128765067
5.029555068	1.34141789	0.116369713	0.127052756
5.031431768	1.327154988	0.114681748	0.125321543
5.033308468	1.312904088	0.112968399	0.123585418
5.035185167	1.298707192	0.111249694	0.121835155
5.037061867	1.284548847	0.10950783	0.120075707
5.038938567	1.270445272	0.107740054	0.118315094
5.040815266	1.256385029	0.10593214	0.116544022
5.042691966	1.242395382	0.104091362	0.114763687
5.044568666	1.228566953	0.102247625	0.112963667
5.046445365	1.214918111	0.100434458	0.111161231
5.048322065	1.201426036	0.098633461	0.109373396
5.050198765	1.188005144	0.096849159	0.107598423
5.052075464	1.174755566	0.095147599	0.105844967
5.053952164	1.161568441	0.093488136	0.104106607
5.055828864	1.148372815	0.091831141	0.102373384
5.057705563	1.13519462	0.090177401	0.100632581
5.059582263	1.122163534	0.088592119	0.098887607
5.061458963	1.109304983	0.087082337	0.097154329
5.063335662	1.096492247	0.085565599	0.095433032
5.065212362	1.083605974	0.08400349	0.093695793
5.067089062	1.070678324	0.08237617	0.091938657
