0.0018767	21.79839545	12.72771855	6.287048857
0.003753399	8.635457037	4.329906782	2.224822679
0.005630099	2.740727013	1.057485353	0.513141427
0.007506799	0.898160003	0.120586297	0.00701233
0.009383498	0.690565293	0.02399067	-0.046128603
0.011260198	0.896018426	0.120366733	0.005272889
0.013136898	1.089933169	0.205033935	0.050043277
0.015013597	1.196097081	0.24602637	0.070950553
0.016890297	1.240183782	0.25773217	0.076255696
0.018766997	1.255124592	0.25631127	0.074848366
0.020643696	1.260132351	0.250812284	0.071597144
0.022520396	1.263029355	0.244847133	0.068362101
0.024397095	1.266176071	0.239449343	0.065632409
0.026273795	1.269858758	0.234671674	0.063395287
0.028150495	1.273801667	0.230358908	0.061509591
0.030027194	1.277834148	0.226405169	0.059897109
0.031903894	1.28186628	0.222722784	0.058503265
0.033780594	1.285853969	0.219266887	0.057285062
0.035657293	1.289820553	0.216034624	0.056233509
0.037533993	1.293747026	0.212977244	0.055323896
0.039410693	1.297647358	0.210097833	0.054547302
0.041287392	1.301523449	0.207396781	0.053894637
0.043164092	1.305365314	0.204847833	0.053352784
0.045040792	1.309162528	0.202434593	0.05290996
0.046917491	1.312907965	0.200145028	0.052549903
0.048794191	1.316592387	0.197966628	0.052264525
0.050670891	1.320209622	0.195887854	0.052044935
0.05254759	1.323751915	0.193888752	0.051882177
0.05442429	1.327226633	0.191966037	0.051777238
0.05630099	1.330632854	0.190082414	0.051719128
0.058177689	1.333958301	0.18825323	0.051706385
0.060054389	1.337233788	0.186458566	0.051742798
0.061931089	1.340428817	0.184699557	0.051812499
0.063807788	1.343576943	0.182978777	0.051926274
0.065684488	1.346701005	0.181303653	0.052087254
0.067561187	1.349764561	0.179661418	0.052275722
0.069437887	1.352792361	0.178060871	0.05249911
0.071314587	1.355841242	0.176520369	0.05277297
0.073191286	1.358869153	0.175023523	0.053080077
0.075067986	1.361885114	0.173576894	0.053418733
0.076944686	1.364911493	0.17218105	0.053795393
0.078821385	1.367962487	0.170841503	0.054210515
0.080698085	1.370993625	0.169545142	0.054651213
0.082574785	1.373982427	0.168274675	0.055107151
0.084451484	1.376921396	0.167022226	0.055577161
0.086328184	1.379808351	0.16579162	0.056063557
0.088204884	1.382610923	0.164569395	0.056552788
0.090081583	1.385309594	0.163334842	0.057036542
0.091958283	1.387890684	0.162086558	0.057511666
0.093834983	1.390380557	0.160835995	0.057988364
0.095711682	1.392794876	0.159595078	0.058468995
0.097588382	1.395125847	0.158348914	0.058947273
0.099465082	1.3973378	0.1570801	0.059410785
0.101341781	1.399463191	0.155810016	0.059870098
0.103218481	1.401524177	0.154546161	0.060332221
0.105095181	1.403545508	0.153295523	0.060803088
0.10697188	1.405533043	0.152060674	0.061279251
0.10884858	1.407459132	0.150825895	0.061751263
0.110725279	1.409335089	0.149604869	0.062223214
0.112601979	1.411198287	0.148414121	0.062707029
0.114478679	1.413099931	0.147269609	0.063215394
0.116355378	1.415036073	0.146165767	0.06374235
0.118232078	1.416995015	0.145095953	0.064282166
0.120108778	1.418954496	0.144047136	0.064826982
0.121985477	1.420919018	0.143033729	0.065379389
0.123862177	1.422887272	0.142045334	0.065941831
0.125738877	1.424881979	0.141093617	0.066518481
0.127615576	1.426892696	0.140167351	0.06710315
0.129492276	1.428900331	0.139254577	0.067690276
0.131368976	1.430861924	0.138340633	0.068265989
0.133245675	1.432775294	0.137427571	0.068830838
0.135122375	1.434641006	0.136514732	0.069387842
0.136999075	1.436490066	0.135615149	0.069941784
0.138875774	1.438339811	0.134728763	0.070497831
0.140752474	1.44019482	0.133854395	0.071053808
0.142629174	1.442048548	0.132986649	0.071607022
0.144505873	1.44388318	0.132118952	0.072150356
0.146382573	1.445698775	0.131254773	0.072685699
0.148259273	1.447501724	0.130399262	0.073214916
0.150135972	1.449306714	0.129556217	0.073740474
0.152012672	1.451134273	0.128729166	0.074269167
0.153889371	1.45298455	0.127920468	0.074799027
0.155766071	1.454867021	0.127126642	0.075331381
0.157642771	1.456762258	0.126346418	0.075859516
0.15951947	1.458666285	0.125575996	0.076383199
0.16139617	1.460557233	0.124812708	0.076896391
0.16327287	1.462463688	0.124067429	0.077406832
0.165149569	1.464374257	0.123335975	0.077912044
0.167026269	1.466302401	0.12262504	0.078415798
0.168902969	1.46826761	0.121935489	0.078923412
0.170779668	1.470266579	0.121269224	0.079432967
0.172656368	1.472301289	0.120627027	0.079944807
0.174533068	1.474357443	0.120000789	0.080453266
0.176409767	1.476429099	0.119393044	0.08095778
0.178286467	1.478511223	0.118801998	0.08145755
0.180163167	1.480606238	0.118233004	0.081953067
0.182039866	1.482724415	0.117688887	0.082447179
0.183916566	1.48486984	0.117172207	0.082940484
0.185793266	1.487055031	0.116679904	0.083435826
0.187669965	1.489289593	0.116219928	0.083935341
0.189546665	1.491568229	0.115789478	0.084436039
0.191423365	1.493890486	0.115385418	0.084937339
0.193300064	1.496250461	0.115003467	0.08543647
0.195176764	1.498645431	0.114642475	0.085933095
0.197053464	1.501075959	0.114300525	0.086427551
0.198930163	1.503542035	0.113983551	0.086919661
0.200806863	1.50605176	0.113687604	0.087410676
0.202683562	1.508605977	0.11341584	0.087901602
0.204560262	1.511217057	0.113162154	0.088394707
0.206436962	1.513882358	0.112932653	0.088887832
0.208313661	1.516617464	0.112725359	0.089386958
0.210190361	1.519409326	0.112541775	0.089887079
0.212067061	1.522263305	0.112376658	0.090387592
0.21394376	1.525164683	0.112229558	0.090884974
0.21582046	1.528117224	0.112099772	0.09138015
0.21769716	1.531112904	0.111984665	0.091871217
0.219573859	1.534153051	0.111888812	0.092356568
0.221450559	1.537242879	0.111812061	0.092839436
0.223327259	1.540387617	0.111759042	0.093320057
0.225203958	1.543587529	0.111723858	0.09379921
0.227080658	1.546849435	0.111712657	0.094277199
0.228957358	1.55017718	0.111720763	0.094756444
0.230834057	1.553578212	0.11175467	0.095238771
0.232710757	1.557047122	0.111812731	0.09572335
0.234587457	1.560594183	0.111893366	0.096212765
0.236464156	1.564212378	0.112004927	0.096706205
0.238340856	1.567906217	0.112138506	0.097206164
0.240217556	1.571678356	0.112299245	0.097713312
0.242094255	1.575537749	0.112487236	0.098231396
0.243970955	1.579482519	0.112708799	0.09876114
0.245847654	1.583518091	0.112962704	0.099304829
0.247724354	1.58765272	0.113249032	0.09986516
0.249601054	1.591896936	0.113575122	0.100445338
0.251477753	1.596243384	0.113932984	0.101044094
0.253354453	1.600709616	0.114330835	0.101665073
0.255231153	1.605282799	0.11476184	0.10230586
0.257107852	1.609963819	0.115229942	0.102964736
0.258984552	1.614755855	0.115731737	0.103642972
0.260861252	1.619647867	0.116261481	0.10433589
0.262737951	1.624635954	0.116821826	0.105042366
0.264614651	1.629716525	0.117413204	0.105760448
0.266491351	1.634882865	0.118031892	0.106488103
0.26836805	1.640138124	0.118677459	0.107224805
0.27024475	1.645468531	0.119350822	0.107966004
0.27212145	1.650884368	0.120049678	0.108714435
0.273998149	1.656374652	0.120769952	0.109466475
0.275874849	1.661946835	0.121518062	0.110223357
0.277751549	1.667592229	0.122287383	0.11098331
0.279628248	1.673313816	0.123082516	0.111745209
0.281504948	1.679110152	0.123903104	0.112509568
0.283381648	1.684986464	0.124746882	0.113277601
0.285258347	1.690933142	0.125614852	0.114047169
0.287135047	1.696954823	0.12650846	0.114819479
0.289011746	1.703045019	0.127425823	0.11559375
0.290888446	1.709206502	0.128367953	0.116369618
0.292765146	1.715435749	0.129332588	0.11714668
0.294641845	1.721732536	0.130320015	0.117923308
0.296518545	1.728093467	0.131330805	0.118698669
0.298395245	1.73453051	0.132363861	0.119475977
0.300271944	1.741034179	0.133422909	0.120253307
0.302148644	1.747605505	0.134500099	0.12103119
0.304025344	1.75425123	0.135601601	0.121813338
0.305902043	1.760972219	0.136729304	0.122600045
0.307778743	1.767766487	0.137886595	0.123393522
0.309655443	1.774642495	0.139069554	0.124194603
0.311532142	1.78159288	0.140283324	0.125000943
0.313408842	1.788616741	0.141521633	0.125810196
0.315285542	1.795712693	0.142781282	0.126621736
0.317162241	1.802878386	0.144065164	0.127433856
0.319038941	1.810107964	0.145369985	0.128245624
0.320915641	1.817406919	0.146696543	0.129057451
0.32279234	1.824772606	0.148044987	0.129870955
0.32466904	1.832202118	0.149412804	0.130683992
0.32654574	1.839697159	0.150804278	0.131496924
0.328422439	1.847253429	0.152209134	0.132309489
0.330299139	1.854863784	0.153635881	0.133119211
0.332175838	1.862532986	0.155082451	0.133926637
0.334052538	1.870259647	0.156548839	0.13473292
0.335929238	1.87804569	0.158035082	0.135538129
0.337805937	1.885889201	0.159546961	0.136341832
0.339682637	1.89378866	0.161075713	0.137143774
0.341559337	1.901744464	0.162627948	0.137945793
0.343436036	1.909757101	0.16420038	0.138746621
0.345312736	1.917819974	0.16579612	0.139547289
0.347189436	1.925939883	0.167416987	0.140346765
0.349066135	1.934112215	0.169056974	0.14114791
0.350942835	1.942324197	0.170722667	0.141946584
0.352819535	1.950588638	0.172407253	0.142741486
0.354696234	1.958887773	0.174112644	0.143531841
0.356572934	1.967226698	0.175839163	0.144316423
0.358449634	1.975602695	0.177586468	0.145095498
0.360326333	1.984018755	0.179350687	0.145867659
0.362203033	1.992466277	0.181137304	0.146635111
0.364079733	2.000953234	0.182939986	0.147397564
0.365956432	2.009472989	0.184759951	0.148154783
0.367833132	2.018017384	0.186600676	0.148905552
0.369709832	2.026601569	0.18845838	0.149651077
0.371586531	2.035215531	0.190335117	0.150389377
0.373463231	2.043864507	0.192231957	0.151121997
0.37533993	2.052536956	0.194143888	0.151848377
0.37721663	2.061236976	0.196079434	0.152568475
0.37909333	2.069966612	0.19803327	0.153284059
0.380970029	2.078723524	0.200002635	0.153991991
0.382846729	2.087505395	0.201993997	0.154694972
0.384723429	2.096308743	0.204005481	0.15539225
0.386600128	2.105139982	0.20603906	0.156083256
0.388476828	2.113980565	0.208094175	0.15676708
0.390353528	2.122850533	0.2101776	0.157448252
0.392230227	2.131734564	0.212288099	0.158125635
0.394106927	2.140636534	0.2144351	0.158805879
0.395983627	2.149556041	0.216627567	0.159493192
0.397860326	2.158492767	0.218903387	0.160201295
0.399737026	2.167513943	0.221355059	0.160966086
0.401613726	2.176701153	0.224067418	0.161805836
0.403490425	2.186065873	0.22699289	0.162682297
0.405367125	2.195399883	0.229968489	0.163532075
0.407243825	2.204507972	0.232906445	0.164322028
0.409120524	2.213358634	0.235764061	0.165056071
0.410997224	2.22205483	0.238512528	0.165741009
0.412873924	2.23056436	0.241176752	0.16640723
0.414750623	2.239096435	0.24374993	0.167045164
0.416627323	2.247511629	0.246221165	0.167680788
0.418504022	2.255929093	0.248651821	0.168316377
0.420380722	2.264469257	0.251082348	0.168954056
0.422257422	2.273030931	0.253467565	0.169604778
0.424134121	2.281583426	0.255818788	0.170261025
0.426010821	2.290217771	0.258167196	0.170915053
0.427887521	2.298872098	0.260512011	0.171581801
0.42976422	2.307644092	0.262931408	0.172264788
0.43164092	2.316517	0.265369488	0.1729542
0.43351762	2.32535416	0.267788103	0.173651451
0.435394319	2.334138443	0.270185519	0.174353552
0.437271019	2.342937841	0.272597413	0.175053959
0.439147719	2.351806291	0.27503639	0.175755634
0.441024418	2.360699594	0.277505556	0.176472983
0.442901118	2.369704002	0.280049892	0.177199937
0.444777818	2.378678887	0.282586571	0.177940243
0.446654517	2.387589687	0.285111701	0.178685396
0.448531217	2.396482188	0.287636489	0.179435086
0.450407917	2.405361307	0.290167958	0.180189307
0.452284616	2.414254893	0.292724612	0.180951023
0.454161316	2.423217822	0.295326482	0.18173037
0.456038016	2.432270434	0.298007123	0.18252799
0.457914715	2.441248522	0.300671201	0.183344517
0.459791415	2.450178157	0.303332849	0.184171793
0.461668114	2.459061026	0.305977499	0.185006524
0.463544814	2.467912663	0.308622922	0.185857069
0.465421514	2.476812615	0.311301203	0.18672445
0.467298213	2.485780219	0.314030366	0.187614773
0.469174913	2.494761892	0.316804392	0.188538124
0.471051613	2.503818158	0.319658795	0.189487084
0.472928312	2.512802052	0.322489256	0.190462509
0.474805012	2.521724094	0.325317377	0.19145889
0.476681712	2.530603415	0.328132123	0.192471506
0.478558411	2.539452951	0.330952586	0.193504013
0.480435111	2.54833668	0.33379851	0.194559411
0.482311811	2.557236351	0.336666114	0.195631946
0.48418851	2.566112993	0.339565508	0.196733352
0.48606521	2.575052435	0.342546124	0.197853661
0.48794191	2.583973977	0.345551064	0.198998365
0.489818609	2.592760344	0.348535233	0.200170328
0.491695309	2.601514365	0.351510924	0.201337888
0.493572009	2.610100048	0.354411717	0.202516045
0.495448708	2.618635255	0.357323807	0.203706804
0.497325408	2.627286178	0.360293983	0.204886327
0.499202108	2.635719915	0.363182819	0.206088143
0.501078807	2.644129357	0.366126786	0.20730668
0.502955507	2.652630028	0.369116739	0.208511045
0.504832207	2.660933791	0.372102007	0.209746691
0.506708906	2.669242258	0.375144656	0.210986954
0.508585606	2.677414517	0.378117887	0.212228009
0.510462305	2.68536294	0.381008605	0.213486429
0.512339005	2.693239989	0.383905209	0.214706707
0.514215705	2.701121129	0.386793374	0.215950386
0.516092404	2.708731085	0.389603145	0.217219189
0.517969104	2.716591816	0.392575867	0.218468828
0.519845804	2.724171943	0.395432766	0.219752488
0.521722503	2.731705097	0.39838935	0.221049379
0.523599203	2.739323898	0.401413866	0.222348886
0.525475903	2.746515356	0.404232163	0.223687203
0.527352602	2.753738875	0.407141088	0.22501578
0.529229302	2.760969529	0.410056698	0.226355139
0.531106002	2.767768551	0.412786399	0.22773193
0.532982701	2.774807144	0.415681095	0.229103555
0.534859401	2.781852779	0.418611337	0.230493763
0.536736101	2.788389187	0.421330732	0.231934826
0.5386128	2.795259587	0.424296691	0.233358635
0.5404895	2.802017085	0.427241185	0.234814453
0.5423662	2.808352667	0.430096981	0.236336467
0.544242899	2.815071291	0.433241883	0.237837041
0.546119599	2.821355556	0.436137068	0.239404201
0.547996299	2.827418192	0.439018658	0.240989372
0.549872998	2.833733578	0.442115047	0.24257546
0.551749698	2.839636086	0.444987659	0.244220528
0.553626397	2.845359342	0.44781495	0.245892754
0.555503097	2.851363669	0.450906645	0.24755218
0.557379797	2.857156038	0.45387792	0.249275255
0.559256496	2.86246577	0.456665997	0.25104362
0.561133196	2.868219095	0.459830613	0.252792781
0.563009896	2.873811819	0.462940091	0.254599892
0.564886595	2.87867889	0.465712609	0.25646983
0.566763295	2.884071543	0.468916468	0.258300811
0.568639995	2.889338539	0.472133154	0.260196866
0.570516694	2.893974985	0.475164359	0.262171337
0.572393394	2.899052193	0.478545861	0.264106511
0.574270094	2.903710506	0.481731395	0.266123447
0.576146793	2.907754902	0.484517405	0.268169399
0.578023493	2.91203716	0.487607804	0.270178981
0.579900193	2.916654034	0.491045249	0.272219556
0.581776892	2.92047173	0.493984446	0.274361812
0.583653592	2.924254335	0.497143429	0.276479659
0.585530292	2.928392361	0.500624787	0.27862199
0.587406991	2.931980261	0.503819666	0.280835823
0.589283691	2.935024776	0.506767845	0.283067249
0.591160391	2.938464141	0.510212029	0.285280465
0.59303709	2.941911069	0.51373528	0.287567706
0.59491379	2.944343186	0.516634913	0.289908766
0.596790489	2.947083687	0.5199547	0.292187571
0.598667189	2.950058143	0.523560837	0.294548843
0.600543889	2.952207251	0.526726648	0.296994691
0.602420588	2.95427406	0.529999703	0.299388096
0.604297288	2.956683349	0.533692889	0.30181157
0.606173988	2.958375251	0.537015739	0.304331242
0.608050687	2.959836266	0.540415461	0.306831085
0.609927387	2.961689491	0.54424062	0.309347581
0.611804087	2.962614561	0.547481739	0.311942021
0.613680786	2.96317338	0.550538993	0.314512425
0.615557486	2.964133634	0.554010047	0.317049008
0.617434186	2.96516054	0.557738444	0.319646123
0.619310885	2.965239511	0.561170891	0.322319235
0.621187585	2.965599036	0.564849343	0.324944223
0.623064285	2.965913365	0.568778969	0.327643145
0.624940984	2.965246773	0.572077294	0.330386924
0.626817684	2.96455164	0.575603603	0.333073287
0.628694384	2.964069543	0.579419464	0.335768493
0.630571083	2.963031279	0.583005157	0.33856879
0.632447783	2.96129109	0.586188437	0.341287954
0.634324483	2.959895664	0.589880497	0.343966474
0.636201182	2.95850804	0.593808912	0.346737888
0.638077882	2.956181187	0.597103123	0.349542427
0.639954581	2.953923575	0.60079487	0.352257008
0.641831281	2.951743363	0.604768619	0.354997565
0.643707981	2.948762676	0.608261785	0.357795381
0.64558468	2.945476399	0.61180361	0.360515785
0.64746138	2.942419349	0.615747762	0.3632239
0.64933808	2.938814708	0.619484808	0.365991559
0.651214779	2.934558646	0.622912366	0.368731073
0.653091479	2.930597476	0.626852139	0.371403631
0.654968179	2.926307105	0.630808132	0.374093051
0.656844878	2.921129461	0.634148839	0.376839763
0.658721578	2.916146377	0.638025591	0.379445641
0.660598278	2.911047599	0.64207624	0.382080616
0.662474977	2.905041075	0.645473231	0.384727579
0.664351677	2.899007783	0.649271244	0.387257743
0.666228377	2.892928307	0.653291798	0.389768759
0.668105076	2.886006235	0.656788432	0.392322821
0.669981776	2.878924842	0.660472352	0.394727085
0.671858476	2.871887411	0.66450775	0.397112185
0.673735175	2.863944656	0.667992547	0.399524101
0.675611875	2.855803635	0.671641665	0.401772474
0.677488575	2.847685714	0.675629553	0.403982851
0.679365274	2.838668849	0.679074817	0.40621448
0.681241974	2.829368607	0.682643981	0.408237394
0.683118673	2.820119836	0.686558457	0.410223127
0.684995373	2.809791841	0.689858485	0.412180132
0.686872073	2.799422976	0.693498942	0.413971387
0.688748772	2.788876764	0.697354791	0.415723866
0.690625472	2.777372485	0.700672447	0.417401773
0.692502172	2.765671551	0.704147945	0.418921387
0.694378871	2.753761835	0.707772788	0.420335451
0.696255571	2.740918795	0.710957822	0.421704221
0.698132271	2.727646205	0.714025483	0.422890078
0.70000897	2.714286369	0.717388909	0.423931187
0.70188567	2.700350813	0.720689719	0.424939006
0.70376237	2.685724682	0.723651001	0.425860523
0.705639069	2.670891083	0.726850282	0.426625181
0.707515769	2.655889529	0.730293162	0.427345846
0.709392469	2.640011614	0.733334224	0.428043661
0.711269168	2.623777149	0.73628939	0.428681656
0.713145868	2.60784733	0.739972398	0.429235043
0.715022568	2.591331095	0.743645768	0.429943668
0.716899267	2.574478817	0.747530892	0.430695031
0.718775967	2.557926171	0.752152388	0.431535098
0.720652667	2.54080125	0.756672662	0.432628284
0.722529366	2.523796587	0.761650389	0.433902774
0.724406066	2.507190107	0.767291056	0.435397897
0.726282765	2.490310584	0.773021316	0.437275989
0.728159465	2.473651639	0.779211294	0.439450182
0.730036165	2.457770209	0.786321111	0.441996125
0.731912864	2.442190456	0.794035931	0.445083937
0.733789564	2.42692669	0.802248111	0.448621364
0.735666264	2.412863875	0.811674301	0.452761749
0.737542963	2.399355023	0.821867338	0.457449197
0.739419663	2.386274227	0.832570913	0.462724441
0.741296363	2.374335774	0.844413987	0.468592738
0.743173062	2.36326514	0.857180333	0.475021665
0.745049762	2.352719503	0.870479012	0.482059978
0.746926462	2.342880447	0.884551513	0.489518526
0.748803161	2.334119894	0.899573584	0.497485239
0.750679861	2.325831452	0.915013859	0.505942197
0.752556561	2.317912419	0.930868496	0.514593978
0.75443326	2.310684791	0.947320085	0.523487906
0.75630996	2.303658292	0.963940184	0.532643238
0.75818666	2.296862881	0.980731063	0.541811922
0.760063359	2.290439623	0.997837205	0.550988996
0.761940059	2.283838358	1.014739274	0.560117303
0.763816759	2.27739401	1.031691445	0.569130161
0.765693458	2.270912829	1.048578743	0.577894127
0.767570158	2.264238766	1.065193015	0.586514264
0.769446857	2.257426276	1.081558673	0.594800615
0.771323557	2.25048973	1.097725302	0.602743165
0.773200257	2.242984101	1.113292947	0.61036656
0.775076956	2.235414121	1.128588766	0.617637376
0.776953656	2.22769274	1.143620011	0.624558596
0.778830356	2.219402272	1.157949693	0.631134109
0.780707055	2.210868898	1.171857557	0.637242508
0.782583755	2.202072828	1.185349418	0.643053169
0.784460455	2.192937636	1.19824711	0.648543531
0.786337154	2.183391296	1.210604867	0.653571079
0.788213854	2.173680269	1.222507531	0.658383776
0.790090554	2.163678777	1.233822095	0.662851276
0.791967253	2.153537435	1.24476949	0.667041912
0.793843953	2.142767459	1.254924509	0.670888277
0.795720653	2.131930699	1.264612379	0.674407281
0.797597352	2.12076619	1.273827398	0.677730099
0.799474052	2.109541122	1.282518778	0.680786051
0.801350752	2.098071048	1.290756701	0.683577663
0.803227451	2.086536059	1.29850739	0.686159811
0.805104151	2.07482947	1.305854205	0.688520725
0.806980851	2.06305932	1.312720868	0.69065235
0.80885755	2.051340146	1.319236482	0.692527135
0.81073425	2.039663574	1.325445933	0.694204137
0.812610949	2.028168663	1.331375101	0.69563217
0.814487649	2.016858386	1.33717866	0.696859581
0.816364349	2.005991574	1.342923576	0.697840399
0.818241048	1.995685967	1.348755296	0.698590078
0.820117748	1.986375539	1.354950844	0.699144522
0.821994448	1.977853653	1.361508702	0.699384769
0.823871147	1.971034289	1.368937847	0.699410026
0.825747847	1.9662388	1.377570086	0.699135754
0.827624547	1.963961261	1.387686908	0.698559984
0.829501246	1.964127598	1.399306972	0.697770177
0.831377946	1.965992154	1.411874751	0.696774459
0.833254646	1.968585882	1.424760943	0.695872432
0.835131345	1.968889411	1.435910741	0.695042286
0.837008045	1.965566067	1.444449444	0.694427135
0.838884745	1.9573808	1.449452057	0.693983358
0.840761444	1.944200909	1.450750663	0.69370641
0.842638144	1.927110671	1.448923667	0.693476226
0.844514844	1.907301284	1.444855835	0.69329282
0.846391543	1.885764245	1.439259884	0.693209656
0.848268243	1.863241511	1.432752701	0.693322013
0.850144943	1.840162888	1.425730343	0.693620992
0.852021642	1.817221599	1.418817396	0.694142652
0.853898342	1.795054786	1.412535044	0.694913169
0.855775042	1.774306479	1.407380332	0.69597198
0.857651741	1.75521829	1.403520917	0.697271094
0.859528441	1.738426314	1.401304362	0.69887735
0.86140514	1.723846717	1.400557062	0.700633146
0.86328184	1.711329857	1.401022671	0.702441478
0.86515854	1.700682567	1.402349628	0.70423098
0.867035239	1.691387424	1.403942505	0.705788718
0.868911939	1.682900956	1.405242485	0.707029905
0.870788639	1.674495555	1.405558547	0.70776404
0.872665338	1.665478675	1.404349361	0.707918797
0.874542038	1.655286396	1.401118417	0.707369037
0.876418738	1.643337643	1.395404253	0.705993021
0.878295437	1.629129844	1.386977076	0.703801072
0.880172137	1.612657731	1.375875966	0.700783052
0.882048837	1.593799158	1.362115835	0.696964074
0.883925536	1.572567676	1.34583874	0.692349876
0.885802236	1.549198066	1.327286539	0.687042542
0.887678936	1.523921599	1.306729144	0.681059478
0.889555635	1.496895835	1.284389466	0.674422956
0.891432335	1.468576354	1.260672203	0.667262364
0.893309035	1.439112768	1.235770636	0.659547476
0.895185734	1.40891789	1.210034655	0.651386276
0.897062434	1.378227886	1.183690167	0.642810528
0.898939134	1.347252833	1.1568766	0.633852789
0.900815833	1.316087312	1.129746512	0.624467663
0.902692533	1.28505087	1.102514323	0.614746907
0.904569232	1.254195517	1.075283223	0.604708961
0.906445932	1.223695533	1.048158273	0.594356783
0.908322632	1.193644338	1.021273653	0.583739466
0.910199331	1.164127112	0.994719639	0.572882028
0.912076031	1.135279875	0.968637777	0.561854243
0.913952731	1.107209913	0.943097856	0.550670979
0.91582943	1.079834877	0.918097521	0.53927735
0.91770613	1.053277117	0.893778985	0.527843972
0.91958283	1.027654046	0.870228984	0.516344971
0.921459529	1.002871472	0.847400149	0.504782543
0.923336229	0.979036954	0.825384341	0.493226691
0.925212929	0.956081622	0.8041829	0.48166961
0.927089628	0.933982392	0.783795778	0.470130599
0.928966328	0.912878576	0.764310176	0.458681778
0.930843028	0.89265421	0.745640129	0.447290489
0.932719727	0.873282763	0.727796098	0.436000877
0.934596427	0.854719611	0.7107323	0.424776643
0.936473127	0.837078838	0.694498581	0.413677236
0.938349826	0.820151701	0.678964015	0.402657259
0.940226526	0.803996523	0.664129146	0.39174318
0.942103226	0.788539326	0.64997698	0.380942571
0.943979925	0.773741296	0.636415474	0.370243434
0.945856625	0.759640446	0.623474982	0.359639578
0.947733324	0.746140954	0.611058611	0.349155124
0.949610024	0.733246908	0.599167084	0.338779752
0.951486724	0.720866552	0.587684064	0.328481762
0.953363423	0.709022247	0.576636925	0.318314282
0.955240123	0.697658022	0.565959351	0.308243909
0.957116823	0.686805949	0.555653425	0.29829433
0.958993522	0.676412796	0.545654766	0.288440416
0.960870222	0.666436013	0.535940306	0.27869784
0.962746922	0.656923087	0.526535867	0.269103965
0.964623621	0.647889804	0.51741457	0.259653139
0.966500321	0.63931856	0.508543923	0.250352332
0.968377021	0.631193602	0.499904872	0.241210534
0.97025372	0.623532204	0.491487723	0.23223593
0.97213042	0.616286832	0.483256171	0.223431141
0.97400712	0.609508271	0.475224691	0.214850854
0.975883819	0.603221534	0.467387628	0.206495883
0.977760519	0.597357671	0.459722487	0.198380876
0.979637219	0.591912496	0.452193435	0.190508659
0.981513918	0.587003028	0.444868832	0.182938713
0.983390618	0.582599492	0.437725629	0.175715096
0.985267318	0.578673556	0.430745815	0.168810359
0.987144017	0.575323239	0.423996602	0.162277862
0.989020717	0.572542882	0.417455183	0.156138075
0.990897416	0.57032433	0.411146984	0.150421582
0.992774116	0.568877673	0.405195186	0.145215729
0.994650816	0.568153029	0.399573463	0.140533461
0.996527515	0.568285318	0.394334078	0.136394696
0.998404215	0.569198953	0.389462328	0.13280346
1.000280915	0.570850272	0.384935761	0.129742805
1.002157614	0.573336468	0.380799837	0.127238952
1.004034314	0.576757681	0.377115045	0.125327062
1.005911014	0.581011654	0.373814929	0.123936414
1.007787713	0.585905124	0.370803069	0.122990248
1.009664413	0.591443499	0.368091219	0.12248119
1.011541113	0.597641438	0.365654513	0.122358755
1.013417812	0.604297521	0.363419253	0.122550104
1.015294512	0.611411576	0.361369173	0.123010275
1.017171212	0.618777108	0.359424454	0.123667095
1.019047911	0.626377133	0.357548148	0.124456977
1.020924611	0.63408742	0.355688739	0.125330698
1.022801311	0.641860374	0.353826082	0.126233764
1.02467801	0.649601029	0.351928588	0.127118527
1.02655471	0.657221207	0.349942393	0.127946691
1.02843141	0.664780476	0.347905668	0.128714677
1.030308109	0.672007158	0.345707909	0.129334397
1.032184809	0.679184158	0.343472503	0.129892683
1.034061508	0.686112559	0.341140472	0.130319169
1.035938208	0.693022125	0.338792884	0.130691168
1.037814908	0.699724138	0.336384454	0.130969207
1.039691607	0.706418739	0.333999231	0.131236931
1.041568307	0.71296391	0.331573937	0.131427721
1.043445007	0.719662862	0.329267782	0.131674227
1.045321706	0.726235186	0.326961472	0.131881854
1.047198406	0.733093246	0.324839183	0.132214708
1.049075106	0.740075534	0.322824925	0.132608586
1.050951805	0.747236972	0.320947878	0.133081564
1.052828505	0.754552587	0.319221364	0.133671174
1.054705205	0.762081827	0.317640127	0.13437531
1.056581904	0.769926877	0.316283612	0.135253232
1.058458604	0.778077156	0.315123136	0.13628083
1.060335304	0.786325488	0.314074675	0.137418942
1.062212003	0.794841531	0.313222608	0.13871549
1.064088703	0.803600793	0.312560738	0.140192928
1.065965403	0.812535225	0.312036617	0.141794596
1.067842102	0.821602702	0.31163281	0.143501782
1.069718802	0.830833034	0.311355096	0.14535694
1.071595502	0.840066199	0.311158608	0.147303944
1.073472201	0.849314514	0.31105064	0.149331849
1.075348901	0.858549247	0.311004637	0.151431167
1.0772256	0.867803743	0.311006023	0.153601575
1.0791023	0.87676652	0.310953796	0.155756986
1.080979	0.885610539	0.31091093	0.157932693
1.082855699	0.894200874	0.310835748	0.160092556
1.084732399	0.902499356	0.310696476	0.162203156
1.086609099	0.910326989	0.310403058	0.164204943
1.088485798	0.917622408	0.309949389	0.166080472
1.090362498	0.924524948	0.309401188	0.167861827
1.092239198	0.930751469	0.308642888	0.169445763
1.094115897	0.9363117	0.307664583	0.170837311
1.095992597	0.941226284	0.30647602	0.172026089
1.097869297	0.945357596	0.305022064	0.172953828
1.099745996	0.948644567	0.303313098	0.173618876
1.101622696	0.951126524	0.30133764	0.173988948
1.103499396	0.952774215	0.299067825	0.17406563
1.105376095	0.953726701	0.296567827	0.173890971
1.107252795	0.953657171	0.293741748	0.17335146
1.109129495	0.952710064	0.290632486	0.17249526
1.111006194	0.950916088	0.287258002	0.171332043
1.112882894	0.948393304	0.283663065	0.169888922
1.114759594	0.945102996	0.279825059	0.168163094
1.116636293	0.941128132	0.27578772	0.166175009
1.118512993	0.93667969	0.27164254	0.164008926
1.120389692	0.931684287	0.267373703	0.161656752
1.122266392	0.926226431	0.262978112	0.159120912
1.124143092	0.920356524	0.258493419	0.156456377
1.126019791	0.914228857	0.25397414	0.153695245
1.127896491	0.907822006	0.249396319	0.150860873
1.129773191	0.901321628	0.244829381	0.148017263
1.13164989	0.894901976	0.240340245	0.145202689
1.13352659	0.888592848	0.235941938	0.142432617
1.13540329	0.882301386	0.231574712	0.139678203
1.137279989	0.87612276	0.227267172	0.136971029
1.139156689	0.870058075	0.223030498	0.134296053
1.141033389	0.864122369	0.218872339	0.131671909
1.142910088	0.85839478	0.214820413	0.129124662
1.144786788	0.852987137	0.210913145	0.126682619
1.146663488	0.847936991	0.207163445	0.124363653
1.148540187	0.843275619	0.203577702	0.122166461
1.150416887	0.838927502	0.200128005	0.120085663
1.152293587	0.834873617	0.196808943	0.118105181
1.154170286	0.831082401	0.193593632	0.116221314
1.156046986	0.827617851	0.190506614	0.114451503
1.157923686	0.82450768	0.187552942	0.112804293
1.159800385	0.821827304	0.184742686	0.111289812
1.161677085	0.819544348	0.182070237	0.109901109
1.163553785	0.817672381	0.179525227	0.10862751
1.165430484	0.816104335	0.177066633	0.10744934
1.167307184	0.814813922	0.174692339	0.106352892
1.169183883	0.813799544	0.17239282	0.105331549
1.171060583	0.813045762	0.17017695	0.104388066
1.172937283	0.812564603	0.168061513	0.103530633
1.174813982	0.812367133	0.166044469	0.102756583
1.176690682	0.812480171	0.164127211	0.102068655
1.178567382	0.81291872	0.162304308	0.101474352
1.180444081	0.813644695	0.160561384	0.100961128
1.182320781	0.814621527	0.158886018	0.100514005
1.184197481	0.815742941	0.157257557	0.100102982
1.18607418	0.816962138	0.155659752	0.0997092
1.18795088	0.818291429	0.15410932	0.09935042
1.18982758	0.819771319	0.152632741	0.099039077
1.191704279	0.821429544	0.151235279	0.098777588
1.193580979	0.823293956	0.149915997	0.098569343
1.195457679	0.825414937	0.148684425	0.098429246
1.197334378	0.827749265	0.147513262	0.09834057
1.199211078	0.830189155	0.146378173	0.09826923
1.201087778	0.832658363	0.14525712	0.098192805
1.202964477	0.8351024	0.144137141	0.098099441
1.204841177	0.837554138	0.143022395	0.097999118
1.206717877	0.840080137	0.141951168	0.097913346
1.208594576	0.84273262	0.140934699	0.097852394
1.210471276	0.845474288	0.139962588	0.097808434
1.212347975	0.848300227	0.139019494	0.097776958
1.214224675	0.851166215	0.138080462	0.097742622
1.216101375	0.854092317	0.137159609	0.097711171
1.217978074	0.857105111	0.136281218	0.097691603
1.219854774	0.8601894	0.135433428	0.097678643
1.221731474	0.863291709	0.13459491	0.097659612
1.223608173	0.866387394	0.133756207	0.097625928
1.225484873	0.869499326	0.132940746	0.097587748
1.227361573	0.872665246	0.132161168	0.097553677
1.229238272	0.87584915	0.131401422	0.097507091
1.231114972	0.879026952	0.130650816	0.097444895
1.232991672	0.882202183	0.129907561	0.09736887
1.234868371	0.885419094	0.129179042	0.097295513
1.236745071	0.888759717	0.128505863	0.097254086
1.238621771	0.892227532	0.127882399	0.097242846
1.24049847	0.895760938	0.127287546	0.097241863
1.24237517	0.899297673	0.126705508	0.097235122
1.24425187	0.902817456	0.126134426	0.097218835
1.246128569	0.906317517	0.125576305	0.097192174
1.248005269	0.909812561	0.125051113	0.097157772
1.249881969	0.913334288	0.124564558	0.097123431
1.251758668	0.916899567	0.124118047	0.097096127
1.253635368	0.92055171	0.12371777	0.097088147
1.255512067	0.924308832	0.123357308	0.09710287
1.257388767	0.928187786	0.123029615	0.097141284
1.259265467	0.932194514	0.122730915	0.097202538
1.261142166	0.936337856	0.122472226	0.097289394
1.263018866	0.940589888	0.122254206	0.097395273
1.264895566	0.944924126	0.122064562	0.097510203
1.266772265	0.949283885	0.121876682	0.097616414
1.268648965	0.953633804	0.12168309	0.097714096
1.270525665	0.95803887	0.121511155	0.097821748
1.272402364	0.962509644	0.121369207	0.097946677
1.274279064	0.967118668	0.121281826	0.098109712
1.276155764	0.971885637	0.121256375	0.098313341
1.278032463	0.976844002	0.121289948	0.098568872
1.279909163	0.981971176	0.121372445	0.098869504
1.281785863	0.987240381	0.121488531	0.099207382
1.283662562	0.992670759	0.121643404	0.099582495
1.285539262	0.998268103	0.121848316	0.100002076
1.287415962	1.004052803	0.122113403	0.100471586
1.289292661	1.009969327	0.122425728	0.100977914
1.291169361	1.015997938	0.122776927	0.101518472
1.293046061	1.022107829	0.123163822	0.10208209
1.29492276	1.028299552	0.123586267	0.10267075
1.29679946	1.034574725	0.124054787	0.103291002
1.298676159	1.040975349	0.124583484	0.103951342
1.300552859	1.047511349	0.125174123	0.104649267
1.302429559	1.054179888	0.125820718	0.105375768
1.304306258	1.060951139	0.126511936	0.10612093
1.306182958	1.067806841	0.127229349	0.106877218
1.308059658	1.074731729	0.127967795	0.107640515
1.309936357	1.081717124	0.128722931	0.108407587
1.311813057	1.088756145	0.129492885	0.10917602
1.313689757	1.095882068	0.130284774	0.109957132
1.315566456	1.103101301	0.131100256	0.110750303
1.317443156	1.110417225	0.13193816	0.111553033
1.319319856	1.117811239	0.13279656	0.112364766
1.321196555	1.125267949	0.1336725	0.113174633
1.323073255	1.132776014	0.134565448	0.113985322
1.324949955	1.140346934	0.135478278	0.114800275
1.326826654	1.147976539	0.136408311	0.11561814
1.328703354	1.155652926	0.1373445	0.116433528
1.330580054	1.163370594	0.138291101	0.117248444
1.332456753	1.171130016	0.139254759	0.118063954
1.334333453	1.178917686	0.140237704	0.118878063
1.336210153	1.186724387	0.141240335	0.11968951
1.338086852	1.194539511	0.142263984	0.120497827
1.339963552	1.202356214	0.143295562	0.121298175
1.341840251	1.210195468	0.144342394	0.122098356
1.343716951	1.218069153	0.145401289	0.122898409
1.345593651	1.225986452	0.146492094	0.123692314
1.34747035	1.233962562	0.147625949	0.124488595
1.34934705	1.241971775	0.148793961	0.125282528
1.35122375	1.249993633	0.14997564	0.126061498
1.353100449	1.257996511	0.151153814	0.126819985
1.354977149	1.265984883	0.152326004	0.127557977
1.356853849	1.273960163	0.153500908	0.128278804
1.358730548	1.281934449	0.154680242	0.128984463
1.360607248	1.28991452	0.155874484	0.12967738
1.362483948	1.29789473	0.157076657	0.130354824
1.364360647	1.305874962	0.158290423	0.131019241
1.366237347	1.313847957	0.159513467	0.131667492
1.368114047	1.321824729	0.160743239	0.132304761
1.369990746	1.329813705	0.161985032	0.132933103
1.371867446	1.337834647	0.163240515	0.133558775
1.373744146	1.345895777	0.164510694	0.134185175
1.375620845	1.35400947	0.165802655	0.134815842
1.377497545	1.362172237	0.16711265	0.135448767
1.379374245	1.37038403	0.168450825	0.136085079
1.381250944	1.37863197	0.169809994	0.136720706
1.383127644	1.386906802	0.171187371	0.137350241
1.385004343	1.395201396	0.172583431	0.137973686
1.386881043	1.403514269	0.173996778	0.138588126
1.388757743	1.411838786	0.175425151	0.139192885
1.390634442	1.42016837	0.176863708	0.139786844
1.392511142	1.428500808	0.178316165	0.14036752
1.394387842	1.436830025	0.179774472	0.140937528
1.396264541	1.445165188	0.181248123	0.141497189
1.398141241	1.453508137	0.182740781	0.142050689
1.400017941	1.461858008	0.184258845	0.142602393
1.40189464	1.470233198	0.18581287	0.143157199
1.40377134	1.478635734	0.187389089	0.143716975
1.40564804	1.487069076	0.188992448	0.144282474
1.407524739	1.495531941	0.190613733	0.144850898
1.409401439	1.504016624	0.19225602	0.145426796
1.411278139	1.512531906	0.193924535	0.146013723
1.413154838	1.521100036	0.195633222	0.146626575
1.415031538	1.529756022	0.197396916	0.147279847
1.416908238	1.538510008	0.199202142	0.147972282
1.418784937	1.547346668	0.2010409	0.14869069
1.420661637	1.556262369	0.202921059	0.149432319
1.422538337	1.565239935	0.20483768	0.150203089
1.424415036	1.57429794	0.206808361	0.151002959
1.426291736	1.58342808	0.208838412	0.151841785
1.428168435	1.59263584	0.210919508	0.152712973
1.430045135	1.601900737	0.213038323	0.153611522
1.431921835	1.611195703	0.215183754	0.154526055
1.433798534	1.620507868	0.217363091	0.155459486
1.435675234	1.629849759	0.21958565	0.156413778
1.437551934	1.639205559	0.221843504	0.157378734
1.439428633	1.648563308	0.224117404	0.158347805
1.441305333	1.657915486	0.226427954	0.159318699
1.443182033	1.667266185	0.228763398	0.160294248
1.445058732	1.676592267	0.231122626	0.16125395
1.446935432	1.685893837	0.233513276	0.162206374
1.448812132	1.695134924	0.235918801	0.163142563
1.450688831	1.704317039	0.238371485	0.164072773
1.452565531	1.713479665	0.240950829	0.165020551
1.454442231	1.722754405	0.24372556	0.165988138
1.45631893	1.732000567	0.246570484	0.166940278
1.45819563	1.741014572	0.249343985	0.167839571
1.46007233	1.749761616	0.252015634	0.168669395
1.461949029	1.75824262	0.254610022	0.169448433
1.463825729	1.766494348	0.257096384	0.170168493
1.465702429	1.774637731	0.259572407	0.170854221
1.467579128	1.782614661	0.261957618	0.171511941
1.469455828	1.790534699	0.264359598	0.172163562
1.471332528	1.798432866	0.266726482	0.172801021
1.473209227	1.806259804	0.269079372	0.173451142
1.475085927	1.814088484	0.27143795	0.174102801
1.476962626	1.821958067	0.273846798	0.174778772
1.478839326	1.829826746	0.276267334	0.175477631
1.480716026	1.837738204	0.278715395	0.176193715
1.482592725	1.845556812	0.281176318	0.176949803
1.484469425	1.853460113	0.283725209	0.177733447
1.486346125	1.861430859	0.286307881	0.178549674
1.488222824	1.869319713	0.288903487	0.179406478
1.490099524	1.877224239	0.291535268	0.180296549
1.491976224	1.885173428	0.29421947	0.181230728
1.493852923	1.89312848	0.29697142	0.182221648
1.495729623	1.901265668	0.299853999	0.183257607
1.497606323	1.909393943	0.302775012	0.184360027
1.499483022	1.917453394	0.305723054	0.185495335
1.501359722	1.92554435	0.308721944	0.186670005
1.503236422	1.933561247	0.311733493	0.187893219
1.505113121	1.941642738	0.314837422	0.189162206
1.506989821	1.949781093	0.318013849	0.190480213
1.508866521	1.957924475	0.321273141	0.191856358
1.51074322	1.966148392	0.324621941	0.193294646
1.51261992	1.974275288	0.327992679	0.194786848
1.51449662	1.98239967	0.331410717	0.196317392
1.516373319	1.990481367	0.334863094	0.197894088
1.518250019	1.998493663	0.338357326	0.199511784
1.520126718	2.006599876	0.341935689	0.201162162
1.522003418	2.014559897	0.34552975	0.202857888
1.523880118	2.02258161	0.34923315	0.20458874
1.525756817	2.030473119	0.352926395	0.206360295
1.527633517	2.038237524	0.356625925	0.208157213
1.529510217	2.045883396	0.3603093	0.209970372
1.531386916	2.053421362	0.364017819	0.211808619
1.533263616	2.060948293	0.367762343	0.21365511
1.535140316	2.06834176	0.371508588	0.215534097
1.537017015	2.075652444	0.375318554	0.217431375
1.538893715	2.082907764	0.37915036	0.219348918
1.540770415	2.089993768	0.383006096	0.221287222
1.542647114	2.096982022	0.386848384	0.223227484
1.544523814	2.103645887	0.390601331	0.225181972
1.546400514	2.110252958	0.39440649	0.227112082
1.548277213	2.116681971	0.398146501	0.229057362
1.550153913	2.122967232	0.401906492	0.230999343
1.552030613	2.129163673	0.405679329	0.232924744
1.553907312	2.135002397	0.409381534	0.234877396
1.555784012	2.140939457	0.413222164	0.236785197
1.557660712	2.146466432	0.416860556	0.238725329
1.559537411	2.151889574	0.420572413	0.240620092
1.561414111	2.157128604	0.424202361	0.242500312
1.56329081	2.161904911	0.42768304	0.244373227
1.56516751	2.166885275	0.431321217	0.246172889
1.56704421	2.171262445	0.43470071	0.24800171
1.568920909	2.175601078	0.438149598	0.249762135
1.570797609	2.179896587	0.44161066	0.251466864
1.572674309	2.183466229	0.444803231	0.253201038
1.574551008	2.187400684	0.448281719	0.254833159
1.576427708	2.190612631	0.4513954	0.256474772
1.578304408	2.193675494	0.454571412	0.258059281
1.580181107	2.196739148	0.457765666	0.259557821
1.582057807	2.198994096	0.460550128	0.261069223
1.583934507	2.201434489	0.463592436	0.262507955
1.585811206	2.203818375	0.466581387	0.263865953
1.587687906	2.205306908	0.469174752	0.265265706
1.589564606	2.207201045	0.472092432	0.26654345
1.591441305	2.208824538	0.474877434	0.267792536
1.593318005	2.209435698	0.477264377	0.269021871
1.595194705	2.210698408	0.48008024	0.270157212
1.597071404	2.211523551	0.482645401	0.271290772
1.598948104	2.211696415	0.485091029	0.272419186
1.600824804	2.21232025	0.487819292	0.273459172
1.602701503	2.212181855	0.490123117	0.274509774
1.604578203	2.212015531	0.492632779	0.275513588
1.606454902	2.211984719	0.495288192	0.276448943
1.608331602	2.210937907	0.497357706	0.277407647
1.610208302	2.210059498	0.499694885	0.27830679
1.612085001	2.209425404	0.502210254	0.279186117
1.613961701	2.207985316	0.504275939	0.280081621
1.615838401	2.206711066	0.506627826	0.280918513
1.6177151	2.205487789	0.509080246	0.281745355
1.6195918	2.203576327	0.511136679	0.282602757
1.6214685	2.201929175	0.513576047	0.283411186
1.623345199	2.200159142	0.51598461	0.284230089
1.625221899	2.197872615	0.518127011	0.285066867
1.627098599	2.195990956	0.520783445	0.285859729
1.628975298	2.193531708	0.523063747	0.286716301
1.630851998	2.190998428	0.525460907	0.287558481
1.632728698	2.188813891	0.528195207	0.28836946
1.634605397	2.185917729	0.530558144	0.289264067
1.636482097	2.182894913	0.532968667	0.29012502
1.638358797	2.180383254	0.535762346	0.290973215
1.640235496	2.177274773	0.538286433	0.291899141
1.642112196	2.174066342	0.540899213	0.292824788
1.643988896	2.171309195	0.543868283	0.293728427
1.645865595	2.167978137	0.546583335	0.294716799
1.647742295	2.164509928	0.549349244	0.295705955
1.649618994	2.161587454	0.55258984	0.29667582
1.651495694	2.157948053	0.555577406	0.297751335
1.653372394	2.154397628	0.558548586	0.298814351
1.655249093	2.151325258	0.562116791	0.299888418
1.657125793	2.147614376	0.565368721	0.30106091
1.659002493	2.143859316	0.568714658	0.302235417
1.660879192	2.14060339	0.572609983	0.303430783
1.662755892	2.13672178	0.576111608	0.304714
1.664632592	2.132851179	0.579881082	0.305989458
1.666509291	2.12941528	0.584054454	0.307295589
1.668385991	2.125346381	0.587846682	0.308709524
1.670262691	2.121448454	0.592134362	0.310074112
1.67213939	2.117606584	0.596464486	0.311537242
1.67401609	2.113362947	0.600649497	0.31302161
1.67589279	2.109602995	0.605354854	0.31450649
1.677769489	2.105467262	0.609849591	0.316088376
1.679646189	2.101034135	0.614298208	0.317674631
1.681522889	2.097089269	0.619245726	0.319239559
1.683399588	2.092878344	0.624026785	0.320889862
1.685276288	2.08842757	0.628858804	0.322555323
1.687152988	2.08450156	0.634221176	0.324216772
1.689029687	2.080041682	0.639268152	0.325941597
1.690906387	2.075599355	0.644524901	0.327673685
1.692783086	2.071560493	0.650252739	0.329411193
1.694659786	2.066975159	0.655675087	0.331225519
1.696536486	2.062474199	0.661340557	0.333000279
1.698413185	2.058335412	0.667460374	0.334812308
1.700289885	2.05362333	0.673237905	0.336697884
1.702166585	2.0490458	0.67931202	0.338523684
1.704043284	2.044753292	0.685747216	0.340396132
1.705919984	2.039742985	0.691828499	0.342326779
1.707796684	2.035220935	0.698368083	0.344189365
1.709673383	2.030589194	0.705070359	0.346130811
1.711550083	2.025578517	0.711595197	0.348104902
1.713426783	2.021073337	0.718600598	0.350015293
1.715303482	2.016116685	0.725473368	0.352015517
1.717180182	2.011080824	0.732470696	0.353984513
1.719056882	2.006493179	0.739882645	0.355945228
1.720933581	2.001268154	0.747028083	0.357979517
1.722810281	1.996351282	0.754494835	0.359945976
1.724686981	1.991455928	0.762194561	0.361974835
1.72656368	1.986170221	0.769748266	0.36401796
1.72844038	1.981214192	0.777636999	0.365965029
1.73031708	1.976084774	0.785572638	0.368033749
1.732193779	1.970833993	0.793607116	0.370011172
1.734070479	1.965825832	0.801928451	0.372039115
1.735947178	1.960431517	0.810101122	0.374048817
1.737823878	1.955425768	0.818748265	0.376055196
1.739700578	1.949989542	0.827201051	0.378079278
1.741577277	1.944759559	0.83584472	0.380051919
1.743453977	1.939592003	0.844757607	0.382050865
1.745330677	1.934184379	0.853520834	0.384045262
1.747207376	1.929076539	0.862651629	0.385985666
1.749084076	1.923738178	0.871761831	0.387951184
1.750960776	1.918504545	0.880966982	0.389879804
1.752837475	1.913312342	0.890417329	0.39180724
1.754714175	1.907956995	0.899776209	0.393713541
1.756590875	1.902852407	0.909450879	0.395580302
1.758467574	1.897515911	0.919083077	0.397472801
1.760344274	1.892409404	0.928904783	0.399284565
1.762220974	1.887182306	0.938830312	0.401121835
1.764097673	1.882113012	0.948820366	0.402897193
1.765974373	1.877015859	0.959019412	0.404672351
1.767851073	1.872102982	0.969284946	0.406400281
1.769727772	1.867199053	0.979751345	0.40809847
1.771604472	1.862538053	0.990367039	0.409763937
1.773481172	1.857960675	1.001183387	0.41137367
1.775357871	1.853745768	1.01216625	0.412958481
1.777234571	1.849815022	1.023503873	0.414472502
1.77911127	1.846279583	1.035091761	0.415898266
1.78098797	1.843294893	1.047194929	0.4172258
1.78286467	1.84119687	1.059882225	0.418459051
1.784741369	1.840165531	1.073499956	0.419570543
1.786618069	1.840596551	1.088102352	0.420535098
1.788494769	1.842659324	1.104102441	0.421323937
1.790371468	1.847220551	1.121868177	0.421916317
1.792248168	1.854198978	1.141588038	0.422249158
1.794124868	1.864250379	1.163461828	0.42245796
1.796001567	1.87583008	1.186584513	0.422530215
1.797878267	1.887905346	1.210110641	0.422656891
1.799754967	1.897770405	1.232078817	0.422980788
1.801631666	1.903385949	1.251104558	0.423539578
1.803508366	1.903729765	1.26631512	0.424345517
1.805385066	1.898828848	1.277604229	0.425376619
1.807261765	1.889877257	1.285664421	0.426548678
1.809138465	1.878335905	1.291447767	0.427858263
1.811015165	1.865205502	1.295670694	0.429309033
1.812891864	1.851143078	1.298780968	0.430921814
1.814768564	1.836409697	1.301022834	0.432708269
1.816645264	1.821302736	1.30259923	0.43460704
1.818521963	1.806079299	1.303680876	0.43658033
1.820398663	1.790923679	1.304409181	0.438636205
1.822275363	1.77585789	1.304784207	0.440727816
1.824152062	1.760939423	1.304812102	0.442834767
1.826028762	1.746169956	1.304477614	0.44491908
1.827905461	1.731414327	1.303611698	0.446925462
1.829782161	1.716656216	1.302188464	0.448836952
1.831658861	1.701842757	1.300126132	0.450606988
1.83353556	1.686898373	1.29734105	0.452201811
1.83541226	1.671782905	1.29377865	0.453575451
1.83728896	1.656351162	1.289345528	0.454711869
1.839165659	1.640635123	1.284060565	0.45558015
1.841042359	1.624570696	1.277885337	0.456189099
1.842919059	1.608115924	1.270811487	0.456490981
1.844795758	1.591355928	1.262900539	0.456490899
1.846672458	1.574233945	1.254152728	0.456161711
1.848549158	1.556770641	1.244585124	0.455480339
1.850425857	1.538974823	1.234264188	0.454462838
1.852302557	1.520954414	1.223283152	0.453110014
1.854179257	1.502646323	1.211625283	0.451399204
1.856055956	1.484180299	1.199476361	0.44939705
1.857932656	1.465633309	1.186903335	0.447100374
1.859809356	1.446988487	1.173924926	0.444502311
1.861686055	1.428106081	1.160501701	0.441592557
1.863562755	1.409054905	1.146774343	0.438424277
1.865439455	1.390176095	1.13300594	0.435090834
1.867316154	1.371349242	1.119128443	0.431545482
1.869192854	1.352408582	1.105032238	0.427758448
1.871069553	1.333377591	1.090811108	0.423773771
1.872946253	1.314549651	1.076700084	0.419659396
1.874822953	1.295748741	1.062570994	0.415382524
1.876699652	1.276974668	1.048418017	0.410945018
1.878576352	1.258077606	1.034185196	0.406342025
1.880453052	1.239442078	1.020154081	0.401679669
1.882329751	1.220747181	1.006117767	0.396895353
1.884206451	1.202040297	0.992099895	0.392002854
1.886083151	1.183287559	0.978086522	0.387009715
1.88795985	1.16444731	0.964040332	0.381899073
1.88983655	1.145526627	0.949990394	0.376696178
1.89171325	1.126627593	0.935997291	0.371442275
1.893589949	1.107718617	0.922039351	0.36612069
1.895466649	1.088700903	0.908041552	0.360714364
1.897343349	1.069514935	0.893964868	0.355211053
1.899220048	1.050165479	0.879817717	0.349612993
1.901096748	1.030792002	0.865701843	0.343985882
1.902973448	1.011464623	0.851682684	0.338350252
1.904850147	0.9919515	0.837560147	0.332623458
1.906726847	0.972284662	0.823363281	0.326818563
1.908603547	0.952445623	0.809081151	0.320934643
1.910480246	0.932534392	0.794802233	0.31501379
1.912356946	0.912675126	0.78062446	0.30911458
1.914233645	0.892669824	0.766390104	0.303150305
1.916110345	0.872484613	0.752072918	0.297109174
1.917987045	0.852192796	0.737731053	0.29102372
1.919863744	0.831835577	0.723385067	0.284904493
1.921740444	0.811500839	0.709134519	0.278817358
1.923617144	0.791073562	0.694888174	0.272707615
1.925493843	0.77056116	0.68065546	0.266579544
1.927370543	0.749964619	0.666432423	0.260432008
1.929247243	0.729327066	0.652265036	0.254294528
1.931123942	0.708705548	0.63817857	0.248181625
1.933000642	0.688133591	0.624212023	0.242113252
1.934877342	0.667606723	0.61035992	0.236084721
1.936754041	0.647121441	0.596627961	0.230126246
1.938630741	0.626854408	0.583112364	0.224235379
1.940507441	0.6065195	0.569662514	0.218400286
1.94238414	0.586391891	0.556425718	0.212652918
1.94426084	0.566444042	0.543397514	0.207009088
1.94613754	0.54686262	0.530703872	0.201546833
1.948014239	0.527486239	0.518238293	0.196208025
1.949890939	0.508367048	0.506034457	0.191014346
1.951767639	0.489659177	0.494176336	0.186017788
1.953644338	0.471303934	0.48263206	0.18119943
1.955521038	0.453411632	0.471464939	0.176606868
1.957397737	0.436026262	0.460703249	0.172257175
1.959274437	0.419127411	0.450310454	0.168129633
1.961151137	0.402761376	0.440334244	0.164263961
1.963027836	0.386968622	0.430762915	0.160638887
1.964904536	0.3718672	0.421673717	0.157312445
1.966781236	0.3573137	0.412959253	0.15421878
1.968657935	0.343394857	0.404674413	0.151383176
1.970534635	0.330236168	0.396873347	0.148854324
1.972411335	0.317912563	0.389599708	0.146667886
1.974288034	0.306119853	0.382661239	0.144677141
1.976164734	0.295046183	0.376147271	0.142946201
1.978041434	0.284700919	0.370040324	0.141478358
1.979918133	0.275017082	0.364294054	0.140221671
1.981794833	0.26613195	0.358967649	0.139204465
1.983671533	0.25793831	0.353990124	0.138391099
1.985548232	0.250368926	0.349310995	0.137732643
1.987424932	0.24339085	0.344908169	0.137218459
1.989301632	0.237026292	0.340759254	0.136830667
1.991178331	0.231243951	0.336841929	0.136541402
1.993055031	0.22599052	0.333107362	0.136308172
1.994931731	0.221263262	0.329551265	0.136135276
1.99680843	0.217046036	0.326133244	0.13597393
1.99868513	0.213198351	0.322777226	0.135768234
2.000561829	0.209710972	0.319476642	0.135509889
2.002438529	0.206517937	0.316181466	0.135171978
2.004315229	0.203661788	0.312898488	0.134723155
2.006191928	0.201028391	0.309551085	0.134115667
2.008068628	0.198743498	0.306228823	0.133431213
2.009945328	0.196544911	0.30277086	0.132528796
2.011822027	0.194509437	0.299210819	0.131445063
2.013698727	0.192750336	0.295605886	0.130187798
2.015575427	0.190965753	0.291814699	0.128668386
2.017452126	0.189398342	0.28794369	0.126956275
2.019328826	0.187776527	0.283862592	0.124968303
2.021205526	0.186395451	0.279727535	0.122804463
2.023082225	0.185155636	0.275475844	0.120406906
2.024958925	0.183952386	0.271083742	0.117770659
2.026835625	0.182861084	0.266585017	0.114934797
2.028712324	0.181915946	0.261995953	0.11188823
2.030589024	0.181096959	0.257332872	0.108658417
2.032465724	0.18049361	0.252628934	0.105264648
2.034342423	0.180033991	0.24787338	0.10170927
2.036219123	0.179789917	0.243115282	0.098033468
2.038095823	0.179873756	0.238408104	0.09428546
2.039972522	0.180266562	0.233758184	0.09047572
2.041849222	0.180999886	0.229187812	0.086629002
2.043725921	0.182155466	0.224753536	0.082795413
2.045602621	0.183775898	0.220478301	0.07902344
2.047479321	0.185892175	0.216403083	0.075346224
2.04935602	0.188562008	0.212545198	0.071801119
2.05123272	0.191860645	0.208952417	0.068427931
2.05310942	0.195786755	0.205634655	0.065263188
2.054986119	0.200449732	0.202652639	0.062361966
2.056862819	0.205821248	0.199996236	0.059753369
2.058739519	0.212047352	0.197732916	0.057517168
2.060616218	0.219218646	0.195925558	0.055706618
2.062492918	0.227325378	0.194563281	0.054340364
2.064369618	0.236381884	0.193651588	0.053449643
2.066246317	0.246459293	0.193215144	0.053070408
2.068123017	0.257538081	0.193249876	0.053213832
2.069999717	0.269636634	0.193771297	0.053910744
2.071876416	0.28271939	0.19475012	0.055144526
2.073753116	0.296722753	0.196143855	0.056892496
2.075629816	0.311605127	0.197934405	0.059140588
2.077506515	0.327299725	0.200077562	0.061841075
2.079383215	0.343617451	0.202491846	0.064929714
2.081259915	0.360496428	0.205132271	0.068345353
2.083136614	0.377629575	0.207851194	0.071955166
2.085013314	0.394877153	0.210594242	0.0756979
2.086890013	0.412100411	0.213300966	0.079478521
2.088766713	0.429179797	0.215915275	0.083246535
2.090643413	0.445825679	0.218307578	0.086868502
2.092520112	0.462121688	0.220511115	0.090349143
2.094396812	0.477778358	0.222418714	0.093578872
2.096273512	0.492896482	0.224068607	0.09658917
2.098150211	0.50726207	0.225386624	0.099289656
2.100026911	0.521056063	0.226442015	0.10175149
2.101903611	0.53416876	0.227182341	0.10392445
2.10378031	0.546607645	0.22763358	0.105826275
2.10565701	0.558378904	0.227810088	0.107458785
2.10753371	0.56979103	0.227826754	0.108932907
2.109410409	0.580605216	0.227601726	0.110185004
2.111287109	0.590954909	0.227208499	0.111266497
2.113163809	0.600968324	0.226688788	0.112229202
2.115040508	0.610611662	0.226035634	0.113047373
2.116917208	0.620005774	0.225301769	0.113794753
2.118793908	0.629012709	0.224434116	0.114410755
2.120670607	0.63771864	0.223471383	0.114936574
2.122547307	0.646205589	0.222443926	0.115405011
2.124424007	0.654493778	0.221370439	0.115822191
2.126300706	0.662466053	0.220210504	0.11614997
2.128177406	0.670208392	0.218998451	0.116431665
2.130054106	0.677794482	0.21775693	0.116673466
2.131930805	0.685139586	0.216462135	0.116852876
2.133807505	0.692100162	0.215077556	0.116930097
2.135684204	0.699047194	0.213702848	0.117031786
2.137560904	0.705758153	0.21228305	0.117058401
2.139437604	0.712235978	0.210828956	0.117039869
2.141314303	0.718428719	0.209315392	0.116941412
2.143191003	0.724468036	0.207773694	0.116797868
2.145067703	0.73009681	0.206128547	0.116558928
2.146944402	0.735584757	0.204473849	0.116267006
2.148821102	0.740786763	0.202756081	0.115894602
2.150697802	0.745727541	0.200972599	0.115482137
2.152574501	0.750412099	0.19915488	0.114983517
2.154451201	0.754796719	0.197279877	0.114411576
2.156327901	0.758893463	0.195358023	0.113765163
2.1582046	0.76264787	0.19336307	0.113036128
2.1600813	0.766145552	0.19131854	0.112216782
2.161958	0.769338534	0.189214509	0.11132339
2.163834699	0.772322193	0.187074648	0.110369292
2.165711399	0.775010995	0.184895413	0.109329213
2.167588099	0.777489771	0.182697947	0.108236982
2.169464798	0.779656267	0.180455649	0.107073669
2.171341498	0.7815634	0.178170345	0.105818089
2.173218198	0.783169018	0.175834736	0.104504535
2.175094897	0.784631981	0.173507212	0.103157499
2.176971597	0.785941878	0.17118552	0.101779922
2.178848296	0.787126116	0.168862612	0.100374831
2.180724996	0.788186063	0.16653441	0.098958461
2.182601696	0.789250108	0.164256125	0.097552706
2.184478395	0.790214302	0.161988233	0.096148841
2.186355095	0.791107271	0.159728214	0.09473324
2.188231795	0.791914822	0.157479054	0.093324559
2.190108494	0.792758186	0.15527611	0.091946795
2.191985194	0.793673791	0.15312603	0.090626682
2.193861894	0.794719371	0.151048317	0.089368281
2.195738593	0.795902074	0.149044442	0.088178078
2.197615293	0.797206476	0.147101967	0.087050651
2.199491993	0.798630444	0.145224149	0.085981982
2.201368692	0.800148095	0.143415484	0.084971109
2.203245392	0.801747321	0.141661106	0.084010215
2.205122092	0.803432889	0.139954698	0.083099446
2.206998791	0.805254061	0.138303427	0.082254427
2.208875491	0.807318433	0.136751546	0.081508952
2.210752191	0.809670402	0.135322013	0.0808754
2.21262889	0.812260448	0.133993836	0.080328523
2.21450559	0.815016068	0.132736755	0.079847307
2.21638229	0.817882362	0.131534788	0.079421077
2.218258989	0.820891901	0.130395128	0.079059845
2.220135689	0.824036535	0.129318434	0.078762166
2.222012388	0.827310059	0.128298449	0.078522853
2.223889088	0.830738691	0.127342812	0.078349812
2.225765788	0.834382435	0.126484054	0.078265052
2.227642487	0.838275667	0.125729618	0.078272915
2.229519187	0.842397826	0.125064557	0.078364479
2.231395887	0.846712693	0.12446603	0.078524183
2.233272586	0.851168541	0.123923905	0.078737348
2.235149286	0.855736639	0.12343976	0.078994428
2.237025986	0.860367637	0.122998864	0.079281263
2.238902685	0.865036426	0.122579229	0.079589746
2.240779385	0.869780275	0.122193151	0.079932844
2.242656085	0.874674506	0.121874357	0.080332387
2.244532784	0.879775701	0.121638539	0.0808005
2.246409484	0.885078228	0.121476695	0.081326446
2.248286184	0.890534123	0.121351868	0.081901188
2.250162883	0.896075447	0.121244696	0.082487307
2.252039583	0.901658581	0.12115479	0.08307853
2.253916283	0.907252547	0.121082984	0.083669232
2.255792982	0.912857106	0.121028836	0.084264574
2.257669682	0.918466888	0.120977101	0.084863271
2.259546382	0.924116067	0.12093366	0.085476927
2.261423081	0.929864454	0.120938167	0.086125273
2.263299781	0.935715205	0.120997151	0.086803126
2.26517648	0.94163886	0.121090245	0.087495668
2.26705318	0.947606641	0.121202029	0.088194443
2.26892988	0.953617979	0.121328827	0.08889808
2.270806579	0.959664343	0.121468913	0.089604979
2.272683279	0.965738778	0.12162368	0.090311345
2.274559979	0.971815496	0.121792374	0.09101084
2.276436678	0.977887865	0.121972038	0.091700869
2.278313378	0.983927014	0.122146026	0.092370837
2.280190078	0.989925341	0.12231159	0.093017814
2.282066777	0.995903604	0.122486265	0.093650024
2.283943477	1.001892004	0.122683866	0.094274938
2.285820177	1.00790146	0.122908404	0.094894717
2.287696876	1.013939279	0.123156999	0.09550701
2.289573576	1.020006034	0.123422973	0.096111544
2.291450276	1.026091417	0.123688728	0.09670068
2.293326975	1.032177792	0.123945348	0.097267657
2.295203675	1.038254619	0.124198527	0.097809461
2.297080375	1.04431336	0.124455823	0.098323763
2.298957074	1.050330767	0.124709212	0.098803429
2.300833774	1.056281952	0.124942144	0.099246426
2.302710474	1.062189123	0.125161276	0.099660639
2.304587173	1.068112474	0.125387671	0.100064725
2.306463873	1.074091862	0.125631748	0.100484429
2.308340572	1.080134665	0.125900283	0.100906077
2.310217272	1.086251481	0.126193581	0.101326246
2.312093972	1.092454562	0.126513728	0.101757156
2.313970671	1.098765856	0.126866167	0.102204751
2.315847371	1.105167286	0.127248289	0.102670964
2.317724071	1.111649511	0.127654582	0.103150798
2.31960077	1.118186687	0.128084977	0.103639864
2.32147747	1.124756614	0.128542322	0.104134855
2.32335417	1.131343093	0.129023735	0.104630922
2.325230869	1.137937754	0.129521857	0.105127692
2.327107569	1.144546541	0.130034938	0.10562679
2.328984269	1.151188988	0.13057255	0.106137155
2.330860968	1.157899065	0.131151016	0.106666603
2.332737668	1.16470452	0.131778192	0.10721724
2.334614368	1.171614792	0.132452787	0.107787835
2.336491067	1.178609473	0.1331576	0.108368873
2.338367767	1.185693192	0.133887764	0.108959665
2.340244467	1.192870681	0.134641399	0.10956138
2.342121166	1.200136085	0.135426154	0.110172097
2.343997866	1.207463805	0.136231323	0.110782414
2.345874566	1.214830398	0.13704891	0.111386069
2.347751265	1.222215629	0.137877156	0.11198184
2.349627965	1.229621411	0.13871743	0.112568237
2.351504664	1.237056799	0.139575374	0.113148073
2.353381364	1.244532312	0.140453129	0.113724417
2.355258064	1.252043216	0.141346169	0.114296882
2.357134763	1.2595822	0.142248591	0.114863158
2.359011463	1.267146684	0.143161327	0.115424208
2.360888163	1.274754285	0.144091557	0.115984077
2.362764862	1.282430565	0.145056757	0.116552846
2.364641562	1.290196116	0.146061276	0.117135245
2.366518262	1.298046782	0.147094846	0.117732102
2.368394961	1.305972586	0.148148761	0.118334809
2.370271661	1.31395987	0.149217738	0.118937829
2.372148361	1.322012718	0.150304703	0.119549357
2.37402506	1.330146259	0.151413906	0.120180922
2.37590176	1.338346636	0.152544612	0.120819323
2.37777846	1.346603513	0.153701713	0.121449271
2.379655159	1.354914597	0.154889402	0.122080721
2.381531859	1.363267667	0.156103416	0.122715995
2.383408559	1.371667271	0.157349183	0.12335192
2.385285258	1.38010709	0.158622648	0.123991821
2.387161958	1.388587185	0.159920447	0.124638578
2.389038658	1.397101744	0.161246538	0.125290552
2.390915357	1.405650775	0.162604026	0.12595154
2.392792057	1.414243993	0.163995123	0.126619758
2.394668756	1.42288215	0.165415216	0.127295447
2.396545456	1.431576223	0.16687089	0.127979701
2.398422156	1.440329044	0.168356673	0.128675786
2.400298855	1.449141083	0.169878937	0.129384863
2.402175555	1.45801296	0.171438975	0.130111533
2.404052255	1.466962647	0.17304514	0.130859877
2.405928954	1.475982566	0.17467844	0.131619328
2.407805654	1.485068115	0.176335065	0.132387347
2.409682354	1.494203276	0.17800927	0.133156744
2.411559053	1.503371635	0.179698379	0.133922898
2.413435753	1.512565284	0.181402552	0.13468354
2.415312453	1.521776737	0.1831206	0.135437967
2.417189152	1.531007925	0.184852578	0.136182137
2.419065852	1.540247516	0.186599588	0.136917457
2.420942552	1.549488785	0.188357601	0.137641087
2.422819251	1.558741052	0.190128873	0.138353353
2.424695951	1.567992406	0.191906932	0.139048868
2.426572651	1.577234355	0.193696915	0.139728552
2.42844935	1.586457846	0.195497665	0.14039238
2.43032605	1.595675669	0.197312352	0.141040001
2.43220275	1.604869011	0.199128654	0.141667936
2.434079449	1.614048112	0.200947136	0.142274125
2.435956149	1.623210796	0.202762872	0.14286285
2.437832848	1.632365336	0.204577727	0.14343664
2.439709548	1.641532609	0.206407844	0.144001459
2.441586248	1.650713195	0.208257893	0.144561293
2.443462947	1.659922808	0.210132702	0.145122121
2.445339647	1.669161277	0.212031873	0.145689903
2.447216347	1.67843041	0.213954473	0.146265351
2.449093046	1.68771091	0.215913801	0.146841885
2.450969746	1.697037735	0.217907386	0.147444109
2.452846446	1.706400607	0.219929825	0.148061222
2.454723145	1.715799611	0.221982286	0.148692685
2.456599845	1.725236813	0.224063495	0.149337111
2.458476545	1.734709334	0.226178315	0.150002069
2.460353244	1.744245198	0.228345463	0.150700764
2.462229944	1.753854468	0.230573795	0.15143983
2.464106644	1.763536644	0.232850336	0.15220855
2.465983343	1.773276023	0.235173706	0.153007828
2.467860043	1.783080939	0.237551653	0.153844933
2.469736743	1.792955905	0.239986396	0.15471893
2.471613442	1.802872572	0.242453876	0.155613785
2.473490142	1.812818882	0.244961533	0.156527681
2.475366842	1.82281103	0.247513021	0.157463106
2.477243541	1.832831996	0.250108252	0.158419144
2.479120241	1.84288277	0.252778078	0.159413739
2.480996941	1.852967806	0.255678785	0.160510237
2.48287364	1.863414182	0.25906982	0.161769012
2.48475034	1.874063715	0.26264691	0.163065445
2.486627039	1.884404147	0.266059998	0.164302254
2.488503739	1.894303767	0.269289476	0.165455214
2.490380439	1.903883863	0.272360906	0.166517678
2.492257138	1.913241928	0.275396648	0.167542329
2.494133838	1.922443343	0.278300567	0.168512573
2.496010538	1.931444014	0.281127995	0.169453728
2.497887237	1.940459025	0.283934158	0.170363585
2.499763937	1.949333767	0.286653247	0.171256104
2.501640637	1.958183502	0.289338842	0.172127157
2.503517336	1.966973601	0.291998076	0.172986872
2.505394036	1.975771826	0.294705813	0.173848589
2.507270736	1.984618881	0.297409894	0.174696839
2.509147435	1.993321209	0.300067456	0.175546716
2.511024135	2.0019288	0.302699158	0.176388474
2.512900835	2.010522519	0.30533369	0.177205334
2.514777534	2.019095776	0.308019127	0.178040101
2.516654234	2.027733719	0.310750425	0.178880071
2.518530934	2.03626645	0.313460057	0.179735457
2.520407633	2.044706671	0.316165292	0.180616054
2.522284333	2.053127219	0.318893492	0.181502626
2.524161033	2.061548616	0.321663273	0.182412935
2.526037732	2.070003323	0.324495102	0.183353513
2.527914432	2.078528173	0.327419228	0.184339105
2.529791131	2.087024366	0.330395311	0.185360846
2.531667831	2.095489494	0.333399118	0.186421619
2.533544531	2.103850725	0.336406581	0.18752725
2.53542123	2.112162408	0.339447365	0.18866574
2.53729793	2.120565497	0.34256124	0.189841014
2.53917463	2.128872629	0.345703951	0.191077362
2.541051329	2.13726786	0.34896115	0.192360076
2.542928029	2.145670157	0.352291591	0.193697202
2.544804729	2.154034318	0.355680418	0.195101064
2.546681428	2.162343749	0.359062988	0.196544538
2.548558128	2.170496484	0.362471952	0.198062644
2.550434828	2.178788274	0.365977907	0.199617551
2.552311527	2.186989339	0.36950901	0.201243237
2.554188227	2.195224534	0.373143006	0.202929934
2.556064927	2.203490455	0.376814702	0.204659196
2.557941626	2.211665484	0.380627211	0.206469947
2.559818326	2.219898044	0.384470596	0.208319912
2.561695026	2.227883933	0.388278965	0.210239497
2.563571725	2.235958792	0.392217137	0.212196688
2.565448425	2.243802587	0.396064257	0.214228685
2.567325125	2.251662521	0.400049068	0.216283361
2.569201824	2.259522737	0.404055077	0.218384746
2.571078524	2.267152926	0.40806307	0.220556036
2.572955223	2.275068888	0.412278354	0.222734764
2.574831923	2.282436006	0.416270019	0.224999983
2.576708623	2.289971302	0.420485951	0.227260054
2.578585322	2.297218175	0.424560312	0.229560874
2.580462022	2.30421461	0.428605242	0.231897378
2.582338722	2.311500962	0.432858684	0.234198607
2.584215421	2.318117143	0.436801052	0.236567126
2.586092121	2.324902308	0.440969958	0.238920703
2.587968821	2.331689438	0.445155002	0.241249026
2.58984552	2.337704707	0.449038591	0.243676915
2.59172222	2.343989133	0.453231443	0.245958029
2.59359892	2.349927213	0.457200132	0.248338876
2.595475619	2.355571696	0.461230966	0.250716455
2.597352319	2.361386073	0.465373816	0.252991291
2.599229019	2.366250583	0.469012433	0.255338404
2.601105718	2.37113788	0.472844009	0.257599331
2.602982418	2.376189503	0.476782983	0.25979675
2.604859118	2.380445187	0.480253638	0.262064756
2.606735817	2.384614934	0.483917807	0.264209202
2.608612517	2.38874156	0.487653119	0.266284022
2.610489217	2.392571938	0.491091129	0.268488689
2.612365916	2.395920656	0.494519475	0.270472045
2.614242616	2.399385452	0.498174264	0.272481758
2.616119315	2.401984824	0.501172354	0.274460838
2.617996015	2.404795141	0.504650877	0.276345424
2.619872715	2.407401392	0.508033836	0.278231466
2.621749414	2.409285251	0.510939945	0.280090891
2.623626114	2.411353027	0.514367968	0.28184437
2.625502814	2.412898658	0.517325185	0.283609706
2.627379513	2.414020254	0.520265527	0.285308493
2.629256213	2.415359661	0.523488882	0.286922901
2.631132913	2.415803877	0.526115966	0.288558734
2.633009612	2.416025046	0.528862628	0.290100298
2.634886312	2.416374231	0.531719065	0.291584256
2.636763012	2.415895323	0.533986161	0.293048646
2.638639711	2.415462421	0.536548878	0.294430429
2.640516411	2.415173483	0.539292426	0.295763415
2.642393111	2.413773141	0.541496615	0.297092585
2.64426981	2.41262694	0.543928929	0.298311635
2.64614651	2.411503747	0.546462077	0.299502719
2.64802321	2.409177704	0.548343573	0.300686376
2.649899909	2.407113648	0.550518817	0.301752661
2.651776609	2.405204799	0.552886819	0.302782796
2.653653309	2.402293124	0.554632901	0.303821784
2.655530008	2.399357262	0.55659994	0.304742398
2.657406708	2.396736824	0.558923791	0.305635492
2.659283407	2.393206107	0.560613545	0.306560653
2.661160107	2.389445719	0.562404321	0.307383436
2.663036807	2.386238515	0.564794805	0.308177042
2.664913506	2.382205107	0.566585185	0.309034398
2.666790206	2.377781941	0.568415329	0.309807337
2.668666906	2.373982895	0.570896009	0.310560227
2.670543605	2.369337219	0.572783652	0.311397288
2.672420305	2.364386743	0.57477446	0.31213994
2.674297005	2.359937548	0.577317159	0.312891772
2.676173704	2.35463699	0.57924176	0.313709863
2.678050404	2.349101275	0.581412759	0.31445039
2.679927104	2.34436353	0.584184114	0.315287975
2.681803803	2.338352403	0.586152244	0.316117698
2.683680503	2.332764955	0.588776573	0.316929493
2.685557203	2.32692772	0.591342921	0.317759761
2.687433902	2.320900905	0.593864683	0.318709662
2.689310602	2.314939381	0.596733392	0.319559712
2.691187302	2.308811722	0.599626208	0.320555624
2.693064001	2.301911284	0.602030822	0.32148346
2.694940701	2.295746051	0.60513298	0.32241777
2.696817401	2.289347758	0.608240035	0.323460068
2.6986941	2.282221358	0.610914714	0.324433205
2.7005708	2.275827701	0.614326079	0.325409845
2.702447499	2.269101823	0.617683343	0.326467028
2.704324199	2.261872567	0.620727594	0.327516137
2.706200899	2.255271533	0.624498632	0.328532533
2.708077598	2.248070611	0.628016039	0.329552735
2.709954298	2.240592377	0.631383941	0.330617749
2.711830998	2.233582204	0.635431368	0.33159317
2.713707697	2.22614509	0.639256061	0.332595195
2.715584397	2.218358502	0.642914006	0.33361938
2.717461097	2.211081764	0.647333441	0.334561354
2.719337796	2.203324341	0.651464732	0.335588621
2.721214496	2.195066562	0.655429938	0.336512883
2.723091196	2.187480289	0.660139937	0.337422232
2.724967895	2.17927325	0.664433361	0.338457415
2.726844595	2.170796967	0.668824387	0.339369471
2.728721295	2.162973775	0.673748437	0.340295408
2.730597994	2.154240353	0.678226322	0.341308741
2.732474694	2.14566086	0.682966641	0.342196011
2.734351394	2.137498162	0.688166165	0.343141018
2.736228093	2.12857828	0.692937988	0.344160667
2.738104793	2.120129506	0.698089719	0.345040487
2.739981493	2.111562613	0.703592955	0.346058861
2.741858192	2.102487646	0.708754023	0.347083114
2.743734892	2.094136238	0.714539219	0.34804055
2.745611591	2.085310319	0.720171703	0.349081952
2.747488291	2.076380808	0.725888226	0.35012328
2.749364991	2.067945797	0.732078065	0.351094597
2.75124169	2.058905668	0.737988916	0.352202569
2.75311839	2.050061107	0.744172475	0.353168432
2.75499509	2.041451406	0.750707134	0.354235716
2.756871789	2.032278186	0.756996705	0.355331502
2.758748489	2.023678818	0.763761741	0.356331225
2.760625189	2.01485878	0.770463341	0.35743472
2.762501888	2.005801229	0.777295581	0.358448357
2.764378588	1.996952676	0.784393492	0.359478009
2.766255288	1.987890007	0.79133724	0.360566885
2.768131987	1.979205169	0.798751247	0.361580237
2.770008687	1.970249948	0.806083917	0.362654948
2.771885387	1.961295929	0.81347087	0.3637233
2.773762086	1.952553846	0.82117575	0.364721869
2.775638786	1.943519222	0.828745473	0.365768602
2.777515486	1.934915355	0.836696541	0.366788036
2.779392185	1.926192462	0.844745333	0.367826437
2.781268885	1.917425939	0.852767786	0.368870932
2.783145585	1.908949025	0.861164461	0.369872163
2.785022284	1.900224169	0.869439411	0.370914785
2.786898984	1.891721555	0.877949287	0.371896108
2.788775684	1.883189827	0.886582627	0.372926007
2.790652383	1.874701184	0.895179831	0.373911894
2.792529083	1.866361101	0.904076284	0.374893896
2.794405782	1.857952351	0.912875008	0.375885238
2.796282482	1.849795512	0.921932939	0.376821307
2.798159182	1.841449196	0.930909468	0.377774217
2.800035881	1.833520837	0.940129005	0.378674793
2.801912581	1.825480299	0.949383248	0.37961992
2.803789281	1.817701781	0.958687288	0.380460598
2.80566598	1.809870893	0.968074791	0.381305354
2.80754268	1.802487998	0.977593885	0.382098897
2.80941938	1.79502633	0.987175945	0.382856325
2.811296079	1.78803925	0.996894109	0.383514296
2.813172779	1.781222083	1.006798684	0.384131606
2.815049479	1.775072337	1.016983619	0.384634716
2.816926178	1.769402456	1.027552376	0.385039412
2.818802878	1.764919017	1.038774189	0.385307905
2.820679578	1.761431823	1.050753788	0.385426962
2.822556277	1.759692431	1.063882325	0.385362108
2.824432977	1.75998153	1.078393414	0.385118103
2.826309677	1.762604812	1.094635886	0.384610988
2.828186376	1.768112072	1.112801857	0.383889762
2.830063076	1.775869597	1.132586065	0.383006612
2.831939776	1.785127081	1.153299656	0.382124474
2.833816475	1.793442307	1.173304337	0.381300182
2.835693175	1.798716776	1.191082647	0.380666861
2.837569874	1.799354813	1.205499283	0.380247648
2.839446574	1.795025935	1.216251258	0.380057536
2.841323274	1.785917269	1.223392493	0.380098393
2.843199973	1.773304146	1.227683749	0.380271075
2.845076673	1.758612636	1.230115793	0.38060669
2.846953373	1.742724881	1.231390522	0.381142127
2.848830072	1.726328888	1.232061994	0.381911664
2.850706772	1.709841964	1.232396218	0.38290558
2.852583472	1.693529801	1.23265948	0.384107393
2.854460171	1.677719566	1.233033955	0.385509721
2.856336871	1.6626139	1.23359118	0.387063674
2.858213571	1.648187635	1.234266895	0.388697361
2.86009027	1.634355165	1.234855745	0.390342712
2.86196697	1.621026222	1.235187025	0.391944536
2.86384367	1.607795182	1.234838569	0.393380248
2.865720369	1.594377844	1.233538029	0.394577006
2.867597069	1.580468359	1.23095171	0.395457185
2.869473769	1.565813731	1.226939007	0.396020837
2.871350468	1.55019168	1.221284993	0.396156521
2.873227168	1.533466431	1.213953848	0.395866924
2.875103868	1.515669664	1.204981187	0.395155604
2.876980567	1.496731675	1.194388213	0.394012523
2.878857267	1.476766434	1.182300271	0.392420288
2.880733966	1.455983036	1.168965727	0.39046946
2.882610666	1.434397557	1.154437604	0.388095524
2.884487366	1.412228619	1.138925694	0.385338671
2.886364065	1.389651982	1.122652703	0.382279646
2.888240765	1.366716594	1.105726632	0.378918531
2.890117465	1.34369253	1.088439273	0.375363909
2.891994164	1.320556391	1.070852158	0.371626597
2.893870864	1.297429137	1.053037104	0.367687466
2.895747564	1.274247039	1.034994012	0.363534794
2.897624263	1.251035709	1.016823818	0.359201353
2.899500963	1.228176171	0.998835662	0.354794944
2.901377663	1.205595204	0.980980065	0.350291064
2.903254362	1.183087086	0.963149776	0.345691396
2.905131062	1.160521051	0.945306114	0.340955131
2.907007762	1.138284888	0.927817321	0.336246694
2.908884461	1.116293697	0.910588613	0.331526019
2.910761161	1.094392256	0.89350382	0.326754541
2.912637861	1.072701394	0.876675117	0.321999389
2.91451456	1.051158345	0.860118253	0.317264496
2.91639126	1.029951174	0.843979253	0.312600502
2.91826796	1.008973961	0.828161148	0.307969166
2.920144659	0.988249371	0.812673895	0.303378157
2.922021359	0.967679474	0.797469009	0.298802686
2.923898058	0.947535103	0.782776233	0.294353289
2.925774758	0.927717407	0.768506525	0.289987518
2.927651458	0.908242229	0.754687792	0.285699628
2.929528157	0.889143999	0.741352998	0.281520389
2.931404857	0.870599947	0.728622018	0.277475347
2.933281557	0.85249697	0.716422192	0.273563412
2.935158256	0.834716758	0.70468598	0.269748638
2.937034956	0.817322066	0.693423008	0.266026938
2.938911656	0.800353703	0.68266436	0.262436257
2.940788355	0.783925579	0.672512463	0.259008465
2.942665055	0.767994259	0.662928808	0.255747984
2.944541755	0.752444752	0.653794873	0.252598414
2.946418454	0.737204211	0.645034604	0.24953589
2.948295154	0.722311358	0.636665181	0.246597916
2.950171854	0.707689061	0.628636814	0.243763919
2.952048553	0.693483504	0.621014319	0.241060564
2.953925253	0.679505417	0.613647596	0.238448793
2.955801953	0.665753529	0.606500878	0.235908839
2.957678652	0.652091618	0.599453467	0.233417174
2.959555352	0.638635239	0.592576614	0.230987145
2.961432052	0.625242796	0.585716783	0.22858093
2.963308751	0.611928318	0.57888495	0.226207177
2.965185451	0.598621321	0.572009528	0.22384221
2.96706215	0.585347819	0.56509584	0.22149325
2.96893885	0.571991954	0.558032555	0.219113682
2.97081555	0.558572772	0.550834461	0.216718245
2.972692249	0.545079516	0.543464598	0.214287973
2.974568949	0.531535632	0.535963064	0.211850551
2.976445649	0.517897783	0.528266005	0.209370996
2.978322348	0.504205486	0.520416364	0.206865353
2.980199048	0.490380647	0.512349635	0.204293435
2.982075748	0.476535546	0.504130712	0.201693284
2.983952447	0.462669751	0.495772909	0.199060884
2.985829147	0.448757135	0.487271241	0.196386034
2.987705847	0.434921231	0.478699643	0.193696341
2.989582546	0.421059635	0.470006222	0.190962545
2.991459246	0.407244237	0.461245936	0.188193788
2.993335946	0.393623956	0.452491112	0.185439096
2.995212645	0.380036483	0.443680585	0.182644893
2.997089345	0.366639006	0.434901888	0.179849416
2.998966045	0.353436282	0.426159442	0.177049071
3.000842744	0.340424605	0.417461687	0.174236363
3.002719444	0.327642089	0.408838496	0.171418876
3.004596144	0.315094192	0.400280005	0.168585046
3.006472843	0.302783862	0.391808135	0.165737576
3.008349543	0.290761639	0.383431856	0.16289208
3.010226242	0.278968725	0.37514806	0.160016338
3.012102942	0.267440418	0.366945249	0.157110498
3.013979642	0.256208969	0.358864526	0.154194862
3.015856341	0.245233257	0.350869563	0.151238373
3.017733041	0.234471414	0.342939587	0.148218079
3.019609741	0.224071326	0.335158696	0.14518559
3.02148644	0.213915626	0.327466901	0.142109755
3.02336314	0.204034108	0.319883509	0.138982157
3.02523984	0.194487353	0.312432996	0.135826659
3.027116539	0.185120392	0.305026838	0.13257138
3.028993239	0.176029694	0.297720501	0.129265142
3.030869939	0.167173531	0.290485744	0.125885548
3.032746638	0.158620123	0.283367401	0.122451475
3.034623338	0.150290015	0.276307914	0.118931935
3.036500038	0.142273185	0.269374066	0.115368517
3.038376737	0.134500346	0.262517819	0.111734137
3.040253437	0.126963768	0.255749782	0.108020442
3.042130137	0.119674345	0.249063023	0.104235059
3.044006836	0.112669158	0.242463604	0.10038777
3.045883536	0.105960197	0.235976251	0.096483655
3.047760236	0.099557809	0.229593809	0.092523164
3.049636935	0.093425543	0.223315353	0.088508713
3.051513635	0.087578708	0.217132099	0.084449596
3.053390334	0.08203308	0.21107003	0.080348166
3.055267034	0.076805589	0.205133808	0.07622313
3.057143734	0.071888629	0.199310371	0.072067094
3.059020433	0.067301426	0.19361813	0.067895033
3.060897133	0.063080592	0.188072386	0.063732124
3.062773833	0.05928746	0.182709333	0.059596745
3.064650532	0.055895979	0.177523693	0.055491313
3.066527232	0.05291042	0.17250973	0.051428327
3.068403932	0.050379662	0.167690861	0.047431906
3.070280631	0.048329928	0.163078304	0.043518598
3.072157331	0.046733461	0.158673142	0.039696542
3.074034031	0.045735924	0.154537128	0.036026994
3.07591073	0.045271877	0.150637212	0.032490156
3.07778743	0.045345368	0.146991044	0.029116637
3.07966413	0.046091782	0.143658143	0.025958867
3.081540829	0.047463176	0.140607218	0.023005571
3.083417529	0.049533835	0.137871846	0.020306426
3.085294229	0.052312847	0.135459174	0.01787629
3.087170928	0.05585586	0.133406031	0.015756003
3.089047628	0.060220083	0.131731443	0.01397406
3.090924328	0.065381898	0.130426619	0.012546668
3.092801027	0.071405537	0.129505831	0.011490908
3.094677727	0.078321784	0.128979668	0.010837201
3.096554426	0.086036581	0.128818994	0.010579933
3.098431126	0.094680411	0.129047928	0.010738095
3.100307826	0.10414066	0.129641795	0.011308531
3.102184525	0.114458593	0.130600882	0.01228104
3.104061225	0.125476088	0.131862657	0.013613823
3.105937925	0.137256642	0.133436535	0.015335104
3.107814624	0.149894069	0.135372778	0.017501706
3.109691324	0.163408516	0.137664908	0.020131237
3.111568024	0.177803208	0.140317356	0.023211306
3.113444723	0.19295502	0.143256891	0.026693453
3.115321423	0.208891003	0.146507676	0.030592979
3.117198123	0.225420201	0.149963168	0.034816968
3.119074822	0.242506758	0.153612493	0.039344542
3.120951522	0.260021246	0.157395716	0.044113285
3.122828222	0.277818421	0.161240681	0.049048638
3.124704921	0.295809672	0.165112613	0.054101396
3.126581621	0.313793002	0.168938261	0.059186123
3.128458321	0.331588038	0.172636373	0.064197487
3.13033502	0.349113418	0.176166467	0.069099435
3.13221172	0.366177251	0.179461084	0.073810966
3.13408842	0.382747598	0.182520097	0.078323887
3.135965119	0.398902022	0.185367728	0.082634835
3.137841819	0.414469984	0.187925246	0.086683306
3.139718519	0.4294037	0.190187694	0.090461257
3.141595218	0.443737913	0.192181963	0.093961599
3.143471918	0.457579646	0.193939905	0.097215761
3.145348617	0.470621809	0.195378808	0.100155203
3.147225317	0.483149902	0.196565539	0.102831696
3.149102017	0.495019152	0.197503851	0.105250905
3.150978716	0.506338837	0.198216681	0.107414833
3.152855416	0.517157105	0.19870943	0.109367507
3.154732116	0.527444427	0.199006332	0.11112751
3.156608815	0.537292434	0.199117387	0.112662501
3.158485515	0.546591269	0.199010732	0.113985534
3.160362215	0.555446676	0.198748288	0.115117714
3.162238914	0.56395421	0.198344012	0.116061352
3.164115614	0.571951857	0.197775034	0.11683287
3.165992314	0.579536214	0.197062345	0.117440414
3.167869013	0.586785906	0.196243912	0.117883309
3.169745713	0.593310825	0.195193492	0.118151312
3.171622413	0.599537435	0.194064421	0.118253939
3.173499112	0.605376965	0.192818828	0.118219032
3.175375812	0.610839106	0.191470828	0.118020935
3.177252512	0.615894397	0.190005874	0.117687581
3.179129211	0.620503457	0.188424805	0.117188045
3.181005911	0.624711573	0.186731897	0.116549221
3.182882611	0.628545788	0.184944098	0.115743442
3.18475931	0.632012278	0.183070631	0.114809374
3.18663601	0.635063768	0.181090103	0.113735036
3.188512709	0.63786875	0.179055505	0.112551203
3.190389409	0.640218933	0.176903529	0.111230174
3.192266109	0.642362341	0.17470959	0.109824177
3.194142808	0.644218701	0.172452311	0.108304998
3.196019508	0.645864284	0.170167998	0.106717377
3.197896208	0.647298831	0.16784786	0.105062987
3.199772907	0.648544487	0.16550242	0.103349626
3.201649607	0.649613879	0.16313296	0.101588244
3.203526307	0.650556453	0.160746482	0.09979419
3.205403006	0.651423128	0.158363901	0.097995956
3.207279706	0.652316788	0.156031827	0.096222391
3.209156406	0.653259104	0.153753228	0.094482006
3.211033105	0.65420392	0.15150788	0.092765667
3.212909805	0.655159013	0.149294892	0.09107561
3.214786505	0.656170724	0.14712684	0.089428855
3.216663204	0.657233579	0.145014623	0.087834754
3.218539904	0.658366494	0.142958425	0.086286594
3.220416604	0.659604544	0.140964497	0.084806542
3.222293303	0.661026201	0.139071311	0.08341197
3.224170003	0.662663991	0.137282278	0.082120891
3.226046703	0.664489458	0.135581045	0.080910085
3.227923402	0.66647025	0.133962078	0.079775657
3.229800102	0.668587405	0.132420647	0.078710696
3.231676801	0.670858868	0.130959243	0.077724878
3.233553501	0.673275415	0.129570654	0.076804909
3.235430201	0.675831475	0.128247682	0.075951155
3.2373069	0.678603467	0.127017648	0.075181689
3.2391836	0.681581883	0.125869863	0.074495149
3.2410603	0.684825017	0.124808604	0.073903821
3.242936999	0.688332064	0.123832405	0.073408214
3.244813699	0.692061418	0.122929623	0.072994506
3.246690399	0.695987258	0.122103855	0.072650817
3.248567098	0.700059009	0.121338311	0.072362141
3.250443798	0.704309801	0.120635552	0.072144398
3.252320498	0.708748657	0.119991887	0.071988185
3.254197197	0.713407175	0.119425164	0.071918136
3.256073897	0.718315349	0.118941861	0.071937804
3.257950597	0.723507282	0.118542468	0.072055592
3.259827296	0.728969854	0.118223175	0.072259965
3.261703996	0.734650956	0.117975788	0.072538165
3.263580696	0.740471174	0.117773607	0.072873451
3.265457395	0.746464463	0.117627917	0.073269622
3.267334095	0.752608187	0.117534709	0.073724108
3.269210795	0.758904237	0.117491141	0.074232024
3.271087494	0.765336141	0.117497419	0.074792363
3.272964194	0.771891616	0.117547994	0.075401035
3.274840893	0.778624284	0.117651037	0.076067667
3.276717593	0.785509625	0.117804156	0.076794396
3.278594293	0.792625123	0.118043724	0.077598034
3.280470992	0.799935073	0.118363527	0.07847294
3.282347692	0.807373383	0.118749115	0.079397293
3.284224392	0.814875692	0.119174797	0.080345289
3.286101091	0.822403618	0.119627544	0.081304014
3.287977791	0.829943321	0.120093054	0.082264914
3.289854491	0.837513634	0.120576211	0.083230697
3.29173119	0.845150279	0.121090362	0.084211493
3.29360789	0.852866944	0.121631848	0.08520968
3.29548459	0.860682923	0.122198072	0.086227343
3.297361289	0.868590671	0.122791065	0.087260654
3.299237989	0.876567692	0.123405984	0.088302989
3.301114689	0.884586265	0.124025338	0.08934308
3.302991388	0.892614421	0.124641326	0.09036978
3.304868088	0.900629734	0.125255082	0.091379504
3.306744788	0.908631489	0.125860573	0.092369167
3.308621487	0.916608254	0.126455226	0.093339245
3.310498187	0.92457478	0.127041748	0.094293116
3.312374887	0.932553361	0.127632752	0.095239107
3.314251586	0.940550857	0.128230458	0.096173712
3.316128286	0.948554418	0.12882596	0.097094502
3.318004985	0.956534616	0.129412626	0.097994163
3.319881685	0.964491974	0.129997694	0.098867861
3.321758385	0.972457183	0.130587214	0.099722864
3.323635084	0.980445124	0.131185211	0.100568717
3.325511784	0.988439613	0.131784293	0.101397729
3.327388484	0.996407863	0.132367264	0.102196746
3.329265183	1.004310235	0.132929328	0.102960704
3.331141883	1.012137639	0.13347438	0.103685904
3.333018583	1.019883817	0.133999332	0.104370135
3.334895282	1.027536422	0.134506987	0.105011068
3.336771982	1.035096486	0.134992279	0.105605145
3.338648682	1.042573012	0.135456662	0.106155635
3.340525381	1.050005764	0.135927428	0.106684169
3.342402081	1.057434484	0.13642856	0.107216052
3.344278781	1.064904504	0.137001758	0.107768767
3.34615548	1.072426229	0.137641916	0.108339051
3.34803218	1.079976093	0.13830326	0.108894931
3.34990888	1.087539469	0.13897181	0.10942743
3.351785579	1.095081694	0.139637706	0.109934353
3.353662279	1.102583479	0.140297259	0.110411898
3.355538979	1.110060026	0.140947081	0.110862938
3.357415678	1.117505033	0.141598059	0.111299724
3.359292378	1.124961992	0.142257723	0.111731186
3.361169077	1.132463442	0.142928572	0.112171781
3.363045777	1.14007264	0.143627269	0.112642346
3.364922477	1.14781677	0.144368477	0.113155155
3.366799176	1.155732372	0.145161391	0.113722941
3.368675876	1.163804581	0.146007984	0.114331681
3.370552576	1.172022067	0.146895561	0.114970658
3.372429275	1.180374801	0.147824665	0.115639317
3.374305975	1.188837329	0.148790423	0.116337266
3.376182675	1.197386402	0.149781522	0.117051542
3.378059374	1.205973567	0.150783545	0.117767085
3.379936074	1.214556348	0.151788358	0.118471481
3.381812774	1.223131775	0.15279818	0.119161485
3.383689473	1.231706232	0.153818968	0.119838305
3.385566173	1.240273336	0.154846377	0.120490538
3.387442873	1.248838752	0.155870859	0.121114955
3.389319572	1.257383989	0.15689809	0.121705369
3.391196272	1.265898852	0.157915539	0.122253458
3.393072972	1.274354779	0.158919353	0.122755634
3.394949671	1.282753551	0.159925388	0.123217861
3.396826371	1.291085792	0.160948828	0.123646845
3.398703071	1.299373067	0.162001376	0.124043379
3.40057977	1.307622242	0.163081964	0.124404731
3.40245647	1.31581569	0.164161367	0.124717108
3.404333169	1.323965235	0.165240218	0.124988105
3.406209869	1.33209258	0.166316348	0.125228985
3.408086569	1.340220067	0.167395098	0.125452371
3.409963268	1.348368051	0.168492156	0.125671845
3.411839968	1.356577352	0.169621686	0.125908987
3.413716668	1.364875595	0.170795808	0.126183253
3.415593367	1.373297331	0.172028283	0.126506621
3.417470067	1.381869713	0.17332179	0.126894003
3.419346767	1.390612832	0.174684425	0.127352569
3.421223466	1.39953957	0.176120101	0.1278934
3.423100166	1.40865885	0.177627551	0.128521259
3.424976866	1.41796839	0.179207503	0.12923788
3.426853565	1.427471919	0.180868969	0.130040364
3.428730265	1.437158742	0.182610526	0.130924314
3.430606965	1.447029823	0.184428948	0.131894169
3.432483664	1.45708869	0.186327406	0.132944367
3.434360364	1.467312572	0.18829061	0.134063993
3.436237064	1.477683268	0.190320676	0.135242887
3.438113763	1.48818258	0.192414941	0.136465834
3.439990463	1.498790815	0.194569991	0.137732889
3.441867163	1.509459657	0.196767726	0.139020886
3.443743862	1.520155124	0.198993104	0.140306328
3.445620562	1.530842107	0.201221731	0.141575921
3.447497262	1.541478795	0.203441233	0.14281505
3.449373961	1.552044023	0.20564577	0.144008011
3.451250661	1.562512005	0.207829024	0.145147184
3.45312736	1.572856413	0.209977827	0.14622038
3.45500406	1.583061271	0.212088645	0.147222835
3.45688076	1.593111685	0.214159071	0.148149712
3.458757459	1.603045538	0.216207139	0.149017451
3.460634159	1.612850238	0.218231359	0.149820862
3.462510859	1.622560253	0.220232067	0.150561731
3.464387558	1.632157675	0.222203384	0.15123929
3.466264258	1.641653309	0.224146403	0.151856009
3.468140958	1.651046229	0.226056265	0.152417499
3.470017657	1.66034706	0.227944442	0.152929718
3.471894357	1.66957014	0.229807462	0.153402006
3.473771057	1.678723607	0.231657848	0.153841836
3.475647756	1.687824489	0.233515427	0.1542626
3.477524456	1.696900499	0.235396004	0.154676139
3.479401156	1.705966209	0.23729043	0.155082181
3.481277855	1.715022409	0.239191897	0.15548392
3.483154555	1.724075506	0.241098737	0.155887413
3.485031255	1.733123365	0.243013407	0.1562964
3.486907954	1.742169131	0.244957847	0.156709243
3.488784654	1.751244227	0.246942886	0.157150968
3.490661354	1.760339395	0.248960889	0.157608926
3.492538053	1.769457818	0.25101083	0.158083469
3.494414753	1.778614273	0.253105465	0.158582198
3.496291452	1.787808326	0.255247422	0.159106546
3.498168152	1.797036308	0.257418572	0.15964773
3.500044852	1.806302159	0.259631733	0.160206428
3.501921551	1.815626522	0.261903784	0.16079343
3.503798251	1.8250049	0.264226556	0.161405799
3.505674951	1.83442627	0.266628564	0.162057475
3.50755165	1.843859316	0.269224075	0.162802191
3.50942835	1.85361296	0.272309812	0.163721865
3.51130505	1.863671238	0.275656597	0.164710719
3.513181749	1.873471179	0.278851797	0.165664881
3.515058449	1.882882758	0.281884405	0.166546926
3.516935149	1.891963382	0.284772024	0.167374603
3.518811848	1.900919902	0.287619848	0.168170894
3.520688548	1.909695917	0.290367746	0.168957284
3.522565248	1.918445586	0.293112177	0.169740912
3.524441947	1.927173053	0.295807081	0.170524746
3.526318647	1.935843504	0.298462064	0.171319718
3.528195347	1.944538561	0.30110158	0.172119669
3.530072046	1.953231028	0.303783719	0.172952507
3.531948746	1.962019185	0.306496187	0.173794193
3.533825446	1.970794397	0.309201827	0.174651682
3.535702145	1.979482055	0.311893128	0.175540876
3.537578845	1.988205385	0.31460951	0.176437659
3.539455544	1.99696652	0.317380785	0.17734524
3.541332244	2.005780614	0.320203804	0.178298035
3.543208944	2.014516407	0.323005323	0.179249767
3.545085643	2.023166514	0.325797763	0.180223115
3.546962343	2.031780222	0.328617419	0.181215889
3.548839043	2.040452236	0.331491825	0.182218192
3.550715742	2.049085813	0.33440721	0.183254311
3.552592442	2.057813142	0.337418275	0.184317387
3.554469142	2.066455648	0.340439853	0.185418797
3.556345841	2.07500495	0.343472671	0.186538843
3.558222541	2.083506463	0.346515404	0.187675322
3.560099241	2.091907021	0.349576047	0.188851765
3.56197594	2.100382673	0.352703935	0.190044604
3.56385264	2.108771907	0.35585432	0.191280649
3.56572934	2.117174731	0.35911168	0.192558157
3.567606039	2.125604132	0.362427362	0.193885954
3.569482739	2.133928556	0.365774989	0.195285231
3.571359439	2.142222295	0.36913554	0.196706254
3.573236138	2.150370978	0.372519092	0.198192804
3.575112838	2.158644021	0.376000134	0.199715971
3.576989538	2.166842786	0.379516464	0.201306908
3.578866237	2.175056979	0.383137357	0.202970697
3.580742937	2.18331681	0.386815355	0.204677062
3.582619636	2.191486744	0.390608679	0.206471233
3.584496336	2.199709915	0.394451209	0.208301421
3.586373036	2.207684083	0.39825173	0.210213667
3.588249735	2.215717028	0.402172047	0.212159253
3.590126435	2.223642604	0.406062327	0.214179481
3.592003135	2.231537798	0.410058912	0.216248507
3.593879834	2.239463296	0.41411024	0.218357027
3.595756534	2.247125171	0.418148851	0.220542384
3.597633234	2.255028779	0.422385603	0.22273272
3.599509933	2.262485862	0.426430474	0.225012226
3.601386633	2.270038957	0.43068256	0.227292911
3.603263333	2.277318353	0.434796522	0.229610692
3.605140032	2.284379219	0.438888831	0.231974642
3.607016732	2.291703323	0.443173667	0.234301531
3.608893432	2.298303662	0.44716346	0.236701301
3.610770131	2.305147755	0.451378308	0.239070711
3.612646831	2.311882444	0.455565477	0.24143568
3.614523531	2.317933823	0.459541414	0.24387783
3.61640023	2.324323808	0.463798342	0.246197391
3.61827693	2.330005379	0.46769142	0.248609404
3.62015363	2.335753667	0.471791275	0.251000852
3.622030329	2.341509014	0.475896595	0.253302113
3.623907029	2.346212023	0.479517351	0.255676089
3.625783728	2.351228735	0.483430698	0.257944939
3.627660428	2.356138192	0.487303907	0.260153184
3.629537128	2.36029887	0.490796535	0.262477877
3.631413827	2.364618033	0.494532666	0.264626483
3.633290527	2.368875534	0.498271644	0.266773918
3.635167227	2.372183355	0.501573864	0.268962551
3.637043926	2.375629717	0.505126258	0.270972172
3.638920626	2.379117398	0.508648388	0.273006699
3.640797326	2.381591412	0.511772256	0.275050292
3.642674025	2.384516343	0.515391066	0.276986329
3.644550725	2.386912515	0.518560879	0.278932119
3.646427425	2.388689099	0.521520852	0.280798734
3.648304124	2.390926937	0.525051046	0.28259465
3.650180824	2.392414159	0.528006548	0.284431697
3.652057524	2.393302669	0.53084454	0.286135651
3.653934223	2.394550157	0.534029243	0.287809648
3.655810923	2.39507488	0.536650862	0.289481543
3.657687623	2.395371324	0.539429899	0.291060068
3.659564322	2.395746068	0.542339645	0.292585252
3.661441022	2.395333659	0.544666392	0.294114123
3.663317722	2.395063135	0.547387591	0.295527271
3.665194421	2.39440321	0.5499472	0.296933287
3.667071121	2.393250341	0.552263379	0.298323035
3.66894782	2.392378846	0.55487733	0.299597818
3.67082452	2.390963707	0.557286472	0.300875249
3.67270122	2.388725061	0.559281381	0.302103572
3.674577919	2.386892371	0.56155207	0.30321144
3.676454619	2.384823584	0.563810963	0.304329431
3.678331319	2.381839534	0.565629607	0.305410786
3.680208018	2.379275275	0.567793474	0.306387019
3.682084718	2.376598901	0.5699934	0.307354228
3.683961418	2.372717427	0.571605474	0.308314983
3.685838117	2.369376222	0.573652547	0.309161874
3.687714817	2.366092179	0.575883686	0.310019429
3.689591517	2.361541565	0.577461654	0.310895754
3.691468216	2.357413731	0.579481842	0.31165127
3.693344916	2.353465876	0.581780639	0.312428001
3.695221616	2.348276725	0.583404516	0.313237043
3.697098315	2.343457963	0.585557688	0.313947745
3.698975015	2.338937512	0.587920247	0.314727023
3.700851715	2.333114176	0.589677683	0.315501078
3.702728414	2.327774969	0.591995771	0.316195584
3.704605114	2.322350704	0.59427276	0.316931041
3.706481814	2.316079126	0.596232497	0.317716389
3.708358513	2.310227794	0.598784439	0.318415257
3.710235213	2.303869731	0.600949903	0.319186474
3.712111912	2.297287214	0.603222351	0.319989353
3.713988612	2.291160057	0.606110636	0.320739261
3.715865312	2.284226462	0.608460219	0.32157506
3.717742011	2.277069341	0.610925595	0.322372075
3.719618711	2.27040427	0.613888793	0.323156707
3.721495411	2.263060496	0.616413417	0.324037286
3.72337211	2.255528544	0.619083738	0.324848393
3.72524881	2.248496368	0.622254931	0.325646763
3.72712551	2.240793596	0.625067677	0.326536078
3.729002209	2.232996504	0.628016071	0.327361788
3.730878909	2.225631107	0.631488541	0.328154262
3.732755609	2.217615109	0.634575048	0.329026749
3.734632308	2.209437858	0.637796388	0.329811617
3.736509008	2.201697705	0.641533612	0.330548617
3.738385708	2.193319122	0.644868572	0.331384335
3.740262407	2.184818171	0.648375425	0.332088011
3.742139107	2.176631583	0.652380443	0.332769253
3.744015807	2.167852926	0.655949152	0.33354231
3.745892506	2.159029228	0.659764817	0.334174632
3.747769206	2.150531277	0.664049486	0.334811648
3.749645906	2.141268253	0.667846038	0.335526768
3.751522605	2.132326273	0.672067882	0.336100607
3.753399305	2.123332172	0.676509639	0.336706805
3.755276004	2.113729185	0.680592827	0.337371212
3.757152704	2.104743846	0.685272615	0.337936979
3.759029404	2.095295703	0.689886308	0.338577427
3.760906103	2.085894115	0.69456588	0.339283727
3.762782803	2.076688152	0.699611908	0.339863026
3.764659503	2.066998007	0.70444962	0.340556713
3.766536202	2.057490254	0.709618194	0.341251781
3.768412902	2.048373512	0.715136992	0.341900854
3.770289602	2.038600845	0.720373004	0.342688962
3.772166301	2.029175509	0.725908229	0.343342844
3.774043001	2.019852693	0.731869127	0.344154831
3.775919701	2.010123239	0.73755109	0.344945887
3.7777964	2.001044575	0.74378929	0.345688126
3.7796731	1.991501126	0.749842381	0.346535464
3.7815498	1.982076439	0.756160909	0.347372324
3.783426499	1.973068299	0.762799183	0.348189766
3.785303199	1.963217978	0.769036371	0.348993099
3.787179899	1.954070081	0.775889057	0.349785332
3.789056598	1.944769901	0.782740469	0.350699809
3.790933298	1.935426724	0.789617258	0.35153389
3.792809998	1.926435347	0.796933975	0.352415967
3.794686697	1.916905552	0.803818158	0.353280322
3.796563397	1.907878443	0.811188258	0.354094792
3.798440097	1.898633483	0.818494896	0.354932678
3.800316796	1.889514834	0.825878849	0.355772056
3.802193496	1.880616577	0.833588844	0.356592275
3.804070195	1.871504275	0.841161712	0.357446452
3.805946895	1.862712445	0.849043349	0.358235156
3.807823595	1.85383692	0.856946999	0.359067397
3.809700294	1.844984583	0.864825093	0.359843695
3.811576994	1.836317674	0.872987746	0.360620213
3.813453694	1.827523798	0.881019854	0.361405672
3.815330393	1.819064633	0.889343593	0.362131525
3.817207093	1.810308256	0.897510414	0.362866103
3.819083793	1.801974712	0.905912844	0.363535243
3.820960492	1.793502764	0.914317825	0.364245165
3.822837192	1.785342048	0.92281276	0.364883156
3.824713892	1.777115025	0.93140831	0.365522215
3.826590591	1.769244692	0.940037323	0.366093579
3.828467291	1.761322931	0.948781791	0.366642105
3.830343991	1.753759238	0.957543932	0.367102798
3.83222069	1.746215264	0.96645454	0.36752923
3.83409739	1.739282821	0.975546227	0.367874463
3.83597409	1.732535068	0.984844271	0.368141967
3.837850789	1.726505132	0.994451563	0.368267224
3.839727489	1.721258228	1.004668772	0.3683365
3.841604189	1.717277334	1.015564701	0.368218394
3.843480888	1.714446121	1.027364612	0.367925038
3.845357588	1.713715135	1.040549284	0.36747124
3.847234287	1.715102374	1.055203244	0.366767424
3.849110987	1.719081481	1.071747188	0.365875209
3.850987687	1.725779533	1.09004706	0.364821788
3.852864386	1.733781157	1.109302991	0.36367909
3.854741086	1.741883805	1.128513974	0.362600917
3.856617786	1.747716013	1.146036469	0.361675986
3.858494485	1.749445096	1.160624838	0.360957931
3.860371185	1.746485786	1.171764655	0.360473958
3.862247885	1.738868429	1.179367531	0.360180326
3.864124584	1.727291096	1.183925503	0.360093343
3.866001284	1.71316157	1.186350882	0.360171765
3.867877984	1.697557913	1.187415759	0.360416649
3.869754683	1.681362674	1.187733735	0.360862649
3.871631383	1.664909686	1.187666021	0.361554038
3.873508083	1.648551179	1.187448131	0.362458636
3.875384782	1.632568606	1.187290545	0.363564438
3.877261482	1.617177951	1.187290141	0.364840283
3.879138182	1.602498858	1.187434416	0.366219834
3.881014881	1.58838184	1.187539612	0.367624088
3.882891581	1.574808503	1.187460251	0.369009575
3.884768281	1.561466317	1.186854512	0.370288994
3.88664498	1.548031481	1.185363779	0.371334272
3.88852168	1.534109568	1.182675859	0.372093991
3.890398379	1.519548916	1.178644248	0.372542468
3.892275079	1.504101271	1.173120385	0.372660198
3.894151779	1.487641775	1.165992961	0.372374593
3.896028478	1.470040715	1.157259522	0.371710261
3.897905178	1.451378344	1.146990229	0.370631377
3.899781878	1.431772697	1.135356268	0.369189939
3.901658577	1.411292799	1.122477157	0.367375917
3.903535277	1.390189427	1.108617862	0.36525626
3.905411977	1.368556706	1.093863758	0.362813997
3.907288676	1.346572837	1.078447366	0.36010933
3.909165376	1.324413125	1.06253853	0.357160557
3.911042076	1.302172424	1.046300922	0.354025523
3.912918775	1.279919845	1.029836516	0.350732231
3.914795475	1.257858274	1.013307707	0.347292619
3.916672175	1.235966842	0.996701784	0.343681242
3.918548874	1.214056769	0.97995782	0.339878613
3.920425574	1.192363927	0.963319915	0.335998179
3.922302274	1.171115294	0.94696826	0.332068726
3.924178973	1.150253363	0.930867696	0.328101215
3.926055673	1.129476936	0.914819876	0.32403823
3.927932373	1.108813378	0.89891992	0.319910332
3.929809072	1.088530922	0.883411026	0.315840185
3.931685772	1.068624326	0.86828243	0.311801828
3.933562471	1.048822496	0.853326102	0.307738422
3.935439171	1.029223384	0.838610668	0.303668604
3.937315871	1.00985201	0.824202346	0.299635492
3.93919257	0.990887426	0.810258565	0.295701654
3.94106927	0.97213167	0.796610519	0.291791768
3.94294597	0.953605351	0.783267455	0.287922471
3.944822669	0.935354829	0.770252459	0.284079657
3.946699369	0.917411671	0.757648754	0.280333503
3.948576069	0.89984546	0.7454594	0.276679613
3.950452768	0.882532339	0.733631455	0.27308439
3.952329468	0.865485987	0.722133609	0.269544054
3.954206168	0.84883111	0.711077534	0.266099734
3.956082867	0.832569434	0.700449818	0.262763752
3.957959567	0.816653936	0.690226607	0.259512316
3.959836267	0.800991928	0.680322663	0.256321131
3.961712966	0.785616859	0.670739298	0.253187504
3.963589666	0.770531776	0.661489028	0.2501268
3.965466366	0.755794588	0.652601108	0.247154735
3.967343065	0.741375511	0.644059434	0.244279449
3.969219765	0.727124522	0.635715253	0.241435815
3.971096465	0.713054457	0.627560821	0.238623033
3.972973164	0.699186463	0.619617885	0.235866405
3.974849864	0.685409091	0.611774599	0.233132454
3.976726563	0.671912985	0.604145743	0.230458821
3.978603263	0.658452592	0.596557266	0.227790493
3.980479963	0.645036381	0.588978927	0.225116363
3.982356662	0.631555527	0.581368259	0.222422083
3.984233362	0.618179337	0.573768637	0.219736833
3.986110062	0.604759107	0.566103644	0.217038966
3.987986761	0.591327597	0.558385498	0.214335169
3.989863461	0.577846082	0.550569327	0.211600847
3.991740161	0.564254632	0.542605448	0.208822292
3.99361686	0.550609224	0.534536889	0.206017708
3.99549356	0.536884736	0.52633664	0.2031781
3.99737026	0.523120475	0.518036329	0.200316626
3.999246959	0.509374241	0.509663803	0.197439011
4.001123659	0.495576524	0.501191631	0.194529341
4.003000359	0.48171782	0.492585021	0.191571916
4.004877058	0.467856588	0.483912723	0.188587471
4.006753758	0.454031686	0.475176258	0.185576868
4.008630458	0.440294855	0.466429945	0.182562947
4.010507157	0.426562046	0.457627398	0.17951024
4.012383857	0.412950435	0.448827532	0.176460876
4.014260557	0.399414508	0.440031351	0.173383038
4.016137256	0.38598222	0.431244889	0.170295569
4.018013956	0.372685402	0.422486273	0.167201787
4.019890655	0.359582761	0.413808513	0.164105499
4.021767355	0.346671929	0.4051953	0.161005093
4.023644055	0.333919258	0.396645136	0.15789028
4.025520754	0.321442401	0.388217499	0.154790889
4.027397454	0.309084581	0.379822457	0.151653417
4.029274154	0.296965928	0.371539883	0.148518273
4.031150853	0.285090137	0.363368969	0.145372618
4.033027553	0.273511029	0.355318693	0.142225473
4.034904253	0.262118821	0.347340494	0.139055552
4.036780952	0.25095226	0.339469192	0.135864909
4.038657652	0.240021079	0.331701854	0.132646016
4.040534352	0.229378986	0.324059146	0.129415835
4.042411051	0.219028239	0.31654377	0.126179887
4.044287751	0.208878965	0.309121944	0.122904621
4.046164451	0.199018375	0.301830848	0.11961782
4.04804115	0.189395983	0.2946431	0.116298452
4.04991785	0.180068716	0.287574247	0.112957794
4.05179455	0.170985632	0.280610402	0.109585519
4.053671249	0.162144037	0.273737477	0.106176665
4.055547949	0.153599752	0.266987928	0.102752132
4.057424649	0.145294061	0.260338421	0.099285271
4.059301348	0.137285101	0.253809457	0.095803582
4.061178048	0.129533991	0.247387945	0.092294138
4.063054747	0.122104388	0.241106468	0.088780877
4.064931447	0.114935532	0.234919904	0.085236391
4.066808147	0.108057221	0.22886538	0.081681434
4.068684846	0.101468538	0.222917897	0.078111288
4.070561546	0.09518817	0.217092512	0.074537285
4.072438246	0.089169145	0.211370062	0.070945608
4.074314945	0.083509121	0.205797528	0.067377032
4.076191645	0.078194854	0.200374648	0.063822817
4.078068345	0.073212584	0.195082381	0.060289108
4.079945044	0.068647981	0.1899707	0.056808324
4.081821744	0.064406517	0.184986045	0.053344754
4.083698444	0.060551434	0.180165596	0.049938662
4.085575143	0.057081757	0.175507723	0.046585771
4.087451843	0.054011611	0.171022025	0.043306149
4.089328543	0.051405941	0.16673209	0.040128784
4.091205242	0.049235161	0.162630854	0.037038677
4.093081942	0.047525458	0.15873767	0.034067664
4.094958642	0.046321985	0.155060131	0.031227102
4.096835341	0.04566937	0.151624608	0.028549168
4.098712041	0.045480928	0.148389272	0.026006382
4.100588741	0.045896699	0.145418239	0.023662499
4.10246544	0.046878277	0.142698597	0.021508809
4.10434214	0.048475589	0.140243298	0.019571519
4.10621884	0.050656844	0.138052987	0.017851411
4.108095539	0.053510457	0.136150595	0.016385296
4.109972239	0.057024572	0.134541803	0.015186808
4.111848938	0.061196255	0.133216031	0.014247552
4.113725638	0.066017633	0.132168407	0.013585823
4.115602338	0.071595628	0.13143981	0.013242078
4.117479037	0.077826738	0.130986397	0.013175624
4.119355737	0.084776594	0.130831424	0.013426937
4.121232437	0.09238939	0.130956349	0.013978677
4.123109136	0.100719641	0.13138169	0.014843768
4.124985836	0.109631483	0.132038276	0.015983801
4.126862536	0.119118125	0.132918785	0.017386374
4.128739235	0.129185637	0.134028484	0.019070726
4.130615935	0.140079763	0.135463885	0.021125074
4.132492635	0.15155495	0.137127673	0.02347923
4.134369334	0.163634441	0.139028036	0.026144026
4.136246034	0.176432799	0.141195089	0.029144254
4.138122734	0.189798873	0.14356994	0.032418017
4.139999433	0.203685795	0.146123449	0.035952065
4.141876133	0.218033757	0.148826502	0.03971569
4.143752833	0.232718882	0.151622334	0.043644071
4.145629532	0.247693404	0.154507641	0.047725124
4.147506232	0.262839242	0.157406212	0.051881866
4.149382932	0.278000474	0.16028655	0.056079653
4.151259631	0.293151466	0.163112742	0.060269882
4.153136331	0.308239696	0.165876783	0.064433912
4.15501303	0.323168639	0.168532232	0.068515061
4.15688973	0.337798095	0.171027322	0.072467512
4.15876643	0.352149308	0.173378695	0.076294926
4.160643129	0.366128904	0.175560128	0.079964627
4.162519829	0.3797778	0.177567095	0.083474502
4.164396529	0.392994237	0.179374437	0.086785851
4.166273228	0.405660288	0.180945283	0.089858302
4.168149928	0.418049747	0.182377851	0.092775769
4.170026628	0.429978086	0.183611916	0.095486659
4.171903327	0.441367827	0.184618561	0.097976524
4.173780027	0.452316848	0.185437177	0.100263781
4.175656727	0.462790813	0.186079168	0.102331986
4.177533426	0.472934728	0.186541879	0.104273386
4.179410126	0.482674494	0.186851825	0.105975701
4.181286826	0.491926754	0.186986692	0.107473718
4.183163525	0.500698836	0.186949204	0.10877753
4.185040225	0.509062876	0.186756153	0.109891837
4.186916925	0.517038126	0.186417211	0.110883838
4.188793624	0.524408009	0.185896539	0.111617358
4.190670324	0.531451023	0.185258864	0.112218133
4.192547024	0.538050982	0.184472778	0.112648969
4.194423723	0.544363734	0.183618426	0.112948469
4.196300423	0.55008827	0.182560301	0.113050683
4.198177122	0.555383791	0.181378834	0.11297343
4.200053822	0.560206883	0.180052071	0.112703606
4.201930522	0.564597796	0.178610042	0.112239861
4.203807221	0.568543677	0.177032024	0.111595731
4.205683921	0.572094327	0.175363255	0.110795491
4.207560621	0.575173042	0.17356032	0.109839479
4.20943732	0.578034292	0.171707776	0.108750826
4.21131402	0.580491034	0.169747398	0.107529802
4.21319072	0.582595879	0.167710144	0.106179569
4.215067419	0.584490225	0.165630875	0.104730723
4.216944119	0.58611278	0.163486765	0.103191992
4.218820819	0.58751686	0.161304693	0.10158072
4.220697518	0.588737337	0.159088921	0.099910453
4.222574218	0.589808749	0.156848918	0.098204604
4.224450918	0.590767893	0.154596399	0.096467317
4.226327617	0.591737596	0.152378408	0.094731499
4.228204317	0.592681597	0.150171943	0.093003492
4.230081017	0.593660074	0.148004431	0.091305842
4.231957716	0.594681307	0.145882351	0.089637111
4.233834416	0.595732081	0.14380119	0.088000551
4.235711116	0.59685071	0.141759806	0.086396406
4.237587815	0.598035388	0.139761552	0.084844985
4.239464515	0.599345756	0.137833389	0.083358266
4.241341214	0.600795726	0.135974871	0.081937274
4.243217914	0.602393125	0.134187513	0.080584
4.245094614	0.60415371	0.132487166	0.079311046
4.246971313	0.60613221	0.130868709	0.078126237
4.248848013	0.608282163	0.129330122	0.077019885
4.250724713	0.610582464	0.127863398	0.07597728
4.252601412	0.613042908	0.126478374	0.075012108
4.254478112	0.61568373	0.125184669	0.074133403
4.256354812	0.618501419	0.12397438	0.073330239
4.258231511	0.621500819	0.122839981	0.0726016
4.260108211	0.62471245	0.121784475	0.07194952
4.261984911	0.628113694	0.120803823	0.071375932
4.26386161	0.631778386	0.119908643	0.070889796
4.26573831	0.635700444	0.119097119	0.070498096
4.26761501	0.639830639	0.118350647	0.070175246
4.269491709	0.644152108	0.117663781	0.069914755
4.271368409	0.648638691	0.117040935	0.069714872
4.273245109	0.65328807	0.116479074	0.069572982
4.275121808	0.658145334	0.115986127	0.069498364
4.276998508	0.663221378	0.115563476	0.069500803
4.278875208	0.668548226	0.115216951	0.069583912
4.280751907	0.674135541	0.114939851	0.06975046
4.282628607	0.679963431	0.114733274	0.069995905
4.284505306	0.686012247	0.114594286	0.070311749
4.286382006	0.692223189	0.114513349	0.07068743
4.288258706	0.698595572	0.114480804	0.07111445
4.290135405	0.705147913	0.114498032	0.07160014
4.292012105	0.711857576	0.114570752	0.072142432
4.293888805	0.7187178	0.114695183	0.072737119
4.295765504	0.725719886	0.114868634	0.073382188
4.297642204	0.732861961	0.115080103	0.074068878
4.299518904	0.74015249	0.115330553	0.074812518
4.301395603	0.747654287	0.115649644	0.07561949
4.303272303	0.755325058	0.116033594	0.076489152
4.305149003	0.763149451	0.116481492	0.077413083
4.307025702	0.771093687	0.116986101	0.078379457
4.308902402	0.779088978	0.117528755	0.079367098
4.310779102	0.787138467	0.118104115	0.080370926
4.312655801	0.795216713	0.118696331	0.081381695
4.314532501	0.803368634	0.119321549	0.082409457
4.316409201	0.811614639	0.119974878	0.083458922
4.3182859	0.819915446	0.120640807	0.084516464
4.3201626	0.828336966	0.121342296	0.085597431
4.3220393	0.836864603	0.122081964	0.086701167
4.323915999	0.845466852	0.122842694	0.087815964
4.325792699	0.854118333	0.12361217	0.088929452
4.327669398	0.862770279	0.124362767	0.090028551
4.329546098	0.871414409	0.125108287	0.091107774
4.331422798	0.880072371	0.1258572	0.092177349
4.333299497	0.888757727	0.126611645	0.093244544
4.335176197	0.897480808	0.127379362	0.094311565
4.337052897	0.906216176	0.128149686	0.095373776
4.338929596	0.914965396	0.128923712	0.096429389
4.340806296	0.923708354	0.129698117	0.097473667
4.342682996	0.932428343	0.130470719	0.098501073
4.344559695	0.941130282	0.131245128	0.099509672
4.346436395	0.949837979	0.132028906	0.100509682
4.348313095	0.958558941	0.132820328	0.101500634
4.350189794	0.96730543	0.13361465	0.102482841
4.352066494	0.976034295	0.134400329	0.103441586
4.353943194	0.984717959	0.135165807	0.104368535
4.355819893	0.993325731	0.135914902	0.105258778
4.357696593	1.001862037	0.136632932	0.106104899
4.359573293	1.01030113	0.137333578	0.106908591
4.361449992	1.018649452	0.138003272	0.107665374
4.363326692	1.026893584	0.138654346	0.108379469
4.365203392	1.035073648	0.139308227	0.10906416
4.367080091	1.043188711	0.139979065	0.109735407
4.368956791	1.051329131	0.140716203	0.110420459
4.37083349	1.059517198	0.141510235	0.111108472
4.37271019	1.067717432	0.142309304	0.111768487
4.37458689	1.075872911	0.14309484	0.112383744
4.376463589	1.083977108	0.143863328	0.112952863
4.378340289	1.092015036	0.144612902	0.113483763
4.380216989	1.099983245	0.145338927	0.113985021
4.382093688	1.107884552	0.146049544	0.114444799
4.383970388	1.115767531	0.146756289	0.114886759
4.385847088	1.123664044	0.147468848	0.115328268
4.387723787	1.131630617	0.148199737	0.115786091
4.389600487	1.139698763	0.148970786	0.116274734
4.391477187	1.147914026	0.149804047	0.116809523
4.393353886	1.156271087	0.150699136	0.11739013
4.395230586	1.164753469	0.151643013	0.118007231
4.397107286	1.17335517	0.152625886	0.118655742
4.398983985	1.182040167	0.153623776	0.119319882
4.400860685	1.190763017	0.154630982	0.119989497
4.402737385	1.199512398	0.15565304	0.120656986
4.404614084	1.208272121	0.156690733	0.121322015
4.406490784	1.217045579	0.15774606	0.12197823
4.408367484	1.225821358	0.158809917	0.122618651
4.410244183	1.234593014	0.159874279	0.123238424
4.412120883	1.243350492	0.160944516	0.12383304
4.413997583	1.252087861	0.162002471	0.124399115
4.415874282	1.260809028	0.163051675	0.124930949
4.417750982	1.269504888	0.164103857	0.125430318
4.419627681	1.27819594	0.165178372	0.125903566
4.421504381	1.286865015	0.166277923	0.126348774
4.423381081	1.295482355	0.167393584	0.126756245
4.42525778	1.304040197	0.168520338	0.127124864
4.42713448	1.31252007	0.169652654	0.127446856
4.42901118	1.320939829	0.170778934	0.127727564
4.430887879	1.329320206	0.171899891	0.127977993
4.432764579	1.337696325	0.17302717	0.128210543
4.434641279	1.346096094	0.174172149	0.128444067
4.436517978	1.354553789	0.175355844	0.128696053
4.438394678	1.363093642	0.17658375	0.128984621
4.440271378	1.371749134	0.17788157	0.129330588
4.442148077	1.380546973	0.179249312	0.129737608
4.444024777	1.389508739	0.180678248	0.130212133
4.445901477	1.398638022	0.182162781	0.130767538
4.447778176	1.407941427	0.183706882	0.131399599
4.449654876	1.417420391	0.185326949	0.132101425
4.451531576	1.427075161	0.187027725	0.13288354
4.453408275	1.436918625	0.188817044	0.133750888
4.455284975	1.446948945	0.190694954	0.134698696
4.457161675	1.45714219	0.192642888	0.135725914
4.459038374	1.467503169	0.194660671	0.136824328
4.460915074	1.478003946	0.196739077	0.137986135
4.462791773	1.488610632	0.198876828	0.139196747
4.464668473	1.499293692	0.201057806	0.140440549
4.466545173	1.510024802	0.203278089	0.141704208
4.468421872	1.520779787	0.205525055	0.142973548
4.470298572	1.531541851	0.207796031	0.144242294
4.472175272	1.542287863	0.210075361	0.145494693
4.474051971	1.552993703	0.212355819	0.146717089
4.475928671	1.563638011	0.214627697	0.147900072
4.477805371	1.574170524	0.216873227	0.149024422
4.47968207	1.584557013	0.219070615	0.150073842
4.48155877	1.594757805	0.22121445	0.151036307
4.48343547	1.604759289	0.223300634	0.151907596
4.485312169	1.614593398	0.225340409	0.152695473
4.487188869	1.624285405	0.227332732	0.153408913
4.489065569	1.633840618	0.22928738	0.154051002
4.490942268	1.643283058	0.231212522	0.154631414
4.492818968	1.65264018	0.233122193	0.155161979
4.494695668	1.661919311	0.235027216	0.155651761
4.496572367	1.671116979	0.236923962	0.15609617
4.498449067	1.680232128	0.238796244	0.156499616
4.500325767	1.689263259	0.240640588	0.156868437
4.502202466	1.698235056	0.242481768	0.157211349
4.504079166	1.707158118	0.244312842	0.157544528
4.505955865	1.716047427	0.24616766	0.157878107
4.507832565	1.724935953	0.248056159	0.158222242
4.509709265	1.733832979	0.249955947	0.158573061
4.511585964	1.742730295	0.251873266	0.158936133
4.513462664	1.75164427	0.25383113	0.159321588
4.515339364	1.76059642	0.255828242	0.15973735
4.517216063	1.769578843	0.257861073	0.160175425
4.519092763	1.77861035	0.259942757	0.160646872
4.520969463	1.787707626	0.262099973	0.161148596
4.522846162	1.796853527	0.264299289	0.161682164
4.524722862	1.806050327	0.266561589	0.162247287
4.526599562	1.815266132	0.268896067	0.162848728
4.528476261	1.824520716	0.271465198	0.163561487
4.530352961	1.834179313	0.274539658	0.164458641
4.532229661	1.844065091	0.277811205	0.165411967
4.53410636	1.853663809	0.280917885	0.166325591
4.53598306	1.862941264	0.283886788	0.167197703
4.53785976	1.871942779	0.286738515	0.16803478
4.539736459	1.880864562	0.289562418	0.168856653
4.541613159	1.889634375	0.292307171	0.169673542
4.543489859	1.89838583	0.295055301	0.170489762
4.545366558	1.907131487	0.297764632	0.171313342
4.547243258	1.915823139	0.300435448	0.172147187
4.549119957	1.924535766	0.303097549	0.172981528
4.550996657	1.933256652	0.305808915	0.173852239
4.552873357	1.942073567	0.308550073	0.17473744
4.554750056	1.950873429	0.31128876	0.175640439
4.556626756	1.959586326	0.314008351	0.176564226
4.558503456	1.968310087	0.316747963	0.177485376
4.560380155	1.977067563	0.319540464	0.178413179
4.562256855	1.985879919	0.322395457	0.179382339
4.564133555	1.99459392	0.325225125	0.180339659
4.566010254	2.00320083	0.32803859	0.181311447
4.567886954	2.011774509	0.330875715	0.182299898
4.569763654	2.020391615	0.333762905	0.183299108
4.571640353	2.028956596	0.336682288	0.184324024
4.573517053	2.03758755	0.33968725	0.185361877
4.575393753	2.046125969	0.342698973	0.18644382
4.577270452	2.054568772	0.345726075	0.18754331
4.579147152	2.06296439	0.348767236	0.188662347
4.581023852	2.071242955	0.351820116	0.189814766
4.582900551	2.079573427	0.354942468	0.190983065
4.584777251	2.087802657	0.358084256	0.192200754
4.586653951	2.096048577	0.361337586	0.193451927
4.58853065	2.104290208	0.364646958	0.194758595
4.59040735	2.11241422	0.367979403	0.196123621
4.592284049	2.120474691	0.371314895	0.197514295
4.594160749	2.128396104	0.374677205	0.198971053
4.596037449	2.13644016	0.378136252	0.200465761
4.597914148	2.144397446	0.381618345	0.202028511
4.599790848	2.152378845	0.385215758	0.203665411
4.601667548	2.160375888	0.388858182	0.205345517
4.603544247	2.168312316	0.392628739	0.207123709
4.605420947	2.176307013	0.396457084	0.20894429
4.607297647	2.184044466	0.400236854	0.210843154
4.609174346	2.191874131	0.404152538	0.212779587
4.611051046	2.199568053	0.40802798	0.214787473
4.612927746	2.207253859	0.412023611	0.216847389
4.614804445	2.214970213	0.416069782	0.218960243
4.616681145	2.222469904	0.42013686	0.221161441
4.618557845	2.230219749	0.424397444	0.223375928
4.620434544	2.237509022	0.428465543	0.225679791
4.622311244	2.244962361	0.432754389	0.227986653
4.624187944	2.25206252	0.436878788	0.230330617
4.626064643	2.259042442	0.441033815	0.232723684
4.627941343	2.266249182	0.445369291	0.235091473
4.629818043	2.272766448	0.449422167	0.237544461
4.631694742	2.27956718	0.453719142	0.239960795
4.633571442	2.28618374	0.457954195	0.242385661
4.635448141	2.292105933	0.461979788	0.24485135
4.637324841	2.298620881	0.466412375	0.247265521
4.639201541	2.304084848	0.470266327	0.249693238
4.64107824	2.309773551	0.474446798	0.252097156
4.64295494	2.315399359	0.478584099	0.254444989
4.64483164	2.31995542	0.482232262	0.256826839
4.646708339	2.324922611	0.486187088	0.259107677
4.648585039	2.329674876	0.490037639	0.261323273
4.650461739	2.333586141	0.493531337	0.263618938
4.652338438	2.337769925	0.497281265	0.265733415
4.654215138	2.341726531	0.500916288	0.267839218
4.656091838	2.344793089	0.504214728	0.269964942
4.657968537	2.348019958	0.50770756	0.271898478
4.659845237	2.35097672	0.511032298	0.273819616
4.661721937	2.353050307	0.514076006	0.275741108
4.663598636	2.355597585	0.517533786	0.277540377
4.665475336	2.357427799	0.520437963	0.27932137
4.667352036	2.358591289	0.523189317	0.280976971
4.669228735	2.360339822	0.5265178	0.282599715
4.671105435	2.361155976	0.52917552	0.284233072
4.672982135	2.361519225	0.531794648	0.285704937
4.674858834	2.362137778	0.534711115	0.287160486
4.676735534	2.361944503	0.53702068	0.288588568
4.678612233	2.361722169	0.539577977	0.289927573
4.680488933	2.361337144	0.54214196	0.291230186
4.682365633	2.360360659	0.544243392	0.292521524
4.684242332	2.359551684	0.546751693	0.293698282
4.686119032	2.358189243	0.548992338	0.294907184
4.687995732	2.356530069	0.551089366	0.296061876
4.689872431	2.35519183	0.553535595	0.297128365
4.691749131	2.353084145	0.555622826	0.298258784
4.693625831	2.350604057	0.557539505	0.299322629
4.69550253	2.34859792	0.55981284	0.300318199
4.69737923	2.346034407	0.561871785	0.301355522
4.69925593	2.343020171	0.563752626	0.302359207
4.701132629	2.340530404	0.566046885	0.303298185
4.703009329	2.33750918	0.568171122	0.304295531
4.704886029	2.33393372	0.570022376	0.305270775
4.706762728	2.330949355	0.572366059	0.306174338
4.708639428	2.327553805	0.574614623	0.307141094
4.710516128	2.323492043	0.576568153	0.308102474
4.712392827	2.319997269	0.579011181	0.308987736
4.714269527	2.316237875	0.581445246	0.309983062
4.716146227	2.311730074	0.583609477	0.310971567
4.718022926	2.307821803	0.586230952	0.311881533
4.719899626	2.303458781	0.588733978	0.312885143
4.721776325	2.298620451	0.591171861	0.313905721
4.723653025	2.294233885	0.593959704	0.314849264
4.725529725	2.289500603	0.596688921	0.315952876
4.727406424	2.284163398	0.599262008	0.31697604
4.729283124	2.279310858	0.602271507	0.31796536
4.731159824	2.274212215	0.605156276	0.319139864
4.733036523	2.268494023	0.60801777	0.320199053
4.734913223	2.263285631	0.611357676	0.321333297
4.736789923	2.257537027	0.614423551	0.322574693
4.738666622	2.251969465	0.617772438	0.323742447
4.740543322	2.246417763	0.621413997	0.325016046
4.742420022	2.239903474	0.624413417	0.326262634
4.744296721	2.23413279	0.628037563	0.327509448
4.746173421	2.228192752	0.631867318	0.328859527
4.748050121	2.221592725	0.635233448	0.330178825
4.74992682	2.215605896	0.639212594	0.331483737
4.75180352	2.209540564	0.643415789	0.332915604
4.75368022	2.202648139	0.647049764	0.334270981
4.755556919	2.196543661	0.65147539	0.335631536
4.757433619	2.190183323	0.65597512	0.33711525
4.759310319	2.183043183	0.659952587	0.33848819
4.761187018	2.176697487	0.664794794	0.339886112
4.763063718	2.170007838	0.669551238	0.341382929
4.764940418	2.162848021	0.67402471	0.342808532
4.766817117	2.15614755	0.679158137	0.344170425
4.768693817	2.149124835	0.684133743	0.345671082
4.770570516	2.141696825	0.689056789	0.347109718
4.772447216	2.134813279	0.69456997	0.348480382
4.774323916	2.127253864	0.699670599	0.349958186
4.776200615	2.119626536	0.705001029	0.351338723
4.778077315	2.112345228	0.710738792	0.352712458
4.779954015	2.104600697	0.716234054	0.354211317
4.781830714	2.096915852	0.721925725	0.355534392
4.783707414	2.089286378	0.72794042	0.356950598
4.785584114	2.08097391	0.73362249	0.35836039
4.787460813	2.073426534	0.739919945	0.359712673
4.789337513	2.06527648	0.746080763	0.361106865
4.791214213	2.057116187	0.75221059	0.362473205
4.793090912	2.049353865	0.758843749	0.36376717
4.794967612	2.040889299	0.765159374	0.365148541
4.796844312	2.032783126	0.771798309	0.36642341
4.798721011	2.024642222	0.778717403	0.367747971
4.800597711	2.016004335	0.785383372	0.369062925
4.802474411	2.007845024	0.792428631	0.370261509
4.80435111	1.999307338	0.799384001	0.371530127
4.80622781	1.990792119	0.806598184	0.372720331
4.80810451	1.982513504	0.814047769	0.373955131
4.809981209	1.973779077	0.821223437	0.375153916
4.811857909	1.965453033	0.828870658	0.376280242
4.813734608	1.956714202	0.836336802	0.377443807
4.815611308	1.948066454	0.843886311	0.378524986
4.817488008	1.93955241	0.85173803	0.379595377
4.819364707	1.930815272	0.859420436	0.3806816
4.821241407	1.922440318	0.867492274	0.381682519
4.823118107	1.913755105	0.875493617	0.382704265
4.824994806	1.905237447	0.883594663	0.383690677
4.826871506	1.896759235	0.891918191	0.384647792
4.828748206	1.888123814	0.900108387	0.385590195
4.830624905	1.87977544	0.908631695	0.386475666
4.832501605	1.871106162	0.91699263	0.387355755
4.834378305	1.86285082	0.925654304	0.388188876
4.836255004	1.854424385	0.934325081	0.389039291
4.838131704	1.846199271	0.943046988	0.389814781
4.840008404	1.837935315	0.95193211	0.390591576
4.841885103	1.82987171	0.960823008	0.391301512
4.843761803	1.821857407	0.96991818	0.392006094
4.845638503	1.814031903	0.978976194	0.392613235
4.847515202	1.806314108	0.988239011	0.393192985
4.849391902	1.798881071	0.997569935	0.393702812
4.851268602	1.791676666	1.007146055	0.39416594
4.853145301	1.784915331	1.016826787	0.394482953
4.855022001	1.778541939	1.026916474	0.394739821
4.8568987	1.773161739	1.037482262	0.394850946
4.8587754	1.76860549	1.048760127	0.394852296
4.8606521	1.765612208	1.060942486	0.394638634
4.862528799	1.764157316	1.074354698	0.394276535
4.864405499	1.764843966	1.089196319	0.393648882
4.866282199	1.76810325	1.105867943	0.392795294
4.868158898	1.774179796	1.12453221	0.391787415
4.870035598	1.782297307	1.144540522	0.390672765
4.871912298	1.790570814	1.164680174	0.389529374
4.873788997	1.797312936	1.183558798	0.388483476
4.875665697	1.800185893	1.199718619	0.387659186
4.877542397	1.798409402	1.212393737	0.387014004
4.879419096	1.791642237	1.22137424	0.386600755
4.881295796	1.780520088	1.226998047	0.38639233
4.883172496	1.766361217	1.230112479	0.386317858
4.885049195	1.750580597	1.231631054	0.386383982
4.886925895	1.733824634	1.232144844	0.386630947
4.888802595	1.716625627	1.23204136	0.387094873
4.890679294	1.699298867	1.231601953	0.387755009
4.892555994	1.682157024	1.231023529	0.388603999
4.894432694	1.66540095	1.230454973	0.389612077
4.896309393	1.649144924	1.229903858	0.390725378
4.898186093	1.633442059	1.229335119	0.391906966
4.900062792	1.618233829	1.228644507	0.393108127
4.901939492	1.603384597	1.227595875	0.394244462
4.903816192	1.588617602	1.225903832	0.395224115
4.905692891	1.573753	1.223363231	0.396013094
4.907569591	1.558468081	1.219663647	0.396501093
4.909446291	1.542519799	1.214646635	0.396667247
4.91132299	1.525843386	1.208228975	0.39646942
4.91319969	1.508303514	1.200362795	0.395906887
4.91507639	1.489833599	1.190995928	0.394920081
4.916953089	1.470348735	1.180132673	0.393516239
4.918829789	1.449993632	1.167939652	0.391695627
4.920706489	1.428901078	1.154552152	0.389495009
4.922583188	1.407129167	1.14007619	0.386911993
4.924459888	1.384817356	1.124689737	0.383982744
4.926336588	1.36209613	1.108517993	0.380711178
4.928213287	1.339079959	1.091755352	0.377164759
4.930089987	1.315871445	1.074530319	0.373353041
4.931966687	1.292642803	1.057088958	0.36940312
4.933843386	1.269422677	1.039433348	0.365276059
4.935720086	1.246062791	1.021524497	0.360922495
4.937596786	1.222773115	1.003557447	0.356416368
4.939473485	1.199870817	0.985795807	0.351855429
4.941350185	1.17720511	0.968137266	0.347187836
4.943226884	1.154563808	0.950457139	0.342392104
4.945103584	1.132043461	0.932932146	0.337563209
4.946980284	1.109855635	0.915759058	0.332775573
4.948856983	1.087891707	0.89882015	0.327981033
4.950733683	1.066052552	0.882062567	0.323177948
4.952610383	1.044306877	0.865478773	0.318366272
4.954487082	1.022844852	0.849254372	0.31363419
4.956363782	1.00162035	0.833380823	0.308965882
4.958240482	0.980589079	0.817788058	0.304358887
4.960117181	0.959764031	0.802492195	0.299805606
4.961993881	0.939118869	0.787488937	0.295322305
4.963870581	0.918733058	0.772836241	0.290926639
4.96574728	0.898609516	0.758551437	0.286636045
4.96762398	0.878754675	0.744629177	0.282435112
4.96950068	0.859252551	0.731130813	0.278363746
4.971377379	0.840164504	0.718074547	0.274410931
4.973254079	0.82132798	0.705376534	0.270547331
4.975130779	0.802818553	0.693068312	0.266785029
4.977007478	0.784632061	0.681144182	0.263124567
4.978884178	0.766917969	0.669702869	0.259618038
4.980760878	0.749678662	0.658750554	0.256244492
4.982637577	0.732865767	0.648251993	0.253002759
4.984514277	0.716411809	0.638134985	0.249856124
4.986390976	0.700300041	0.628399313	0.246809827
4.988267676	0.684593828	0.619061178	0.243891867
4.990144376	0.669357596	0.61015199	0.24110677
4.992021075	0.654503375	0.601601891	0.238439388
4.993897775	0.640002584	0.593381782	0.235858714
4.995774475	0.625771381	0.585411279	0.23335626
4.997651174	0.611837039	0.577681917	0.230917364
4.999527874	0.598184259	0.570176081	0.228554356
5.001404574	0.584826106	0.562883669	0.226265856
5.003281273	0.571662793	0.555726202	0.224030902
5.005157973	0.558650752	0.548644473	0.221816153
5.007034673	0.545835289	0.541651861	0.219649527
5.008911372	0.533167501	0.534713475	0.217513296
5.010788072	0.520651289	0.527801605	0.215406007
5.012664772	0.508221015	0.520887995	0.213304374
5.014541471	0.495896773	0.513942007	0.211210181
5.016418171	0.483629702	0.50692965	0.209097073
5.018294871	0.471491054	0.499896469	0.206995448
5.02017157	0.459400612	0.492775326	0.204868765
5.02204827	0.447412046	0.485619491	0.202736665
5.02392497	0.435537722	0.478408273	0.200590379
5.025801669	0.42366315	0.471094138	0.198392413
5.027678369	0.411971226	0.463768518	0.196204623
5.029555068	0.400283976	0.456344066	0.193959346
5.031431768	0.388746532	0.448892571	0.191680011
5.033308468	0.377330363	0.44139122	0.189384488
5.035185167	0.366096228	0.433899923	0.187070175
5.037061867	0.354941944	0.426355485	0.184679
5.038938567	0.344020153	0.418848964	0.182281788
5.040815266	0.333285643	0.41135107	0.179846085
5.042691966	0.322722828	0.403848057	0.177353188
5.044568666	0.312272627	0.396334417	0.174794208
5.046445365	0.302083735	0.388867668	0.172193863
5.048322065	0.292067588	0.381409732	0.169522892
5.050198765	0.282227316	0.373961249	0.166773577
5.052075464	0.272547295	0.366521691	0.163940049
5.053952164	0.263091849	0.359120841	0.161039198
5.055828864	0.253835017	0.351727261	0.158038189
5.057705563	0.244719315	0.344332301	0.154932346
5.059582263	0.235839216	0.33698662	0.151742217
5.061458963	0.227132119	0.329648283	0.148442724
5.063335662	0.218620748	0.322334689	0.145041648
5.065212362	0.210312758	0.315048869	0.141528917
5.067089062	0.202142379	0.307739448	0.137879146
