0.0018767	3.399701583	3.114291223	0.912827242
0.003753399	1.238213846	0.739587347	0.290964189
0.005630099	0.317507496	0.12406489	0.057076061
0.007506799	0.032103312	0.011334284	-0.010253063
0.009383498	0.001308469	0.009728985	-0.014687119
0.011260198	0.035290564	0.020338802	-0.004303724
0.013136898	0.066218805	0.026136647	0.004576348
0.015013597	0.081988213	0.027542879	0.009402625
0.016890297	0.08708931	0.026840729	0.011622966
0.018766997	0.086890782	0.025392716	0.01255926
0.020643696	0.084771676	0.023835726	0.013075045
0.022520396	0.082016063	0.02238886	0.01345181
0.024397095	0.079102948	0.021107657	0.013808585
0.026273795	0.076108565	0.019993915	0.014159784
0.028150495	0.073025354	0.019026513	0.014501142
0.030027194	0.069839777	0.018189224	0.014829361
0.031903894	0.066566527	0.017463921	0.015150611
0.033780594	0.063199143	0.016839468	0.01546268
0.035657293	0.059761879	0.016304049	0.015771862
0.037533993	0.056259934	0.015846645	0.016075241
0.039410693	0.052695084	0.015457479	0.016376802
0.041287392	0.049084164	0.015132058	0.016676111
0.043164092	0.045425891	0.014862609	0.016974996
0.045040792	0.041723442	0.014643538	0.017273449
0.046917491	0.037984841	0.014469904	0.017571027
0.048794191	0.034206216	0.014335792	0.01786699
0.050670891	0.03039682	0.014237844	0.01816251
0.05254759	0.026566199	0.014172327	0.018458864
0.05442429	0.022705838	0.014132782	0.018754985
0.05630099	0.018824479	0.01411653	0.019050291
0.058177689	0.014922257	0.014121293	0.019344476
0.060054389	0.011002456	0.014142548	0.019638915
0.061931089	0.007068456	0.014179517	0.019934353
0.063807788	0.003125479	0.014231473	0.020229827
0.065684488	-0.00081266	0.014294854	0.020534482
0.067561187	-0.004748686	0.014372588	0.020841945
0.069437887	-0.008684764	0.014461428	0.021153551
0.071314587	-0.01260498	0.014563655	0.021472402
0.073191286	-0.016511266	0.014678062	0.021800755
0.075067986	-0.020400749	0.014803009	0.022138181
0.076944686	-0.024273054	0.014940661	0.022483495
0.078821385	-0.028121868	0.015088923	0.022838238
0.080698085	-0.031950735	0.01524514	0.023200497
0.082574785	-0.03576488	0.015409512	0.023568544
0.084451484	-0.039546766	0.015578891	0.023944909
0.086328184	-0.043309016	0.015749924	0.024326708
0.088204884	-0.047059571	0.015921132	0.024711265
0.090081583	-0.050780265	0.016089087	0.025101519
0.091958283	-0.054488723	0.016252551	0.025495215
0.093834983	-0.058168175	0.016410415	0.025894421
0.095711682	-0.061817726	0.016562366	0.02629928
0.097588382	-0.065430632	0.016706492	0.026711283
0.099465082	-0.069014145	0.016844928	0.027127931
0.101341781	-0.072563176	0.016977304	0.027551402
0.103218481	-0.076074861	0.017105281	0.027981292
0.105095181	-0.079537682	0.017227938	0.028420863
0.10697188	-0.082962291	0.017347841	0.028866108
0.10884858	-0.086334747	0.017464336	0.029321712
0.110725279	-0.089657882	0.017579182	0.029784191
0.112601979	-0.09292531	0.017692109	0.030256415
0.114478679	-0.096137476	0.017803686	0.030736909
0.116355378	-0.099288044	0.017914055	0.031227095
0.118232078	-0.102378566	0.018023868	0.031725887
0.120108778	-0.105409703	0.018132365	0.03223408
0.121985477	-0.108380175	0.018239982	0.032749612
0.123862177	-0.111293012	0.018343577	0.03327348
0.125738877	-0.114147227	0.018445079	0.033804122
0.127615576	-0.11694115	0.018542235	0.034342563
0.129492276	-0.119673988	0.018633582	0.034887597
0.131368976	-0.12234682	0.018719269	0.035438896
0.133245675	-0.124960636	0.018798671	0.035995511
0.135122375	-0.127515538	0.018871643	0.036557184
0.136999075	-0.130012314	0.018936834	0.037123544
0.138875774	-0.132451705	0.018995801	0.0376948
0.140752474	-0.134819553	0.019046453	0.038272106
0.142629174	-0.137122291	0.019090681	0.038855524
0.144505873	-0.139360052	0.019128147	0.039443873
0.146382573	-0.141537301	0.019159899	0.040036241
0.148259273	-0.143644942	0.019184588	0.0406337
0.150135972	-0.145684448	0.019203955	0.041236134
0.152012672	-0.147654863	0.019215594	0.041843706
0.153889371	-0.149552149	0.019221382	0.042456765
0.155766071	-0.15137742	0.019219368	0.043075643
0.157642771	-0.153124941	0.019211285	0.043700697
0.15951947	-0.154796389	0.01919576	0.04433157
0.16139617	-0.156394872	0.019174427	0.044967319
0.16327287	-0.157908047	0.019144145	0.045609967
0.165149569	-0.159344787	0.01910703	0.046257657
0.167026269	-0.160706111	0.019062446	0.046910165
0.168902969	-0.161988783	0.019010132	0.047567834
0.170779668	-0.16319307	0.018950181	0.048230611
0.172656368	-0.164311975	0.018883026	0.048898953
0.174533068	-0.165349443	0.018808283	0.049573235
0.176409767	-0.166300742	0.018725481	0.050253284
0.178286467	-0.167169472	0.018635563	0.050938373
0.180163167	-0.167950062	0.018537898	0.051628636
0.182039866	-0.168656044	0.018433514	0.052322886
0.183916566	-0.169271859	0.01832176	0.053022697
0.185793266	-0.169803571	0.018201821	0.053727107
0.187669965	-0.17024769	0.018074537	0.054436284
0.189546665	-0.170602967	0.017940044	0.055150748
0.191423365	-0.170868678	0.017797614	0.055870407
0.193300064	-0.171044807	0.017648576	0.056595106
0.195176764	-0.17113113	0.017491811	0.057324421
0.197053464	-0.171128027	0.017328342	0.058058082
0.198930163	-0.171034607	0.017157396	0.058795944
0.200806863	-0.170853377	0.016980149	0.059537582
0.202683562	-0.170579851	0.016795004	0.060283424
0.204560262	-0.170218021	0.016603868	0.061032717
0.206436962	-0.169764247	0.016406079	0.061785355
0.208313661	-0.169219157	0.016202855	0.062542124
0.210190361	-0.168582162	0.015991452	0.06330257
0.212067061	-0.167853772	0.015773325	0.064066821
0.21394376	-0.16702799	0.015550229	0.064835956
0.21582046	-0.166115876	0.015319731	0.065607058
0.21769716	-0.165108045	0.015084014	0.066382237
0.219573859	-0.164009621	0.01484168	0.067160032
0.221450559	-0.16281917	0.01459403	0.067940253
0.223327259	-0.161534627	0.014341068	0.068723824
0.225203958	-0.160158751	0.014082285	0.069509009
0.227080658	-0.158690773	0.013819455	0.070296929
0.228957358	-0.15712596	0.013550541	0.071087732
0.230834057	-0.155469234	0.013277223	0.071880682
0.232710757	-0.153713732	0.012997979	0.072676837
0.234587457	-0.151870014	0.012714532	0.073473423
0.236464156	-0.149926385	0.012426436	0.074273594
0.238340856	-0.147893055	0.012134194	0.075074417
0.240217556	-0.145760594	0.01183778	0.075878086
0.242094255	-0.143535184	0.011538944	0.076684104
0.243970955	-0.14121331	0.011234287	0.077491572
0.245847654	-0.138799859	0.010929312	0.078300912
0.247724354	-0.136286012	0.0106195	0.079112977
0.249601054	-0.133683009	0.010307462	0.079924721
0.251477753	-0.130981403	0.009993793	0.080738308
0.253354453	-0.12818429	0.009679158	0.081552626
0.255231153	-0.125291853	0.009361779	0.08236673
0.257107852	-0.122305937	0.009044199	0.083179979
0.258984552	-0.119217532	0.008727602	0.083992622
0.260861252	-0.116038004	0.008410752	0.084803928
0.262737951	-0.112765653	0.008094696	0.08561539
0.264614651	-0.109396384	0.00777912	0.0864303
0.266491351	-0.105933799	0.007460909	0.087248167
0.26836805	-0.102383231	0.007142987	0.088067237
0.27024475	-0.098740968	0.006822476	0.088886783
0.27212145	-0.095007625	0.0065072	0.089707689
0.273998149	-0.091183792	0.006189555	0.090527552
0.275874849	-0.087267696	0.005875507	0.091348834
0.277751549	-0.083262008	0.005561684	0.092168317
0.279628248	-0.079161868	0.00525189	0.092989734
0.281504948	-0.074971657	0.004942624	0.093809589
0.283381648	-0.070695371	0.004637896	0.094627998
0.285258347	-0.066326414	0.00433549	0.09544607
0.287135047	-0.0618701	0.004035298	0.096263936
0.289011746	-0.057324657	0.003738076	0.097082286
0.290888446	-0.052694398	0.003444312	0.097899856
0.292765146	-0.047979444	0.003154583	0.098714069
0.294641845	-0.043180755	0.002872493	0.09952491
0.296518545	-0.038297053	0.002595703	0.100332061
0.298395245	-0.033332644	0.002327385	0.101134979
0.300271944	-0.028283565	0.002063417	0.101933814
0.302148644	-0.023153974	0.001810271	0.102727233
0.304025344	-0.017935496	0.001562323	0.103518366
0.305902043	-0.012636557	0.001323081	0.104304137
0.307778743	-0.00725081	0.001092273	0.105084531
0.309655443	-0.001783808	0.000868993	0.105858868
0.311532142	0.003766335	0.000655074	0.106627076
0.313408842	0.009399777	0.000449246	0.107391247
0.315285542	0.015113004	0.000255162	0.108147433
0.317162241	0.020910452	7.27E-05	0.108896185
0.319038941	0.02678694	-9.51E-05	0.109639419
0.320915641	0.032742127	-0.000250163	0.110380299
0.32279234	0.038778726	-0.000397207	0.11112041
0.32466904	0.044896421	-0.000533322	0.111861097
0.32654574	0.051091983	-0.000661096	0.112600444
0.328422439	0.057369265	-0.000775274	0.113339924
0.330299139	0.063723837	-0.000879503	0.114076734
0.332175838	0.070154482	-0.000970834	0.114811104
0.334052538	0.076664454	-0.001050066	0.115543312
0.335929238	0.083251004	-0.001116978	0.116272617
0.337805937	0.089917059	-0.001171315	0.116999058
0.339682637	0.096661759	-0.001212966	0.117723064
0.341559337	0.103484408	-0.001245164	0.118443937
0.343436036	0.11038648	-0.001263756	0.119162674
0.345312736	0.117365767	-0.001269981	0.119877874
0.347189436	0.124420503	-0.001263578	0.120590048
0.349066135	0.131545903	-0.001243625	0.121297533
0.350942835	0.138745573	-0.001209912	0.122003053
0.352819535	0.146017075	-0.00116394	0.12270496
0.354696234	0.153358721	-0.001103861	0.123404293
0.356572934	0.160771516	-0.00103219	0.124100262
0.358449634	0.168250171	-0.000945812	0.124789651
0.360326333	0.175797382	-0.000843262	0.125471885
0.362203033	0.183405553	-0.000725109	0.126145331
0.364079733	0.19107375	-0.000589371	0.126808408
0.365956432	0.198801807	-0.000440081	0.127466043
0.367833132	0.20658737	-0.000275313	0.128115767
0.369709832	0.21442762	-9.57E-05	0.128755829
0.371586531	0.222324901	0.000100054	0.129387056
0.373463231	0.230279474	0.000310475	0.130009491
0.37533993	0.23828992	0.000536675	0.130622345
0.37721663	0.246359162	0.000776973	0.131225644
0.37909333	0.254483662	0.00103771	0.131815526
0.380970029	0.262664729	0.00132008	0.132391604
0.382846729	0.270901588	0.001621666	0.132959859
0.384723429	0.279197404	0.001939497	0.133525343
0.386600128	0.287548146	0.002275255	0.134088288
0.388476828	0.295958869	0.002629226	0.13464888
0.390353528	0.304428129	0.003002479	0.135206864
0.392230227	0.312956202	0.0033959	0.135761773
0.394106927	0.32154321	0.003808793	0.136313173
0.395983627	0.330187831	0.004241993	0.136861136
0.397860326	0.338891481	0.004693158	0.137406074
0.399737026	0.347645997	0.005164371	0.137947676
0.401613726	0.35645517	0.005654755	0.138485437
0.403490425	0.365326911	0.006163755	0.139022414
0.405367125	0.374249152	0.006690443	0.139556227
0.407243825	0.383222528	0.007236635	0.140087441
0.409120524	0.392248291	0.007802093	0.140616241
0.410997224	0.401323644	0.008386705	0.141142181
0.412873924	0.41044832	0.008989859	0.14166504
0.414750623	0.419619929	0.009612175	0.142184254
0.416627323	0.428838831	0.010253819	0.142700353
0.418504022	0.438100469	0.01091518	0.143212634
0.420380722	0.447403413	0.01159621	0.14372075
0.422257422	0.456748544	0.012298321	0.144226068
0.424134121	0.466132781	0.01302153	0.144727072
0.426010821	0.475553877	0.013765208	0.14522178
0.427887521	0.485011235	0.014528741	0.145709599
0.42976422	0.494504885	0.015311034	0.146189413
0.43164092	0.504028829	0.016111617	0.146659483
0.43351762	0.513581401	0.016930948	0.147119068
0.435394319	0.523159546	0.017768723	0.147568589
0.437271019	0.532760181	0.018624561	0.148007855
0.439147719	0.542382183	0.019498494	0.148437073
0.441024418	0.552022674	0.020389857	0.148856056
0.442901118	0.561680412	0.02129804	0.14926502
0.444777818	0.571355645	0.022223037	0.149664855
0.446654517	0.581048264	0.023164426	0.150056151
0.448531217	0.590756667	0.024122643	0.150438399
0.450407917	0.600476013	0.025098331	0.150813674
0.452284616	0.610205978	0.026093785	0.151184225
0.454161316	0.619950826	0.027106312	0.151546987
0.456038016	0.629710881	0.02813555	0.151901428
0.457914715	0.639484801	0.029180812	0.152246625
0.459791415	0.649272388	0.030240425	0.152581149
0.461668114	0.65907264	0.03131486	0.152905452
0.463544814	0.668882676	0.03240445	0.153220863
0.465421514	0.678701572	0.033508926	0.153528661
0.467298213	0.688528655	0.034626538	0.153830115
0.469174913	0.698359136	0.035757341	0.154124814
0.471051613	0.708193587	0.036901572	0.154411862
0.472928312	0.718028914	0.038059412	0.154690826
0.474805012	0.727861477	0.039231983	0.154960053
0.476681712	0.73768894	0.040416854	0.155222672
0.478558411	0.747508955	0.041616478	0.15548314
0.480435111	0.757322029	0.042831177	0.155738185
0.482311811	0.767129954	0.044058437	0.155984479
0.48418851	0.77693384	0.045296884	0.156220968
0.48606521	0.786730233	0.04654412	0.156444125
0.48794191	0.796519883	0.047800592	0.156655225
0.489818609	0.806299425	0.049068377	0.156854242
0.491695309	0.816067423	0.05034803	0.157041693
0.493572009	0.825820289	0.051638353	0.157219833
0.495448708	0.83555609	0.052936796	0.157389194
0.497325408	0.845275298	0.054244381	0.157549861
0.499202108	0.854972928	0.055556365	0.157701413
0.501078807	0.8646516	0.056878107	0.157850011
0.502955507	0.874311942	0.058208528	0.157996498
0.504832207	0.883958964	0.059543783	0.158132404
0.506708906	0.8935915	0.060885286	0.158250706
0.508585606	0.903203037	0.062234904	0.158347252
0.510462305	0.912792807	0.06358755	0.158427639
0.512339005	0.922360289	0.064945161	0.158499408
0.514215705	0.931906048	0.066308129	0.1585644
0.516092404	0.941426136	0.067678728	0.158624599
0.517969104	0.950919786	0.069055247	0.158680519
0.519845804	0.960385067	0.070437682	0.158732552
0.521722503	0.969819188	0.071821498	0.158777599
0.523599203	0.979220961	0.07321577	0.158825633
0.525475903	0.98859194	0.074618672	0.15887174
0.527352602	0.997934098	0.076025524	0.158909501
0.529229302	1.007243204	0.07743018	0.158934932
0.531106002	1.016516057	0.078831129	0.158947036
0.532982701	1.025748179	0.080227737	0.15894495
0.534859401	1.034941048	0.081621926	0.158930822
0.536736101	1.044097534	0.083014292	0.158906805
0.5386128	1.053213236	0.084405293	0.15887417
0.5404895	1.062289367	0.085794035	0.15883318
0.5423662	1.071319542	0.087179965	0.158785657
0.544242899	1.080296275	0.088555854	0.158726411
0.546119599	1.08922189	0.089934473	0.158668629
0.547996299	1.098089207	0.09131403	0.158605872
0.549872998	1.1069093	0.09268822	0.15853002
0.551749698	1.115668605	0.094050524	0.158434647
0.553626397	1.1243681	0.095399168	0.158318183
0.555503097	1.133001411	0.096734147	0.158179782
0.557379797	1.141567602	0.098055854	0.158020558
0.559256496	1.150063058	0.099365636	0.157841761
0.561133196	1.158494423	0.100664036	0.15764462
0.563009896	1.166853085	0.101948873	0.157429583
0.564886595	1.175138089	0.103219502	0.157197857
0.566763295	1.183350789	0.104478694	0.156953093
0.568639995	1.191474912	0.105716193	0.156691047
0.570516694	1.199522955	0.106949011	0.156427102
0.572393394	1.207499794	0.108177093	0.156158167
0.574270094	1.21540788	0.109391845	0.155874366
0.576146793	1.223245642	0.110584316	0.155571425
0.578023493	1.23101508	0.111755489	0.155248999
0.579900193	1.238712362	0.112906266	0.154911129
0.581776892	1.246343033	0.114041189	0.154559726
0.583653592	1.253906008	0.11516016	0.154197112
0.585530292	1.261401198	0.116262291	0.153825323
0.587406991	1.268828819	0.117349405	0.153446132
0.589283691	1.276190556	0.118418569	0.153060425
0.591160391	1.283481548	0.119469919	0.152668945
0.59303709	1.290709817	0.120508121	0.152276837
0.59491379	1.297857848	0.121525193	0.151880253
0.596790489	1.304927049	0.122523553	0.151481751
0.598667189	1.311923494	0.123524052	0.151094363
0.600543889	1.318855851	0.124508622	0.150698611
0.602420588	1.32571361	0.125467545	0.15028686
0.604297288	1.332494424	0.126398712	0.149859047
0.606173988	1.339191422	0.127304231	0.149416121
0.608050687	1.345809726	0.12818715	0.148960475
0.609927387	1.352349204	0.129046974	0.148494676
0.611804087	1.358811379	0.12988612	0.14801998
0.613680786	1.36519569	0.130703265	0.147537308
0.615557486	1.371500384	0.131497758	0.147046277
0.617434186	1.377731424	0.132270292	0.146547488
0.619310885	1.383882515	0.133020805	0.146042824
0.621187585	1.389952999	0.13375134	0.145536974
0.623064285	1.395924432	0.134447784	0.145022785
0.624940984	1.401801673	0.135138123	0.144520608
0.626817684	1.407609754	0.135818201	0.1440194
0.628694384	1.413337316	0.136470538	0.14350781
0.630571083	1.418977826	0.137090063	0.142979516
0.632447783	1.42452589	0.137676731	0.142433376
0.634324483	1.429987537	0.138234955	0.141872857
0.636201182	1.43536085	0.138765429	0.141302245
0.638077882	1.440650984	0.139270315	0.140721473
0.639954581	1.445860048	0.139749474	0.14013432
0.641831281	1.450987874	0.140199464	0.139548777
0.643707981	1.45604488	0.140619315	0.13896521
0.64558468	1.46101808	0.141018555	0.138371147
0.64746138	1.46590408	0.141391421	0.137775939
0.64933808	1.470703819	0.141756303	0.137187962
0.651214779	1.475428108	0.142109561	0.136600976
0.653091479	1.480075711	0.142438524	0.136007573
0.654968179	1.484637268	0.142734168	0.135404927
0.656844878	1.489111348	0.142997459	0.134793445
0.658721578	1.493495141	0.143231976	0.134174004
0.660598278	1.497791455	0.143441533	0.133549066
0.662474977	1.502001507	0.143627077	0.132920305
0.664351677	1.506122729	0.143787902	0.132287401
0.666228377	1.510158666	0.143925051	0.131651312
0.668105076	1.514106658	0.144036851	0.131014206
0.669981776	1.517963054	0.144122158	0.13037598
0.671858476	1.521734372	0.144183141	0.129739375
0.673735175	1.525402461	0.144213991	0.129099317
0.675611875	1.528979256	0.144223933	0.128464538
0.677488575	1.532458666	0.144223061	0.127835201
0.679365274	1.535855557	0.144192446	0.127197436
0.681241974	1.539141108	0.144126732	0.126544653
0.683118673	1.542321143	0.144022451	0.125874858
0.684995373	1.545388203	0.143881385	0.125187099
0.686872073	1.54833814	0.143703244	0.124482
0.688748772	1.551171937	0.143489661	0.123760582
0.690625472	1.553895816	0.143240775	0.123020475
0.692502172	1.556497148	0.142951384	0.122265248
0.694378871	1.558981081	0.142628321	0.121494716
0.696255571	1.561349737	0.142269726	0.120708868
0.698132271	1.563602387	0.141874765	0.119908775
0.70000897	1.565744316	0.141444604	0.119098234
0.70188567	1.567769687	0.140983819	0.118276665
0.70376237	1.569685449	0.140492087	0.117448124
0.705639069	1.571495025	0.13996932	0.116613196
0.707515769	1.573192586	0.139421395	0.115772648
0.709392469	1.574786139	0.138843778	0.114926224
0.711269168	1.576277405	0.138241981	0.114078664
0.713145868	1.577667497	0.13762483	0.113236918
0.715022568	1.578969249	0.13698579	0.112396387
0.716899267	1.580178542	0.136321433	0.111556534
0.718775967	1.581295083	0.135627041	0.11071578
0.720652667	1.582312376	0.13490698	0.109863592
0.722529366	1.583245	0.134161935	0.109008289
0.724406066	1.584089874	0.133393592	0.108147799
0.726282765	1.584837146	0.132603234	0.107285154
0.728159465	1.585500835	0.131791593	0.106426256
0.730036165	1.586076246	0.130960314	0.105572599
0.731912864	1.586572655	0.130113674	0.104728222
0.733789564	1.586982548	0.129246636	0.103891212
0.735666264	1.58730664	0.12836145	0.103061329
0.737542963	1.587549225	0.127464812	0.102239639
0.739419663	1.587698207	0.126545396	0.101421842
0.741296363	1.587760482	0.125615288	0.100610452
0.743173062	1.587736819	0.124669132	0.099804994
0.745049762	1.587619544	0.123704307	0.099002099
0.746926462	1.58740415	0.122721011	0.098200794
0.748803161	1.587101036	0.121717525	0.097405457
0.750679861	1.586699685	0.120700374	0.096613104
0.752556561	1.586204408	0.119675769	0.095824892
0.75443326	1.585612241	0.118637531	0.09504015
0.75630996	1.584931602	0.117584907	0.094254914
0.75818666	1.584149072	0.116507241	0.093465782
0.760063359	1.583259196	0.115411295	0.092669938
0.761940059	1.582267567	0.114292046	0.091868267
0.763816759	1.581175697	0.113153255	0.091061284
0.765693458	1.579976097	0.111987812	0.090248692
0.767570158	1.578671228	0.110805935	0.089430862
0.769446857	1.577275783	0.109603228	0.088612912
0.771323557	1.575767059	0.10838368	0.087787505
0.773200257	1.574165102	0.107141764	0.086962527
0.775076956	1.572453194	0.105883282	0.086132502
0.776953656	1.570648425	0.10460935	0.085304077
0.778830356	1.568741113	0.103317125	0.084474812
0.780707055	1.566737311	0.102008316	0.083644444
0.782583755	1.564629498	0.100686951	0.082808484
0.784460455	1.562420582	0.099344942	0.0819719
0.786337154	1.560123879	0.09799766	0.081138246
0.788213854	1.55773857	0.096639823	0.080308386
0.790090554	1.555263934	0.095265603	0.079486312
0.791967253	1.552697722	0.093876684	0.078667645
0.793843953	1.55005515	0.092486821	0.077848117
0.795720653	1.547322369	0.091086088	0.077031931
0.797597352	1.544506826	0.089677	0.076217401
0.799474052	1.541616288	0.088269692	0.075412227
0.801350752	1.538637047	0.086857196	0.074614656
0.803227451	1.535581775	0.085444132	0.073828346
0.805104151	1.532447416	0.084038172	0.073056392
0.806980851	1.529234839	0.082639549	0.072300999
0.80885755	1.525957188	0.081241682	0.071560636
0.81073425	1.522591755	0.079851869	0.070827166
0.812610949	1.519139474	0.078454495	0.070098144
0.814487649	1.51561527	0.077058002	0.069378616
0.816364349	1.51199815	0.075654219	0.068660443
0.818241048	1.508299063	0.074252409	0.067947759
0.820117748	1.5045127	0.072845948	0.067238952
0.821994448	1.500638467	0.071434086	0.066533973
0.823871147	1.496682657	0.070014537	0.065832761
0.825747847	1.492634564	0.068592021	0.065132482
0.827624547	1.488501828	0.067164792	0.064434151
0.829501246	1.484275054	0.065729894	0.063735301
0.831377946	1.479952198	0.064291689	0.06303215
0.833254646	1.475538669	0.0628485	0.062329078
0.835131345	1.471031186	0.06140306	0.061623531
0.837008045	1.466423631	0.059953338	0.060914176
0.838884745	1.461720351	0.058500549	0.060200503
0.840761444	1.456926497	0.057046787	0.059486586
0.842638144	1.452044025	0.055586525	0.058772394
0.844514844	1.447066982	0.054132256	0.058056017
0.846391543	1.442006645	0.052675657	0.057342141
0.848268243	1.436864116	0.051221172	0.05663053
0.850144943	1.431638683	0.049771669	0.055921358
0.852021642	1.426333257	0.048326832	0.055215993
0.853898342	1.420954578	0.046886565	0.054516312
0.855775042	1.415501061	0.045451697	0.053827755
0.857651741	1.409988191	0.044017813	0.053154243
0.859528441	1.40440829	0.042596378	0.052479586
0.86140514	1.398769647	0.041180573	0.051815905
0.86328184	1.393059588	0.039777851	0.051155054
0.86515854	1.387287732	0.038385989	0.050502965
0.867035239	1.381447909	0.03700648	0.049862102
0.868911939	1.375548797	0.035641297	0.049234479
0.870788639	1.36957717	0.034287265	0.048616911
0.872665338	1.363544584	0.032944326	0.048013003
0.874542038	1.357444866	0.031616097	0.047418711
0.876418738	1.351279249	0.030302018	0.046834969
0.878295437	1.345043687	0.029000012	0.046257527
0.880172137	1.338748524	0.027706997	0.045688711
0.882048837	1.33237999	0.026427088	0.045121381
0.883925536	1.325953585	0.025151008	0.044559027
0.885802236	1.319458153	0.02388687	0.044000484
0.887678936	1.312900038	0.022636918	0.043451071
0.889555635	1.306284722	0.021401455	0.042909228
0.891432335	1.299604302	0.020174504	0.042374387
0.893309035	1.292860515	0.018962966	0.04184722
0.895185734	1.286052097	0.017762064	0.041324723
0.897062434	1.279178665	0.016573357	0.040807625
0.898939134	1.272236509	0.015399209	0.040293105
0.900815833	1.265226615	0.014241828	0.039780776
0.902692533	1.258151006	0.013098015	0.039271833
0.904569232	1.251013579	0.011971966	0.03876708
0.906445932	1.243806254	0.010857852	0.038264097
0.908322632	1.236532902	0.009760276	0.037763901
0.910199331	1.229210622	0.008682239	0.037271872
0.912076031	1.221823063	0.007618197	0.036783746
0.913952731	1.214379011	0.006571294	0.036302177
0.91582943	1.206885223	0.00554392	0.035827004
0.91770613	1.199343118	0.004537409	0.035359143
0.91958283	1.191749846	0.003541614	0.034900375
0.921459529	1.184108995	0.002564517	0.034446593
0.923336229	1.176424405	0.001602319	0.03399444
0.925212929	1.168701425	0.000658242	0.033550982
0.927089628	1.160937566	-0.000264879	0.033113071
0.928966328	1.153135751	-0.001168022	0.032684574
0.930843028	1.145297833	-0.002054047	0.032269493
0.932719727	1.137423806	-0.002923998	0.031867754
0.934596427	1.129503879	-0.003773458	0.031473515
0.936473127	1.121551284	-0.004602171	0.03109043
0.938349826	1.113554581	-0.005412819	0.030712943
0.940226526	1.105533592	-0.006211272	0.03034432
0.942103226	1.097473345	-0.006985345	0.029984518
0.943979925	1.089393093	-0.007739404	0.029636932
0.945856625	1.081280095	-0.008476496	0.029297787
0.947733324	1.073144077	-0.009195122	0.028972023
0.949610024	1.064981412	-0.009892665	0.028655732
0.951486724	1.056803343	-0.010572572	0.028352856
0.953363423	1.048601415	-0.011224959	0.028062799
0.955240123	1.040381913	-0.01186332	0.027782833
0.957116823	1.032133013	-0.012484868	0.027511505
0.958993522	1.023862032	-0.013086471	0.027251244
0.960870222	1.015560968	-0.01366857	0.027000822
0.962746922	1.007234027	-0.014231976	0.026761579
0.964623621	0.998877126	-0.014769388	0.026533827
0.966500321	0.9904898	-0.015287356	0.026312582
0.968377021	0.982066084	-0.015779438	0.02609736
0.97025372	0.973613175	-0.016244013	0.025891031
0.97213042	0.965123401	-0.016683676	0.025690385
0.97400712	0.956602409	-0.017094076	0.025490493
0.975883819	0.948054182	-0.017487186	0.02530181
0.977760519	0.939481606	-0.017862308	0.025121474
0.979637219	0.930881978	-0.018215431	0.024930382
0.981513918	0.922260446	-0.018545734	0.024737413
0.983390618	0.913619915	-0.018856852	0.024545437
0.985267318	0.904958335	-0.019151373	0.02435427
0.987144017	0.89627962	-0.019433144	0.024169233
0.989020717	0.887585646	-0.019699256	0.02399007
0.990897416	0.878882949	-0.019950838	0.023819581
0.992774116	0.870164107	-0.020186214	0.023651426
0.994650816	0.861447631	-0.020409689	0.023490747
0.996527515	0.852725202	-0.020614128	0.023338576
0.998404215	0.844009358	-0.020802271	0.023195905
1.000280915	0.835300531	-0.020970879	0.023063279
1.002157614	0.826605371	-0.021122859	0.022943113
1.004034314	0.817920574	-0.021251712	0.022835587
1.005911014	0.80925734	-0.021363727	0.022743311
1.007787713	0.800615104	-0.021461933	0.022663516
1.009664413	0.791994574	-0.021541682	0.022601004
1.011541113	0.783390021	-0.021607598	0.022551035
1.013417812	0.774814665	-0.021658996	0.022517419
1.015294512	0.766258862	-0.021693304	0.022499438
1.017171212	0.757730789	-0.021709779	0.022498542
1.019047911	0.749232116	-0.021709685	0.022514059
1.020924611	0.740756377	-0.021688844	0.022546193
1.022801311	0.732303868	-0.02165459	0.022587823
1.02467801	0.723868071	-0.021603896	0.022636191
1.02655471	0.715456888	-0.021550519	0.022701855
1.02843141	0.707047584	-0.021493191	0.02276609
1.030308109	0.698641105	-0.021419847	0.022832276
1.032184809	0.69022458	-0.021328572	0.022907188
1.034061508	0.681806455	-0.02120433	0.023006974
1.035938208	0.673386536	-0.021055207	0.023120785
1.037814908	0.664956427	-0.020882291	0.023240105
1.039691607	0.656509378	-0.020690871	0.023353879
1.041568307	0.648051722	-0.020475601	0.023460707
1.043445007	0.639587267	-0.020236512	0.023558159
1.045321706	0.631124512	-0.019973085	0.023647204
1.047198406	0.622674836	-0.019690249	0.023730561
1.049075106	0.614242131	-0.019392853	0.023810499
1.050951805	0.605834888	-0.019085157	0.023890553
1.052828505	0.597456224	-0.018769561	0.023973333
1.054705205	0.589118142	-0.018450453	0.024064038
1.056581904	0.580817039	-0.018126233	0.02416283
1.058458604	0.572560625	-0.017798085	0.02427247
1.060335304	0.564352483	-0.017466819	0.02439465
1.062212003	0.556195938	-0.017131191	0.024530232
1.064088703	0.548097598	-0.016789451	0.024683213
1.065965403	0.540067062	-0.016441954	0.024856046
1.067842102	0.532108341	-0.01608814	0.025049909
1.069718802	0.524232487	-0.015730784	0.02526725
1.071595502	0.516444908	-0.015365491	0.025512818
1.073472201	0.508744052	-0.014991414	0.025785082
1.075348901	0.501133607	-0.014610897	0.026083446
1.0772256	0.493603683	-0.014220276	0.026403792
1.0791023	0.486151009	-0.01383043	0.026738004
1.080979	0.478756799	-0.013434715	0.027077156
1.082855699	0.471429985	-0.013048741	0.027433557
1.084732399	0.46414421	-0.012664812	0.027792575
1.086609099	0.45689857	-0.012276227	0.028146459
1.088485798	0.449686489	-0.011881303	0.028500023
1.090362498	0.44251398	-0.011489729	0.028852824
1.092239198	0.435372454	-0.011098079	0.029205934
1.094115897	0.428258421	-0.0107089	0.029555161
1.095992597	0.421176749	-0.010323442	0.029899188
1.097869297	0.414126203	-0.009939778	0.030238604
1.099745996	0.407113526	-0.009558237	0.030573779
1.101622696	0.400138143	-0.009177017	0.030907176
1.103499396	0.393215166	-0.008793066	0.031244061
1.105376095	0.386348023	-0.008406428	0.031584357
1.107252795	0.379522459	-0.008021285	0.031923646
1.109129495	0.372749277	-0.007638768	0.03226691
1.111006194	0.366015984	-0.007268371	0.032607783
1.112882894	0.359325975	-0.006896929	0.032960656
1.114759594	0.352691279	-0.006507215	0.033335775
1.116636293	0.346119021	-0.006099662	0.033732281
1.118512993	0.33960423	-0.005683314	0.034137458
1.120389692	0.333136787	-0.005263276	0.034540666
1.122266392	0.326722729	-0.004836409	0.034942503
1.124143092	0.320368241	-0.004401706	0.03534135
1.126019791	0.314073366	-0.003961111	0.035736726
1.127896491	0.307849311	-0.003515517	0.03612902
1.129773191	0.301700043	-0.003065157	0.036518084
1.13164989	0.295627863	-0.002613357	0.036906504
1.13352659	0.289639923	-0.002164891	0.037295269
1.13540329	0.283740189	-0.00172655	0.037687677
1.137279989	0.277937212	-0.001301386	0.038085544
1.139156689	0.272233984	-0.000887896	0.038494137
1.141033389	0.266640101	-0.000484534	0.038920904
1.142910088	0.261165565	-9.20E-05	0.039365865
1.144786788	0.255814637	0.000283898	0.039840934
1.146663488	0.250602197	0.000652606	0.04034271
1.148540187	0.245518142	0.001014961	0.040874771
1.150416887	0.240563573	0.001366295	0.041432527
1.152293587	0.235737477	0.001701781	0.042015539
1.154170286	0.231018879	0.002030843	0.042619188
1.156046986	0.226411474	0.002346204	0.043239729
1.157923686	0.221904791	0.002649945	0.043870655
1.159800385	0.217495827	0.002945183	0.044512807
1.161677085	0.21317425	0.003232684	0.045162141
1.163553785	0.208936378	0.003506791	0.045814891
1.165430484	0.204775623	0.003771189	0.046468827
1.167307184	0.200683373	0.004021593	0.0471168
1.169183883	0.196659832	0.004259385	0.047760152
1.171060583	0.192701093	0.004481352	0.048395384
1.172937283	0.188809423	0.004688757	0.049026574
1.174813982	0.184988748	0.004885651	0.049652409
1.176690682	0.18123473	0.005077882	0.05027107
1.178567382	0.177549853	0.005262017	0.050880804
1.180444081	0.173932921	0.005437296	0.051483838
1.182320781	0.170392732	0.005600951	0.052082528
1.184197481	0.166925953	0.005755318	0.05267275
1.18607418	0.16353773	0.005898351	0.053254057
1.18795088	0.160229942	0.006033343	0.053828201
1.18982758	0.15701228	0.006160364	0.054402956
1.191704279	0.153878361	0.006276656	0.054980587
1.193580979	0.150834938	0.006381164	0.05556006
1.195457679	0.147873913	0.006478033	0.056138331
1.197334378	0.145002202	0.006565591	0.056716464
1.199211078	0.142227101	0.006643787	0.05729737
1.201087778	0.139551712	0.006709542	0.057881575
1.202964477	0.136977708	0.006770063	0.058472287
1.204841177	0.134517169	0.006822708	0.059071755
1.206717877	0.132171738	0.006866305	0.05968301
1.208594576	0.129945978	0.006900278	0.060309451
1.210471276	0.127851033	0.006929267	0.060955858
1.212347975	0.125882974	0.006950662	0.061620421
1.214224675	0.124044108	0.006962527	0.062301986
1.216101375	0.122341647	0.006963314	0.063003133
1.217978074	0.120764816	0.006956187	0.0637223
1.219854774	0.119315574	0.006947916	0.06445447
1.221731474	0.118021017	0.006920432	0.065225552
1.223608173	0.11685018	0.006897578	0.06600864
1.225484873	0.115799257	0.006874761	0.066810756
1.227361573	0.114872596	0.006845108	0.067632455
1.229238272	0.114073692	0.006811755	0.068470038
1.231114972	0.113410055	0.006772494	0.069321303
1.232991672	0.112884076	0.006730263	0.070192506
1.234868371	0.112487461	0.006689398	0.071077344
1.236745071	0.112214629	0.00664657	0.071969906
1.238621771	0.11206461	0.00660178	0.072868385
1.24049847	0.112030262	0.006551971	0.073772639
1.24237517	0.112102448	0.006495017	0.074677203
1.24425187	0.11227441	0.006428915	0.075575254
1.246128569	0.112537518	0.00635258	0.076464337
1.248005269	0.112885211	0.006262827	0.077342955
1.249881969	0.113309134	0.006161955	0.078208958
1.251758668	0.113806649	0.006047856	0.079061195
1.253635368	0.114372136	0.005919579	0.079897914
1.255512067	0.114998606	0.005777705	0.080717153
1.257388767	0.115678962	0.005618787	0.081518414
1.259265467	0.116393966	0.00544974	0.082305808
1.261142166	0.117141993	0.005281737	0.0830902
1.263018866	0.11794072	0.005115342	0.08387143
1.264895566	0.11880126	0.004951414	0.084647597
1.266772265	0.119728147	0.004781508	0.085401986
1.268648965	0.120730456	0.00460333	0.086130505
1.270525665	0.121810121	0.004422543	0.086835031
1.272402364	0.122965772	0.004241333	0.087516368
1.274279064	0.124203436	0.004060138	0.088179162
1.276155764	0.125523271	0.003877262	0.088826967
1.278032463	0.126929112	0.003690449	0.089463785
1.279909163	0.128424887	0.003500435	0.090093447
1.281785863	0.130015476	0.003304324	0.090717807
1.283662562	0.131703683	0.003100799	0.091339399
1.285539262	0.133494449	0.002891582	0.091961262
1.287415962	0.135396902	0.002673925	0.092586067
1.289292661	0.137418565	0.0024488	0.093217571
1.291169361	0.139567832	0.002217362	0.093860848
1.293046061	0.141849548	0.001980778	0.094519971
1.29492276	0.144271841	0.001741033	0.095197248
1.29679946	0.146826714	0.001495616	0.095888081
1.298676159	0.149514787	0.001246151	0.09659337
1.300552859	0.152325134	0.000997908	0.097311124
1.302429559	0.155262089	0.000744947	0.098039985
1.304306258	0.15831905	0.000493079	0.098779487
1.306182958	0.161491203	0.000239949	0.099523363
1.308059658	0.164767739	-1.17E-05	0.100270242
1.309936357	0.1681429	-0.000266916	0.101015238
1.311813057	0.171610307	-0.000519418	0.101758934
1.313689757	0.175167932	-0.000774276	0.102497402
1.315566456	0.178811451	-0.001028105	0.103230069
1.317443156	0.182543657	-0.001281173	0.103955951
1.319319856	0.186359213	-0.001524818	0.104674821
1.321196555	0.190263422	-0.001763706	0.105388815
1.323073255	0.194250629	-0.001995639	0.106098256
1.324949955	0.19832461	-0.00222445	0.106802386
1.326826654	0.202484679	-0.002446137	0.107501928
1.328703354	0.206736363	-0.002666389	0.108196352
1.330580054	0.21108056	-0.002882314	0.108887822
1.332456753	0.215521109	-0.00309278	0.109575463
1.334333453	0.220059299	-0.003294063	0.110261785
1.336210153	0.224692266	-0.003482391	0.110942257
1.338086852	0.229424573	-0.003664166	0.111621058
1.339963552	0.234259039	-0.003839075	0.112290362
1.341840251	0.239198004	-0.004004643	0.112953562
1.343716951	0.244238081	-0.004164406	0.113619314
1.345593651	0.249379959	-0.004318725	0.114282829
1.34747035	0.254629793	-0.004465981	0.114952675
1.34934705	0.259985527	-0.00460616	0.115633674
1.35122375	0.265442793	-0.004731188	0.116320657
1.353100449	0.27101357	-0.004843844	0.117017553
1.354977149	0.276688918	-0.004943044	0.117727884
1.356853849	0.282472798	-0.005027984	0.118449124
1.358730548	0.288375976	-0.005097087	0.119185921
1.360607248	0.294395444	-0.005149585	0.119937251
1.362483948	0.300535483	-0.005187761	0.120703341
1.364360647	0.306794844	-0.005207499	0.121489509
1.366237347	0.313179217	-0.005209635	0.122293801
1.368114047	0.319689079	-0.005195856	0.123116999
1.369990746	0.326329301	-0.005167619	0.123958615
1.371867446	0.333089265	-0.005123449	0.124816172
1.373744146	0.339973091	-0.005057803	0.125687249
1.375620845	0.346976478	-0.004968219	0.126573881
1.377497545	0.354102217	-0.004860911	0.127471364
1.379374245	0.361326793	-0.004735822	0.128372154
1.381250944	0.368646327	-0.004589463	0.129272874
1.383127644	0.376046388	-0.004428183	0.13016325
1.385004343	0.383514182	-0.004252503	0.13104162
1.386881043	0.3910298	-0.004066006	0.131902421
1.388757743	0.398582912	-0.003864121	0.132742845
1.390634442	0.406155879	-0.003652658	0.133553444
1.392511142	0.413740537	-0.003435031	0.134328947
1.394387842	0.421307674	-0.003222197	0.135053847
1.396264541	0.428848131	-0.002988317	0.135759414
1.398141241	0.436377107	-0.002729585	0.136447909
1.400017941	0.443886042	-0.002442316	0.137120728
1.40189464	0.451372838	-0.002137001	0.137760612
1.40377134	0.458857672	-0.001814396	0.138366555
1.40564804	0.466359876	-0.001477374	0.138933107
1.407524739	0.473891464	-0.001122349	0.139466463
1.409401439	0.48146557	-0.000744358	0.139975083
1.411278139	0.489083722	-0.000344048	0.140462607
1.413154838	0.496754133	7.41E-05	0.140933385
1.415031538	0.504481468	0.000508299	0.141390347
1.416908238	0.512269119	0.000956087	0.141839006
1.418784937	0.520125846	0.001416805	0.142285502
1.420661637	0.528055161	0.001893125	0.142735923
1.422538337	0.53606785	0.002381532	0.143192729
1.424415036	0.544161625	0.002882421	0.143658149
1.426291736	0.552341968	0.003399063	0.144135592
1.428168435	0.560598264	0.003931908	0.144620685
1.430045135	0.568931288	0.004482042	0.145111201
1.431921835	0.577333649	0.005043832	0.145609624
1.433798534	0.585793572	0.005620586	0.146107611
1.435675234	0.594309553	0.006209252	0.146602925
1.437551934	0.602872492	0.006812676	0.147097079
1.439428633	0.611471463	0.007437425	0.147589724
1.441305333	0.620101696	0.008076051	0.148066823
1.443182033	0.62873377	0.008728018	0.148523163
1.445058732	0.637369481	0.009405134	0.148976989
1.446935432	0.646008168	0.010108541	0.149418783
1.448812132	0.65464889	0.010833532	0.149844339
1.450688831	0.663307168	0.011562678	0.150253066
1.452565531	0.671980301	0.012295395	0.150640769
1.454442231	0.680680448	0.013052002	0.150996996
1.45631893	0.689395863	0.013831507	0.151327108
1.45819563	0.698128408	0.014630168	0.151637175
1.46007233	0.706871525	0.015446992	0.151930943
1.461949029	0.715628268	0.01628028	0.152216559
1.463825729	0.724404529	0.017130065	0.152493438
1.465702429	0.733201218	0.017997986	0.152764873
1.467579128	0.742017615	0.018880936	0.153025604
1.469455828	0.750855927	0.019781582	0.153279156
1.471332528	0.759722369	0.020699243	0.153525034
1.473209227	0.768618761	0.021630974	0.153765415
1.475085927	0.777544289	0.022577996	0.154002054
1.476962626	0.786502626	0.02354224	0.154239769
1.478839326	0.795496584	0.024518887	0.15447717
1.480716026	0.80453091	0.025508828	0.154719108
1.482592725	0.813604556	0.026513807	0.154969344
1.484469425	0.822701314	0.02752969	0.155228303
1.486346125	0.83183426	0.028584664	0.155526109
1.488222824	0.841002492	0.029661945	0.155836552
1.490099524	0.850205105	0.030749993	0.156145921
1.491976224	0.859441537	0.031848362	0.156448728
1.493852923	0.868700146	0.032959988	0.156744216
1.495729623	0.877975133	0.034087838	0.157031064
1.497606323	0.887263783	0.035230243	0.157305773
1.499483022	0.896546282	0.036383968	0.157563672
1.501359722	0.905822529	0.037551699	0.157805489
1.503236422	0.915087422	0.038731937	0.158030662
1.505113121	0.924335411	0.039923059	0.158237503
1.506989821	0.933559425	0.041120208	0.158423215
1.508866521	0.942753265	0.042322567	0.158587988
1.51074322	0.951917442	0.043532287	0.158735056
1.51261992	0.961056436	0.044742098	0.15885928
1.51449662	0.970165204	0.04595573	0.158967119
1.516373319	0.97925954	0.047179034	0.159066142
1.518250019	0.988344516	0.048407115	0.159152025
1.520126718	0.997418709	0.049638344	0.159228654
1.522003418	1.006454184	0.050873979	0.159304125
1.523880118	1.0154518	0.052122083	0.159396274
1.525756817	1.024433604	0.053393513	0.159500028
1.527633517	1.033411259	0.054679259	0.159605407
1.529510217	1.042383711	0.055963422	0.159699554
1.531386916	1.051348616	0.057244712	0.159777997
1.533263616	1.060304834	0.058529299	0.159845397
1.535140316	1.069248063	0.059817184	0.159896661
1.537017015	1.078173828	0.061109922	0.159934705
1.538893715	1.087077381	0.06240699	0.159963232
1.540770415	1.095949809	0.063708182	0.159982344
1.542647114	1.104788249	0.065009088	0.15998837
1.544523814	1.113588732	0.066309955	0.159981441
1.546400514	1.122349548	0.067609533	0.159962153
1.548277213	1.131069166	0.068908917	0.159930552
1.550153913	1.13974546	0.070205497	0.159886975
1.552030613	1.148371237	0.071497643	0.159829726
1.553907312	1.156941742	0.072781627	0.159759767
1.555784012	1.165458614	0.074070438	0.159693843
1.557660712	1.173937392	0.075381594	0.159641408
1.559537411	1.182374087	0.076683496	0.159569651
1.561414111	1.190767232	0.077963691	0.159475701
1.56329081	1.199120261	0.079232257	0.159367806
1.56516751	1.207435634	0.080492631	0.159253088
1.56704421	1.215713636	0.081746425	0.159128403
1.568920909	1.223951751	0.082999565	0.158990751
1.570797609	1.232152958	0.084250832	0.158848338
1.572674309	1.240319644	0.085500884	0.158701576
1.574551008	1.248448578	0.086746259	0.158548356
1.576427708	1.256538016	0.087984497	0.158387999
1.578304408	1.264587959	0.089207082	0.158226726
1.580181107	1.272600372	0.090409964	0.158066506
1.582057807	1.280550787	0.091608302	0.157877543
1.583934507	1.28845187	0.092797579	0.157675125
1.585811206	1.29629037	0.093979341	0.157453421
1.587687906	1.30405972	0.095154449	0.157220352
1.589564606	1.311751719	0.096316398	0.156978461
1.591441305	1.319371306	0.097491434	0.156751705
1.593318005	1.326934309	0.098664212	0.156525108
1.595194705	1.334423606	0.099810757	0.156279572
1.597071404	1.341843057	0.100934441	0.156018264
1.598948104	1.349183094	0.102051264	0.155757353
1.600824804	1.356457319	0.103157296	0.155484835
1.602701503	1.363671786	0.104250242	0.155199308
1.604578203	1.370841093	0.105331506	0.15490438
1.606454902	1.377956162	0.106397544	0.154599371
1.608331602	1.385018517	0.107449749	0.154287662
1.610208302	1.392027487	0.108488591	0.153970956
1.612085001	1.39897631	0.109511329	0.153648405
1.613961701	1.40586454	0.110514088	0.153317144
1.615838401	1.412687604	0.111501532	0.152980259
1.6177151	1.419440097	0.112465412	0.152631458
1.6195918	1.426113668	0.113408732	0.152271349
1.6214685	1.432708864	0.114331214	0.151900176
1.623345199	1.439203146	0.115228235	0.15151819
1.625221899	1.44557141	0.116086282	0.151120407
1.627098599	1.451847922	0.116961782	0.150733967
1.628975298	1.458040783	0.117809527	0.150315918
1.630851998	1.464121342	0.118615079	0.149865735
1.632728698	1.470097134	0.11937737	0.149383461
1.634605397	1.475971434	0.120106716	0.148874929
1.636482097	1.481741134	0.1208045	0.14834161
1.638358797	1.487419559	0.121474287	0.147791006
1.640235496	1.493007477	0.122117118	0.147226628
1.642112196	1.498507253	0.122733278	0.146648072
1.643988896	1.503922256	0.123326855	0.146056775
1.645865595	1.509253525	0.123895886	0.145458913
1.647742295	1.514503866	0.124441352	0.144854142
1.649618994	1.519668601	0.124960554	0.144246826
1.651495694	1.524752371	0.125459599	0.143642282
1.653372394	1.529731698	0.125930086	0.143039672
1.655249093	1.534635939	0.12639537	0.142452015
1.657125793	1.539461082	0.126835098	0.141849895
1.659002493	1.544196307	0.12723787	0.141229311
1.660879192	1.548843392	0.127607461	0.140589598
1.662755892	1.553392571	0.127943828	0.139935057
1.664632592	1.557852224	0.128249435	0.139270701
1.666509291	1.562229314	0.128526156	0.138599373
1.668385991	1.566524305	0.128777784	0.137922863
1.670262691	1.570741773	0.1290063	0.137240977
1.67213939	1.57488535	0.129209509	0.136556404
1.67401609	1.578951352	0.129390503	0.135871106
1.67589279	1.582946691	0.129551798	0.135191516
1.677769489	1.586852109	0.129684841	0.13451335
1.679646189	1.590684706	0.129809756	0.133850774
1.681522889	1.594444578	0.129934667	0.133202957
1.683399588	1.598141819	0.130035912	0.132555365
1.685276288	1.601754752	0.130111078	0.131901299
1.687152988	1.605286126	0.130153404	0.131241456
1.689029687	1.608727326	0.130166423	0.130574754
1.690906387	1.612089691	0.130154321	0.12990426
1.692783086	1.615362501	0.130120358	0.129229415
1.694659786	1.618550804	0.130060083	0.128551364
1.696536486	1.621653405	0.1299736	0.127869738
1.698413185	1.624667093	0.129859035	0.127184124
1.700289885	1.627590042	0.129716393	0.126493484
1.702166585	1.630419402	0.129544577	0.125797811
1.704043284	1.633149177	0.129344737	0.12509411
1.705919984	1.63578302	0.129115005	0.124382988
1.707796684	1.638311022	0.128858788	0.12366451
1.709673383	1.640734923	0.128575928	0.12294058
1.711550083	1.64304138	0.128258512	0.122206463
1.713426783	1.645231405	0.127915775	0.121466486
1.715303482	1.647319674	0.12756181	0.120729636
1.717180182	1.649307962	0.127179197	0.119977828
1.719056882	1.651177112	0.126760874	0.11920597
1.720933581	1.652935228	0.126308373	0.118414286
1.722810281	1.654567602	0.125814243	0.117603044
1.724686981	1.656085807	0.125286201	0.116777708
1.72656368	1.657499125	0.124726911	0.115941255
1.72844038	1.658803336	0.124133674	0.115093179
1.73031708	1.660010878	0.123504401	0.114247142
1.732193779	1.661125845	0.122841631	0.113399303
1.734070479	1.662146498	0.122155282	0.112535428
1.735947178	1.663076867	0.12144721	0.111664385
1.737823878	1.663920332	0.120721534	0.110793643
1.739700578	1.664666756	0.119973428	0.10992348
1.741577277	1.66532094	0.11920419	0.109059857
1.743453977	1.665888549	0.118419959	0.108206382
1.745330677	1.666356283	0.117610818	0.107358183
1.747207376	1.6667364	0.116794945	0.106520071
1.749084076	1.667027485	0.115975915	0.105693532
1.750960776	1.667234838	0.115140955	0.104867132
1.752837475	1.667343231	0.114282422	0.104036013
1.754714175	1.667368099	0.113401747	0.10320273
1.756590875	1.667288643	0.112499769	0.102365023
1.758467574	1.667119651	0.111568994	0.101526911
1.760344274	1.666853224	0.110622015	0.10068718
1.762220974	1.666509119	0.109654094	0.099852748
1.764097673	1.666077012	0.108666871	0.099021941
1.765974373	1.665567449	0.107663724	0.098197083
1.767851073	1.664969698	0.106642271	0.097376877
1.769727772	1.664298314	0.105608423	0.096566002
1.771604472	1.663530867	0.104563325	0.0957593
1.773481172	1.662677182	0.103500867	0.094957774
1.775357871	1.661734419	0.102417128	0.094159246
1.777234571	1.660690453	0.101322942	0.093364163
1.77911127	1.659562201	0.100221095	0.092576815
1.78098797	1.658331155	0.099114562	0.091789814
1.78286467	1.657003499	0.09798721	0.090998473
1.784741369	1.655561818	0.096837447	0.090196629
1.786618069	1.654018055	0.095669073	0.089387151
1.788494769	1.652366605	0.094476647	0.088567999
1.790371468	1.650602635	0.093261331	0.087740098
1.792248168	1.648734258	0.092024054	0.08690929
1.794124868	1.646766757	0.090767137	0.086075269
1.796001567	1.644700664	0.089493886	0.085239044
1.797878267	1.642544694	0.088211138	0.084401784
1.799754967	1.640295335	0.086911455	0.083566476
1.801631666	1.637952221	0.085603271	0.082734776
1.803508366	1.635527302	0.08427753	0.081910794
1.805385066	1.633013734	0.082945477	0.081090679
1.807261765	1.630417621	0.081607912	0.080276289
1.809138465	1.627737841	0.080257779	0.079469871
1.811015165	1.62497795	0.078898	0.07867296
1.812891864	1.622136043	0.077533801	0.07788046
1.814768564	1.619211838	0.076164872	0.077092549
1.816645264	1.616203549	0.074796894	0.076304094
1.818521963	1.613115177	0.073419386	0.075525991
1.820398663	1.609942181	0.072035564	0.074756825
1.822275363	1.606689942	0.070655003	0.073994904
1.824152062	1.603359516	0.069273631	0.073242459
1.826028762	1.599948215	0.06789732	0.072501899
1.827905461	1.596461178	0.066526617	0.071777406
1.829782161	1.592902091	0.065155348	0.071064587
1.831658861	1.589251981	0.063777396	0.070352945
1.83353556	1.585526561	0.062397031	0.069644981
1.83541226	1.581716664	0.061019006	0.068939133
1.83728896	1.577827123	0.05963483	0.06823941
1.839165659	1.573865132	0.058247262	0.067548654
1.841042359	1.569826706	0.056860007	0.066863847
1.842919059	1.565709999	0.055470268	0.066185498
1.844795758	1.561513834	0.054082563	0.065508132
1.846672458	1.557244096	0.052687187	0.064838923
1.848549158	1.55289807	0.051295108	0.064176571
1.850425857	1.548460167	0.049898699	0.063517396
1.852302557	1.543943536	0.048498842	0.062858884
1.854179257	1.539336556	0.047102031	0.062196021
1.856055956	1.534644689	0.045703564	0.061534294
1.857932656	1.52986302	0.044302793	0.06086942
1.859809356	1.52499468	0.04290133	0.060204578
1.861686055	1.520032241	0.041499105	0.059537728
1.863562755	1.514983409	0.040097491	0.058864382
1.865439455	1.509837586	0.038695506	0.058184962
1.867316154	1.504605393	0.037294881	0.057507198
1.869192854	1.499289426	0.035891896	0.056829982
1.871069553	1.493875631	0.034490022	0.05614869
1.872946253	1.488362913	0.033090875	0.055459559
1.874822953	1.482774917	0.031699066	0.054776363
1.876699652	1.477099426	0.030308743	0.054090123
1.878576352	1.471339172	0.028923015	0.053402961
1.880453052	1.465500252	0.027546201	0.052716678
1.882329751	1.459584118	0.026178161	0.0520355
1.884206451	1.453587618	0.024818376	0.051356929
1.886083151	1.447515993	0.023462729	0.050690748
1.88795985	1.441374154	0.022116127	0.050030631
1.88983655	1.435158449	0.020778939	0.049373585
1.89171325	1.428870834	0.019456392	0.048716555
1.893589949	1.422516321	0.018145435	0.048059403
1.895466649	1.416093115	0.01684022	0.047413277
1.897343349	1.409602326	0.015544789	0.046773343
1.899220048	1.403043392	0.014259272	0.046136864
1.901096748	1.396428132	0.012984155	0.045512667
1.902973448	1.389758699	0.011717	0.044906425
1.904850147	1.383028106	0.010461001	0.044306523
1.906726847	1.376246326	0.009220308	0.043710544
1.908603547	1.369405447	0.007995692	0.043119923
1.910480246	1.362513241	0.006785715	0.042536395
1.912356946	1.355556295	0.005596431	0.041958416
1.914233645	1.348544185	0.004426395	0.041388695
1.916110345	1.341469155	0.00327213	0.040829952
1.917987045	1.33434246	0.002134343	0.040286035
1.919863744	1.327153211	0.001018275	0.039749196
1.921740444	1.319911994	-7.94E-05	0.039225545
1.923617144	1.312614938	-0.001161314	0.03871252
1.925493843	1.305268358	-0.002218706	0.038208693
1.927370543	1.297862428	-0.003262443	0.037714184
1.929247243	1.290403937	-0.004285398	0.037223186
1.931123942	1.28289245	-0.005287419	0.036736174
1.933000642	1.275329736	-0.00627185	0.036257431
1.934877342	1.267706958	-0.007242554	0.035785103
1.936754041	1.260032224	-0.008196748	0.035318586
1.938630741	1.252308941	-0.009136034	0.034858121
1.940507441	1.244538311	-0.010056935	0.03440393
1.94238414	1.236717319	-0.010962079	0.033955985
1.94426084	1.22885407	-0.011853923	0.033517657
1.94613754	1.220944163	-0.012727063	0.033081588
1.948014239	1.212991744	-0.013582499	0.032648003
1.949890939	1.204991228	-0.014419315	0.032216948
1.951767639	1.196953164	-0.015236297	0.03179559
1.953644338	1.188867052	-0.016044144	0.031377278
1.955521038	1.180735255	-0.016842189	0.030963785
1.957397737	1.172572024	-0.017626029	0.030567893
1.959274437	1.164383813	-0.018391177	0.030173617
1.961151137	1.156168291	-0.019131809	0.029784374
1.963027836	1.147930564	-0.019854531	0.029405951
1.964904536	1.139664083	-0.020558832	0.029034566
1.966781236	1.131373561	-0.021241558	0.028673007
1.968657935	1.123063251	-0.021903966	0.028326599
1.970534635	1.114742552	-0.022543254	0.027997772
1.972411335	1.1064076	-0.023154002	0.027685447
1.974288034	1.098061747	-0.023743151	0.027392396
1.976164734	1.089702125	-0.024309213	0.02711448
1.978041434	1.081322699	-0.024855295	0.026852538
1.979918133	1.072929984	-0.025376042	0.026605859
1.981794833	1.064523009	-0.025874264	0.02637434
1.983671533	1.056100662	-0.026350021	0.026156071
1.985548232	1.047657101	-0.026800421	0.025950413
1.987424932	1.039195718	-0.02722739	0.025756814
1.989301632	1.030710694	-0.027627332	0.025572892
1.991178331	1.022211159	-0.028005893	0.025400481
1.993055031	1.013677874	-0.02835875	0.025233722
1.994931731	1.00511681	-0.028688619	0.025072669
1.99680843	0.99652276	-0.028994035	0.024917956
1.99868513	0.987899998	-0.029272749	0.024770805
2.000561829	0.979255953	-0.029528599	0.024632928
2.002438529	0.970580004	-0.029759366	0.024493897
2.004315229	0.961882503	-0.029974611	0.024353355
2.006191928	0.953149563	-0.030170085	0.024204845
2.008068628	0.944393691	-0.030357587	0.02405233
2.009945328	0.935613933	-0.030532309	0.023894805
2.011822027	0.926815207	-0.030701834	0.023728988
2.013698727	0.918019546	-0.030863109	0.023573052
2.015575427	0.909230984	-0.031021728	0.023435976
2.017452126	0.900445705	-0.031153577	0.023284773
2.019328826	0.891678062	-0.03126859	0.02315056
2.021205526	0.882920134	-0.031360743	0.023021189
2.023082225	0.874183856	-0.031436718	0.022904453
2.024958925	0.865461947	-0.031499612	0.022798878
2.026835625	0.85676062	-0.031551596	0.022715429
2.028712324	0.848075768	-0.031590089	0.022648393
2.030589024	0.839414651	-0.031608648	0.022593684
2.032465724	0.830774833	-0.031609011	0.022558513
2.034342423	0.822165183	-0.031589099	0.022543554
2.036219123	0.813583942	-0.031547684	0.022544787
2.038095823	0.80502968	-0.03148451	0.022559395
2.039972522	0.796500879	-0.031408427	0.022590226
2.041849222	0.787996872	-0.031319044	0.022637168
2.043725921	0.779514714	-0.031214299	0.022694306
2.045602621	0.771065177	-0.031090401	0.022768924
2.047479321	0.762631705	-0.030948608	0.022858472
2.04935602	0.754227636	-0.030794387	0.022959936
2.05123272	0.745833932	-0.030626098	0.023071272
2.05310942	0.737425784	-0.030463436	0.023180323
2.054986119	0.728981434	-0.030285359	0.02330936
2.056862819	0.720558187	-0.030058982	0.023474297
2.058739519	0.712142298	-0.029797008	0.023663373
2.060616218	0.703717032	-0.0295164	0.023847943
2.062492918	0.695269971	-0.029216609	0.024018573
2.064369618	0.686801664	-0.028897182	0.024173497
2.066246317	0.678315373	-0.028557855	0.024308448
2.068123017	0.669824008	-0.028196798	0.024422485
2.069999717	0.661334267	-0.027817922	0.024519025
2.071876416	0.652857637	-0.027426223	0.024601283
2.073753116	0.644407836	-0.027045059	0.024701177
2.075629816	0.635986108	-0.026659021	0.024778439
2.077506515	0.627605632	-0.026268071	0.024854189
2.079383215	0.619266125	-0.025871864	0.024933198
2.081259915	0.610972736	-0.02547596	0.025017715
2.083136614	0.602732036	-0.025083807	0.025114943
2.085013314	0.594560448	-0.02469341	0.025229618
2.086890013	0.586458733	-0.024295838	0.025371776
2.088766713	0.578446947	-0.023888452	0.025545815
2.090643413	0.570530823	-0.02347069	0.025754742
2.092520112	0.562723017	-0.023042186	0.02600217
2.094396812	0.555018475	-0.0226059	0.026286359
2.096273512	0.547427673	-0.022164245	0.026606051
2.098150211	0.539927645	-0.021714293	0.026956806
2.100026911	0.532521119	-0.021261011	0.027331736
2.101903611	0.525198372	-0.020802928	0.027731256
2.10378031	0.517953038	-0.020341216	0.028148214
2.10565701	0.510774026	-0.01987674	0.028578066
2.10753371	0.503649415	-0.019411862	0.0290161
2.109410409	0.496570852	-0.01895188	0.029455047
2.111287109	0.489525304	-0.018489362	0.029893421
2.113163809	0.482510971	-0.01803043	0.030328546
2.115040508	0.475527373	-0.017571646	0.030758531
2.116917208	0.468578021	-0.017115145	0.031183562
2.118793908	0.46164132	-0.016657769	0.03159624
2.120670607	0.454726906	-0.016199708	0.031988327
2.122547307	0.447862569	-0.015767515	0.032384883
2.124424007	0.441018414	-0.01533116	0.032748983
2.126300706	0.434197207	-0.014897266	0.033094196
2.128177406	0.427400289	-0.014464117	0.033428989
2.130054106	0.420651793	-0.014030363	0.033761739
2.131930805	0.413950195	-0.013607788	0.034104321
2.133807505	0.407275864	-0.013186655	0.034437589
2.135684204	0.400642884	-0.012764256	0.034768358
2.137560904	0.394050881	-0.012343188	0.035097107
2.139437604	0.387493578	-0.011937068	0.035418294
2.141314303	0.380964725	-0.011537174	0.03573649
2.143191003	0.374491279	-0.011112318	0.036081125
2.145067703	0.368089586	-0.010674717	0.036446406
2.146944402	0.36175124	-0.010222764	0.036822787
2.148821102	0.355474496	-0.009765458	0.037203753
2.150697802	0.349260566	-0.009304302	0.037589132
2.152574501	0.343113065	-0.008838277	0.03797783
2.154451201	0.337044553	-0.008363911	0.03837543
2.156327901	0.33106174	-0.007883423	0.038783056
2.1582046	0.325176817	-0.007400107	0.039202608
2.1600813	0.319399557	-0.006914779	0.039637055
2.161958	0.313742395	-0.006431011	0.040088203
2.163834699	0.308209684	-0.005950228	0.040558953
2.165711399	0.302807826	-0.005475847	0.041047588
2.167588099	0.29754093	-0.005010712	0.041558227
2.169464798	0.292413801	-0.004554925	0.042095376
2.171341498	0.287425544	-0.004107935	0.0426594
2.173218198	0.282579197	-0.003674116	0.04325279
2.175094897	0.277863969	-0.003252993	0.043870861
2.176971597	0.273281085	-0.002844838	0.044517583
2.178848296	0.268807668	-0.002451018	0.045184895
2.180724996	0.264471584	-0.002078297	0.045872321
2.182601696	0.260227347	-0.001729683	0.04657084
2.184478395	0.256070122	-0.001397767	0.047275963
2.186355095	0.251997607	-0.001080296	0.047978116
2.188231795	0.247988494	-0.00077741	0.048671925
2.190108494	0.244068845	-0.000484744	0.049357402
2.191985194	0.240219279	-0.000199173	0.050033499
2.193861894	0.236446872	7.39E-05	0.050697811
2.195738593	0.23275561	0.000316107	0.051375337
2.197615293	0.22911612	0.000544593	0.052038263
2.199491993	0.225539006	0.000760084	0.052689138
2.201368692	0.222025623	0.000963986	0.05332951
2.203245392	0.218578645	0.001161257	0.053963656
2.205122092	0.215201417	0.00135033	0.054598722
2.206998791	0.211894453	0.001534456	0.055227978
2.208875491	0.208660171	0.001711466	0.055848848
2.210752191	0.205498207	0.001878968	0.056466258
2.21262889	0.202414945	0.002035405	0.057078974
2.21450559	0.199406235	0.00218466	0.057679194
2.21638229	0.196477434	0.002323999	0.058273443
2.218258989	0.193637507	0.002452897	0.058868162
2.220135689	0.190885052	0.002574227	0.059462998
2.222012388	0.188222662	0.002688345	0.060059258
2.223889088	0.185658382	0.002791224	0.060658884
2.225765788	0.183190065	0.002880105	0.06126295
2.227642487	0.180824369	0.002952655	0.06187386
2.229519187	0.178562802	0.003005675	0.06249465
2.231395887	0.176406359	0.003050306	0.06311511
2.233272586	0.174362882	0.003094036	0.063735581
2.235149286	0.172430372	0.00313528	0.064358267
2.237025986	0.170620084	0.003166687	0.064996723
2.238902685	0.168931339	0.003188968	0.065648113
2.240779385	0.167359729	0.00320477	0.066307641
2.242656085	0.165916895	0.003209319	0.066980827
2.244532784	0.164610744	0.003201601	0.067665132
2.246409484	0.163432451	0.003172626	0.068367387
2.248286184	0.162380905	0.003133658	0.069090062
2.250162883	0.161457288	0.003093586	0.069838402
2.252039583	0.160663054	0.003052483	0.070608585
2.253916283	0.159991363	0.003003547	0.07139786
2.255792982	0.159443722	0.002948407	0.07219777
2.257669682	0.159019761	0.00288715	0.07300964
2.259546382	0.158724543	0.002819716	0.073841649
2.261423081	0.158558021	0.002759469	0.074692191
2.263299781	0.158527014	0.002698577	0.075560338
2.26517648	0.158629625	0.002636914	0.076448536
2.26705318	0.158873828	0.002568778	0.07735571
2.26892988	0.15925632	0.002496826	0.078280035
2.270806579	0.159773674	0.002419057	0.079217181
2.272683279	0.16041766	0.002330453	0.080163558
2.274559979	0.161180116	0.002227063	0.081119917
2.276436678	0.162051146	0.002117268	0.082078514
2.278313378	0.163018715	0.002006204	0.083023378
2.280190078	0.164069583	0.001895665	0.083950363
2.282066777	0.16520258	0.001777314	0.084864623
2.283943477	0.166401097	0.001650126	0.085757273
2.285820177	0.167657728	0.001519054	0.086631141
2.287696876	0.168960108	0.001379303	0.087479735
2.289573576	0.170282627	0.001225331	0.088301519
2.291450276	0.171633579	0.001078671	0.089118677
2.293326975	0.173022636	0.000936433	0.089927651
2.295203675	0.174456304	0.000791444	0.090721104
2.297080375	0.17593087	0.000633722	0.091478344
2.298957074	0.177453411	0.000470858	0.092199658
2.300833774	0.179026016	0.000306197	0.092889656
2.302710474	0.180666006	0.000141624	0.093553168
2.304587173	0.182367146	-2.33E-05	0.094190879
2.306463873	0.184141149	-0.000190314	0.094811172
2.308340572	0.185991312	-0.00035588	0.095418004
2.310217272	0.187923833	-0.000521889	0.096012566
2.312093972	0.189945408	-0.000693916	0.096601102
2.313970671	0.192060302	-0.000870306	0.097184972
2.315847371	0.194276103	-0.001052711	0.097766817
2.317724071	0.196613512	-0.001243356	0.098357727
2.31960077	0.199060731	-0.001437712	0.098951432
2.32147747	0.20161731	-0.001633964	0.099549637
2.32335417	0.204300988	-0.001835211	0.100161808
2.325230869	0.2071276	-0.00203941	0.100792681
2.327107569	0.210099987	-0.002249895	0.101443334
2.328984269	0.213213834	-0.002462763	0.102114271
2.330860968	0.216468806	-0.002684936	0.102804202
2.332737668	0.219856219	-0.002909024	0.103503962
2.334614368	0.22336981	-0.003130396	0.104213603
2.336491067	0.226996612	-0.003343709	0.104930313
2.338367767	0.23072792	-0.003557557	0.10564921
2.340244467	0.2345616	-0.003768872	0.106370747
2.342121166	0.238479589	-0.003981894	0.107086845
2.343997866	0.242486378	-0.004190374	0.107796049
2.345874566	0.246571709	-0.004399515	0.108494295
2.347751265	0.250739566	-0.004602393	0.109177511
2.349627965	0.255001849	-0.004805827	0.109857395
2.351504664	0.259336357	-0.004998711	0.110530585
2.353381364	0.263755182	-0.005182382	0.111194282
2.355258064	0.268251538	-0.005361422	0.111849909
2.357134763	0.272828809	-0.005530031	0.112498977
2.359011463	0.277496155	-0.005692905	0.113145018
2.360888163	0.28224955	-0.005849681	0.113786718
2.362764862	0.287096747	-0.005997407	0.114424434
2.364641562	0.292037481	-0.006136388	0.115064288
2.366518262	0.29707814	-0.006267202	0.115707507
2.368394961	0.302219302	-0.006388939	0.116355232
2.370271661	0.307449677	-0.006505324	0.117000014
2.372148361	0.312784121	-0.006612376	0.117649528
2.37402506	0.318216481	-0.006713178	0.118302986
2.37590176	0.323751835	-0.006803654	0.11895519
2.37777846	0.32938368	-0.006879067	0.119609678
2.379655159	0.335115802	-0.006940054	0.120270858
2.381531859	0.340961067	-0.006992516	0.120939455
2.383408559	0.346918989	-0.007030893	0.121619795
2.385285258	0.352986574	-0.007057338	0.122306791
2.387161958	0.359165444	-0.007071755	0.123002584
2.389038658	0.365471201	-0.007072922	0.123713618
2.390915357	0.371895925	-0.007060013	0.124439612
2.392792057	0.378436684	-0.007035278	0.125178498
2.394668756	0.385103256	-0.006993519	0.125934168
2.396545456	0.39189257	-0.006938208	0.126704496
2.398422156	0.398788125	-0.006866167	0.127491016
2.400298855	0.405793646	-0.006777729	0.128293461
2.402175555	0.412909543	-0.006666961	0.129117249
2.404052255	0.420130002	-0.006537183	0.129953999
2.405928954	0.427448275	-0.006394559	0.130794672
2.407805654	0.43485619	-0.006235887	0.131638583
2.409682354	0.442364334	-0.006052694	0.132490663
2.411559053	0.449958225	-0.005842011	0.133346563
2.413435753	0.457618201	-0.005605377	0.134199327
2.415312453	0.465347932	-0.00534175	0.135047553
2.417189152	0.473105863	-0.005066046	0.135867558
2.419065852	0.480879301	-0.004796601	0.136642078
2.420942552	0.488657929	-0.004488519	0.137432247
2.422819251	0.496439751	-0.004165224	0.138189215
2.424695951	0.504220074	-0.003817142	0.138932344
2.426572651	0.511992836	-0.003449845	0.139654668
2.42844935	0.519756159	-0.003057948	0.140356797
2.43032605	0.527517111	-0.002646925	0.141018978
2.43220275	0.535287578	-0.002223832	0.141644574
2.434079449	0.54307843	-0.001782078	0.142237499
2.435956149	0.550892037	-0.001320383	0.142797938
2.437832848	0.558738901	-0.000839702	0.143334227
2.439709548	0.566626582	-0.000341797	0.143850559
2.441586248	0.574563631	0.0001773	0.144355931
2.443462947	0.582554239	0.000712525	0.144849144
2.445339647	0.590600485	0.001263439	0.145332477
2.447216347	0.59870432	0.001829234	0.145810759
2.449093046	0.606873944	0.002410801	0.146286092
2.450969746	0.615111024	0.003001747	0.1467638
2.452846446	0.623419974	0.003582851	0.147258614
2.454723145	0.63178589	0.004187308	0.147729331
2.456599845	0.640216143	0.004807062	0.148194806
2.458476545	0.648687824	0.005443527	0.148655104
2.460353244	0.657194992	0.006091643	0.149110737
2.462229944	0.66570025	0.006737227	0.149546098
2.464106644	0.674225035	0.007420043	0.150011001
2.465983343	0.682769177	0.008129846	0.1504788
2.467860043	0.6913319	0.008859189	0.150938192
2.469736743	0.699913262	0.009604167	0.151376961
2.471613442	0.708506871	0.010364741	0.151790596
2.473490142	0.717113127	0.011142684	0.152180504
2.475366842	0.725729513	0.011937368	0.152544943
2.477243541	0.734356596	0.012749857	0.152889789
2.479120241	0.742992242	0.013578962	0.153216066
2.480996941	0.751635799	0.01442379	0.15352604
2.48287364	0.76029159	0.015283528	0.153821824
2.48475034	0.768955257	0.016154285	0.154101047
2.486627039	0.777634799	0.017036276	0.154367074
2.488503739	0.786322462	0.017930883	0.15461906
2.490380439	0.795030834	0.018836382	0.154858973
2.492257138	0.803760926	0.019753481	0.155089934
2.494133838	0.812507734	0.020681742	0.155309884
2.496010538	0.821273991	0.021625256	0.155523323
2.497887237	0.830060281	0.022582017	0.155729254
2.499763937	0.838868103	0.02355254	0.155932537
2.501640637	0.847672238	0.024524533	0.156122148
2.503517336	0.856481797	0.025514154	0.156323278
2.505394036	0.865305372	0.026540537	0.156545783
2.507270736	0.874149795	0.027584834	0.156768427
2.509147435	0.883014262	0.028639852	0.156980364
2.511024135	0.891897458	0.029702986	0.157177962
2.512900835	0.900799431	0.030775757	0.157361105
2.514777534	0.90970915	0.031861246	0.157530805
2.516654234	0.918621655	0.032959327	0.157685184
2.518530934	0.927530928	0.034070919	0.157826475
2.520407633	0.936433559	0.035194324	0.15795434
2.522284333	0.94532578	0.036330117	0.158071407
2.524161033	0.954205019	0.037473656	0.158173166
2.526037732	0.963070924	0.03862426	0.158260975
2.527914432	0.971923126	0.039780537	0.158335666
2.529791131	0.980767169	0.040943225	0.158399212
2.531667831	0.989606099	0.042112859	0.158451898
2.533544531	0.998443514	0.04328883	0.15849655
2.53542123	1.007280803	0.044469765	0.158537187
2.53729793	1.016117044	0.04566074	0.158578646
2.53917463	1.024951778	0.04686008	0.158621853
2.541051329	1.033762038	0.048054708	0.158659204
2.542928029	1.042572393	0.049287324	0.158738204
2.544804729	1.051382124	0.050539571	0.158827487
2.546681428	1.060195328	0.05179458	0.158911498
2.548558128	1.069006737	0.053047819	0.158985608
2.550434828	1.077819668	0.054304523	0.159051973
2.552311527	1.086626949	0.055569004	0.159110879
2.554188227	1.09542548	0.056839293	0.159159498
2.556064927	1.10420831	0.058115057	0.159199405
2.557941626	1.112966938	0.059397233	0.15922898
2.559818326	1.121702918	0.06068546	0.159249722
2.561695026	1.130406043	0.061977013	0.15925878
2.563571725	1.139071128	0.063268573	0.159255329
2.565448425	1.147696667	0.064557711	0.159237702
2.567325125	1.156281134	0.065843061	0.159205709
2.569201824	1.16482931	0.06712408	0.159162244
2.571078524	1.173337742	0.068401224	0.159109866
2.572955223	1.181799141	0.069674612	0.159046836
2.574831923	1.190194163	0.070942903	0.158967521
2.576708623	1.198553612	0.072238592	0.158912089
2.578585322	1.206873392	0.073538741	0.158850408
2.580462022	1.215152898	0.074820124	0.158764723
2.582338722	1.223396434	0.076077518	0.158674606
2.584215421	1.231618821	0.077315761	0.15858117
2.586092121	1.239812084	0.078561109	0.158462972
2.587968821	1.247976397	0.079800613	0.158339763
2.58984552	1.256113389	0.081041832	0.158208593
2.59172222	1.264224584	0.082283901	0.158073013
2.59359892	1.272308521	0.083528448	0.157939391
2.595475619	1.2803604	0.084770222	0.157803617
2.597352319	1.288370355	0.08600672	0.157663258
2.599229019	1.296338334	0.087237732	0.157518085
2.601105718	1.304258717	0.088463931	0.157366987
2.602982418	1.312132091	0.089686356	0.157209832
2.604859118	1.319947734	0.090900981	0.157043654
2.606735817	1.32770772	0.092111501	0.156872315
2.608612517	1.335392469	0.093307929	0.156691734
2.610489217	1.343008204	0.094516021	0.156525764
2.612365916	1.350560082	0.095724477	0.156360932
2.614242616	1.358022571	0.096909125	0.156183133
2.616119315	1.365396838	0.098061371	0.155982793
2.617996015	1.372712103	0.099207093	0.155773673
2.619872715	1.379972934	0.100330471	0.155543558
2.621749414	1.387170966	0.101431782	0.155292595
2.623626114	1.394302853	0.102513034	0.155022322
2.625502814	1.401371524	0.103578833	0.154738256
2.627379513	1.408368837	0.104628105	0.154440652
2.629256213	1.415292204	0.105658687	0.15412961
2.631132913	1.422137357	0.106665308	0.153801381
2.633009612	1.428894715	0.10765113	0.153455212
2.634886312	1.4355629	0.108617516	0.153087574
2.636763012	1.442137459	0.10955792	0.152700625
2.638639711	1.448615059	0.110474678	0.152294928
2.640516411	1.454980771	0.111360084	0.151871732
2.642393111	1.46121707	0.112219369	0.151440783
2.64426981	1.467369017	0.113085645	0.151013511
2.64614651	1.473418398	0.113913121	0.15055523
2.64802321	1.479374857	0.114701412	0.150062559
2.649899909	1.485226276	0.115454363	0.149541452
2.651776609	1.490983501	0.116175824	0.148996939
2.653653309	1.49665262	0.116872768	0.148438847
2.655530008	1.5022462	0.11754458	0.147873374
2.657406708	1.507768174	0.118195095	0.147303265
2.659283407	1.513225416	0.118819441	0.146734748
2.661160107	1.518618063	0.119419815	0.146168873
2.663036807	1.523950171	0.120001183	0.145597957
2.664913506	1.529218288	0.120568472	0.145022945
2.666790206	1.534419903	0.121122202	0.144453799
2.668666906	1.539532893	0.121652994	0.143890957
2.670543605	1.544585088	0.122188075	0.14334898
2.672420305	1.549570069	0.1226975	0.142800249
2.674297005	1.55446824	0.123176313	0.142239192
2.676173704	1.559282465	0.12362204	0.141663781
2.678050404	1.564007244	0.124039144	0.141073592
2.679927104	1.568642046	0.124430913	0.140471459
2.681803803	1.573188432	0.124797154	0.139860716
2.683680503	1.577650303	0.125137157	0.139243481
2.685557203	1.582025028	0.125452397	0.138620138
2.687433902	1.586316344	0.125742534	0.137991733
2.689310602	1.590525968	0.126008018	0.137362902
2.691187302	1.594649852	0.126251202	0.136734241
2.693064001	1.598684459	0.126467471	0.136103964
2.694940701	1.602627292	0.1266635	0.135479834
2.696817401	1.606495355	0.126860383	0.134869622
2.6986941	1.610288854	0.127033919	0.134252035
2.7005708	1.613997438	0.127172795	0.133624575
2.702447499	1.617603679	0.127272837	0.132982111
2.704324199	1.621116486	0.127341248	0.132323396
2.706200899	1.624529935	0.127379654	0.131652379
2.708077598	1.627841001	0.127383539	0.130969408
2.709954298	1.631053408	0.127360111	0.130273893
2.711830998	1.634164959	0.127302131	0.129566714
2.713707697	1.637169276	0.127212611	0.128846366
2.715584397	1.640071641	0.127088358	0.128115989
2.717461097	1.642869511	0.126929799	0.127373864
2.719337796	1.645567534	0.126739197	0.126619924
2.721214496	1.64815527	0.12652046	0.125849765
2.723091196	1.650638082	0.126274465	0.125069335
2.724967895	1.653022613	0.126000533	0.124290415
2.726844595	1.655292967	0.125696013	0.123507437
2.728721295	1.657454328	0.125364036	0.122719854
2.730597994	1.659522271	0.125028574	0.121940253
2.732474694	1.661502362	0.124670348	0.121161937
2.734351394	1.663391931	0.124281034	0.12037858
2.736228093	1.665185935	0.123856396	0.11958291
2.738104793	1.666870601	0.123406468	0.118770463
2.739981493	1.668459863	0.122927186	0.117944918
2.741858192	1.669954476	0.122418583	0.117121114
2.743734892	1.671362291	0.121888076	0.116295542
2.745611591	1.672679606	0.121330914	0.115467035
2.747488291	1.673908696	0.12075145	0.11463892
2.749364991	1.675055156	0.12014961	0.113813947
2.75124169	1.676125241	0.119525165	0.112995756
2.75311839	1.677118685	0.118876292	0.112187122
2.75499509	1.678020718	0.11821029	0.111379676
2.756871789	1.678840945	0.117530113	0.110577624
2.758748489	1.679572709	0.11683111	0.109778902
2.760625189	1.680225205	0.116114055	0.108990902
2.762501888	1.68079199	0.115387155	0.108215598
2.764378588	1.681275877	0.114659461	0.107450516
2.766255288	1.681676061	0.113911928	0.106681726
2.768131987	1.681995543	0.113143146	0.105915808
2.770008687	1.682228076	0.112346747	0.105147011
2.771885387	1.682360642	0.111521988	0.104371627
2.773762086	1.682396962	0.110674371	0.103588799
2.775638786	1.682346981	0.109808148	0.102800988
2.777515486	1.682212731	0.108916971	0.10201507
2.779392185	1.681987293	0.108008154	0.101229636
2.781268885	1.681679272	0.107076886	0.100447491
2.783145585	1.681283668	0.106131926	0.099669693
2.785022284	1.680793917	0.105169055	0.098893676
2.786898984	1.680220679	0.104190619	0.098121284
2.788775684	1.679548194	0.103190562	0.097348174
2.790652383	1.678780526	0.102178364	0.09657142
2.792529083	1.677905372	0.101157682	0.095792579
2.794405782	1.676928878	0.100126314	0.095017765
2.796282482	1.675856331	0.099080453	0.094242494
2.798159182	1.674675539	0.09800655	0.093456828
2.800035881	1.673373732	0.096913103	0.092654029
2.801912581	1.671956182	0.095793343	0.091833865
2.803789281	1.670416016	0.094648299	0.090999274
2.80566598	1.66876061	0.093477692	0.090159267
2.80754268	1.666989256	0.092283916	0.089315458
2.80941938	1.66511397	0.091064368	0.088464148
2.811296079	1.663131884	0.089830587	0.087600887
2.813172779	1.661035061	0.08858603	0.086724806
2.815049479	1.658841881	0.087319077	0.085856593
2.816926178	1.656549216	0.086033796	0.084988613
2.818802878	1.654160452	0.084738484	0.084119002
2.820679578	1.651675634	0.083427729	0.083249973
2.822556277	1.649102698	0.082106504	0.082389752
2.824432977	1.646444696	0.080769611	0.081537253
2.826309677	1.643701054	0.079424524	0.080687309
2.828186376	1.640870104	0.078072619	0.079834451
2.830063076	1.637948709	0.076720829	0.078978412
2.831939776	1.634944897	0.075357763	0.078136666
2.833816475	1.631858075	0.073986071	0.077305556
2.835693175	1.628689974	0.07261316	0.076478816
2.837569874	1.625442587	0.071242566	0.075664986
2.839446574	1.62212265	0.069871278	0.074876927
2.841323274	1.618729154	0.068492964	0.074099564
2.843199973	1.615255664	0.067115058	0.073314413
2.845076673	1.611700315	0.06573364	0.072528031
2.846953373	1.608057949	0.064346196	0.071743923
2.848830072	1.604324683	0.062957921	0.070961856
2.850706772	1.600510698	0.06156316	0.070186217
2.852583472	1.596619087	0.060161645	0.069421955
2.854460171	1.592648412	0.058758059	0.068664696
2.856336871	1.588597237	0.057351379	0.067916837
2.858213571	1.584467063	0.055943927	0.067176054
2.86009027	1.580255707	0.054535683	0.06644069
2.86196697	1.57596478	0.053125565	0.065710172
2.86384367	1.571596174	0.051717772	0.064983715
2.865720369	1.567138683	0.050311077	0.06425724
2.867597069	1.562601576	0.048904417	0.063538001
2.869473769	1.557973637	0.047493103	0.062821408
2.871350468	1.553260342	0.046081996	0.062105473
2.873227168	1.548462459	0.044677111	0.061393997
2.875103868	1.543582517	0.04326552	0.060684202
2.876980567	1.538607188	0.041858944	0.059973434
2.878857267	1.533553702	0.040447668	0.059269467
2.880733966	1.528411338	0.039035968	0.058564316
2.882610666	1.523176473	0.037630797	0.057853226
2.884487366	1.517865346	0.036230176	0.057142497
2.886364065	1.512462395	0.034831302	0.056431868
2.888240765	1.506982548	0.033432958	0.055730264
2.890117465	1.501410256	0.032037421	0.055026987
2.891994164	1.495764375	0.030647632	0.054327723
2.893870864	1.490044074	0.029263024	0.053635947
2.895747564	1.484246418	0.027885973	0.052952265
2.897624263	1.478381515	0.026511378	0.0522759
2.899500963	1.472444879	0.025144213	0.051602752
2.901377663	1.466436857	0.02379426	0.050927237
2.903254362	1.460363937	0.022453914	0.050263356
2.905131062	1.454228899	0.021119337	0.049615154
2.907007762	1.44803099	0.019794999	0.048974808
2.908884461	1.44176876	0.018484382	0.048340369
2.910761161	1.435455078	0.017180261	0.047726296
2.912637861	1.429079353	0.015882654	0.04712782
2.91451456	1.422649024	0.014600127	0.046530213
2.91639126	1.416164632	0.013336857	0.045934724
2.91826796	1.409618697	0.012082027	0.045347296
2.920144659	1.403009419	0.010841895	0.044765758
2.922021359	1.396332672	0.009616853	0.044188274
2.923898058	1.389604698	0.008407154	0.043623103
2.925774758	1.382803081	0.007207695	0.043063277
2.927651458	1.375948704	0.006022245	0.042512749
2.929528157	1.369034894	0.004848745	0.041972399
2.931404857	1.362064918	0.003691842	0.041440059
2.933281557	1.355043287	0.002552894	0.040916864
2.935158256	1.347971879	0.001433588	0.040406104
2.937034956	1.340847116	0.000332739	0.039901695
2.938911656	1.333671203	-0.000748696	0.039409083
2.940788355	1.326434968	-0.001815074	0.038925316
2.942665055	1.319147893	-0.002861733	0.038448567
2.944541755	1.311805919	-0.003891044	0.037981332
2.946418454	1.30440963	-0.004904707	0.037518929
2.948295154	1.296951748	-0.005899186	0.037061479
2.950171854	1.28943714	-0.006878628	0.036609916
2.952048553	1.281860793	-0.0078391	0.036162148
2.953925253	1.274230447	-0.008790447	0.03571881
2.955801953	1.26653741	-0.009723823	0.035272488
2.957678652	1.258783704	-0.010636232	0.034823267
2.959555352	1.250973083	-0.011534615	0.034377773
2.961432052	1.243109422	-0.012421503	0.03393887
2.963308751	1.235198857	-0.013288527	0.033502102
2.965185451	1.227236843	-0.01413923	0.033069184
2.96706215	1.21923053	-0.014974784	0.032640621
2.96893885	1.211181319	-0.01579214	0.032223096
2.97081555	1.203100739	-0.016597971	0.031817905
2.972692249	1.19497943	-0.017387731	0.031418394
2.974568949	1.186822563	-0.018168666	0.031027231
2.976445649	1.178626405	-0.018926623	0.030625994
2.978322348	1.170405071	-0.01965757	0.03023102
2.980199048	1.162156028	-0.02036691	0.029848575
2.982075748	1.153891324	-0.021060012	0.029486207
2.983952447	1.145601655	-0.021734479	0.029142003
2.985829147	1.137285986	-0.022387649	0.028808402
2.987705847	1.128947221	-0.023019097	0.028486826
2.989582546	1.120589584	-0.023629701	0.028177495
2.991459246	1.112215763	-0.024220222	0.027880434
2.993335946	1.103818171	-0.024786619	0.027594134
2.995212645	1.095409401	-0.025325749	0.027321123
2.997089345	1.086982246	-0.025843937	0.027055801
2.998966045	1.078535477	-0.026340431	0.026803039
3.000842744	1.070070982	-0.026817202	0.026561435
3.002719444	1.061594773	-0.0272741	0.026332012
3.004596144	1.053095026	-0.027711513	0.026114819
3.006472843	1.04457959	-0.028130629	0.025912584
3.008349543	1.036045549	-0.028526586	0.025718281
3.010226242	1.027494568	-0.028909357	0.025539983
3.012102942	1.018923992	-0.029265258	0.025368023
3.013979642	1.01033155	-0.02959366	0.02519319
3.015856341	1.001715308	-0.029902637	0.025025375
3.017733041	0.993069185	-0.030189008	0.024863978
3.019609741	0.984395917	-0.030457599	0.024710761
3.02148644	0.975690298	-0.030702824	0.024559423
3.02336314	0.966961402	-0.03093071	0.024413978
3.02523984	0.958199551	-0.031131727	0.024266881
3.027116539	0.949417563	-0.031317882	0.024123633
3.028993239	0.940613801	-0.031490042	0.023982382
3.030869939	0.93179388	-0.031652927	0.023844403
3.032746638	0.922961976	-0.031799335	0.02370554
3.034623338	0.914119289	-0.031921164	0.023561862
3.036500038	0.905279715	-0.032021576	0.023410945
3.038376737	0.896446814	-0.032104367	0.023269066
3.040253437	0.887624251	-0.032172379	0.023138959
3.042130137	0.878800354	-0.032227548	0.023020226
3.044006836	0.869999855	-0.032268626	0.022916173
3.045883536	0.861205336	-0.032293778	0.022823729
3.047760236	0.852440341	-0.03230509	0.022745327
3.049636935	0.843698329	-0.032300806	0.022685276
3.051513635	0.834976095	-0.032280653	0.022643023
3.053390334	0.82628193	-0.032238484	0.022614651
3.055267034	0.817611627	-0.032174104	0.022597211
3.057143734	0.808962966	-0.032092709	0.022591027
3.059020433	0.800334003	-0.031995512	0.022594648
3.060897133	0.791731901	-0.031887384	0.022615869
3.062773833	0.783152012	-0.031764822	0.022647942
3.064650532	0.774599026	-0.031626559	0.022693697
3.066527232	0.766076743	-0.031475961	0.022761835
3.068403932	0.757588719	-0.031306238	0.02284785
3.070280631	0.749130682	-0.031123411	0.022945792
3.072157331	0.740697263	-0.030923383	0.023052005
3.074034031	0.732252144	-0.030719461	0.023162477
3.07591073	0.723797164	-0.030498444	0.023301
3.07778743	0.715356262	-0.030229478	0.023475424
3.07966413	0.706931704	-0.029930302	0.023669937
3.081540829	0.698501079	-0.029606568	0.023866095
3.083417529	0.690065314	-0.029272999	0.024040522
3.085294229	0.681645787	-0.028935107	0.024218064
3.087170928	0.67321793	-0.028590802	0.02438093
3.089047628	0.664800944	-0.028216781	0.024509969
3.090924328	0.656389879	-0.027824731	0.02462303
3.092801027	0.6479991	-0.027422107	0.024729465
3.094677727	0.639632725	-0.027016965	0.024835681
3.096554426	0.631290268	-0.026610551	0.024943571
3.098431126	0.62298095	-0.026201139	0.025059827
3.100307826	0.614713279	-0.025791484	0.025188019
3.102184525	0.606484028	-0.025382856	0.025323753
3.104061225	0.598300609	-0.024975926	0.025468765
3.105937925	0.590176979	-0.024568404	0.025626118
3.107814624	0.582116095	-0.024152964	0.025802885
3.109691324	0.574133937	-0.023729966	0.026000508
3.111568024	0.566231622	-0.023298519	0.026222321
3.113444723	0.558420281	-0.022859074	0.026470181
3.115321423	0.550693529	-0.022413653	0.026743015
3.117198123	0.543062157	-0.021965779	0.027041916
3.119074822	0.535510439	-0.021512466	0.027365795
3.120951522	0.528042087	-0.021057178	0.027710515
3.122828222	0.520656674	-0.020598412	0.028075998
3.124704921	0.513340797	-0.020136038	0.028455746
3.126581621	0.506091362	-0.019670272	0.028848714
3.128458321	0.498893734	-0.019205543	0.029246375
3.13033502	0.491741249	-0.018742864	0.029648254
3.13221172	0.484627156	-0.018281699	0.030046919
3.13408842	0.47754379	-0.017820215	0.030433803
3.135965119	0.47051675	-0.017383674	0.030836095
3.137841819	0.463521299	-0.016935371	0.031209863
3.139718519	0.456549387	-0.016487103	0.031572282
3.141595218	0.449606132	-0.016044152	0.031928329
3.143471918	0.442695131	-0.015607503	0.03227661
3.145348617	0.435813762	-0.015174787	0.032617628
3.147225317	0.428966081	-0.014746898	0.032949432
3.149102017	0.42215858	-0.014324279	0.03328479
3.150978716	0.415402771	-0.01389688	0.033624751
3.152855416	0.408701083	-0.013468444	0.033965981
3.154732116	0.402042598	-0.013036896	0.034305534
3.156608815	0.395440585	-0.012602843	0.034645304
3.158485515	0.388899355	-0.012170918	0.034987956
3.160362215	0.382418641	-0.011744806	0.035333897
3.162238914	0.375984222	-0.01133392	0.035671911
3.164115614	0.369605215	-0.010920101	0.036024906
3.165992314	0.363297683	-0.010492198	0.036404398
3.167869013	0.3570624	-0.010051841	0.036805175
3.169745713	0.35089423	-0.009605915	0.037218689
3.171622413	0.344789589	-0.009158279	0.037639372
3.173499112	0.338753738	-0.008702664	0.038070507
3.175375812	0.332789379	-0.00823698	0.03851076
3.177252512	0.32690727	-0.007765588	0.038959038
3.179129211	0.321113448	-0.007287321	0.03941637
3.181005911	0.315416471	-0.006806381	0.039883284
3.182882611	0.309823677	-0.006323032	0.04036004
3.18475931	0.304344109	-0.005835837	0.040848274
3.18663601	0.298986447	-0.005351638	0.041353178
3.188512709	0.293755194	-0.004870231	0.041875364
3.190389409	0.288663375	-0.004402477	0.04241592
3.192266109	0.283702758	-0.003947505	0.042981565
3.194142808	0.278884204	-0.003508469	0.043576047
3.196019508	0.274205944	-0.003086891	0.044202978
3.197896208	0.269664927	-0.0026843	0.044856857
3.199772907	0.265234684	-0.002291493	0.045530705
3.201649607	0.260951367	-0.001912011	0.046220286
3.203526307	0.256771715	-0.001554929	0.046924707
3.205403006	0.252707324	-0.001211517	0.047621407
3.207279706	0.248708357	-0.000877505	0.048312103
3.209156406	0.244819668	-0.000575803	0.049021566
3.211033105	0.241014469	-0.000295006	0.0497352
3.212909805	0.237285971	-2.43E-05	0.050447658
3.214786505	0.233638975	0.000234752	0.051158174
3.216663204	0.230059305	0.000482732	0.051865694
3.218539904	0.226543389	0.000720944	0.052566707
3.220416604	0.223083047	0.000944662	0.0532589
3.222293303	0.219682001	0.001155158	0.05393667
3.224170003	0.216340289	0.0013582	0.054601058
3.226046703	0.213071651	0.001547657	0.05526337
3.227923402	0.20987347	0.001730669	0.055919056
3.229800102	0.206748136	0.001908378	0.056566
3.231676801	0.203697206	0.002073746	0.057207073
3.233553501	0.200717813	0.002228093	0.057842848
3.235430201	0.197816102	0.002371188	0.058469835
3.2373069	0.194992372	0.002501066	0.059090035
3.2391836	0.192250343	0.002617316	0.059706961
3.2410603	0.189602137	0.002722671	0.060326382
3.242936999	0.187041712	0.002811113	0.060953969
3.244813699	0.184571575	0.002886713	0.061585983
3.246690399	0.182190835	0.002956406	0.062208874
3.248567098	0.179895343	0.003026059	0.062816681
3.250443798	0.177695805	0.003086518	0.06342168
3.252320498	0.17558753	0.003134894	0.06402236
3.254197197	0.173574394	0.00317741	0.064616059
3.256073897	0.171664795	0.003213475	0.065211678
3.257950597	0.169863006	0.00323683	0.065814726
3.259827296	0.168176991	0.003253894	0.06642136
3.261703996	0.166605514	0.003254921	0.067042235
3.263580696	0.1651556	0.003240726	0.067673559
3.265457395	0.163834182	0.003220884	0.068317607
3.267334095	0.16263378	0.003187027	0.068975779
3.269210795	0.161567194	0.003147747	0.069650652
3.271087494	0.160639825	0.003100858	0.070345989
3.272964194	0.159854301	0.003046277	0.071066507
3.274840893	0.159216039	0.002980181	0.071809425
3.276717593	0.158718696	0.002911452	0.072574386
3.278594293	0.15835565	0.002832283	0.073358351
3.280470992	0.15813759	0.002744714	0.074167475
3.282347692	0.158058175	0.002651325	0.075003701
3.284224392	0.15811812	0.002549889	0.075862089
3.286101091	0.158317725	0.002442905	0.076746558
3.287977791	0.158657857	0.002329118	0.077658734
3.289854491	0.159136066	0.002203956	0.078599169
3.29173119	0.159747221	0.00207769	0.079556239
3.29360789	0.160484848	0.001956188	0.080518953
3.29548459	0.161346818	0.001833219	0.08148444
3.297361289	0.162331558	0.001703637	0.08245786
3.299237989	0.16342395	0.001579563	0.083436229
3.301114689	0.164613924	0.001461993	0.084409507
3.302991388	0.165891335	0.001340766	0.085366427
3.304868088	0.167253181	0.001214458	0.08630736
3.306744788	0.168672868	0.001082886	0.087224326
3.308621487	0.170157814	0.000945171	0.088115884
3.310498187	0.171696571	0.000796599	0.088979419
3.312374887	0.17328676	0.000640438	0.089816984
3.314251586	0.174930784	0.000486225	0.090638953
3.316128286	0.176621057	0.000330235	0.091436878
3.318004985	0.178356132	0.000161545	0.092203041
3.319881685	0.180140919	-1.37E-05	0.092944997
3.321758385	0.181957601	-0.000202432	0.093658335
3.323635084	0.183790084	-0.000392959	0.094355811
3.325511784	0.18564698	-0.000571054	0.095053648
3.327388484	0.187556037	-0.000732396	0.095760233
3.329265183	0.189524693	-0.000893386	0.096450807
3.331141883	0.191559143	-0.001061953	0.097114399
3.333018583	0.193675413	-0.001235303	0.097757604
3.334895282	0.195881693	-0.001407337	0.098383819
3.336771982	0.198185558	-0.001575528	0.09899762
3.338648682	0.20058899	-0.00174141	0.099600465
3.340525381	0.203101468	-0.001906654	0.100200835
3.342402081	0.205744121	-0.002068898	0.100811662
3.344278781	0.208504702	-0.002236856	0.10142649
3.34615548	0.21138156	-0.002412924	0.102048746
3.34803218	0.214376122	-0.002592518	0.102676034
3.34990888	0.217516976	-0.002773712	0.103320069
3.351785579	0.220797954	-0.002955573	0.103980831
3.353662279	0.224224555	-0.00313749	0.104663704
3.355538979	0.227792097	-0.003327673	0.105366454
3.357415678	0.231499745	-0.003516902	0.106086164
3.359292378	0.235330231	-0.003707074	0.106817972
3.361169077	0.239277189	-0.003896343	0.107558952
3.363045777	0.243337667	-0.004082993	0.10830357
3.364922477	0.247508213	-0.004271565	0.109048304
3.366799176	0.251777034	-0.004455259	0.109797478
3.368675876	0.256130709	-0.004633972	0.110538206
3.370552576	0.260566361	-0.004808149	0.111270982
3.372429275	0.265075941	-0.00497845	0.111990631
3.374305975	0.269655485	-0.005144355	0.112698841
3.376182675	0.27430406	-0.005306136	0.113395951
3.378059374	0.279024255	-0.005453597	0.114084648
3.379936074	0.283815857	-0.005590026	0.114766917
3.381812774	0.288679115	-0.005725768	0.115433824
3.383689473	0.293612667	-0.005857574	0.116090962
3.385566173	0.29861003	-0.005993951	0.116729495
3.387442873	0.303677265	-0.006123411	0.117367179
3.389319572	0.308812589	-0.006233804	0.118018865
3.391196272	0.314014632	-0.006329446	0.118664343
3.393072972	0.319289391	-0.006404934	0.119306023
3.394949671	0.324640768	-0.006466626	0.119938333
3.396826371	0.330072829	-0.006511999	0.120564447
3.398703071	0.335589839	-0.006542701	0.121179463
3.40057977	0.341193147	-0.00655671	0.121783676
3.40245647	0.346882178	-0.00655449	0.122381262
3.404333169	0.352666553	-0.00653666	0.122975467
3.406209869	0.358544272	-0.006506404	0.123566014
3.408086569	0.36451901	-0.006469566	0.124152055
3.409963268	0.370589866	-0.006420629	0.124740135
3.411839968	0.376754753	-0.006359942	0.125332173
3.413716668	0.383017447	-0.006287124	0.125929696
3.415593367	0.389384915	-0.006205635	0.126534142
3.417470067	0.395859091	-0.006113751	0.127149556
3.419346767	0.402448547	-0.00601031	0.127778521
3.421223466	0.409151132	-0.00589413	0.128420843
3.423100166	0.415966597	-0.005767346	0.129075877
3.424976866	0.422890716	-0.005627298	0.129744503
3.426853565	0.429917392	-0.005474268	0.130421661
3.428730265	0.437037263	-0.005309377	0.131102897
3.430606965	0.444243612	-0.005130107	0.131786407
3.432483664	0.451529318	-0.004933529	0.132472419
3.434360364	0.458881523	-0.004723402	0.133153638
3.436237064	0.466291985	-0.004499251	0.133827225
3.438113763	0.473751496	-0.004263143	0.134488915
3.439990463	0.481242101	-0.00401805	0.135131867
3.441867163	0.488757034	-0.003772534	0.135744154
3.443743862	0.496294235	-0.003499528	0.136360358
3.445620562	0.503855819	-0.003198304	0.136968552
3.447497262	0.511445199	-0.002870929	0.137563673
3.449373961	0.519068842	-0.002522684	0.138147919
3.451250661	0.526721225	-0.002153361	0.138713407
3.45312736	0.53441019	-0.00176352	0.139260791
3.45500406	0.542143715	-0.001351582	0.139791274
3.45688076	0.549924466	-0.000916026	0.140306766
3.458757459	0.557757335	-0.000452478	0.140810013
3.460634159	0.565647286	3.73E-05	0.141300019
3.462510859	0.573590939	0.000548329	0.141779223
3.464387558	0.581594822	0.001076849	0.142248072
3.466264258	0.58966776	0.001621043	0.142713715
3.468140958	0.59783177	0.002157781	0.143200324
3.470017657	0.606070416	0.002715199	0.14367894
3.471894357	0.614407468	0.00329116	0.144160691
3.473771057	0.622829388	0.003886321	0.144649648
3.475647756	0.631339973	0.004499657	0.145152547
3.477524456	0.639941356	0.005132443	0.145675099
3.479401156	0.648629246	0.0057834	0.146216279
3.481277855	0.65739063	0.006452178	0.146774063
3.483154555	0.666216846	0.007136941	0.147341604
3.485031255	0.675090825	0.007835313	0.147907526
3.486907954	0.683989092	0.008542785	0.148463987
3.488784654	0.692908963	0.009292131	0.1490447
3.490661354	0.701843467	0.010067303	0.149620125
3.492538053	0.710790431	0.010864065	0.150181428
3.494414753	0.719742633	0.011679884	0.150723328
3.496291452	0.728699852	0.012512229	0.151237851
3.498168152	0.737656069	0.013361295	0.151722035
3.500044852	0.746611911	0.014230651	0.152179312
3.501921551	0.755571567	0.015120018	0.152612908
3.503798251	0.764533326	0.016027963	0.153025795
3.505674951	0.773503968	0.016948532	0.153418307
3.50755165	0.782483509	0.017879966	0.153794417
3.50942835	0.791478395	0.018822982	0.154158575
3.51130505	0.800487579	0.019778152	0.154508223
3.513181749	0.809512533	0.020746129	0.154847033
3.515058449	0.81855552	0.021727059	0.155174523
3.516935149	0.827613782	0.022721767	0.155492858
3.518811848	0.836683548	0.023727611	0.155799025
3.520688548	0.845769676	0.024745436	0.156096299
3.522565248	0.854871593	0.025777037	0.156389719
3.524441947	0.863960458	0.026801072	0.156660726
3.526318647	0.873050344	0.02785308	0.156953338
3.528195347	0.882149717	0.028935251	0.157258704
3.530072046	0.891255759	0.030034176	0.157561153
3.531948746	0.900372429	0.031138957	0.157845996
3.533825446	0.909489704	0.032251602	0.158112142
3.535702145	0.918602832	0.033374768	0.158359343
3.537578845	0.927707817	0.034509669	0.158586634
3.539455544	0.936800128	0.035655185	0.15879336
3.541332244	0.945873898	0.036813271	0.158982798
3.543208944	0.95492852	0.037981643	0.159155073
3.545085643	0.963956851	0.039157593	0.159309813
3.546962343	0.972965342	0.040341147	0.1594481
3.548839043	0.981953421	0.04152943	0.15957061
3.550715742	0.990921346	0.042721601	0.159677867
3.552592442	0.999871561	0.043917885	0.159772587
3.554469142	1.008806236	0.045120239	0.159854949
3.556345841	1.017727921	0.046327843	0.15992511
3.558222541	1.026634583	0.047540091	0.159986589
3.560099241	1.035525503	0.048761485	0.160040775
3.56197594	1.044403545	0.049987636	0.160092481
3.56385264	1.053240674	0.05120568	0.16013128
3.56572934	1.062060402	0.052456491	0.160206476
3.567606039	1.070865642	0.053728535	0.160288735
3.569482739	1.079656962	0.055001195	0.1603599
3.571359439	1.088431172	0.056270257	0.160414562
3.573236138	1.097188561	0.057537606	0.160456105
3.575112838	1.105918619	0.058812181	0.160482301
3.576989538	1.11462887	0.060091859	0.160493058
3.578866237	1.12330973	0.061374756	0.160487218
3.580742937	1.131961424	0.062662165	0.160470335
3.582619636	1.140581689	0.063951309	0.160443383
3.584496336	1.149165217	0.065240146	0.160404551
3.586373036	1.157715052	0.06652421	0.160357592
3.588249735	1.166226764	0.067802066	0.160297718
3.590126435	1.174694065	0.069078245	0.160222693
3.592003135	1.183117655	0.070356285	0.1601295
3.593879834	1.191501237	0.071631638	0.16002919
3.595756534	1.19983288	0.072902379	0.15991723
3.597633234	1.208112233	0.074165623	0.159807039
3.599509933	1.216355629	0.075443469	0.159733313
3.601386633	1.224569056	0.076716403	0.159633233
3.603263333	1.232743815	0.077972875	0.15950942
3.605140032	1.240871353	0.079218313	0.159367344
3.607016732	1.248974189	0.080458186	0.159216183
3.608893432	1.25704113	0.081699915	0.159068101
3.610770131	1.265062901	0.082937522	0.158915887
3.612646831	1.273064767	0.084180621	0.158767803
3.614523531	1.281038466	0.085424893	0.158620339
3.61640023	1.28898482	0.086671644	0.158473847
3.61827693	1.296892817	0.087912331	0.158322294
3.62015363	1.304756651	0.0891431	0.158161085
3.622030329	1.312573662	0.090366166	0.157994468
3.623907029	1.320340143	0.091584595	0.157821978
3.625783728	1.328050896	0.092794599	0.157639384
3.627660428	1.335712176	0.093993011	0.157447538
3.629537128	1.343305819	0.09517887	0.157248636
3.631413827	1.350801752	0.096323743	0.157025925
3.633290527	1.35822044	0.097499334	0.156832436
3.635167227	1.365603525	0.098674345	0.156632269
3.637043926	1.372908802	0.099816115	0.15640305
3.638920626	1.380138898	0.100926781	0.156147559
3.640797326	1.387289398	0.102013684	0.155872408
3.642674025	1.394365782	0.103082515	0.155578785
3.644550725	1.40136621	0.104129793	0.155266141
3.646427425	1.408289219	0.10515667	0.154938574
3.648304124	1.415139494	0.106165624	0.154595691
3.650180824	1.421912503	0.107155846	0.154238033
3.652057524	1.42859837	0.108128559	0.153860844
3.653934223	1.43519972	0.109078173	0.153466239
3.655810923	1.441710941	0.11000383	0.153052319
3.657687623	1.448131896	0.110904517	0.152619984
3.659564322	1.454462332	0.111776364	0.152169976
3.661441022	1.460698824	0.112621792	0.151704517
3.663317722	1.466838879	0.113439646	0.151221085
3.665194421	1.472883382	0.114243925	0.1507305
3.667071121	1.478798596	0.115013563	0.150222512
3.66894782	1.484627831	0.115796699	0.149724314
3.67082452	1.490371449	0.116547904	0.149206953
3.67270122	1.496020865	0.117258401	0.148667046
3.674577919	1.501576373	0.117933002	0.148108678
3.676454619	1.507053178	0.118571335	0.147540576
3.678331319	1.51245781	0.119183698	0.146953537
3.680208018	1.517778382	0.119774834	0.146348367
3.682084718	1.523035171	0.120348278	0.145740972
3.683961418	1.528225739	0.120903863	0.145128696
3.685838117	1.533346289	0.121440403	0.144521495
3.687714817	1.538390199	0.121954228	0.143920571
3.689591517	1.543357212	0.122463292	0.143339295
3.691468216	1.548268231	0.122967967	0.142766646
3.693344916	1.553105844	0.123447107	0.142188522
3.695221616	1.557869645	0.123898071	0.141596694
3.697098315	1.562549243	0.124319617	0.140995174
3.698975015	1.567148349	0.12471208	0.140384987
3.700851715	1.571661704	0.125080203	0.139765908
3.702728414	1.576099186	0.125423402	0.139142644
3.704605114	1.580454065	0.125740205	0.138517144
3.706481814	1.58473236	0.126033207	0.137888096
3.708358513	1.588926732	0.126302748	0.137255388
3.710235213	1.593045673	0.126548702	0.136623817
3.712111912	1.597078591	0.126774411	0.135994257
3.713988612	1.601017412	0.126963867	0.135362799
3.715865312	1.604875402	0.127160433	0.134752345
3.717742011	1.608667384	0.127338068	0.134140969
3.719618711	1.612371377	0.127483627	0.133516917
3.721495411	1.615986165	0.127594935	0.1328767
3.72337211	1.619494817	0.127669724	0.132221625
3.72524881	1.622911317	0.127711546	0.131554303
3.72712551	1.62622353	0.127724389	0.130874181
3.729002209	1.629435076	0.12770349	0.130182306
3.730878909	1.63254421	0.127652849	0.129478721
3.732755609	1.635554001	0.127564896	0.128765447
3.734632308	1.638458547	0.127442767	0.128038873
3.736509008	1.641264524	0.127291126	0.127297622
3.738385708	1.643955132	0.127110135	0.126537012
3.740262407	1.646543365	0.126896832	0.125768566
3.742139107	1.649025936	0.126648252	0.124995592
3.744015807	1.651400766	0.126372958	0.124215057
3.745892506	1.653672137	0.12607659	0.123431587
3.747769206	1.655836308	0.125746568	0.122642734
3.749645906	1.657902177	0.125399328	0.121865325
3.751522605	1.659886292	0.125043088	0.121095259
3.753399305	1.661776079	0.124661058	0.120314998
3.755276004	1.663574234	0.124252181	0.119520312
3.757152704	1.665268947	0.123813853	0.118714628
3.759029404	1.666875966	0.123343722	0.117908728
3.760906103	1.66838508	0.122849514	0.117095281
3.762782803	1.669801788	0.122328132	0.116279462
3.764659503	1.671133359	0.121783679	0.115463175
3.766536202	1.67238345	0.121216825	0.114649443
3.768412902	1.673556814	0.12062555	0.113844401
3.770289602	1.674652883	0.120010654	0.113043438
3.772166301	1.675667576	0.119375951	0.112246947
3.774043001	1.67659984	0.118725809	0.111450598
3.775919701	1.677453275	0.118060548	0.110660376
3.7777964	1.678227349	0.117374926	0.109885296
3.7796731	1.678915831	0.116670709	0.109115398
3.7815498	1.679519016	0.115954176	0.108353633
3.783426499	1.680039151	0.115235487	0.107604383
3.785303199	1.680485772	0.114502458	0.106861116
3.787179899	1.680840353	0.113744792	0.106116541
3.789056598	1.681103789	0.112959266	0.105363243
3.790933298	1.681265614	0.112148005	0.104596776
3.792809998	1.681337971	0.111314096	0.103822062
3.794686697	1.681313396	0.110455761	0.10304362
3.796563397	1.68118801	0.109568196	0.102259988
3.798440097	1.680971693	0.108664282	0.101476111
3.800316796	1.680665929	0.107736488	0.100693898
3.802193496	1.680270812	0.106790868	0.099911828
3.804070195	1.679783956	0.105824386	0.099131636
3.805946895	1.679200549	0.104840699	0.098351109
3.807823595	1.678518352	0.103842575	0.097563815
3.809700294	1.677728402	0.102822987	0.096771203
3.811576994	1.676829084	0.101788695	0.095980058
3.813453694	1.675835388	0.100743161	0.095193511
3.815330393	1.674725345	0.099686199	0.094400358
3.817207093	1.673516306	0.098611936	0.093598274
3.819083793	1.672180193	0.097510947	0.092782101
3.820960492	1.670730154	0.096385281	0.091954506
3.822837192	1.669153838	0.095228106	0.091112378
3.824713892	1.667467293	0.09404654	0.09025961
3.826590591	1.665658029	0.092842989	0.089387789
3.828467291	1.663739148	0.091623691	0.088505191
3.830343991	1.661712282	0.090382647	0.087623385
3.83222069	1.659585193	0.089124624	0.086741985
3.83409739	1.657348681	0.087851302	0.085855526
3.83597409	1.655013594	0.086559733	0.084968762
3.837850789	1.652591111	0.085251718	0.084091735
3.839727489	1.650075674	0.083928361	0.0832167
3.841604189	1.647469508	0.082593276	0.082341025
3.843480888	1.644778174	0.081257702	0.081461728
3.845357588	1.641993221	0.079907363	0.080583711
3.847234287	1.639130751	0.078550788	0.079723096
3.849110987	1.636189118	0.077188564	0.078869175
3.850987687	1.633167105	0.07581562	0.078021918
3.852864386	1.630069386	0.074434779	0.077190257
3.854741086	1.626898549	0.073046939	0.076371623
3.856617786	1.623659353	0.071659891	0.075558502
3.858494485	1.620341949	0.070276279	0.074752023
3.860371185	1.616952777	0.068905618	0.073960838
3.862247885	1.613486289	0.067533985	0.073175736
3.864124584	1.609938439	0.066164334	0.072398189
3.866001284	1.606307337	0.064787039	0.071629461
3.867877984	1.602589921	0.063404439	0.07086605
3.869754683	1.59879177	0.062018606	0.07011131
3.871631383	1.594906663	0.060630689	0.069361858
3.873508083	1.590943157	0.059235717	0.068619346
3.875384782	1.586898923	0.057841811	0.067882189
3.877261482	1.582778192	0.056444281	0.067151075
3.879138182	1.57858349	0.055051918	0.066425006
3.881014881	1.574300787	0.053654292	0.065703448
3.882891581	1.569936987	0.052256934	0.064989369
3.884768281	1.565496114	0.050854673	0.064278757
3.88664498	1.560960863	0.049453407	0.063568492
3.88852168	1.556342526	0.048048897	0.062859194
3.890398379	1.551634592	0.046643631	0.062151932
3.892275079	1.546841005	0.045236812	0.061446006
3.894151779	1.54195516	0.043825538	0.060739056
3.896028478	1.536976371	0.04240915	0.060029714
3.897905178	1.531913429	0.040999107	0.059313605
3.899781878	1.52675289	0.03958986	0.058593525
3.901658577	1.521501711	0.038176215	0.057877066
3.903535277	1.51616773	0.03676351	0.057162219
3.905411977	1.510746548	0.03535666	0.056447667
3.907288676	1.505246118	0.033956123	0.055737089
3.909165376	1.499667129	0.032556023	0.055033198
3.911042076	1.494006545	0.031158447	0.054335334
3.912918775	1.488283881	0.029768066	0.053644746
3.914795475	1.482486432	0.028386753	0.052956358
3.916672175	1.476621154	0.027021689	0.052269327
3.918548874	1.470693823	0.025661163	0.051598728
3.920425574	1.464696548	0.0243104	0.050940443
3.922302274	1.458641181	0.022973913	0.050290477
3.924178973	1.452527816	0.021646282	0.049647423
3.926055673	1.446355663	0.020326567	0.049027184
3.927932373	1.440132957	0.01901111	0.048427857
3.929809072	1.433846463	0.017707138	0.04782801
3.931685772	1.427507849	0.016422475	0.047227767
3.933562471	1.421111246	0.015155657	0.046634631
3.935439171	1.414645815	0.013899311	0.046048981
3.937315871	1.408114469	0.012653592	0.045471296
3.93919257	1.40152587	0.011422296	0.044902013
3.94106927	1.394873571	0.010202365	0.044342148
3.94294597	1.38815808	0.008995668	0.043789172
3.944822669	1.381383528	0.007798445	0.043243358
3.946699369	1.374549033	0.006616558	0.04270358
3.948576069	1.367657356	0.005447697	0.042170694
3.950452768	1.360711002	0.004294955	0.041647082
3.952329468	1.353710819	0.00316509	0.041130281
3.954206168	1.346651135	0.002049721	0.040624248
3.956082867	1.339533546	0.000952004	0.040125954
3.957959567	1.332357014	-0.000128805	0.039633202
3.959836267	1.325124973	-0.001195704	0.039148828
3.961712966	1.31782992	-0.002242488	0.038667269
3.963589666	1.310475205	-0.003280384	0.038192364
3.965466366	1.303058596	-0.004297246	0.037721139
3.967343065	1.295577655	-0.005304511	0.037255437
3.969219765	1.28803853	-0.00629082	0.036790134
3.971096465	1.28043057	-0.007264734	0.036319877
3.972973164	1.272761906	-0.008215916	0.035848435
3.974849864	1.265033446	-0.009157575	0.035382646
3.976726563	1.257252999	-0.01008528	0.034923476
3.978603263	1.249409288	-0.010993856	0.034462551
3.980479963	1.241516798	-0.011887136	0.034005863
3.982356662	1.23357673	-0.012761793	0.033555003
3.984233362	1.225593842	-0.013622223	0.033117993
3.986110062	1.217572756	-0.014468841	0.032690145
3.987986761	1.209516535	-0.015296577	0.032268442
3.989863461	1.20142009	-0.016102484	0.031848633
3.991740161	1.193281059	-0.016886765	0.031429315
3.99361686	1.185108524	-0.017660974	0.0310277
3.99549356	1.176909916	-0.018421735	0.03063972
3.99737026	1.168679431	-0.019157642	0.030252575
3.999246959	1.160429848	-0.019869611	0.02987755
4.001123659	1.152164284	-0.020560881	0.029516919
4.003000359	1.143879968	-0.021234849	0.02917341
4.004877058	1.135565307	-0.021891049	0.02884423
4.006753758	1.127231508	-0.022522417	0.028523396
4.008630458	1.118874769	-0.023137901	0.028212973
4.010507157	1.110505901	-0.023733361	0.027916859
4.012383857	1.102118837	-0.024299004	0.027631504
4.014260557	1.093714015	-0.024841821	0.027356418
4.016137256	1.085295753	-0.025363056	0.027093595
4.018013956	1.076859414	-0.025865677	0.026846501
4.019890655	1.068407594	-0.026348143	0.026612064
4.021767355	1.059941147	-0.026810881	0.026388848
4.023644055	1.051449745	-0.027251074	0.026177664
4.025520754	1.042948321	-0.027670976	0.025977717
4.027397454	1.034426708	-0.028069829	0.025790583
4.029274154	1.025882118	-0.028447915	0.025612089
4.031150853	1.017320273	-0.028798827	0.02543864
4.033027553	1.008733703	-0.029127021	0.025268901
4.034904253	1.000113122	-0.029434262	0.025105192
4.036780952	0.99146208	-0.029718677	0.024946395
4.038657652	0.982779017	-0.029981587	0.024791739
4.040534352	0.974063809	-0.030223277	0.024641135
4.042411051	0.96532276	-0.030441741	0.024498337
4.044287751	0.956547248	-0.030639336	0.024362024
4.046164451	0.947750253	-0.030816527	0.024225069
4.04804115	0.938931215	-0.03097382	0.024079739
4.04991785	0.930087597	-0.031117731	0.023919722
4.05179455	0.921231442	-0.03125805	0.02375826
4.053671249	0.912361901	-0.031386342	0.023592825
4.055547949	0.903501578	-0.031494803	0.023424703
4.057424649	0.894648516	-0.031581901	0.023263575
4.059301348	0.885828108	-0.031654356	0.023132354
4.061178048	0.877012254	-0.03171989	0.023015868
4.063054747	0.868215691	-0.031769586	0.022905978
4.064931447	0.859432503	-0.031804837	0.022805944
4.066808147	0.850672926	-0.031823892	0.022723093
4.068684846	0.841934454	-0.031826767	0.022656128
4.070561546	0.833218328	-0.031813009	0.022603875
4.072438246	0.824531975	-0.031774879	0.022570658
4.074314945	0.815871129	-0.031721006	0.022549147
4.076191645	0.807236318	-0.03165172	0.022546299
4.078068345	0.798624937	-0.031564887	0.022554102
4.079945044	0.79003804	-0.031464795	0.022581894
4.081821744	0.781477982	-0.031358181	0.022624906
4.083698444	0.772947206	-0.031236121	0.022681769
4.085575143	0.764446584	-0.031088471	0.022752911
4.087451843	0.75596797	-0.030922799	0.022833617
4.089328543	0.7475161	-0.030744909	0.02292706
4.091205242	0.739067785	-0.03055831	0.023028874
4.093081942	0.730592078	-0.030383999	0.023131268
4.094958642	0.722119125	-0.030158443	0.023277235
4.096835341	0.713658874	-0.029890981	0.023450403
4.098712041	0.705208664	-0.029599898	0.023624512
4.100588741	0.696775374	-0.029307505	0.023828925
4.10246544	0.688319382	-0.029001355	0.023997705
4.10434214	0.679860632	-0.028667885	0.024141489
4.10621884	0.671392282	-0.028309288	0.024259005
4.108095539	0.662925862	-0.027932328	0.024363047
4.109972239	0.654466771	-0.027541487	0.024457302
4.111848938	0.646017853	-0.027141238	0.024545363
4.113725638	0.637592497	-0.026737618	0.024633633
4.115602338	0.629191893	-0.026333356	0.02472464
4.117479037	0.620822551	-0.025925633	0.024822087
4.119355737	0.612492572	-0.025517324	0.024926591
4.121232437	0.604210885	-0.025111044	0.02504077
4.123109136	0.59598469	-0.024707302	0.025163289
4.124985836	0.587820182	-0.024299198	0.025302614
4.126862536	0.579737398	-0.023883149	0.025465423
4.128739235	0.571736844	-0.023459396	0.025653668
4.130615935	0.563839982	-0.023025247	0.025874582
4.132492635	0.556043295	-0.02258679	0.026128403
4.134369334	0.548352278	-0.022142336	0.026416044
4.136246034	0.540757727	-0.021691075	0.026736863
4.138122734	0.533255345	-0.021238722	0.027080075
4.139999433	0.525843093	-0.02078001	0.027452101
4.141876133	0.518508421	-0.020317664	0.027842253
4.143752833	0.51124522	-0.019853536	0.028248501
4.145629532	0.504041192	-0.019388846	0.028663457
4.147506232	0.496880972	-0.018924117	0.029078481
4.149382932	0.489770337	-0.018462907	0.029491028
4.151259631	0.48270327	-0.018025599	0.02991463
4.153136331	0.475660537	-0.017579115	0.030309866
4.15501303	0.468654439	-0.01713186	0.030699619
4.15688973	0.461663847	-0.016687234	0.031081065
4.15876643	0.45469822	-0.016246139	0.031453992
4.160643129	0.447756423	-0.015811127	0.031817643
4.162519829	0.440842494	-0.015380617	0.032174782
4.164396529	0.433953197	-0.014953639	0.032524753
4.166273228	0.427093755	-0.014529281	0.032868382
4.168149928	0.42028468	-0.014099518	0.033213653
4.170026628	0.413523865	-0.013668571	0.033560945
4.171903327	0.406818609	-0.013233191	0.033909019
4.173780027	0.400161038	-0.012798219	0.034256049
4.175656727	0.393561058	-0.012363603	0.034604952
4.177533426	0.387022008	-0.011931552	0.03495709
4.179410126	0.380534162	-0.011511445	0.035303509
4.181286826	0.374090055	-0.011103484	0.035648362
4.183163525	0.367710787	-0.010677603	0.03601887
4.185040225	0.361401851	-0.010237319	0.036413024
4.186916925	0.355156015	-0.009789834	0.036819315
4.188793624	0.348974241	-0.009335564	0.037233325
4.190670324	0.342856829	-0.008874247	0.037652802
4.192547024	0.336807368	-0.008402037	0.038078347
4.194423723	0.330831042	-0.007923631	0.038507746
4.196300423	0.324937592	-0.007438462	0.038945891
4.198177122	0.319136129	-0.00695145	0.039391595
4.200053822	0.313431738	-0.006462407	0.039847947
4.201930522	0.307844283	-0.00597803	0.040322232
4.203807221	0.302378017	-0.005498903	0.040811519
4.205683921	0.297039288	-0.005021935	0.041315575
4.207560621	0.291835676	-0.004552757	0.041830643
4.20943732	0.286770593	-0.00409405	0.04236619
4.21131402	0.281848589	-0.00365046	0.042931708
4.21319072	0.277072417	-0.003221327	0.043527481
4.215067419	0.272435836	-0.002804404	0.044145378
4.216944119	0.267933398	-0.002409655	0.044799718
4.218820819	0.263580344	-0.002030318	0.045481896
4.220697518	0.259333778	-0.001667051	0.046179604
4.222574218	0.255193809	-0.001320792	0.046887274
4.224450918	0.251151185	-0.000988024	0.04760599
4.226327617	0.247179213	-0.000670797	0.048327237
4.228204317	0.243298422	-0.00036734	0.049050573
4.230081017	0.239498104	-7.53E-05	0.0497751
4.231957716	0.235775927	0.000203552	0.050501698
4.233834416	0.232127781	0.000472428	0.051219452
4.235711116	0.228544182	0.000728842	0.051930002
4.237587815	0.225017857	0.000971448	0.052629888
4.239464515	0.221553512	0.001194847	0.053316753
4.241341214	0.218146227	0.001405638	0.053991324
4.243217914	0.214805185	0.001603429	0.054657237
4.245094614	0.211534205	0.001788932	0.05531938
4.246971313	0.208334429	0.001961537	0.055978591
4.248848013	0.205206495	0.002115542	0.05663685
4.250724713	0.202143439	0.002258935	0.057283375
4.252601412	0.199149107	0.002399664	0.05791167
4.254478112	0.19622316	0.002530817	0.058524246
4.256354812	0.193369402	0.002647626	0.059128674
4.258231511	0.190594623	0.00275969	0.059721189
4.260108211	0.187893268	0.002866329	0.060302982
4.261984911	0.18527485	0.002966708	0.060876515
4.26386161	0.182743016	0.003054483	0.061448058
4.26573831	0.180293067	0.003126565	0.062018285
4.26761501	0.177935745	0.003185532	0.062587473
4.269491709	0.175668909	0.003231527	0.06315172
4.271368409	0.173496393	0.003269589	0.063717244
4.273245109	0.171427935	0.003301294	0.064288748
4.275121808	0.16947112	0.003323689	0.06487025
4.276998508	0.167634274	0.003341133	0.065463768
4.278875208	0.165915028	0.003353228	0.06607002
4.280751907	0.164327596	0.00335651	0.066692713
4.282628607	0.162879255	0.003349982	0.067335234
4.284505306	0.161574387	0.003333478	0.067998564
4.286382006	0.160409086	0.003304782	0.068682284
4.288258706	0.159394628	0.003269127	0.069391244
4.290135405	0.158528395	0.003225344	0.070125533
4.292012105	0.157806463	0.003173211	0.070885754
4.293888805	0.157234315	0.00311554	0.071665312
4.295765504	0.156815877	0.00304111	0.072469723
4.297642204	0.156534989	0.002957062	0.073289478
4.299518904	0.156397266	0.002882056	0.074123105
4.301395603	0.15639809	0.002802491	0.074978245
4.303272303	0.15654045	0.002697306	0.075874758
4.305149003	0.156815541	0.002592219	0.076786705
4.307025702	0.15721928	0.002485268	0.077717453
4.308902402	0.157748935	0.002377539	0.078664069
4.310779102	0.158401613	0.002265547	0.079622876
4.312655801	0.159176333	0.002148693	0.080589039
4.314532501	0.160058155	0.002029088	0.081552941
4.316409201	0.161041716	0.001904909	0.082516736
4.3182859	0.162120411	0.001785014	0.083479821
4.3201626	0.163283387	0.00166767	0.084428473
4.3220393	0.164520185	0.0015437	0.085358663
4.323915999	0.165827537	0.001413931	0.086270512
4.325792699	0.167196164	0.001278645	0.087158788
4.327669398	0.168624282	0.001135851	0.088021553
4.329546098	0.170104495	0.000982305	0.088858672
4.331422798	0.171641851	0.000825718	0.089679696
4.333299497	0.173236595	0.000664028	0.09048129
4.335176197	0.174877713	0.000490585	0.091254138
4.337052897	0.176567503	0.000307066	0.09200357
4.338929596	0.178282622	0.000108987	0.092727189
4.340806296	0.180019758	-8.38E-05	0.093450915
4.342682996	0.181787633	-0.00026543	0.094175354
4.344559695	0.183608644	-0.000434166	0.094897704
4.346436395	0.185488494	-0.000607472	0.095590016
4.348313095	0.187431608	-0.000792222	0.096255024
4.350189794	0.189451098	-0.000974883	0.096897878
4.352066494	0.191552151	-0.001156813	0.097522473
4.353943194	0.193737198	-0.00133311	0.098132625
4.355819893	0.196021527	-0.001512389	0.098734042
4.357696593	0.198399539	-0.001685093	0.099326344
4.359573293	0.200896776	-0.001851967	0.099921293
4.361449992	0.203508304	-0.002020244	0.100515927
4.363326692	0.206226476	-0.002187643	0.101111811
4.365203392	0.209056953	-0.002354385	0.101708251
4.367080091	0.212040728	-0.002536906	0.102329183
4.368956791	0.215182836	-0.002727175	0.10296934
4.37083349	0.218484084	-0.002919465	0.103631699
4.37271019	0.221935493	-0.003116568	0.104313975
4.37458689	0.225533428	-0.0033154	0.105018507
4.376463589	0.229259557	-0.00351413	0.105741259
4.378340289	0.233113117	-0.003712533	0.106482341
4.380216989	0.237088324	-0.003909792	0.107234235
4.382093688	0.241166271	-0.004103593	0.107992441
4.383970388	0.245348769	-0.004287736	0.108755609
4.385847088	0.249624088	-0.004469988	0.109515384
4.387723787	0.253982969	-0.004646439	0.110268356
4.389600487	0.258425011	-0.004817574	0.11101003
4.391477187	0.262939581	-0.004989294	0.111739389
4.393353886	0.267524485	-0.005151698	0.112459066
4.395230586	0.272186548	-0.005303328	0.113171799
4.397107286	0.276923053	-0.005443441	0.113878622
4.398983985	0.281733344	-0.005582085	0.114569584
4.400860685	0.286618829	-0.005716877	0.11525039
4.402737385	0.29157506	-0.005856282	0.115912334
4.404614084	0.296603447	-0.005988089	0.116563931
4.406490784	0.301727975	-0.006115162	0.117242314
4.408367484	0.306920552	-0.006225292	0.117910065
4.410244183	0.312191557	-0.006311585	0.118569546
4.412120883	0.317533967	-0.006380379	0.119224104
4.413997583	0.322951584	-0.006434362	0.119875648
4.415874282	0.328454179	-0.006472903	0.120520058
4.417750982	0.334039916	-0.006496948	0.12115704
4.419627681	0.339712541	-0.006504383	0.121789455
4.421504381	0.345474773	-0.006495204	0.122418942
4.423381081	0.351327821	-0.006474528	0.123042333
4.42525778	0.357272275	-0.006441976	0.123657296
4.42713448	0.363306449	-0.006399249	0.124269647
4.42901118	0.369432089	-0.006342301	0.124883493
4.430887879	0.375654925	-0.006275236	0.125500024
4.432764579	0.38197975	-0.006196781	0.126121616
4.434641279	0.388410427	-0.006109908	0.126752163
4.436517978	0.394957027	-0.00601116	0.12739673
4.438394678	0.401621564	-0.005902387	0.128054655
4.440271378	0.408395364	-0.005783934	0.128726223
4.442148077	0.415280886	-0.005657028	0.129411144
4.444024777	0.422271278	-0.005517011	0.130105562
4.445901477	0.429354146	-0.005366283	0.130801908
4.447778176	0.436524014	-0.005198754	0.131499501
4.449654876	0.443773324	-0.005014904	0.13219915
4.451531576	0.451087863	-0.004816225	0.132891004
4.453408275	0.458459247	-0.004603677	0.133572006
4.455284975	0.465876532	-0.004378489	0.13423763
4.457161675	0.473331456	-0.004143978	0.134881265
4.459038374	0.48080658	-0.003907837	0.135491385
4.460915074	0.48829908	-0.003648568	0.136098729
4.462791773	0.495814855	-0.003361142	0.136700337
4.464668473	0.503355155	-0.003052416	0.137285843
4.466545173	0.510921292	-0.002721435	0.137856981
4.468421872	0.518514767	-0.002372122	0.138408745
4.470298572	0.526141019	-0.00200113	0.138940888
4.472175272	0.533806362	-0.001609887	0.139452159
4.474051971	0.541512767	-0.001193508	0.139945672
4.475928671	0.549271523	-0.000751253	0.140426861
4.477805371	0.557085898	-0.00028625	0.140897847
4.47968207	0.564958096	0.000196606	0.141358747
4.48155877	0.572894684	0.000695459	0.141813801
4.48343547	0.580901924	0.001208735	0.142268223
4.485312169	0.588981171	0.001736835	0.142727249
4.487188869	0.597137309	0.002279162	0.143195696
4.489065569	0.605377248	0.00283746	0.143674986
4.490942268	0.613707627	0.003410958	0.144167828
4.492818968	0.622127067	0.004003918	0.14467701
4.494695668	0.630636136	0.004616677	0.145200057
4.496572367	0.639232656	0.005247133	0.145739191
4.498449067	0.647903286	0.005892929	0.146290309
4.500325767	0.65664081	0.006552893	0.146844978
4.502202466	0.665429079	0.00722447	0.147397087
4.504079166	0.674260644	0.00791208	0.147948424
4.505955865	0.683119535	0.008617141	0.148491751
4.507832565	0.691994257	0.009346754	0.149040285
4.509709265	0.700877607	0.010105094	0.149578866
4.511585964	0.709761688	0.010886378	0.150104445
4.513462664	0.718642001	0.011682358	0.150601262
4.515339364	0.727517624	0.012494082	0.151068115
4.517216063	0.736387559	0.013321666	0.151508441
4.519092763	0.745253988	0.014169267	0.151922825
4.520969463	0.754116621	0.01502834	0.152318138
4.522846162	0.762980592	0.015905846	0.152695778
4.524722862	0.771848427	0.016805159	0.15305328
4.526599562	0.780720596	0.017724107	0.153389993
4.528476261	0.789614653	0.018648625	0.153715425
4.530352961	0.79852585	0.01958452	0.154022401
4.532229661	0.807466043	0.020540091	0.154309397
4.53410636	0.816436861	0.021514314	0.154589875
4.53598306	0.825424042	0.022499057	0.154854409
4.53785976	0.834459346	0.023483168	0.155126985
4.539736459	0.843529681	0.024485062	0.155406733
4.541613159	0.852636372	0.025506106	0.155687454
4.543489859	0.861780422	0.026549389	0.15597498
4.545366558	0.87096214	0.027615191	0.156272491
4.547243258	0.880174032	0.028693294	0.156577781
4.549119957	0.889391293	0.029777498	0.15688063
4.550996657	0.898605468	0.030889944	0.157213049
4.552873357	0.90783855	0.032035407	0.15756476
4.554750056	0.917088005	0.033205599	0.157924257
4.556626756	0.926350635	0.034389031	0.158271918
4.558503456	0.935629743	0.035581497	0.158604215
4.560380155	0.944913268	0.036782048	0.158919823
4.562256855	0.954189499	0.037992247	0.159216252
4.564133555	0.963455087	0.039210201	0.159493038
4.566010254	0.972706801	0.040439058	0.159754456
4.567886954	0.981938158	0.041677337	0.159996625
4.569763654	0.99114616	0.042921028	0.160219151
4.571640353	1.000326683	0.044170295	0.160424331
4.573517053	1.009480551	0.045425397	0.160611831
4.575393753	1.018603893	0.046686037	0.160781418
4.577270452	1.027689041	0.047945738	0.160923203
4.579147152	1.036735998	0.049203418	0.161043848
4.581023852	1.045740316	0.050460023	0.161147357
4.582900551	1.054690353	0.051706461	0.161228164
4.584777251	1.063596582	0.052988834	0.16133327
4.586653951	1.072473644	0.054281386	0.161425637
4.58853065	1.081314154	0.055561677	0.161487222
4.59040735	1.090113557	0.056832929	0.161521264
4.592284049	1.098875356	0.058102418	0.161535483
4.594160749	1.107599108	0.059373297	0.161535398
4.596037449	1.116281885	0.060643464	0.161513787
4.597914148	1.124927531	0.061914705	0.161474498
4.599790848	1.133538588	0.063186315	0.161421333
4.601667548	1.142110245	0.064457693	0.161353552
4.603544247	1.150643194	0.065728691	0.161271075
4.605420947	1.159130634	0.066995009	0.161174254
4.607297647	1.167575717	0.068257214	0.161062792
4.609174346	1.175976758	0.069516757	0.160939033
4.611051046	1.184336651	0.070775075	0.160804312
4.612927746	1.192649621	0.072025866	0.160655512
4.614804445	1.200915801	0.073273744	0.160495846
4.616681145	1.209131765	0.074519467	0.160328685
4.618557845	1.217296673	0.075757616	0.16015395
4.620434544	1.225398391	0.07699628	0.159984297
4.622311244	1.233456381	0.078257032	0.159834052
4.624187944	1.24147228	0.079508626	0.159667842
4.626064643	1.249439809	0.080740839	0.159482943
4.627941343	1.257358068	0.081965657	0.159294764
4.629818043	1.265229712	0.083178211	0.159096511
4.631694742	1.273063251	0.084388851	0.158894748
4.633571442	1.280861265	0.085593902	0.158683116
4.635448141	1.288627609	0.086795199	0.15846524
4.637324841	1.296350453	0.08799121	0.158242009
4.639201541	1.304042866	0.089188484	0.158015053
4.64107824	1.311687274	0.090374346	0.157778284
4.64295494	1.319277395	0.091545246	0.157529045
4.64483164	1.326813493	0.09270987	0.157276475
4.646708339	1.334296845	0.0938619	0.157014008
4.648585039	1.341724317	0.095000263	0.156742585
4.650461739	1.34908502	0.096119927	0.156466545
4.652338438	1.356356075	0.09720274	0.15617052
4.654215138	1.363557082	0.098310549	0.15589923
4.656091838	1.370701961	0.09942547	0.155621089
4.657968537	1.377787231	0.100507626	0.155315336
4.659845237	1.384797552	0.101555462	0.154987605
4.661721937	1.391746498	0.102577527	0.154653587
4.663598636	1.398635784	0.103581474	0.154307158
4.665475336	1.405473535	0.104576081	0.153944124
4.667352036	1.412255707	0.1055568	0.153574293
4.669228735	1.418997121	0.106525208	0.153199416
4.671105435	1.425685036	0.107479232	0.152825089
4.672982135	1.432323822	0.108425621	0.152450726
4.674858834	1.438909131	0.109356751	0.152076879
4.676735534	1.44543626	0.110274184	0.15170183
4.678612233	1.451902047	0.111176911	0.151324777
4.680488933	1.45831126	0.112065498	0.150944474
4.682365633	1.464650772	0.112938136	0.150558764
4.684242332	1.47092724	0.113799368	0.150173544
4.686119032	1.477087819	0.114632335	0.149784192
4.687995732	1.483156275	0.115472974	0.149409497
4.689872431	1.489164659	0.116302318	0.149027916
4.691749131	1.495085852	0.117104365	0.148626143
4.693625831	1.500906453	0.117867871	0.148199998
4.69550253	1.506636108	0.118599233	0.147751835
4.69737923	1.512272805	0.119301382	0.14728424
4.69925593	1.517820033	0.119971667	0.146796784
4.701132629	1.523272937	0.120618292	0.146294218
4.703009329	1.528635062	0.121238285	0.145779199
4.704886029	1.533905191	0.121833472	0.145253344
4.706762728	1.539068823	0.122396287	0.144717499
4.708639428	1.544139645	0.122954054	0.144187824
4.710516128	1.549118191	0.123484848	0.143643836
4.712392827	1.553999028	0.123981114	0.143076598
4.714269527	1.558777538	0.12443804	0.142483494
4.716146227	1.563445785	0.124855624	0.141863489
4.718022926	1.56800374	0.125238554	0.141219637
4.719899626	1.572455726	0.125587458	0.140557058
4.721776325	1.576802816	0.12590253	0.139877849
4.723653025	1.581045051	0.12618459	0.139184101
4.725529725	1.585189495	0.126433292	0.138480054
4.727406424	1.58923669	0.126650775	0.137768117
4.729283124	1.593195352	0.126841135	0.137051324
4.731159824	1.597044443	0.126997429	0.13632227
4.733036523	1.600802186	0.127150126	0.135602646
4.734913223	1.604487207	0.12729106	0.134893294
4.736789923	1.608100021	0.127403931	0.134180107
4.738666622	1.611625318	0.127478889	0.133459504
4.740543322	1.61506558	0.127518357	0.132732402
4.742420022	1.618427792	0.127534381	0.131993679
4.744296721	1.621713231	0.127521508	0.13125167
4.746173421	1.624926809	0.127487419	0.130507459
4.748050121	1.628061764	0.127430825	0.129764616
4.74992682	1.631117038	0.127350296	0.129020085
4.75180352	1.634098348	0.127245559	0.128281013
4.75368022	1.636996507	0.127118418	0.127544093
4.755556919	1.639814097	0.12696609	0.12680823
4.757433619	1.642547191	0.1267912	0.126073031
4.759310319	1.645196564	0.126591444	0.125337496
4.761187018	1.647751652	0.126367113	0.124599012
4.763063718	1.650222069	0.12612342	0.12386243
4.764940418	1.652592413	0.125859828	0.123126838
4.766817117	1.654862392	0.125567844	0.122387591
4.768693817	1.657039956	0.12525939	0.121657086
4.770570516	1.659128085	0.124944983	0.120935707
4.772447216	1.66112896	0.124608061	0.120208249
4.774323916	1.663035549	0.124236732	0.119472105
4.776200615	1.664839142	0.123837369	0.118721805
4.778077315	1.666542851	0.123405313	0.117960572
4.779954015	1.668142688	0.122942468	0.117189219
4.781830714	1.669641044	0.122449536	0.116409027
4.783707414	1.671038627	0.121927121	0.115619465
4.785584114	1.672339278	0.121376246	0.114825573
4.787460813	1.673538915	0.120794737	0.114024191
4.789337513	1.674637552	0.120184689	0.113212435
4.791214213	1.675636385	0.119548675	0.112393767
4.793090912	1.676536271	0.118888141	0.111569948
4.794967612	1.677332115	0.118200896	0.11074406
4.796844312	1.678014323	0.11748771	0.109916816
4.798721011	1.678587949	0.116745593	0.109082547
4.800597711	1.679064496	0.115986453	0.108249794
4.802474411	1.679427978	0.115218428	0.107422896
4.80435111	1.679707982	0.114427402	0.10659587
4.80622781	1.679888339	0.113612317	0.105758866
4.80810451	1.679964802	0.11277045	0.104906785
4.809981209	1.679929364	0.111903611	0.104038802
4.811857909	1.679803233	0.111007765	0.10317618
4.813734608	1.679583731	0.110091272	0.102312636
4.815611308	1.679268547	0.109149015	0.101446321
4.817488008	1.678865417	0.108191126	0.100581129
4.819364707	1.678388995	0.10721382	0.099727688
4.821241407	1.677836094	0.10621758	0.098886993
4.823118107	1.677204718	0.105209081	0.098053476
4.824994806	1.676496868	0.104191843	0.097228151
4.826871506	1.675702511	0.103164948	0.096404812
4.828748206	1.674832564	0.1021201	0.095594365
4.830624905	1.673875165	0.101068452	0.094798713
4.832501605	1.672849923	0.100019774	0.094018237
4.834378305	1.671738598	0.098968269	0.093244838
4.836255004	1.670556478	0.097901698	0.092479405
4.838131704	1.669285314	0.096819838	0.091718257
4.840008404	1.667931139	0.095720303	0.0909597
4.841885103	1.666480012	0.094598181	0.090197289
4.843761803	1.664941034	0.093465243	0.089432432
4.845638503	1.663303812	0.092315883	0.088661967
4.847515202	1.661586327	0.091149112	0.087899676
4.849391902	1.659784748	0.089970818	0.0871414
4.851268602	1.65789652	0.088779325	0.086387156
4.853145301	1.655916388	0.087574557	0.085634775
4.855022001	1.653848451	0.08635317	0.084884331
4.8568987	1.651693836	0.085114107	0.084140451
4.8587754	1.649450543	0.083864753	0.083391452
4.8606521	1.647116326	0.082610157	0.082639704
4.862528799	1.644682711	0.081339229	0.081886383
4.864405499	1.642159328	0.080053102	0.081134026
4.866282199	1.639535848	0.078754365	0.080382617
4.868158898	1.636818412	0.077444368	0.079628403
4.870035598	1.634000841	0.076122977	0.078865405
4.871912298	1.631081289	0.074795257	0.078092437
4.873788997	1.628067542	0.073457905	0.077321985
4.875665697	1.624957628	0.072105977	0.076555503
4.877542397	1.621747909	0.070752498	0.075787492
4.879419096	1.618439085	0.069398153	0.075025523
4.881295796	1.615031659	0.068038301	0.074260625
4.883172496	1.611507225	0.066674397	0.073475989
4.885049195	1.607880667	0.065296801	0.07268961
4.886925895	1.604149022	0.063906282	0.071898348
4.888802595	1.600316216	0.062511571	0.071103125
4.890679294	1.596377631	0.061105624	0.070303003
4.892555994	1.592339667	0.059692454	0.069503839
4.894432694	1.588213873	0.058266976	0.068712742
4.896309393	1.583993418	0.056842582	0.067922564
4.898186093	1.579690066	0.055411545	0.067132388
4.900062792	1.575290133	0.053983146	0.066334605
4.901939492	1.570810961	0.052549899	0.065540306
4.903816192	1.566240751	0.051112342	0.06475504
4.905692891	1.561580205	0.049675265	0.063969815
4.907569591	1.556838637	0.048235942	0.06318672
4.909446291	1.552009036	0.046800806	0.06240546
4.91132299	1.547106582	0.045357395	0.061639827
4.91319969	1.542119939	0.043919776	0.06088115
4.91507639	1.5370636	0.042478957	0.060126951
4.916953089	1.531920454	0.041044349	0.059370436
4.918829789	1.526711978	0.039617081	0.058619287
4.920706489	1.521425781	0.038194746	0.0578789
4.922583188	1.516077532	0.03677597	0.057157688
4.924459888	1.510656503	0.035362671	0.056439754
4.926336588	1.505178891	0.033959016	0.05573305
4.928213287	1.499637919	0.032560778	0.055033144
4.930089987	1.49403642	0.031176351	0.054345768
4.931966687	1.488371518	0.029793373	0.053670511
4.933843386	1.482653706	0.028424005	0.053008945
4.935720086	1.476862552	0.027063249	0.052351667
4.937596786	1.471004609	0.025715201	0.051700728
4.939473485	1.465086865	0.024376858	0.051063325
4.941350185	1.459091824	0.023051595	0.050431542
4.943226884	1.453038178	0.021730505	0.049813458
4.945103584	1.446910827	0.020426464	0.049203508
4.946980284	1.440721313	0.019129212	0.048599596
4.948856983	1.434458367	0.017844896	0.04799648
4.950733683	1.42813016	0.016570938	0.047399723
4.952610383	1.421739603	0.015308437	0.046814877
4.954487082	1.415274342	0.014055079	0.046235511
4.956363782	1.40873624	0.012808565	0.045660178
4.958240482	1.402117039	0.011581409	0.045072627
4.960117181	1.395435263	0.010360586	0.044494438
4.961993881	1.388671676	0.0091444	0.04391739
4.963870581	1.381835202	0.007940811	0.043339487
4.96574728	1.374926965	0.006742237	0.042760685
4.96762398	1.367948258	0.005559274	0.042182079
4.96950068	1.360897942	0.004381816	0.041611857
4.971377379	1.353788742	0.003222172	0.041050875
4.973254079	1.346618224	0.002068349	0.040492001
4.975130779	1.339387939	0.000938077	0.039931851
4.977007478	1.33208751	-0.00017597	0.039369441
4.978884178	1.32474121	-0.001276512	0.038824726
4.980760878	1.317336939	-0.002360564	0.038289437
4.982637577	1.309880328	-0.003429607	0.037764637
4.984514277	1.302382423	-0.004482038	0.037256193
4.986390976	1.294836744	-0.005517725	0.036748521
4.988267676	1.287255505	-0.00652752	0.036253845
4.990144376	1.279628401	-0.007519648	0.035768379
4.992021075	1.271962398	-0.008490637	0.035289993
4.993897775	1.2642584	-0.009438407	0.034823987
4.995774475	1.256513656	-0.010367704	0.034371302
4.997651174	1.248728715	-0.011271092	0.033928238
4.999527874	1.240905445	-0.012153343	0.033498431
5.001404574	1.233044463	-0.013015439	0.033081841
5.003281273	1.225145659	-0.013858634	0.032678556
5.005157973	1.217217718	-0.014681995	0.032288308
5.007034673	1.209247131	-0.015483121	0.031907896
5.008911372	1.201246742	-0.016267104	0.031537478
5.010788072	1.193207458	-0.017033786	0.031175576
5.012664772	1.185121174	-0.017784401	0.030814381
5.014541471	1.176990187	-0.018514982	0.030452654
5.016418171	1.168823439	-0.019228103	0.030101854
5.018294871	1.160613897	-0.019921383	0.029759581
5.02017157	1.152374346	-0.020599106	0.029425246
5.02204827	1.144097065	-0.021257733	0.029096368
5.02392497	1.135785243	-0.021899052	0.028774756
5.025801669	1.127441139	-0.022523598	0.028457892
5.027678369	1.119064795	-0.023138222	0.02815028
5.029555068	1.110662881	-0.023734876	0.027846799
5.031431768	1.102227231	-0.024308003	0.027544952
5.033308468	1.093764482	-0.024857849	0.027242028
5.035185167	1.085287634	-0.025387381	0.026947672
5.037061867	1.076777266	-0.025902936	0.026663973
5.038938567	1.06825596	-0.026410616	0.026400972
5.040815266	1.059713124	-0.026900311	0.026141529
5.042691966	1.051157488	-0.027363552	0.025877869
5.044568666	1.042594656	-0.027806399	0.025631289
5.046445365	1.034008989	-0.028228466	0.025391774
5.048322065	1.025413196	-0.028627363	0.025169067
5.050198765	1.016812034	-0.029004051	0.024967306
5.052075464	1.008194383	-0.029353676	0.024772528
5.053952164	0.999563245	-0.029678488	0.024590294
5.055828864	0.990919877	-0.029975692	0.024424551
5.057705563	0.982257658	-0.030245413	0.024272226
5.059582263	0.973581889	-0.030489782	0.024136328
5.061458963	0.964888945	-0.03070917	0.024012555
5.063335662	0.956177832	-0.030898195	0.02389597
5.065212362	0.947453372	-0.031061645	0.023787959
5.067089062	0.93871414	-0.031204193	0.023682733
