Time,AlphaDeg,ReferenceCl,InitialCl,ModelCl,ReferenceCd,InitialCd,ModelCd,ReferenceCm,InitialCm,ModelCm
0.0018767,19.8836476623272,17.89024455,0.229610710689598,0.117818374959728,9.159700361,1.56439095615748,1.5479641831702,4.974262422,0.273495908228985,0.0758466039435229
0.003753399,19.7673122901751,6.998687599,0.265354811023989,0.106584792782562,2.966862554,1.56681667686513,1.54545976547712,1.720040807,0.300090423937825,0.0852034324328664
0.005630099,19.6510091907913,2.14670712,0.319092205515719,0.138792901487785,0.679430759,1.5745124328223,1.55278939671758,0.365588962,0.303680367622045,0.0880266398717929
0.007506799,19.5347538530086,0.644578132,0.360618205291525,0.16646358480508,0.054337313,1.58037617524292,1.5590666053065,-0.026616866,0.306861830401501,0.0908298017327199
0.009383498,19.4185617591802,0.485667156,0.399344353951164,0.193262895727134,-0.002243171,1.58569168282637,1.56486811741477,-0.061662048,0.309919190306509,0.0937413752795264
0.011260198,19.302448197556,0.662823632,0.435799953450419,0.219339125795445,0.065356221,1.59053114177065,1.57023716672402,-0.015942515,0.312866727531089,0.0967264140625356
0.013136898,19.1864286318524,0.826936004,0.47034523923474,0.244784797007098,0.122477669,1.59494744484224,1.57520637993493,0.022755087,0.315713761195309,0.0997623474837959
0.015013597,19.0705185132786,0.916437303,0.503238620119581,0.269660288094235,0.149733171,1.59898149255794,1.57980210070753,0.041448259,0.318466837328712,0.102833263356583
0.016890297,18.9547330935332,0.953957339,0.534673220982336,0.294006383109854,0.157545569,1.60266624151902,1.58404670070209,0.047317197,0.32113083818951,0.105927167704498
0.018766997,18.8390877934101,0.966918126,0.564798105311687,0.317851320359229,0.156649924,1.60602910131625,1.58795988035067,0.047536324,0.323709580820273,0.109034537929395
0.020643696,18.7235980151827,0.971313135,0.593731526695917,0.341215126111586,0.153023807,1.60909346144872,1.59155946617366,0.046066316,0.326206177389767,0.112147520973187
0.022520396,18.6082789564859,0.973812798,0.621569518866669,0.364112351084196,0.149096674,1.61187969810586,1.59486190767563,0.04448825,0.328623258165129,0.115259458273469
0.024397095,18.4931460386693,0.976367623,0.648391539674224,0.38655374421492,0.145515563,1.61440585035166,1.59788258120096,0.043199422,0.330963103254565,0.118364573832826
0.026273795,18.3782239228848,0.979205304,0.674226117570217,0.408528383802448,0.142333397,1.61667823722127,1.60062507729017,0.042205382,0.333224568196739,0.121457052791398
0.028150495,18.2635300970945,0.982132254,0.699137376534563,0.43004340418477,0.139460687,1.61871344170871,1.60310505716311,0.041412955,0.335409733273935,0.124531807283798
0.030027194,18.1490710448596,0.985032942,0.723214259742318,0.451123241976887,0.136816999,1.62053518967158,1.605347125815,0.040772068,0.337523531932368,0.127585429423666
0.031903894,18.0348618241832,0.987853871,0.746499029348151,0.471772236970772,0.134365731,1.62215566543325,1.60736376546316,0.040247903,0.339567534125665,0.130614362917488
0.033780594,17.9209176435035,0.990568415,0.769029352575222,0.491994258914604,0.132065711,1.62358621549707,1.60916696251396,0.039817788,0.341543226180286,0.13361537482015
0.035657293,17.8072536759526,0.993196523,0.790839133751169,0.511792920232036,0.129914111,1.624837458639,1.61076824230773,0.039477762,0.343452029526524,0.136585524503766
0.037533993,17.6938848763338,0.995730946,0.811959173084406,0.531171737426139,0.127884888,1.62591937346191,1.61217869451233,0.039213103,0.345295315152624,0.139522139097287
0.039410693,17.5808263427485,0.998182092,0.832417595973326,0.550134163471388,0.125957838,1.62684136449719,1.61340898632074,0.039011534,0.347074406386833,0.14242277975663
0.041287392,17.4680931320959,1.000561279,0.852240291550582,0.56868369041265,0.124126647,1.62761232249767,1.61446938048741,0.038875114,0.348790589055817,0.145285226108127
0.043164092,17.3557000788105,1.002854765,0.871451268345946,0.586823927932854,0.122374913,1.62824067336163,1.61536974911955,0.038788522,0.350445119464281,0.148107463248819
0.045040792,17.2436621532719,1.005089014,0.890072857300801,0.604558579356603,0.120688964,1.62873441618001,1.61611958135346,0.038753264,0.352039223192929,0.150887657423021
0.046917491,17.1319942788087,1.007243197,0.908125963760052,0.621891496108124,0.11906581,1.62910115909888,1.61672799534409,0.038757874,0.353574101361448,0.153624147341673
0.048794191,17.0207111524513,1.009340909,0.925630275669583,0.638826719307539,0.117497572,1.62934814885552,1.61720374803029,0.038806794,0.355050935576454,0.156315436531604
0.050670891,16.9098275996165,1.011361541,0.942604357419624,0.655368433411475,0.115974183,1.62948229511629,1.61755524220292,0.03888537,0.356470885243039,0.158960173957906
0.05254759,16.7993959234863,1.013338906,0.959022959266983,0.671487643349058,0.114490321,1.62950160311189,1.61778122696574,0.039006207,0.357830362230885,0.161552887913245
0.05442429,16.6893959242636,1.015244066,0.974948678642856,0.687223161689386,0.113044547,1.6294220926516,1.61790012109163,0.039151886,0.359135432387573,0.164096587639533
0.05630099,16.5798422370701,1.017104228,0.990397279547105,0.702579753564044,0.111636509,1.62924970773647,1.61791922243346,0.039330041,0.360387201825324,0.16659035349589
0.058177689,16.4707494476579,1.018897191,1.0053838475217,0.717562337648545,0.110259351,1.628990133574,1.6178455111481,0.039532241,0.361586761162744,0.169033377406038
0.060054389,16.3621319070461,1.02064061,1.01992288493786,0.732176011101295,0.108904379,1.62864881149064,1.61768566068587,0.039758751,0.362735189348957,0.171424961186995
0.061931089,16.2540040788892,1.022335994,1.03402831460688,0.746425992833695,0.107592778,1.62823095151635,1.61744604653529,0.040009747,0.363833550347037,0.173764502507168
0.063807788,16.1463803617649,1.023965922,1.0477135501462,0.760317639444197,0.10629772,1.62774154304089,1.61713275497138,0.040276419,0.364882895677364,0.176051493164856
0.065684488,16.0392749165483,1.025553823,1.06099155599277,0.773856456938195,0.105035271,1.62718536380568,1.6167515909799,0.040564484,0.365884266361881,0.178285517186719
0.067561187,15.9327020653116,1.027115081,1.07387483124274,0.787048039610985,0.103815801,1.62656699105319,1.61630808815796,0.040877049,0.366838689410912,0.180466237274492
0.069437887,15.8266758331205,1.028641417,1.08637549629611,0.799898117798849,0.102628451,1.62589080773552,1.61580751571066,0.041207633,0.367747182366813,0.18259339951815
0.071314587,15.7212103442068,1.030164185,1.09850527098518,0.812412498507129,0.101474455,1.62516101278575,1.61525488864454,0.041566051,0.368610749947989,0.184666820697009
0.073191286,15.6163196484637,1.031659593,1.11027551948582,0.824597077527013,0.100364262,1.62438162777341,1.61465497572148,0.041941992,0.369430385892312,0.186686387629682
0.075067986,15.5120175538417,1.03315125,1.12169728875652,0.836457848246847,0.099297871,1.62355650257351,1.6140123068186,0.042344823,0.370207074309077,0.188652056199565
0.076944686,15.4083448154595,1.034656726,1.13276713166435,0.847987353237776,0.098265628,1.62268767183284,1.6133297136715,0.042776926,0.370940011474421,0.190561504482287
0.078821385,15.3053172484379,1.036129719,1.14349687272168,0.859192555143464,0.097281851,1.62177914002967,1.6126118187633,0.043225057,0.371630291521074,0.192414822309082
0.080698085,15.2029221556283,1.037589644,1.15391124546993,0.87009345430845,0.096334149,1.6208360615092,1.61186408895962,0.043696328,0.372280687958664,0.194214501720495
0.082574785,15.1011731679722,1.039025555,1.16402002313468,0.880696257395113,0.095412136,1.61986162635252,1.61109012606903,0.044184386,0.372892138363246,0.195960737653983
0.084451484,15.0000838304922,1.040426095,1.17383272432476,0.891007202880773,0.094521912,1.61885888698119,1.61029333853264,0.044685195,0.373465570241928,0.197653772620902
0.086328184,14.899667440386,1.041762963,1.1833586384727,0.901032569327857,0.093654513,1.61783076159181,1.60947694774726,0.045188253,0.37400190196723,0.199293896476606
0.088204884,14.7999373690308,1.0430136,1.19260680382294,0.910778635017448,0.092795055,1.61678004225301,1.60864399809731,0.045685961,0.374502041017531,0.200881438291131
0.090081583,14.700906896644,1.044185374,1.20158603275644,0.920251688435236,0.091944458,1.61570939809116,1.60779736305964,0.046176663,0.374966885100706,0.202416766669822
0.091958283,14.602589054095,1.04527023,1.21030493352666,0.929458036185242,0.091100534,1.61462137805968,1.60693975095512,0.046659712,0.375397322896633,0.203900289651259
0.093834983,14.5049969378037,1.046280125,1.21877188909876,0.938403966583197,0.090265835,1.61351841874245,1.60607371462909,0.047133859,0.375794232667937,0.205332447504413
0.095711682,14.4081435478927,1.047212483,1.22699507913043,0.947095759653955,0.08942745,1.61240284689936,1.60520165690292,0.047599796,0.376158483180526,0.206713713129097
0.097588382,14.3120416339399,1.048057684,1.23498249886696,0.955539694752694,0.088581281,1.61127688171274,1.60432583575482,0.048053041,0.376490934274925,0.208044592028643
0.099465082,14.2167040023239,1.04883523,1.24274193916608,0.963742017844828,0.087730845,1.61014264230028,1.60344837352352,0.048498295,0.376792435821453,0.209325615962627
0.101341781,14.1221433580972,1.049565979,1.25028100583629,0.971708951054479,0.086882968,1.60900214974733,1.60257126173333,0.048941286,0.377063828456712,0.210557343379948
0.103218481,14.0284420534648,1.05024466,1.25758937704577,0.979427418708884,0.086034424,1.60785714082565,1.60169673667521,0.049377924,0.377303484479162,0.211736189235278
0.105095181,13.9355450745477,1.050890504,1.26469339179285,0.986924015479437,0.085187908,1.606709967307,1.60082648020415,0.049815206,0.377514838683243,0.212867048531187
0.10697188,13.8434647456981,1.051493723,1.27160008896545,0.994204861889117,0.084341797,1.60556235183457,1.59996209340426,0.050246957,0.377698702935565,0.213950557500751
0.10884858,13.7522131749204,1.052048733,1.27831634467103,1.00127603676509,0.083502022,1.60441593245576,1.59910507067933,0.050669709,0.377855879098069,0.214987371046606
0.110725279,13.6618025579239,1.05260393,1.28484886085491,1.00814355771361,0.082675599,1.60327227025833,1.59825680801777,0.051101628,0.377987159825903,0.215978159604554
0.112601979,13.5722447866195,1.053170168,1.29120419822052,1.01481340846525,0.081870892,1.60213284754471,1.59741860430852,0.051541136,0.378093329358206,0.216923612266575
0.114478679,13.4835517866464,1.053764046,1.29738875534035,1.02129150997832,0.08108735,1.60099907506702,1.59659166932079,0.051990048,0.378175163058419,0.217824431695303
0.116355378,13.3957353688107,1.054372069,1.30340878332432,1.02758372935979,0.080324759,1.59987229305409,1.59577712693785,0.05244476,0.378233427781595,0.218681334610583
0.118232078,13.3088070895441,1.05499373,1.30927039856122,1.03369588698938,0.079577458,1.59875377220673,1.59497601833574,0.052901571,0.378268881986919,0.219495051869122
0.120108778,13.2227785300035,1.055638161,1.31497956696514,1.03963373423196,0.078849777,1.59764471999479,1.59418930886873,0.053364856,0.378282275642145,0.220266324621949
0.121985477,13.1376611519553,1.05631401,1.32054211730642,1.04540296189874,0.078143499,1.59654628144188,1.59341789084897,0.053836741,0.378274350455616,0.220995904730396
0.123862177,13.0534661630805,1.057025304,1.32596375285398,1.05100920708229,0.077457333,1.59545953992959,1.59266258631782,0.054317848,0.378245839879254,0.22168455479236
0.125738877,12.9702047867118,1.057764667,1.33125003686115,1.05645803320921,0.076792522,1.59438552314848,1.59192415329861,0.054803987,0.378197469239286,0.22233304489391
0.127615576,12.8879296795357,1.058512794,1.33640102681908,1.06174861109498,0.076137734,1.59332584359363,1.59120408215463,0.055290538,0.378129159833968,0.22294048206521
0.129492276,12.8066533402818,1.05925805,1.34142276295336,1.06688712543949,0.075491909,1.59228154341436,1.59050309360634,0.055774297,0.37804171853484,0.223507760566719
0.131368976,12.7263454308562,1.059986378,1.34632604053594,1.07188551879744,0.074850249,1.59125287853848,1.58982098900611,0.056251468,0.377936676254775,0.224037385737153
0.133245675,12.6470166358318,1.060710107,1.35111589156548,1.07674906097816,0.074216376,1.5902406556464,1.58915828572022,0.056727167,0.377814724194842,0.224530154942391
0.135122375,12.5686773848992,1.061448103,1.35579723998549,1.08148295860899,0.07359387,1.58924563441281,1.58851545295038,0.057207577,0.377676545657942,0.224986870526087
0.136999075,12.4913381061822,1.06220475,1.36037488882455,1.08609233868977,0.072990014,1.58826853273831,1.58789291674266,0.057691336,0.377522816498382,0.225408337508491
0.138875774,12.4150090949867,1.062985988,1.3648535306821,1.09058225611019,0.072398552,1.58731002698998,1.58729106161096,0.058181865,0.377354205051651,0.225795363830808
0.140752474,12.3397003929679,1.063795375,1.36923775705818,1.09495769996015,0.071823829,1.58637075236535,1.58671023225156,0.058680735,0.377171371899319,0.226148760262496
0.142629174,12.2654220310924,1.064630071,1.37353204639261,1.0992235787026,0.071260037,1.58545130775331,1.58615073798281,0.059184077,0.376974970478568,0.226469338566112
0.144505873,12.192183903551,1.065488782,1.37774077378038,1.1033847272838,0.070713569,1.58455225588128,1.58561285412434,0.059694313,0.37676564692069,0.226757911642499
0.146382573,12.1199956524361,1.066387779,1.38186821969522,1.10744591319009,0.070184993,1.58367412361235,1.58509682349102,0.060215446,0.376544039747269,0.227015293362529
0.148259273,12.0488669000055,1.067342794,1.38591855879134,1.11141182301588,0.069673748,1.58281740642803,1.58460286028684,0.060753257,0.376310780616708,0.227242297157791
0.150135972,11.9788071279373,1.068357303,1.38989586894908,1.11528706920435,0.069192607,1.58198256850786,1.58413115128134,0.061306533,0.376066494082722,0.227439736068592
0.152012672,11.9098255676809,1.069442508,1.39380413947972,1.11907619588205,0.068735334,1.58117004298131,1.58368185712024,0.061878587,0.375811797232278,0.227608422502746
0.153889371,11.8420268660693,1.0705822,1.39764198936735,1.12277702266363,0.068295831,1.58038224895147,1.58325708695131,0.062462831,0.3755465115058,0.227746823102403
0.155766071,11.7753263264831,1.071777495,1.40141919069257,1.12640139882371,0.067876093,1.57961761946121,1.58285500408723,0.06305992,0.375272141738732,0.227858242698255
0.157642771,11.709732742263,1.073024139,1.40513943146465,1.12995362195236,0.067471242,1.57887649922777,1.58247569757037,0.063666178,0.37498928316261,0.227943489300132
0.15951947,11.6452548379969,1.074308077,1.40880630906216,1.13343791007043,0.067081767,1.57815921095547,1.58211924039744,0.064278414,0.37469852353967,0.22800336629085
0.16139617,11.5819010893943,1.075638752,1.41242334245468,1.1368584131438,0.066708948,1.57746605384359,1.58178568888425,0.064898441,0.374400443437576,0.228038674130621
0.16327287,11.5196799293593,1.077015505,1.41599396222005,1.1402192021929,0.066355446,1.57679730709998,1.58147508526128,0.065526035,0.374095617209105,0.228050209823084
0.165149569,11.458599640392,1.078451104,1.41952151829318,1.1435242753936,0.066020707,1.57615322987577,1.58118745839767,0.066162365,0.373784612603584,0.228038766780862
0.167026269,11.3986682588014,1.079935674,1.4230092871833,1.14677756358466,0.065704062,1.57553406141274,1.58092282469596,0.066804601,0.373467990305551,0.228005134458157
0.168902969,11.3398937690402,1.081472718,1.4264604623564,1.14998292011617,0.065402134,1.57494002417849,1.58068119024293,0.067451174,0.373146304981495,0.227950098114823
0.170779668,11.2822840019892,1.083057306,1.42987816158889,1.15314412670245,0.065112854,1.57437132380521,1.58046255145563,0.068101947,0.372820104846559,0.22787443859718
0.172656368,11.2258465453304,1.084685621,1.43326543390451,1.15626489880802,0.064837493,1.57382814925233,1.58026689590641,0.068751805,0.372489931177726,0.227778931910805
0.174533068,11.1705889258679,1.0863488,1.43662525021729,1.15934887607557,0.064573234,1.57331067556489,1.58009420405193,0.069401651,0.372156319408471,0.227664349249291
0.176409767,11.1165185138383,1.088053314,1.43996051035569,1.16239962797688,0.064319112,1.57281906383011,1.57994444982424,0.070049755,0.371819798660635,0.227531456697928
0.178286467,11.0636946152139,1.089793596,1.44327324368024,1.16541953901214,0.064084319,1.57235459666253,1.57981859355371,0.070697152,0.371480813243451,0.227380290620584
0.180163167,11.0121254674665,1.091579436,1.44656659153664,1.16841251311669,0.063858936,1.57191743174659,1.57971659700472,0.071345113,0.371139952087029,0.227211710150962
0.182039866,10.9617658798317,1.093417834,1.44984416897039,1.17138317860802,0.063652497,1.57150655706702,1.57963742145094,0.071995753,0.370797826577202,0.22702722579694
0.183916566,10.9126224654813,1.095313705,1.45310859083831,1.17433481320782,0.063459733,1.57112208303148,1.57958102308793,0.072648425,0.370454938533709,0.226827578891893
0.185793266,10.8647017605169,1.097273302,1.45636240318071,1.1772706227996,0.063279489,1.57076411126655,1.57954735629635,0.073307688,0.370111784233907,0.226613504921769
0.187669965,10.8180101386558,1.099292848,1.45960808977394,1.18019374686136,0.063116809,1.57043273458061,1.57953637411488,0.073967993,0.369768853905654,0.22638573313401
0.189546665,10.7725537386626,1.10137117,1.46284807853188,1.18310726373185,0.062970456,1.57012803717342,1.57954802890998,0.074632307,0.369426631214589,0.22614498600257
0.191423365,10.7283386134442,1.103514042,1.4660847323388,1.18601418190618,0.062835349,1.569850096357,1.57958227301677,0.075301222,0.369085594396876,0.225891979823131
0.193300064,10.685370651105,1.105707901,1.46932035542731,1.18891744537783,0.062713562,1.56959898257033,1.57963905921484,0.07596888,0.368746215742183,0.225627424264891
0.195176764,10.643655508962,1.107964073,1.47255719969061,1.19181993891627,0.062608462,1.56937475964604,1.57971834140377,0.076640782,0.368408961087751,0.225352021802058
0.197053464,10.6031987497604,1.110280622,1.47579745546015,1.19472447944832,0.062519567,1.56917748617143,1.57982007490164,0.077316476,0.368074290935498,0.225066468460185
0.198930163,10.5640057692111,1.112665966,1.47904325775793,1.19763382135359,0.062445667,1.56900721556332,1.57994421693625,0.077996937,0.367742659933796,0.224771453320001
0.200806863,10.5260817366814,1.115114921,1.48229669256168,1.20055066179091,0.062386036,1.56886399639914,1.58009072733883,0.078682568,0.367414516386366,0.224467657923932
0.202683562,10.4894317371269,1.117646428,1.48555978571037,1.20347763049058,0.06234319,1.56874787346831,1.58025956841118,0.079375265,0.36709030350822,0.224155757316865
0.204560262,10.4541721791143,1.120250074,1.48883572665024,1.2064186646736,0.062319305,1.5686612486684,1.58045263950355,0.080074669,0.36677088191046,0.223835840707802
0.206436962,10.4201972044801,1.122931498,1.49212558615054,1.20937537842741,0.062309581,1.56860180805935,1.58066797328816,0.08078154,0.366456340452226,0.223509269615345
0.208313661,10.3875112000942,1.125695968,1.49543122151194,1.21235020375253,0.062315685,1.56856958345203,1.58090554170954,0.081496033,0.366147102752611,0.223176695413938
0.210190361,10.3561184542425,1.128533211,1.49875444752828,1.21534552039682,0.06234007,1.56856460700743,1.58116532340455,0.082216443,0.365843586684789,0.222838760795651
0.212067061,10.3260231398504,1.131444419,1.50209702569784,1.21836364579234,0.062381218,1.56858690914582,1.58144730108312,0.082942828,0.365546204973895,0.222496101478228
0.21394376,10.2972292575619,1.134429647,1.50546067031271,1.22140684039796,0.062436513,1.56863651875549,1.58175146205879,0.08367447,0.365255364706582,0.222149345640285
0.21582046,10.2697405923539,1.137490049,1.50884705472154,1.22447731326957,0.062509824,1.56871346366608,1.58207779898873,0.084411704,0.36497146690255,0.221799113309777
0.21769716,10.2435608055646,1.140621938,1.51225780140307,1.22757721299099,0.062598528,1.56881777080818,1.58242630908781,0.085154345,0.364694907468424,0.221446017431061
0.219573859,10.2186933847601,1.143831259,1.51569448807083,1.23070863310097,0.062705407,1.56894946650664,1.58279699471183,0.085903509,0.364426076732871,0.221090663281451
0.221450559,10.1951416072686,1.147115586,1.51915865401023,1.23387361782245,0.062830848,1.56910857704095,1.58318986415246,0.086657404,0.364165359057557,0.220733647861709
0.223327259,10.1729086186258,1.150480093,1.52265178983205,1.23707415267161,0.062973749,1.56929512846519,1.58360493056188,0.087418809,0.363913133712176,0.220375561003798
0.225203958,10.1519973893009,1.153929602,1.52617534362703,1.24031217000549,0.063133312,1.56950914699075,1.58404221259549,0.088187597,0.363669774442414,0.220016984777896
0.227080658,10.1324106852016,1.157457595,1.52973072740666,1.24358955494067,0.063309076,1.56975065963846,1.58450173526892,0.08896265,0.363435649126958,0.219658492893221
0.228957358,10.1142088102121,1.16107247,1.53332081160631,1.24691000996488,0.063506904,1.57002088872679,1.58498449630077,0.089745135,0.363211554429678,0.219300707666027
0.230834057,10.0973948193985,1.164769211,1.53694711085564,1.25027556597763,0.063720021,1.5703198725266,1.5854905424348,0.09053392,0.362997899842919,0.218944266320036
0.232710757,10.0819130580018,1.168543696,1.54060945421494,1.2536861395501,0.063952956,1.57064644138727,1.58601894709044,0.09132842,0.362794616178435,0.218589687090596
0.234587457,10.0677655754083,1.172399088,1.54430907574997,1.25714339137823,0.064201632,1.57100062603442,1.58656975948162,0.092127515,0.362602048202449,0.218237510446274
0.236464156,10.0549542438369,1.176330269,1.54804717123924,1.26064893289144,0.064464461,1.57138245849142,1.58714303459383,0.092930326,0.362420535255232,0.217888268983631
0.238340856,10.0434807405877,1.180338361,1.55182490481741,1.26420433253734,0.064745662,1.57179197287078,1.58773883413692,0.093737809,0.362250410997917,0.217542486866672
0.240217556,10.0333465898101,1.184422824,1.5556433976255,1.26781110518643,0.065044751,1.57222920428072,1.5883572247036,0.094548896,0.362092004014971,0.217200680941753
0.242094255,10.0245531378295,1.188582599,1.5595037342193,1.27147071814977,0.065360077,1.57269418944565,1.58899827858027,0.095362856,0.361945637502048,0.21686336016508
0.243970955,10.0171015424553,1.19282224,1.56340696938522,1.27518459772336,0.06569698,1.57318696760267,1.58966207478148,0.096181275,0.361811629075122,0.216531025072823
0.245847654,10.01099280358,1.197132695,1.56735411419809,1.27895411600751,0.066047447,1.57370757879222,1.5903486965629,0.097002783,0.361690291309441,0.216204169032492
0.247724354,10.0062277319108,1.20152349,1.57134615318942,1.28278060731278,0.066421314,1.574256066027,1.59105823418973,0.097831584,0.361581931186344,0.215883276832322
0.249601054,10.0028069726141,1.205995453,1.57538403014823,1.28666535467816,0.066811758,1.57483247341358,1.59179078230953,0.098664901,0.361486850565967,0.215568825908173
0.251477753,10.000730992382,1.210546043,1.57946865480171,1.29060959629289,0.067219719,1.57543684695237,1.59254644090434,0.09950059,0.361405345973082,0.215261285810875
0.253354453,10.0000000805371,1.215175764,1.58360090756215,1.29461448195861,0.067639103,1.57606923559157,1.59332531617083,0.100336555,0.361337708421589,0.214961101987964
0.255231153,10.0007311534562,1.219884435,1.58776413472695,1.29822774651296,0.06807599,1.57673189430241,1.59412680961914,0.101173533,0.361284569572306,0.214526462292755
0.257107852,10.0028074558115,1.224674342,1.5919793082966,1.30191354439284,0.068526828,1.57742271136846,1.59495147649158,0.102011372,0.36124602334866,0.21410294809543
0.258984552,10.006228537155,1.22954305,1.59624707984884,1.3056726684328,0.068992751,1.5781417369215,1.59579943911141,0.102849659,0.361222336800008,0.213690921679023
0.260861252,10.0109939307438,1.234486574,1.60056807467347,1.30950587770806,0.069473315,1.57888902558976,1.59667082608941,0.10368784,0.361213773754971,0.213290740809049
0.262737951,10.0171029913607,1.239512517,1.60494289236073,1.31341389504848,0.069967321,1.57966463408581,1.5975657706405,0.104528228,0.361220592997835,0.212902756747602
0.264614651,10.0245549082477,1.244616538,1.60937211407016,1.31739741388907,0.070476972,1.58046862244589,1.59848441189705,0.105370035,0.361243048312939,0.212527313673013
0.266491351,10.0333486865201,1.249807478,1.61385628873026,1.32145708625087,0.071000705,1.58130105149513,1.59942689188556,0.106216119,0.361281388472201,0.212164749941703
0.26836805,10.0434831531421,1.255074078,1.6183959400213,1.32559352918651,0.071543233,1.58216198392411,1.60039335670511,0.107062971,0.361335857199287,0.211815397443924
0.27024475,10.0549569769134,1.260426207,1.62299157392812,1.32980733201232,0.072101244,1.58305148565467,1.60138395794857,0.107913745,0.361406693299321,0.211479581093545
0.27212145,10.0677686359591,1.265856761,1.62764366436005,1.3340990434753,0.072677179,1.58396962298695,1.60239884941437,0.108766192,0.36149413048145,0.211157619956024
0.273998149,10.0819164307769,1.271372022,1.63235266040835,1.33846917857052,0.073269783,1.58491646380245,1.60343818839181,0.109622465,0.361598397404127,0.210849826668474
0.275874849,10.0973985112493,1.276971587,1.63711899419055,1.34291822616562,0.073878699,1.5858920790591,1.60450213719511,0.110481792,0.361719717894112,0.210556507004873
0.277751549,10.1142128302545,1.282649693,1.64194306587335,1.34744663533583,0.074506467,1.58689653961957,1.60559085960687,0.11134303,0.361858310595917,0.210277960858957
0.279628248,10.1324146955451,1.288410531,1.64682778768648,1.35205829966094,0.075149405,1.58793117472972,1.60670561180098,0.112206417,0.362015157344585,0.210015148992666
0.281504948,10.1520017175039,1.294251819,1.65177358074762,1.35675368170154,0.075808889,1.58899607770268,1.6078465962459,0.113071587,0.362190500533475,0.209768402037191
0.283381648,10.1729132752394,1.300172332,1.65677038304107,1.36152964449115,0.076487901,1.59008996548424,1.60901289748834,0.113939106,0.362383450742688,0.209537341194364
0.285258347,10.1951465690898,1.306168901,1.66182068558374,1.3663864997553,0.07718304,1.5912129364531,1.61020469018542,0.114805768,0.362594296831083,0.209322238976638
0.287135047,10.2186986622402,1.312240989,1.66692544538443,1.37132453620021,0.077895025,1.59236507326989,1.61142215281401,0.115673685,0.362823259428588,0.209123361253455
0.289011746,10.2435663978702,1.318385756,1.67208522950541,1.37634400173153,0.078623738,1.59354645240293,1.61266546298526,0.116539984,0.363070538819545,0.208940968063195
0.290888446,10.2697464986019,1.324604647,1.67730056714997,1.38144512477103,0.079370074,1.59475715280175,1.61393480237134,0.117406433,0.363336329726397,0.20877531276292
0.292765146,10.2972354768196,1.330893993,1.68257193221344,1.38662809604308,0.08013376,1.59599725141969,1.61523035187989,0.11827087,0.363620820491485,0.208626642755388
0.294641845,10.3260296711357,1.337251866,1.6878997529514,1.39189307670593,0.080914854,1.59726682488015,1.61655229332387,0.119133311,0.363924193482197,0.208495199162626
0.296518545,10.3561252965241,1.343679236,1.69328442213161,1.39724020733226,0.081712247,1.59856595144119,1.61790081136211,0.119993114,0.364246625687127,0.208381216676488
0.298395245,10.3875183522916,1.350172462,1.69872628136633,1.40266959138102,0.082527899,1.59989470677216,1.619276089016,0.120850077,0.364588287795388,0.208284923986614
0.300271944,10.4202046654639,1.35673354,1.70422563078585,1.40818130374288,0.083359361,1.60125316574964,1.6206783094672,0.121703327,0.364949344686791,0.208206543540485
0.302148644,10.4541799477063,1.363361454,1.70978273922529,1.41377540013987,0.084206588,1.60264140455575,1.62210765813279,0.122553061,0.365329956119757,0.208146291488498
0.304025344,10.4894396898441,1.370052833,1.71539782770827,1.41945189972918,0.085071208,1.60405949612549,1.62356431789634,0.123398295,0.365730275600113,0.208104377926905
0.305902043,10.5260898116548,1.376809296,1.72107614330976,1.42521794325346,0.085952101,1.60551011723614,1.62505087667265,0.124239175,0.366152189311757,0.208082636748515
0.307778743,10.5640141492909,1.383627375,1.7268128048132,1.43106635425974,0.086849694,1.60699075265411,1.6265651510967,0.125074071,0.366594130450948,0.208079674476904
0.309655443,10.6032074546248,1.390506695,1.73260790287543,1.43699705035543,0.087763131,1.6085014660633,1.62810731721423,0.125903076,0.367056231145251,0.208095678143792
0.311532142,10.6436644952365,1.397447376,1.73846150157789,1.44300993449122,0.088693954,1.61004232347034,1.6296775535275,0.126726175,0.367538620838602,0.208130831294809
0.313408842,10.6853799383722,1.404446151,1.74437364030097,1.44910489319884,0.089640334,1.61161339122131,1.63127603934418,0.12754271,0.368041424278285,0.208185311428452
0.315285542,10.7283482234228,1.411504097,1.75034431577345,1.45528177774606,0.090603673,1.61321473089566,1.63290294952077,0.128353038,0.368564760021612,0.208259289914912
0.317162241,10.7725636234681,1.418621334,1.75637349191094,1.46154041380021,0.091582542,1.61484640146589,1.63455845662334,0.129156528,0.369108741172981,0.208352932006524
0.319038941,10.8180203199127,1.425795945,1.7624611102162,1.4678806119441,0.092576915,1.61650846176932,1.63624273338396,0.129953227,0.369673476333067,0.20846639705125
0.320915641,10.8647122619534,1.433028015,1.76860707107308,1.47430214797038,0.093587909,1.61820096507604,1.63795594714695,0.130743358,0.370259067886515,0.208599838208696
0.32279234,10.9126332347711,1.440316429,1.77481124375248,1.48080477296815,0.094616346,1.61992396139627,1.63969826217551,0.131526936,0.370865612840165,0.20875340256088
0.32466904,10.9617769406102,1.447662904,1.78107347698456,1.48738822425551,0.095662738,1.62167750010228,1.6414698422605,0.132304527,0.371493203877376,0.208927231431506
0.32654574,11.0121368454379,1.455065309,1.78739357951909,1.49405220482105,0.096726832,1.6234616241707,1.64327084486505,0.133076228,0.372141927423884,0.209121459893783
0.328422439,11.0637062536841,1.46252645,1.79377133031703,1.50079639383185,0.097808664,1.62527637264053,1.64510142358173,0.133842089,0.372811864589955,0.20933621698448
0.330299139,11.1165301523086,1.470044312,1.80020896231351,1.50762389998875,0.098908835,1.62712311322226,1.64696302595548,0.13460303,0.373504018138817,0.209572526569386
0.332175838,11.1706008504499,1.477622141,1.80670616605746,1.51453432119775,0.100026637,1.62900188877837,1.64885582552781,0.135359164,0.374218474180906,0.209830527753203
0.334052538,11.2258587541413,1.485258924,1.81326013078622,1.52152378703536,0.101162579,1.63091138887633,1.65077866694537,0.136111255,0.374954368502838,0.210109428855266
0.335929238,11.2822964931009,1.492956417,1.81987051130089,1.52859187807253,0.102317929,1.63285163312275,1.65273168431338,0.136859664,0.375711759688707,0.210409333234949
0.337805937,11.3399065404804,1.500711972,1.82653693418935,1.53573815263485,0.103492775,1.63482263590484,1.65471500644531,0.137604186,0.376490701094004,0.210730338293634
0.339682637,11.3986813085532,1.508527204,1.83325900879187,1.54296215868561,0.104685787,1.63682440937076,1.65672875984496,0.13834544,0.377291242151252,0.211072536049414
0.341559337,11.4586129663947,1.516397744,1.84003630608417,1.55026341132045,0.105899167,1.63885695691201,1.65877306213534,0.139082748,0.378113425908102,0.211436012142281
0.343436036,11.5196935295087,1.524325328,1.84686836929429,1.55764140424182,0.107133604,1.64092027598174,1.66084802488614,0.139817601,0.378957290218905,0.211820846299099
0.345312736,11.5819149615427,1.532310412,1.85375472506793,1.56509562203842,0.108392902,1.64301436123323,1.66295375676158,0.140553225,0.379822869161051,0.212227113020494
0.347189436,11.6452689799537,1.54035503,1.86069486169198,1.57262551687153,0.109682342,1.64513919767952,1.66509035663689,0.141293257,0.380710190345045,0.212654880364846
0.349066135,11.7097471517951,1.548450042,1.86768823992185,1.5802305203545,0.110992352,1.64729476367069,1.66725791659044,0.142029583,0.381619276216236,0.213104210524073
0.350942835,11.7753410013149,1.556598034,1.87473430434207,1.58791005621954,0.112317576,1.6494810341914,1.66945652522031,0.142757552,0.382550145582484,0.213575160623863
0.352819535,11.8420418038836,1.564791898,1.88183246095051,1.59566351621388,0.113658997,1.6516979736992,1.67168626044611,0.14347682,0.3835028106953,0.214067781284044
0.354696234,11.9098406878057,1.573034127,1.88898208819181,1.60349027237633,0.115015773,1.65394553926198,1.67394719266915,0.144186841,0.384477278662581,0.214582117306669
0.356572934,11.9788223263752,1.581322328,1.89618688975689,1.6113959270586,0.116388621,1.65622633173599,1.67624210704162,0.144888934,0.385475445203994,0.215120100003569
0.358449634,12.0488823940485,1.589658932,1.90344172120177,1.61937345852806,0.117778647,1.65853763733545,1.67856835346025,0.145583937,0.386495417054434,0.215679879908022
0.360326333,12.1200113648805,1.598044268,1.91074586082594,1.62742216384587,0.119185204,1.66087938191024,1.68092597064284,0.146272796,0.387537180794296,0.21626147915436
0.362203033,12.1921998692971,1.606478518,1.91809857917741,1.63554134677566,0.120608482,1.6632514917668,1.68331499783477,0.146955486,0.388600723242745,0.216864918754833
0.364079733,12.265438286838,1.614958457,1.92549910707113,1.64373028024736,0.122047023,1.66565388085513,1.68573546185124,0.147633012,0.389686024502426,0.217490213139079
0.365956432,12.3397168577141,1.623485208,1.93294664690166,1.65198821927303,0.123501961,1.66808645417543,1.68818738052989,0.148303846,0.390793059557003,0.218137371032351
0.367833132,12.4150258053527,1.632058575,1.94044038442918,1.66031441459126,0.124975636,1.67054911150134,1.69067076651489,0.148969695,0.39192180009487,0.218806396561825
0.369709832,12.4913551005302,1.640677334,1.94797946472022,1.66870808656125,0.126465199,1.67304173937478,1.69318561922095,0.149630655,0.393072210977748,0.219497287214155
0.371586531,12.56869457855,1.649341467,1.9555630036348,1.67716843844795,0.127973548,1.67556421467375,1.69573192846157,0.150285959,0.394244251949728,0.220210034828476
0.373463231,12.6470340670713,1.658048156,1.96319009975739,1.68569467040971,0.12949986,1.67811640849344,1.69830967840944,0.150935729,0.395437879571448,0.220944626817671
0.37533993,12.7263630969319,1.666795471,1.97085980567302,1.69428594807961,0.131042381,1.68069817644197,1.70091883784031,0.151580122,0.396653042803054,0.221701043485799
0.37721663,12.806671238404,1.675584858,1.97857116014147,1.70294143924552,0.132601254,1.68330936931515,1.7035593709625,0.152218834,0.39788968811152,0.222479261201981
0.37909333,12.8879478068781,1.684412232,1.98632315908939,1.71166028208986,0.134178558,1.68594982323993,1.70623122750597,0.152851154,0.399147754939662,0.223279249604722
0.380970029,12.9702229140541,1.693274237,1.99411642972557,1.72044426023072,0.13577368,1.68862061375515,1.70893569677766,0.153477166,0.400428098794057,0.224101911817714
0.382846729,13.0534845167805,1.702174432,2.00194977430974,1.7292923875527,0.137385404,1.69132154149081,1.71167271088842,0.154096248,0.40173064768723,0.224947208757849
0.384723429,13.1376797291147,1.711108401,2.00982035671743,1.73820102572511,0.139013548,1.69405113639538,1.71444081931552,0.154708358,0.403054391940204,0.225814143083798
0.386600128,13.2227973276887,1.720077419,2.01772703514464,1.7471692474422,0.140658766,1.69680918630131,1.7172399251553,0.155313442,0.404399248947735,0.226702660804463
0.388476828,13.3088261047868,1.729078932,2.02566864700812,1.75619612532401,0.142320123,1.69959547165166,1.72006992474198,0.155910958,0.40576513313743,0.227612703947497
0.390353528,13.3957545986081,1.738109295,2.03364398306285,1.76528070356867,0.143997144,1.70240975648587,1.72293069857828,0.156502244,0.407151951682261,0.228544207764271
0.392230227,13.4835712279619,1.747172072,2.04165179925506,1.77442201236953,0.145690586,1.70525179253614,1.72582211556637,0.157086043,0.408559606573957,0.229497102106641
0.394106927,13.5722644363831,1.756267721,2.04969082888918,1.78361908293481,0.147401203,1.7081213236174,1.7287440375656,0.157663798,0.409987996913715,0.230471313028012
0.395983627,13.6618224130327,1.765393207,2.05775975626991,1.79287091853296,0.149127253,1.7110180763243,1.73169631001869,0.158235586,0.411437014402887,0.231466759765697
0.397860326,13.7522332322391,1.774546735,2.06585722861789,1.80217650921662,0.15087036,1.71394176427951,1.73467876636154,0.15880098,0.412906545522956,0.232483356231565
0.399737026,13.8434850020594,1.783726673,2.07398186825106,1.81153484711538,0.152630088,1.71689209266685,1.73769123275507,0.159360263,0.414396473929202,0.233521012724444
0.401613726,13.9355655762157,1.792930099,2.0821322457814,1.82094489690726,0.154405656,1.71986874864809,1.74073351841281,0.15991262,0.415906675722621,0.234579632692507
0.403490425,14.0284626982841,1.802158367,2.09030689205817,1.83040561083246,0.156199626,1.72287140575906,1.74380542018812,0.160462242,0.417437021734436,0.235659114336736
0.405367125,14.1221641544914,1.811410754,2.09850431032384,1.83991594424101,0.15801865,1.72589972858008,1.74690672747781,0.16101182,0.418987380020044,0.236759352433009
0.407243825,14.2167248868841,1.820687142,2.10672462498121,1.84947892612618,0.159857186,1.72895552079733,1.75003971884453,0.161555183,0.420559320133108,0.237882013897981
0.409120524,14.3120626541775,1.829981816,2.11496425563164,1.85908917375438,0.161707833,1.73203618735399,1.75320160392532,0.162089222,0.422150962892467,0.239025182921161
0.410997224,14.4081647508752,1.839290975,2.12322155846264,1.86874559515698,0.163570438,1.73514134075483,1.75639212479021,0.162610306,0.4237621550413,0.240188733427101
0.412873924,14.5050183718954,1.848610169,2.13149483471147,1.87844708138801,0.165440942,1.73827057871302,1.75961101128151,0.163119197,0.425392739254625,0.241372536443232
0.414750623,14.6026106124943,1.857943846,2.13978233842204,1.88819251269127,0.167319336,1.74142348393657,1.76285798031408,0.163614954,0.427042552782451,0.242576457933586
0.416627323,14.7009286276591,1.867288314,2.14808228834797,1.89798077442663,0.169208992,1.74459962901353,1.76613274106799,0.164099871,0.428711430100758,0.243800360800095
0.418504022,14.7999592692301,1.87664542,2.15639283557992,1.90781072093011,0.171104827,1.74779856442527,1.7694349828011,0.164574768,0.430399196711086,0.245044100408355
0.420380722,14.8996895063113,1.886013728,2.16471209739371,1.91768121745545,0.173012916,1.75101983186445,1.7727643887452,0.165039858,0.432105676210259,0.246307529826464
0.422257422,15.0001060586589,1.895394703,2.17303812467191,1.92759110380909,0.174930733,1.75426295212912,1.77612062378785,0.1654973,0.433830683986692,0.247590495247986
0.424134121,15.1011955548703,1.904788604,2.18136891349857,1.93753921019468,0.176856223,1.7575274299704,1.77950333964425,0.16594585,0.435574029829975,0.248892837960873
0.426010821,15.2029446977227,1.914189685,2.18970241674213,1.94752437346457,0.178792491,1.76081275916785,1.78291218031533,0.166386451,0.437335520731015,0.250214396520402
0.427887521,15.3053399421688,1.923602404,2.1980365155801,1.95754540551451,0.180736157,1.7641184118682,1.78634677122997,0.166819418,0.439114955249897,0.251555002603927
0.42976422,15.4083676572434,1.933024074,2.20636903089631,1.9676011093359,0.182691334,1.76744384355207,1.78980672458051,0.167243638,0.440912126216244,0.252914483084618
0.43164092,15.5120403956256,1.942453148,2.2146974551275,1.97769168429454,0.184656222,1.77078930134551,1.79329270478656,0.167663023,0.442727571200713,0.254293462417715
0.43351762,15.6163426346936,1.951890093,2.22301913943005,1.9878157556487,0.186635024,1.77415412907558,1.79680424646669,0.168077719,0.444561046432898,0.255691738828024
0.435394319,15.7212334712529,1.961335592,2.23133186089011,1.99797063893001,0.188634791,1.77753688717145,1.80033982842688,0.168493624,0.446411560397819,0.257108307268001
0.437271019,15.8266990973308,1.970787391,2.239633168329,2.00815511786021,0.190653227,1.78093696232265,1.80389901160713,0.168904485,0.44827888367819,0.25854297671915
0.439147719,15.9327254630123,1.980250478,2.24792052470099,2.01836795233196,0.192677972,1.78435371807554,1.80748133818555,0.169305459,0.450162777917054,0.259995549351893
0.441024418,16.0392984440448,1.989713469,2.25619131782035,2.02860789475697,0.194708413,1.78778649997793,1.81108633718552,0.16969577,0.45206299865438,0.261465822769033
0.442901118,16.1464040153418,1.999168804,2.26444287083121,2.0388737067107,0.196740141,1.79123464089963,1.81471353033283,0.170073079,0.453979298333659,0.262953592437113
0.444777818,16.2540279123126,2.008626428,2.27267241290656,2.04916412640979,0.198779535,1.79469744985704,1.8183624205867,0.170440192,0.45591142016018,0.264458647033222
0.446654517,16.362155801559,2.018080534,2.28087708955456,2.05947788521186,0.200822266,1.79817421725122,1.82203249789401,0.17079973,0.457859101015529,0.265980770785706
0.448531217,16.4707734569885,2.027536581,2.28905397256008,2.06981372436908,0.202874361,1.80166422025901,1.82572324517691,0.171150944,0.459822074533129,0.267519745995734
0.450407917,16.579866415761,2.036996028,2.29720003050459,2.0801703622397,0.204931482,1.8051667115044,1.8294341266591,0.171496839,0.461800064779621,0.269075348205738
0.452284616,16.6894201518376,2.046455739,2.30531213855771,2.09054651091791,0.206994235,1.80868092437943,1.83316459375912,0.17183717,0.463792789241803,0.270647348634005
0.454161316,16.7994202544519,2.055915981,2.31338708778435,2.1009408930739,0.209059897,1.81220607849329,1.83691409119925,0.172173207,0.465799961964903,0.272235516782622
0.456038016,16.9098520791646,2.065374171,2.32142155553092,2.11135251988117,0.211135665,1.81574136821619,1.8406821403838,0.172506819,0.467821287064798,0.273839615435105
0.457914715,17.0207355829662,2.074827563,2.32940793922498,2.12334623441336,0.213226802,1.8192866882604,1.84494897331036,0.172842809,0.469857631174565,0.275460738782105
0.459791415,17.1320188050151,2.084288577,2.33734618015026,2.13536089945483,0.215334864,1.8228403148284,1.84924170582782,0.173178649,0.471907460871514,0.277097264068714
0.461668114,17.2436867712968,2.093741581,2.34523259696484,2.14739498251623,0.217445455,1.82640137181486,1.85355974095908,0.17350534,0.473970453018677,0.278748936194782
0.463544814,17.3557247847666,2.103186465,2.3530633960401,2.15944698081393,0.219557562,1.82996897214918,1.85790248307546,0.173822004,0.476046284586205,0.280415502932332
0.465421514,17.4681179220817,2.112619332,2.360834646667,2.17151537170495,0.221670146,1.83354220234062,1.86226931625774,0.174128391,0.478134621880621,0.282096705472265
0.467298213,17.5808512128493,2.122037147,2.36854228884449,2.18359863200926,0.223782596,1.83712012795288,1.86665961124865,0.174423478,0.480235123666622,0.283792281064708
0.469174913,17.6939098226224,2.131443093,2.37618214022844,2.19569525750287,0.225892478,1.84070179914276,1.8710727326656,0.174707361,0.482347444413864,0.285501965813311
0.471051613,17.8072786944897,2.140829693,2.38374986598995,2.20780372442108,0.22800221,1.84428623902931,1.87550802511462,0.174983817,0.484471227436912,0.287225489307598
0.472928312,17.9209427303384,2.150203612,2.39124098561395,2.21992250886836,0.230114716,1.84787244921763,1.87996482029714,0.175254041,0.486606108066037,0.288962577344253
0.474805012,18.0348869753544,2.159563887,2.39865087868093,2.23205010634716,0.232232834,1.85145941535608,1.88444244435496,0.175520655,0.488751716930364,0.290712954793295
0.476681712,18.1490962563953,2.168906318,2.40597475468765,2.24418499312502,0.234358021,1.85504609549166,1.88894020377507,0.175785715,0.490907672957244,0.292476340088267
0.478558411,18.2635553650137,2.178231278,2.41320765867987,2.25632564570613,0.236485133,1.85863142563423,1.89345739263938,0.17604379,0.493073586583957,0.294252448024065
0.480435111,18.3782492431973,2.187541086,2.42034447566845,2.26847046076278,0.238610776,1.86221432532225,1.89799358319924,0.176289268,0.495249063068108,0.296040620943757
0.482311811,18.4931713589819,2.196810544,2.42737524253229,2.28061568119943,0.240729015,1.86579347697097,1.90255526150235,0.17652225,0.497434070766361,0.297832575367376
0.48418851,18.6083043251934,2.206066331,2.43429360106495,2.29275625898891,0.24284843,1.86936758223866,1.90715014083072,0.176747661,0.499628136663594,0.299616887754548
0.48606521,18.7236234282792,2.215286521,2.44109825538115,2.30488965151454,0.244972425,1.87293564300443,1.91177768268635,0.176965041,0.501830436585866,0.301391595024715
0.48794191,18.8391133084407,2.224487844,2.44778324917998,2.3170136810425,0.247102476,1.87649647562068,1.91643725558897,0.177177302,0.504040532569346,0.303156376864517
0.489818609,18.954758583362,2.233662654,2.45434241109622,2.32912619699287,0.249230856,1.88004887357814,1.9211281433375,0.177382567,0.506257976808602,0.304911006372898
0.491695309,19.0705440354388,2.242802479,2.46076935559612,2.3412111552558,0.251366501,1.88359161310263,1.9258879114548,0.177578339,0.508482314972772,0.306606542717447
0.493572009,19.1864542441066,2.251916403,2.46705745211431,2.35326425497089,0.253495781,1.88712344174452,1.93071810457977,0.177766101,0.51071307886376,0.308240110100278
0.495448708,19.3024737722838,2.260995989,2.47319982568204,2.36528527789998,0.25563394,1.89064308407041,1.93560854677455,0.177945071,0.512949789672772,0.309823824837998
0.497325408,19.4185873541358,2.270059237,2.47918935560939,2.37727107086455,0.257781331,1.89414924727177,1.94055822866411,0.178121421,0.515191961292726,0.311358110576911
0.499202108,19.53477952609,2.279082481,2.48501864454084,2.38921848662772,0.259941953,1.89764060995559,1.9455661228211,0.178288302,0.517439092873843,0.312843386680295
0.501078807,19.6510348140749,2.28808067,2.49068001681728,2.40112440350189,0.262116635,1.9011158278909,1.95063119070094,0.178448821,0.51969067208166,0.314280071388245
0.502955507,19.7673379215544,2.297039904,2.49616551455409,2.41298574456673,0.26431075,1.90457353964064,1.95575239023115,0.178606231,0.521946178392633,0.315668584433968
0.504832207,19.8836733597529,2.305946321,2.50146686657966,2.42479943996164,0.266557325,1.90801235563518,1.96092865892869,0.178777408,0.524205075559284,0.317009342931676
0.506708906,20.0000256354274,2.314887199,2.50657548411579,2.43656244636118,0.269103171,1.91143086399394,1.96615892128869,0.179056291,0.526466814856807,0.318302764181543
0.508585606,20.1163779731002,2.324078282,2.51146400307181,2.44826680262063,0.272051069,1.91482560066514,1.97144657109227,0.179475236,0.528730976823135,0.319545242697939
0.510462305,20.2327133412041,2.333395141,2.51613969631013,2.459913902181,0.275236931,1.91819685624993,1.97678582778836,0.179937309,0.530996734856667,0.320741290550625
0.512339005,20.3490164324923,2.342405817,2.52514708786842,2.47150082358026,0.278336021,1.92323476899397,1.9821755651667,0.180337964,0.533263499187652,0.321891341083673
0.514215705,20.4652717581332,2.350864288,2.53486879019429,2.48302464181547,0.281199186,1.92861873623776,1.98761464617247,0.18061209,0.535530662739209,0.322995815989967
0.516092404,20.5814638357754,2.359081444,2.54445013127417,2.49448246048581,0.283984759,1.93403865631313,1.99310191826597,0.18080629,0.537797603771414,0.324055138855932
0.517969104,20.6975773771718,2.366892946,2.55388638109721,2.50587143036958,0.286539846,1.93949608662215,1.99863622198323,0.180926068,0.540063689045711,0.325069736979331
0.519845804,20.813596918609,2.374506958,2.56317257456875,2.51718871315493,0.28896976,1.94499269601687,2.00421637313063,0.181012086,0.542328266094258,0.326040038161715
0.521722503,20.9295070088817,2.382129308,2.57230351719895,2.52843150037728,0.291291654,1.95053028124998,2.00984117116575,0.181066492,0.544590666344027,0.326966472716436
0.523599203,21.0452923962957,2.389579593,2.58127378863193,2.53959703161628,0.293458165,1.95611078438402,2.0155094080906,0.181114434,0.546850208202641,0.327849474993553
0.525475903,21.1609376600622,2.397022493,2.59007770217681,2.55068255898661,0.295527945,1.96173628413106,2.02121985026758,0.181147439,0.549106189273878,0.32868948057149
0.527352602,21.2764273979137,2.404450372,2.59870930783538,2.56168536573866,0.297511806,1.96740901429317,2.02697124714806,0.18117071,0.551357889407064,0.329486927969795
0.529229302,21.3917464122216,2.411918057,2.6071623928426,2.57260278402181,0.299509546,1.97313138338881,2.03276234046912,0.18122083,0.553604573680505,0.330242259896074
0.531106002,21.5068793428794,2.419460926,2.61543044072325,2.58343216022288,0.301472062,1.97890596765974,2.03859184572538,0.181265715,0.555845484573962,0.330955920829178
0.532982701,21.6218013974277,2.426940634,2.62349798290251,2.59416682707363,0.303361807,1.98473805718955,2.04446000037857,0.181317718,0.558079522316397,0.331626598841153
0.534859401,21.7364951708247,2.434312664,2.63135689809636,2.60480380381338,0.305186522,1.99063069525758,2.05036532222392,0.181380249,0.560305830808056,0.3322547902485
0.536736101,21.8509542276494,2.441682097,2.63901509409538,2.61534451530633,0.306994076,1.99656861675649,2.05630484967914,0.181436214,0.562526087336259,0.332842751790771
0.5386128,21.9651633269879,2.449136917,2.64647412887651,2.62578645062398,0.308829788,2.00253646685251,2.06227722418941,0.181499277,0.564742009777359,0.333390941803713
0.5404895,22.0791074433314,2.456593495,2.65373267969172,2.63612714971363,0.310665912,2.00852795416467,2.06828107969041,0.181575656,0.566954081179245,0.33389982273632
0.5423662,22.192771403091,2.464012298,2.66078910200434,2.64636417033102,0.312478981,2.01453848266169,2.07431502363387,0.181662002,0.569162545698905,0.334369859345314
0.544242899,22.3061400699548,2.47137457,2.66764196686431,2.65649510547257,0.314253837,2.02056365172949,2.08037764655158,0.181749323,0.57136761821754,0.334801519669085
0.546119599,22.4191985273523,2.478625445,2.674290058267,2.66651759972801,0.315975021,2.02659925477349,2.08646753196086,0.181847315,0.573569489539405,0.335195275583771
0.547996299,22.5319317178435,2.485861192,2.68073233889915,2.67642931727523,0.317693497,2.03264124962001,2.09258323714774,0.181945427,0.575768320927195,0.335551601368168
0.549872998,22.6443246271455,2.493176456,2.68696795009548,2.68622795878024,0.319435231,2.03868575848903,2.09872330297419,0.18204537,0.577964249129276,0.335870974436813
0.551749698,22.7563624647531,2.500396422,2.69299621034953,2.69591127713442,0.321168126,2.04472906867007,2.1048862639766,0.182178727,0.580157391289154,0.336153875673093
0.553626397,22.8680302473978,2.507716046,2.6988165823088,2.70547704154847,0.322985177,2.0507676015671,2.11107062564521,0.182319459,0.582347838087866,0.336400788239344
0.555503097,22.9793132780636,2.514992676,2.70442868864251,2.71492307906808,0.324780544,2.05679793058273,2.1172748909714,0.182479285,0.584535664340755,0.336612198653541
0.557379797,23.090196731349,2.522102487,2.70983228132198,2.72424723926335,0.326525573,2.0628167512418,2.12349753765767,0.182671265,0.58672092200623,0.336788595769931
0.559256496,23.2006284074792,2.529204314,2.71500915963985,2.73343644905611,0.328263739,2.06881929782429,2.12973832866713,0.18285127,0.588903426632155,0.336927529412604
0.561133196,23.3106283033105,2.536209578,2.71997739422222,2.74249919364379,0.329952055,2.07480354623196,2.13599412716204,0.183054804,0.591083415127785,0.337032521178672
0.563009896,23.4201818832867,2.543141094,2.72455783777896,2.75143348341897,0.331641192,2.08115019153967,2.14226335769836,0.183284247,0.59321410783781,0.33710407725655
0.564886595,23.5292745616726,2.55019969,2.72888292502684,2.76023733567697,0.333369881,2.08752039307735,2.14854443529449,0.183510239,0.59533622333521,0.33714269702232
0.566763295,23.6378919874669,2.557146541,2.73298561059108,2.76890882148021,0.335065878,2.09383447612227,2.15483577148785,0.183774008,0.597459069766583,0.337148881984083
0.568639995,23.7460196970329,2.564068846,2.73686779737574,2.7774460377016,0.336823106,2.10009135455249,2.16113575466716,0.184075436,0.599582417040419,0.33712313549001
0.570516694,23.853643291812,2.571132966,2.74053138458779,2.78584712180582,0.338651841,2.10628995609827,2.16744276050749,0.184383212,0.601706032834461,0.337065962744071
0.572393394,23.9607486109481,2.577997698,2.74397827301577,2.79411026522235,0.340418636,2.11242923178579,2.17375516251514,0.184746366,0.603829686136787,0.336977870483608
0.574270094,24.0673213889757,2.584818063,2.74721035332167,2.8022336867495,0.342189659,2.11850813583911,2.18007131231779,0.18512131,0.605953140593197,0.336859367007981
0.576146793,24.1733474310898,2.591605544,2.75022951250534,2.81021564661621,0.343927217,2.12452563551497,2.18638955020918,0.185517035,0.608076158032284,0.336710962011104
0.578023493,24.2788127828393,2.598191359,2.75303763815248,2.81805445907207,0.345598458,2.13048072034551,2.19270821574611,0.185955894,0.610198501981327,0.336533166094344
0.579900193,24.3837033933576,2.604929991,2.75563660902577,2.82574846721121,0.347338388,2.13637238278664,2.19902562804758,0.186403765,0.612319930995505,0.336326491101922
0.581776892,24.4880052879422,2.611634987,2.75802830044796,2.83329605627906,0.349066186,2.14219962785467,2.20534009641667,0.186884467,0.614440202164725,0.336091449782302
0.583653592,24.5916780263244,2.61819123,2.76020580578529,2.84068919720148,0.350782933,2.14795860931806,2.21164964637822,0.187422687,0.616559002054485,0.335827377193459
0.585530292,24.6947055001771,2.624964898,2.76217114653178,2.84792606691516,0.352595753,2.15364818439549,2.21795232101519,0.187961902,0.618676049157389,0.335534845510905
0.587406991,24.7971003864661,2.631479572,2.7639351693441,2.85501166882608,0.354338929,2.15927026201451,2.22424660746952,0.188555042,0.620791158193426,0.335215586657221
0.589283691,24.8988492189259,2.638114393,2.76549973713344,2.86194458245329,0.356244461,2.16482390915006,2.23053078917562,0.189185552,0.622904084473564,0.334870114534431
0.591160391,24.9999384514326,2.644728865,2.76686670656094,2.86872341861351,0.358117753,2.17030819597089,2.23680313273484,0.189836275,0.625014578973403,0.334498943436812
0.59303709,25.1003546255392,2.650996942,2.76803793164462,2.87534683137312,0.359824422,2.17572220510009,2.24306189860954,0.190538938,0.627122391802393,0.33410258745263
0.59491379,25.2000845311686,2.65724102,2.76901526530007,2.88181352838283,0.361568626,2.18106504017507,2.24930535170934,0.191206963,0.629227275645176,0.333681559596217
0.596790489,25.2991148343711,2.663534049,2.76980055527834,2.88812224640388,0.363310631,2.18633580580234,2.25553173867618,0.191909336,0.631328977976346,0.333236373135268
0.598667189,25.3974325043043,2.669496281,2.77039564852413,2.89427177899268,0.364916878,2.19153363045362,2.26173931512429,0.19266474,0.633427250104714,0.332767539631874
0.600543889,25.4950244445755,2.675778009,2.7708023881137,2.90026095281507,0.366708146,2.19665764682584,2.26792632302615,0.193396431,0.635521839398364,0.332275570398363
0.602420588,25.5918776550898,2.681788319,2.77102261511826,2.90608863819011,0.368366601,2.20170700058978,2.27409100136118,0.194162227,0.637612492720182,0.331760975674038
0.604297288,25.6879793862978,2.687575536,2.77105816850125,2.9117537579439,0.369974095,2.20668085838077,2.28023159655403,0.194964037,0.639698959822259,0.331224263562703
0.606173988,25.7833168318495,2.693695365,2.77091088469611,2.91725526893647,0.371765227,2.21157839188,2.28634634344008,0.195730504,0.641780986727079,0.330665941530201
0.608050687,25.8778772867222,2.699312452,2.77058259845436,2.92259217172928,0.373387318,2.21639878622074,2.29243347584037,0.196565593,0.643858319139431,0.330086515460552
0.609927387,25.9715785913545,2.705013553,2.77005980224423,2.92774907693458,0.37511604,2.22113441239453,2.29848850919003,0.19738437,0.645930250906258,0.329484754792808
0.611804087,26.0644753776574,2.710717056,2.76935996313144,2.93273930304662,0.376838151,2.2257911492942,2.30451206080788,0.198226022,0.647996932366735,0.328862984472753
0.613680786,26.1565555106631,2.715823883,2.76848496118086,2.93756204179907,0.378267955,2.23036824994737,2.3105023744463,0.199095691,0.650058109991016,0.328221709690964
0.615557486,26.2478068823983,2.721151972,2.76743662194979,2.94221648820415,0.379866901,2.2348649664512,2.31645769690159,0.199935019,0.652113532036522,0.327561426361185
0.617434186,26.3382173452039,2.726437018,2.76621677055435,2.94670187242319,0.381427502,2.23928055786521,2.32237626799272,0.200791692,0.654162943430592,0.326882628897347
0.619310885,26.4277748631442,2.731168366,2.76482723086576,2.95101746790383,0.382730367,2.24361429800296,2.32825633094005,0.201689302,0.656206089134377,0.326185809096091
0.621187585,26.5164676546692,2.736287877,2.76326982290314,2.95516259774068,0.384300683,2.24786548238411,2.33409614236761,0.202556526,0.658242717443726,0.325471454827643
0.623064285,26.6042839074933,2.741330159,2.76154636724176,2.959136620674,0.385811774,2.25203341457379,2.33989395417981,0.203459416,0.660272573502701,0.324740052111206
0.624940984,26.6912119256986,2.745745449,2.75965868326519,2.96293893830439,0.387044853,2.25611741356872,2.34564802377023,0.204408251,0.662295402635779,0.323992083904623
0.626817684,26.7772402676817,2.750604624,2.75760858567577,2.96656900050763,0.388599241,2.26011682031741,2.3513566237927,0.205310679,0.664310953608573,0.323228028719457
0.628694384,26.8623574701322,2.755287861,2.7553978906008,2.97002629316974,0.39007244,2.26403098493388,2.35701802447752,0.206261355,0.666318972209571,0.32244836288314
0.630571083,26.9465521906195,2.759387595,2.75302841293086,2.97331034446707,0.391364987,2.26785927365998,2.36263050363587,0.207265799,0.668319204546922,0.321653559245129
0.632447783,27.0298133406306,2.76403844,2.75050196197867,2.97642072932826,0.393021375,2.27160107493731,2.36819235616566,0.208230404,0.670311400265255,0.320844085725138
0.634324483,27.112088491647,2.768149785,2.74781373885009,2.9793495268252,0.394318697,2.27525199859037,2.37369953385776,0.209269909,0.672294935857897,0.320019817142275
0.636201182,27.1933645578404,2.771915505,2.74496571923417,2.98209624311565,0.395499614,2.2788113275653,2.37915006924415,0.2103279,0.674269517692712,0.319181271840293
0.638077882,27.2736722352195,2.776095066,2.74196649507808,2.98466820941123,0.397031026,2.28228231909001,2.38454458365551,0.211349482,0.676235260286949,0.318329525583842
0.639954581,27.3530007954078,2.780016429,2.73881787367453,2.9870651712013,0.398423608,2.28566442629715,2.38988140359361,0.212447696,0.678191911064148,0.317465030858409
0.641831281,27.4313398087516,2.783345282,2.73552165387128,2.9892869195835,0.399448727,2.28895712710485,2.39515887894377,0.213577642,0.680139222215073,0.316588234031681
0.643707981,27.5086788471648,2.787139476,2.73207963731406,2.99133328153579,0.400896384,2.29215991158633,2.40037536358796,0.214687608,0.682076943416687,0.315699578436327
0.64558468,27.5850076153792,2.791042506,2.7284936237594,2.99320412396139,0.402460052,2.29527228787515,2.40552922479244,0.215838273,0.684004825030635,0.314799502921796
0.64746138,27.6603160717783,2.794071356,2.72476540485392,2.99489935589214,0.403485528,2.29829378713073,2.41061885195831,0.217070112,0.685922621202011,0.313888440285183
0.64933808,27.7345941854341,2.79730815,2.72089677544011,2.99641892210813,0.404814294,2.30122395377893,2.41564264078638,0.218281365,0.687830083733745,0.312966820050517
0.651214779,27.8078320621951,2.800962237,2.71688952806397,2.99776280622932,0.406461423,2.30406235094148,2.42059900234648,0.219498905,0.689726965236644,0.312035066965664
0.653091479,27.8800200600083,2.803804216,2.71274544601131,2.99893103196294,0.407659258,2.30680856490845,2.42548637145315,0.220820856,0.691613022171273,0.311093599393212
0.654968179,27.951148556656,2.806577373,2.70846631604996,2.99992365851594,0.408879165,2.30946219631767,2.43030319149963,0.222145556,0.693488008829503,0.310142832210694
0.656844878,28.0212080705007,2.809752076,2.70405392216554,3.00074078273292,0.41049375,2.3120228650969,2.43504792317731,0.223458899,0.695351680431997,0.309183175260236
0.658721578,28.0901893701334,2.812649545,2.69951003788822,3.00138253939184,0.411992453,2.31449021443407,2.43971905244675,0.224859458,0.697203796109153,0.308215031706494
0.660598278,28.1579881078716,2.814767317,2.69482538412746,3.00183394065804,0.413070941,2.31685575516145,2.44430841629434,0.226324557,0.699043065894026,0.307238140827084
0.662474977,28.2246883483487,2.817474514,2.6900130869995,3.00211034399081,0.41464776,2.31912722813271,2.4488208897097,0.227731845,0.700870245780156,0.306253628207337
0.664351677,28.290281667269,2.820074279,2.68507494786347,3.00221205705071,0.416160963,2.32130437066636,2.45325504532059,0.229209547,0.702685101964549,0.305261881949974
0.666228377,28.3547593381618,2.821856462,2.6800127311661,3.00213936708324,0.41742576,2.32338690719401,2.45760944547865,0.230791538,0.704487395144314,0.304263283780917
0.668105076,28.4181127827541,2.82422009,2.67482819730287,3.00189259601478,0.419032795,2.32537458253741,2.46188267374841,0.232312583,0.706276887198886,0.303258209949204
0.669981776,28.4803336707901,2.826339943,2.66952309382756,3.00147209916145,0.420597941,2.32726716501367,2.46607334212578,0.233916783,0.708053344060193,0.302247029550509
0.671858476,28.5414137178393,2.827676801,2.66409917173329,3.00087826540393,0.421600268,2.32906444015811,2.47018007788186,0.235582545,0.709816530020973,0.301230107686958
0.673735175,28.6013447909505,2.829009122,2.6585581772878,3.0001115167847,0.422664384,2.33076621430988,2.47420153118686,0.237202248,0.711566210671673,0.300207803830958
0.675611875,28.6601190024,2.831087236,2.65290184262471,2.99917230628937,0.424335364,2.33237231719688,2.47813638184995,0.238841174,0.713302155699006,0.299180470132346
0.677488575,28.7177285193319,2.83279553,2.64713190325237,2.99806111980317,0.425890691,2.33388259662998,2.48198332700651,0.24056541,0.715024133331934,0.298148454648739
0.679365274,28.7741656634805,2.833872746,2.64125008924331,2.99677847477601,0.427327799,2.33529692157101,2.4857410882852,0.242353193,0.716731913210958,0.297112099686538
0.681241974,28.8294229987142,2.835335498,2.63525811524039,2.99532491708848,0.429041136,2.33661518419378,2.48940841804489,0.244121571,0.718425269111111,0.296071740097226
0.683118673,28.8834931246319,2.836413788,2.62915770244746,2.99370102573736,0.430596224,2.3378372949567,2.49298408609498,0.245946235,0.720103972647322,0.295027707123932
0.684995373,28.9363170232563,2.836779745,2.62294603047424,2.99190011285334,0.431729684,2.33895903381239,2.49646283062652,0.247830751,0.721767147503112,0.293980195035102
0.686872073,28.987885883054,2.837519989,2.6166249777431,2.98992280154067,0.433281612,2.33998028951314,2.49984325202435,0.249662476,0.723414527853392,0.292929565176796
0.688748772,29.0382451809467,2.83842855,2.61020091169042,2.98777719877114,0.435016763,2.34090525852376,2.5031282793474,0.251525964,0.725046543396794,0.291876274818947
0.690625472,29.0873883038084,2.838392118,2.60367551073519,2.98546400276569,0.436181386,2.34173394572588,2.50631680451501,0.253483903,0.726662975992644,0.290820627571149
0.692502172,29.1353087155836,2.838219964,2.59705045594656,2.98298394194383,0.437405618,2.34246637590973,2.50940774189448,0.255367438,0.728263606527625,0.289762922795855
0.694378871,29.1820000426011,2.838560971,2.59032742085656,2.98033777145024,0.439093968,2.34310259560524,2.51240003428594,0.257282557,0.729848217611365,0.288703453922943
0.696255571,29.2274561461429,2.838561284,2.58350806022908,2.97752626793568,0.440624288,2.34364267390131,2.51529265788098,0.259256978,0.731416596107784,0.287642506744719
0.698132271,29.2716709733491,2.837809652,2.57659403126351,2.97455023733974,0.441784358,2.34408670038638,2.51808461303834,0.261247502,0.732968528095905,0.286580362799377
0.70000897,29.3146386361621,2.837345299,2.56958698287411,2.97141051052962,0.443355255,2.34443478645214,2.52077492973313,0.263173823,0.734503801484605,0.285517297680305
0.70188567,29.3563534773125,2.836907455,2.56248854398387,2.96810793722084,0.445027187,2.34468706558768,2.52336267194417,0.265153837,0.736022208455731,0.284453579335522
0.70376237,29.3968099341023,2.83539106,2.55530034572082,2.96464339546767,0.445989663,2.34484369229626,2.5258469294407,0.267165599,0.737523540595606,0.283389471471757
0.705639069,29.4360026108686,2.834170995,2.54802401019615,2.96101778643024,0.447357397,2.34490484287209,2.52822682267653,0.269096449,0.739007591425147,0.282325231863067
0.707515769,29.473926338292,2.833119583,2.54066113835388,2.95723202745423,0.449002203,2.34487071517217,2.53050150658999,0.271035392,0.740474158751158,0.2812611106586
0.709392469,29.5105760502532,2.831281985,2.5332133331071,2.95328706324329,0.450196215,2.34474152850465,2.53267016343288,0.273052851,0.741923039975639,0.28019735379756
0.711269168,29.5458355894777,2.829110758,2.52567513089556,2.94917025471635,0.451396049,2.34450933821424,2.53472267802983,0.274994128,0.743352464912616,0.279134277578243
0.713145868,29.5798102565037,2.827320463,2.51805542964333,2.9448963257402,0.45298926,2.34418261547306,2.53666745686375,0.276938158,0.744763763766684,0.278072081446533
0.715022568,29.6124959694006,2.82509313,2.51035582649507,2.94046634109701,0.454339577,2.34376168254003,2.53850382340615,0.278936704,0.746156746721673,0.277010991654499
0.716899267,29.6438883880392,2.821932661,2.50257788018635,2.93588133164254,0.455261665,2.34324685136358,2.5402310978325,0.280899769,0.74753122010355,0.275951228834796
0.718775967,29.673983391435,2.819334509,2.49472312615067,2.9311423391105,0.456745426,2.34263845429441,2.54184863566336,0.282799965,0.748886994579744,0.274893006123463
0.720652667,29.7027769767369,2.816562783,2.48679310111617,2.92625043002774,0.458216128,2.34193684556316,2.54335582236857,0.284755985,0.750223880779482,0.273836532576621
0.722529366,29.7302653138941,2.812731761,2.4787893307083,2.92120668825127,0.459039285,2.34114240065107,2.54475207667796,0.286735439,0.751541691579881,0.272782011500255
0.724406066,29.756444786741,2.809260766,2.47071331627095,2.91601220591188,0.460369436,2.34025551468031,2.54603685272935,0.288607145,0.752840244195146,0.271729638799776
0.726282765,29.7813118927201,2.805854779,2.46256656463514,2.91066810183619,0.461851693,2.33927660539563,2.54720963519859,0.290520788,0.754119355318189,0.270679606943187
0.728159465,29.8048633545527,2.801381153,2.45435055349936,2.90517549877158,0.462730209,2.33820610924371,2.54826994491662,0.292461997,0.755378846680667,0.269632100510693
0.730036165,29.8270960267531,2.796917506,2.44606676158336,2.89953554259806,0.463810932,2.33704448481988,2.54921733455545,0.294279563,0.756618540294869,0.268587300149622
0.731912864,29.848006938902,2.792664435,2.43771665559973,2.89374939354693,0.465187797,2.33579221138694,2.55005139091603,0.29609632,0.757838260575146,0.26754538092726
0.733789564,29.867593325142,2.787693427,2.42930167653052,2.88781821589169,0.466173537,2.33444978643788,2.55077173602432,0.297981354,0.75903783625204,0.266506510714078
0.735666264,29.8857952001314,2.782080782,2.42082060057098,2.88173705112822,0.466947126,2.33301389055086,2.55137309042631,0.299723836,0.760216212076464,0.265470999877209
0.737542963,29.9026088724524,2.777020876,2.41227501486229,2.87550717165129,0.468234267,2.33148508211418,2.5518550258461,0.301427235,0.761373182032862,0.264439030906493
0.739419663,29.9180903147733,2.771381408,2.40366909527165,2.86913608315647,0.469227392,2.32986785165975,2.55222227672759,0.303208963,0.762509473594189,0.263410612504103
0.741296363,29.9322374777586,2.764767332,2.39500424140499,2.86262501063507,0.469848655,2.32816278467471,2.55247461188439,0.304899874,0.763624924203651,0.26238589082517
0.743173062,29.9450484892395,2.758787833,2.38628183996777,2.85597518975886,0.471081901,2.32637048627413,2.55261183487688,0.306494179,0.764719373891762,0.261365006726157
0.745049762,29.9565216719668,2.75218629,2.37750325058396,2.84918785539619,0.471933429,2.32449157795245,2.55263378402046,0.308144215,0.765792667006652,0.260348094189948
0.746926462,29.9666555018414,2.744672057,2.36866983354433,2.84226426223469,0.472192655,2.32252670305357,2.55254033188936,0.309715742,0.766844648725124,0.259335283643104
0.748803161,29.9754486325887,2.737275203,2.35978293594082,2.83520567403415,0.472612727,2.32047652396242,2.55233138589875,0.31112723,0.767875166891803,0.258326700363194
0.750679861,29.9828999064501,2.730250202,2.35084387723623,2.82801335146539,0.473604701,2.31834171839279,2.55200688767107,0.312488627,0.7688840736359,0.25732246292982
0.752556561,29.9890083263098,2.722336676,2.34185397761183,2.82068857417909,0.474231791,2.31612298573455,2.55156681370394,0.31388106,0.769871222103047,0.256322686502606
0.75443326,29.9937730733333,2.713801953,2.33281454382991,2.81323262936188,0.474694323,2.31382104377123,2.5510111753127,0.315167924,0.770836468183506,0.255327481251986
0.75630996,29.9971935105832,2.705551273,2.32372685457749,2.80564679892257,0.475511174,2.31143662451753,2.5503400173553,0.316336458,0.771779672012874,0.254336950837644
0.75818666,29.9992691690819,2.696400151,2.31459218936842,2.79793238296653,0.475815476,2.3089704814213,2.54955342006691,0.317482877,0.772700694929765,0.253351195642717
0.760063359,29.9999997583886,2.686337481,2.3054037028145,2.79008522384818,0.47558183,2.30641870268201,2.54864834391767,0.318491241,0.773599401090404,0.252370311229813
0.761940059,29.9992686854695,2.676447185,2.27163165447458,2.7655741980573,0.475519517,2.2896148474896,2.53807650767247,0.319315242,0.774473701554656,0.25139482513402
0.763816759,29.9971920598226,2.66672887,2.2396806867353,2.74139730552027,0.475863268,2.27381034867888,2.52765609171795,0.320036196,0.775325391286254,0.25042440212762
0.765693458,29.9937706576009,2.655917938,2.20942122523033,2.71754403724638,0.475718685,2.25893236298423,2.51738192592469,0.320749319,0.776154351876597,0.249459120472135
0.767570158,29.9890049420925,2.644593836,2.18073353587082,2.69400433131813,0.47543567,2.24491345435796,2.50724904118762,0.321268393,0.776960461046426,0.248499054126317
0.769446857,29.9828955597339,2.633440861,2.15350648286725,2.67076852636312,0.475486462,2.23169091834785,2.49725264770657,0.321654182,0.777743597645189,0.247544274622913
0.771323557,29.9754433213341,2.621307404,2.1276368033015,2.64782724989086,0.474977627,2.21920640244699,2.48738808809797,0.321981295,0.778503645135236,0.246594847032097
0.773200257,29.9666492218284,2.608249551,2.10302865266455,2.6251714950242,0.473998112,2.20740565962064,2.47765087152767,0.322112409,0.779240488640897,0.245650833596968
0.775076956,29.9565144343034,2.595374211,2.07959303729064,2.60279257222593,0.473194931,2.19623824740537,2.46803665396575,0.32205259,0.779954016287783,0.244712292254732
0.776953656,29.9450402900102,2.582434927,2.05724729628012,2.58068206431004,0.472649314,2.18565725270078,2.45854121983202,0.321836963,0.780644120299817,0.243779275214765
0.778830356,29.932228310874,2.568137118,2.03591472579739,2.55883188822432,0.471460042,2.17561908537631,2.4491605094299,0.321544212,0.781310694741554,0.242851832022314
0.780707055,29.9180801964479,2.55367679,2.01552412028681,2.53723424921803,0.470363302,2.1660832333648,2.43989060007783,0.321040269,0.781953636736136,0.241930008108779
0.782583755,29.9025977968999,2.539134013,1.99600935338557,2.51588159798347,0.469463465,2.15701203845488,2.43072768848478,0.320388217,0.782572847437266,0.241013843400585
0.784460455,29.885783159402,2.5235628,1.97730907980976,2.49476669057233,0.468005227,2.14837052976736,2.42166811716645,0.31967203,0.783168230015675,0.240103375325826
0.786337154,29.8675812941114,2.507101999,1.95939644603024,2.47389216165699,0.466178616,2.14014187698949,2.41271249168971,0.318741473,0.78373865515149,0.239198885789231
0.788213854,29.8479939542932,2.490808849,1.94221224844625,2.4532504992284,0.464554179,2.1322922551084,2.40385700037635,0.317597481,0.784284002942382,0.238300410781624
0.790090554,29.8270820793817,2.474345297,1.9256754495136,2.43282519139027,0.463115365,2.12477692915752,2.39509402862441,0.316363043,0.784805235913784,0.237407723741284
0.791967253,29.8048484690889,2.456581064,1.90974154131466,2.4126100645315,0.460970752,2.11757046508741,2.38642044881566,0.315066063,0.785302270630899,0.236520845718621
0.793843953,29.7812960602797,2.438791031,1.89436917128971,2.39259913963123,0.459094636,2.11064923127743,2.3778332344556,0.313590021,0.7857750275855,0.235639792736609
0.795720653,29.7564279962994,2.421036698,1.87951996991922,2.37278668984238,0.457435252,2.10399129810079,2.36932948523696,0.312095741,0.78622342959583,0.234764578699193
0.797597352,29.7302475951501,2.40262852,1.86515831526551,2.3531672005071,0.455590418,2.09757631005919,2.36090641020243,0.310618689,0.786647402691074,0.233895214022315
0.799474052,29.7027583039227,2.383676663,1.85125111753345,2.33373533146523,0.453633521,2.09138536844718,2.35256131183249,0.309104237,0.787046876741637,0.233031704325879
0.801350752,29.6739637817832,2.365221226,1.8377676847035,2.31448597318744,0.452215825,2.08540095135414,2.34429161037661,0.307605597,0.787421784111356,0.232174053281603
0.803227451,29.6438678611943,2.34651691,1.82467953065107,2.29541420849197,0.450761086,2.07960680907244,2.33609482761964,0.306220552,0.787772060414296,0.231322261274624
0.805104151,29.612474495511,2.326982492,1.81196019936841,2.27651527635477,0.449011,2.07398786795894,2.32796857147841,0.304950338,0.788097645014919,0.230476324126197
0.806980851,29.5797878555082,2.308373739,1.79958516136062,2.25778462672478,0.448081874,2.06853016725227,2.31991055968613,0.303786725,0.788398479935032,0.22963623588054
0.80885755,29.5458122837017,2.28986874,1.78753165693573,2.23921788379626,0.447372962,2.06322077338886,2.31191860410632,0.302858407,0.788674510481595,0.228801987497013
0.81073425,29.5105522351824,2.271066366,1.7757785524534,2.22081081119768,0.44651276,2.0580477010958,2.30399059579372,0.302240301,0.788925685615837,0.227973565603184
0.812610949,29.4739021133717,2.252936626,1.76432873382747,2.20257245021393,0.44641244,2.05300966777933,2.29612969824698,0.301777595,0.789149796498047,0.227151456827048
0.814487649,29.4359774706294,2.235533446,1.75313851678146,2.1844851667187,0.446862352,2.04808488828223,2.28832849179016,0.301656123,0.789348941798395,0.226335138875495
0.816364349,29.3967838615124,2.217784763,1.74219132053772,2.1665452147873,0.44717442,2.04326404839609,2.28058514413587,0.301897277,0.789523090420882,0.225524588011858
0.818241048,29.356326518489,2.200712283,1.73147185628076,2.14874905333927,0.447994601,2.03853857666541,2.27289792830193,0.302330001,0.789672205056901,0.22471978000857
0.820117748,29.3146107743606,2.184536102,1.72096592015206,2.13109325372194,0.449521178,2.03390054165381,2.26526518461795,0.303083938,0.789796251927479,0.223920686712151
0.821994448,29.2716421897839,2.168181735,1.71066035008144,2.11357455211406,0.45098522,2.02934262256099,2.25768534323538,0.304171395,0.789895200291191,0.223127278687759
0.823871147,29.2274264917263,2.152279977,1.70054293578908,2.09618981617994,0.45276117,2.02485805984661,2.25015690959828,0.305508845,0.78996902276612,0.222339523981403
0.825747847,29.1819694988305,2.137300412,1.69060233592444,2.07893601329786,0.455119688,2.02044060950227,2.24267845050587,0.307035406,0.790017695389749,0.221557386941244
0.827624547,29.1352772619461,2.122647767,1.68082804787951,2.06181026194568,0.457700483,2.01608452123067,2.23524861618029,0.308858486,0.790041197387042,0.220780830802196
0.829501246,29.0873559959392,2.107450066,1.67121033300835,2.04480979950388,0.459965152,2.01178449740263,2.22786612613691,0.310807837,0.790039511360373,0.220009816477394
0.831377946,29.0382119986114,2.093301923,1.66174014763158,2.02793195151811,0.462855508,2.0075356549281,2.2205297555955,0.312847795,0.790012623216567,0.219244301407532
0.833254646,28.9878518040416,2.079642626,1.65240912333218,2.01117418213639,0.465987039,2.00333350965164,2.21323835714897,0.315013766,0.789960522195974,0.21848424208654
0.835131345,28.9362821078457,2.06552128,1.64320950448001,1.99453406297292,0.468682438,1.99917394206233,2.20599084700108,0.31732203,0.789883200929872,0.217729592881654
0.837008045,28.8834582092212,2.051535877,1.63413911756137,1.97801410197029,0.471554222,1.9950546682218,2.19878799107884,0.319486095,0.789779568495974,0.216980533423067
0.838884745,28.8293871961289,2.038199076,1.62519053574826,1.96161186421077,0.474730551,1.99097180900142,2.19162873346374,0.321588075,0.789649604742503,0.216237010764989
0.840761444,28.7741290370479,2.024129211,1.61635229976712,1.94532019856623,0.477414271,1.98692058317454,2.18451031001266,0.323710061,0.789494420068368,0.215498737602508
0.842638144,28.7176910157873,2.010180323,1.60761881363611,1.92913707477622,0.479986964,1.98289816194261,2.17743187934102,0.325679864,0.789314021312383,0.214765658745264
0.844514844,28.6600806571922,1.996631869,1.59898490620641,1.91306057828494,0.482747425,1.9789019686723,2.17039266560103,0.327405385,0.789108418883114,0.214037718421531
0.846391543,28.601305641695,1.982575706,1.59044578779968,1.89708888086757,0.48520826,1.97492965518838,2.16339194532299,0.329040557,0.78887762659399,0.213314859143486
0.848268243,28.5413737076025,1.968093087,1.58199700991132,1.88122021247059,0.487118916,1.97097907950161,2.15642903469777,0.330492663,0.788621661235155,0.212597020625837
0.850144943,28.4802928374504,1.953729607,1.57363446753565,1.86545290953426,0.489113021,1.96704830360602,2.1495033103859,0.331599315,0.788340543298939,0.211884142160817
0.852021642,28.418071166309,1.939565124,1.56535436199897,1.84978538647272,0.491106786,1.96313557316557,2.14261419665825,0.332516474,0.788034296682012,0.211176161509619
0.853898342,28.3547168780895,1.924438172,1.55715316631997,1.83421610829933,0.49238317,1.9592392983462,2.13576115295313,0.333272298,0.787702948124852,0.210473013845132
0.855775042,28.290238403824,1.909002788,1.54902763152197,1.81874363815551,0.493434114,1.95535805422458,2.12894369438233,0.333623671,0.787346528198028,0.209774634073932
0.857651741,28.2246443238532,1.894105584,1.54097475449931,1.80336660958825,0.494718028,1.95149056322244,2.12216137915389,0.333725511,0.786965070871596,0.209080955752818
0.859528441,28.157943258302,1.8784036,1.5329917479793,1.78808369991364,0.495398673,1.94763567845673,2.11541379639159,0.333632812,0.786558612822752,0.208391910054425
0.86140514,28.0901441137563,1.862272684,1.52507605418432,1.77289368502206,0.495573918,1.94379238832761,2.10870058990949,0.333227386,0.7861271949263,0.207707428400445
0.86328184,28.0211624751868,1.84652439,1.51723069482211,1.7578031959913,0.496031984,1.93996063752654,2.10202434615274,0.332506654,0.785668708927728,0.207027821076612
0.86515854,27.9511021492899,1.830065683,1.50944774148402,1.74280314181678,0.49591166,1.93613867206623,2.09538183185714,0.331567638,0.785185353351115,0.206352623321605
0.867035239,27.8799729226751,1.813242068,1.50172520544455,1.72789245567952,0.495345766,1.93232583146696,2.08877279676266,0.330392169,0.78467719007134,0.205681760738774
0.868911939,27.8077841649569,1.796403493,1.49406126531201,1.7130701408694,0.494746762,1.92852154442167,2.08219702813433,0.328840741,0.784144273335984,0.205015158720434
0.870788639,27.7345454966354,1.779676335,1.48645425472488,1.69833527938871,0.494091472,1.9247253300636,2.07565435680062,0.327150771,0.78358666149441,0.204352742827797
0.872665338,27.6602666775396,1.762160647,1.478902639857,1.68368700601074,0.492778533,1.92093678567634,2.06914464522261,0.325228458,0.783004416258451,0.203694437760616
0.874542038,27.5849574842813,1.744984359,1.47140499821933,1.66912448331355,0.491617822,1.91715557490081,2.06266777593195,0.323083676,0.782397601705028,0.203040166370159
0.876418738,27.5086279461229,1.727564638,1.46396003420419,1.65464694683621,0.490176985,1.91338143447701,2.05622367114079,0.320689377,0.781766286122181,0.202389851819698
0.878295437,27.4312882277993,1.709704993,1.45656655885659,1.64025367977864,0.488295241,1.90961416315362,2.04981228105347,0.318141675,0.781110541139033,0.201743416575133
0.880172137,27.3529485016892,1.691814772,1.44922347075908,1.62594398864262,0.486346471,1.90585361100582,2.04343357254214,0.315333778,0.780430440599884,0.201100781436285
0.882048837,27.2736191942677,1.673898745,1.44192977272302,1.61171724766807,0.484215193,1.9020996871083,2.0370875484819,0.312305096,0.779726062664296,0.200461867654517
0.883925536,27.1933108634738,1.655419643,1.43468455342312,1.59757287414213,0.481617025,1.89835234942047,2.03077423629928,0.309179709,0.778997488807345,0.199826595942965
0.885802236,27.1120340657796,1.637236399,1.42748696999956,1.58351030462128,0.479078401,1.89461159501256,2.024493676883,0.30583346,0.778244802566597,0.199194885524753
0.887678936,27.0297589147632,1.619138987,1.42033825061375,1.56953251666607,0.476404085,1.89087775811203,2.0182473617314,0.302304749,0.777467061935122,0.198566802118478
0.889555635,26.9464971295195,1.600254216,1.41323765921487,1.5556390564616,0.473184879,1.88715094485588,2.01203542981985,0.298648816,0.776664351580125,0.197942256418157
0.891432335,26.8623016937259,1.581690359,1.40618252356558,1.54182592143877,0.470021712,1.88343098611976,2.00585655113196,0.294807757,0.775837820098058,0.197321013799231
0.893309035,26.7771838291646,1.563290232,1.39917229743746,1.52809273530981,0.46679714,1.8797180408745,1.99971086563152,0.290808659,0.774987566134046,0.196702993027619
0.895185734,26.6911548799705,1.544334656,1.39220648872474,1.51443915637677,0.463129889,1.87601229649799,1.99359853106427,0.286792058,0.774113691579725,0.196088112656107
0.897062434,26.6042261715945,1.525542722,1.38528464474476,1.50086485473904,0.459438717,1.87231396045042,1.98751971229121,0.28256725,0.773216300111217,0.195476290096533
0.898939134,26.5164092837044,1.507111466,1.37840637113503,1.48736955489882,0.455806822,1.86862326986873,1.98147459990608,0.278227528,0.772295499952427,0.194867443635101
0.900815833,26.4277159138532,1.488009786,1.37157131742134,1.47395301262865,0.451653731,1.86494048350769,1.97546339943266,0.273868262,0.771351402535123,0.194261491487085
0.902692533,26.3381577318584,1.468972203,1.36477916326464,1.46061499269835,0.447403915,1.86126587389759,1.96948632089213,0.269349065,0.770384120914407,0.193658350882042
0.904569232,26.2477467104422,1.450513908,1.35802964115599,1.44735531779747,0.443389887,1.85759973922088,1.96354360027849,0.264740492,0.769393773311654,0.193057940365035
0.906445932,26.1564947415793,1.431722151,1.35132250494196,1.43417381074601,0.439055685,1.85394238592473,1.95763547322029,0.260114892,0.768380478966481,0.192460177271358
0.908322632,26.0644139715791,1.412837616,1.34465755267097,1.42107034307281,0.434599565,1.85029414078509,1.95176219631404,0.255394859,0.767344361799312,0.191864980012119
0.910199331,25.9715166568966,1.394282018,1.33814163845288,1.40804481273492,0.430203764,1.84670726091525,1.94592403670448,0.250556042,0.766285548865243,0.191272267152168
0.912076031,25.8778150113352,1.375306274,1.33289178496988,1.39509712267957,0.425475586,1.84372402685479,1.94012126204712,0.24568131,0.765204168570033,0.190681956513834
0.913952731,25.7832542789424,1.356451315,1.32767755029284,1.38223394910784,0.42072274,1.84074131032412,1.93435727483734,0.240744244,0.764098427004078,0.190094159618806
0.91582943,25.6879163255848,1.337938032,1.32249622212282,1.36944856975303,0.416025522,1.83775957643354,1.92862932531798,0.235761268,0.762970404385638,0.189508588905861
0.91770613,25.5918140461423,1.319011831,1.31734788012691,1.35674093341818,0.41101619,1.83477927981859,1.92293769250767,0.230783732,0.761820248782017,0.188925162185082
0.91958283,25.4949602457254,1.300533856,1.31223262783237,1.34411106512048,0.406097447,1.83180087772761,1.91728268636448,0.225774093,0.760648103364597,0.188343799588364
0.921459529,25.3973678291064,1.282310595,1.3071505701876,1.33155901112277,0.401215427,1.82882482490846,1.91166462239049,0.220760316,0.759454114329168,0.187764421667938
0.923336229,25.2990496413258,1.263906904,1.30210180559919,1.31908481833836,0.39614451,1.82585156872036,1.90608381202669,0.215790854,0.758238428918313,0.18718694851363
0.925212929,25.2000187776057,1.245852963,1.2970864422821,1.30668857382333,0.391124812,1.82288155851785,1.90054057994659,0.21081175,0.757001199206493,0.18661130164426
0.927089628,25.1002884277634,1.228138683,1.29210459011572,1.29437038381743,0.386160732,1.81991524075303,1.89503525429083,0.205834532,0.75574258023526,0.186037403113384
0.928966328,24.9998717131743,1.210219641,1.28715635284408,1.28213035361733,0.381025865,1.81695305411302,1.88956815730951,0.200943316,0.754462727923351,0.185465174633489
0.930843028,24.8987820040896,1.192743752,1.28224184406598,1.26996862631526,0.376005745,1.81399543887579,1.88413962231302,0.196017134,0.753161803075328,0.184894539446341
0.932719727,24.797032760183,1.175587903,1.27736117925217,1.25788536230176,0.371004307,1.81104283203081,1.87874998414785,0.191161513,0.751839969401909,0.184325421436988
0.934596427,24.6946373641003,1.158260061,1.27251446811025,1.24588071960242,0.365807896,1.80809566245032,1.87339957009106,0.186381552,0.750497391320598,0.183757744263566
0.936473127,24.5916094457306,1.141422694,1.2677018302108,1.23395489185161,0.360757034,1.80515436020238,1.8680887164459,0.181588499,0.749134238182496,0.183191433209245
0.938349826,24.4879367625905,1.124965626,1.26292486460001,1.22211149959402,0.355818624,1.80221964315126,1.86281949241046,0.176877662,0.7477498127043,0.182626466290871
0.940226526,24.3836343790765,1.108453401,1.25818373554605,1.21035085229588,0.350766693,1.7992919945126,1.85759230770339,0.172280235,0.74634429501052,0.182062760173214
0.942103226,24.2787433457691,1.092415644,1.25347706778357,1.19866972255221,0.345879663,1.79637155457184,1.85240574295405,0.167737078,0.744918759442231,0.181500186163826
0.943979925,24.173277638459,1.076642452,1.24880499025985,1.18706836771292,0.341019554,1.79345873678881,1.84726012951696,0.16328984,0.743473387314493,0.180938673014785
0.945856625,24.0672511392869,1.060941856,1.24416762675203,1.1755470399909,0.336149921,1.7905539458159,1.84215578795641,0.158968231,0.742008360330025,0.180378149470295
0.947733324,23.9606780284588,1.045703051,1.2395651133155,1.16410602923209,0.331375867,1.78765758825409,1.8370930467367,0.154710392,0.740523865951299,0.179818546390596
0.949610024,23.8535723310813,1.03077405,1.23499757850609,1.1527456132487,0.326692635,1.78477006015901,1.83207221994378,0.150581343,0.739020091152055,0.179259794390425
0.951486724,23.7459483117652,1.016014717,1.23046516063911,1.14146610019414,0.322032829,1.78189175775966,1.82709362578973,0.146593685,0.737497227890922,0.178701825956556
0.953363423,23.637820303928,1.001716022,1.22596800034931,1.13026780959216,0.317470882,1.77902307270321,1.82215757795086,0.142712859,0.735955470768276,0.178144574578721
0.955240123,23.529202533681,0.987812207,1.22150623351298,1.11915105421932,0.313027082,1.77616438739861,1.81726437736075,0.138977253,0.734395014483723,0.177587973888095
0.957116823,23.4201094638823,0.974207638,1.21708000562311,1.1081161754474,0.308664672,1.7733160840915,1.81241432755763,0.135404141,0.732816058746756,0.177031959465005
0.958993522,23.3105556205883,0.961149096,1.21214043318444,1.09716352471964,0.304485503,1.77024311799303,1.80760772628375,0.131999465,0.731218805831395,0.176476467972593
0.960870222,23.2005554145825,0.948511316,1.20437294244949,1.08629344589016,0.300437918,1.76595464807383,1.80284485754979,0.128745706,0.729603457938187,0.175921436295758
0.962746922,23.0901234903205,0.936279817,1.19675298555341,1.07550630973726,0.296532468,1.76174073563464,1.79812600657479,0.125690787,0.727970222296192,0.175366803341023
0.964623621,22.9792399865188,0.924518038,1.18928727855027,1.06480974237738,0.292776547,1.7576047806278,1.79345531055617,0.122809431,0.726317801178524,0.174812532399206
0.966500321,22.8679566687785,0.913157898,1.18195837219701,1.05419698141766,0.289125442,1.75353798081162,1.78882924371919,0.120102482,0.724647944292127,0.174258529808085
0.968377021,22.7562885511404,0.902199256,1.17476173523383,1.04366838797793,0.285575368,1.74953807047692,1.78424804703431,0.117583566,0.722960874918069,0.17370473825442
0.97025372,22.6442505092774,0.89172858,1.167693154998,1.033026232099,0.282179716,1.745602951413,1.77962946315252,0.11525018,0.721256810684552,0.173151101811443
0.97213042,22.5318572879326,0.881824493,1.16074864851777,1.02239010451605,0.278965467,1.74173064621733,1.77502428837199,0.113110954,0.719535968818664,0.172597564923743
0.97400712,22.4191238569025,0.872341422,1.1539244726464,1.01181752985742,0.275883226,1.73791930347559,1.77045697182863,0.111173522,0.717798571551068,0.172044074197682
0.975883819,22.306065231089,0.863407215,1.14721710045878,1.00130961854682,0.272983002,1.73416718422397,1.76592817244608,0.109468664,0.716044843414233,0.171490577535883
0.977760519,22.1926962869732,0.854894866,1.14062319952004,0.990867457356525,0.270190733,1.73047264942821,1.76143852131504,0.10794472,0.714275008367405,0.170937023271677
0.979637219,22.0790321221551,0.846808858,1.13413964259164,0.98049214300114,0.267515427,1.72683416565918,1.75698863614083,0.106619658,0.712489295373399,0.170383361957097
0.981513918,21.9650878734745,0.839128886,1.12776348642641,0.970184765149594,0.264950289,1.72325029296516,1.75257911387259,0.105478877,0.71068793560755,0.169829545496253
0.983390618,21.8508785320689,0.832008284,1.12149195223196,0.959946390128866,0.262532204,1.71971967364986,1.74821052375669,0.104571744,0.708871159501149,0.169275526276928
0.985267318,21.7364193059576,0.825401224,1.11532243679511,0.949778093800345,0.260268452,1.71624103833484,1.74388342139615,0.10388871,0.707039202482645,0.168721258957937
0.987144017,21.6217254364902,0.819313698,1.10925225152215,0.939680944892762,0.258146668,1.71281373195383,1.73959834160972,0.10340175,0.705192273009283,0.168166699600504
0.989020717,21.5068033207056,0.813830847,1.10327766879414,0.929659145853986,0.25622685,1.70945092108675,1.73535764503974,0.103177739,0.70332932566345,0.167611788359128
0.990897416,21.3916703060992,0.808878575,1.09739768749826,0.919713973353602,0.254460554,1.70614552794536,1.7311619339065,0.103176967,0.701450915359797,0.167056478452864
0.992774116,21.2763511586245,0.804423751,1.09160588903975,0.909843281797419,0.252843234,1.7028934850363,1.72700979773345,0.103417525,0.699557965083432,0.166500744626832
0.994650816,21.160861238087,0.800520259,1.08590013627203,0.900048109297209,0.251386534,1.69969332781988,1.72290168230967,0.103897211,0.697650738586277,0.165944549166258
0.996527515,21.0452159268092,0.797132289,1.08027845046827,0.890329486537146,0.250092308,1.696543684724,1.71883801280864,0.104619919,0.695729500897053,0.165387855836362
0.998404215,20.929430442401,0.794320605,1.07473899308689,0.880688421334023,0.248945441,1.69344326631674,1.71481918745165,0.105571342,0.693794515209602,0.164830629003684
1.000280915,20.8135202054321,0.792051196,1.06928007488065,0.871125929693497,0.247955954,1.69039086983733,1.71084559060589,0.106735537,0.691846049005602,0.164272835427086
1.002157614,20.6975006529885,0.790367438,1.06390013823168,0.861643019960119,0.247145011,1.68738536875798,1.70691758623417,0.108129992,0.689884371013555,0.163714443380584
1.004034314,20.5813870509085,0.789210678,1.05859774079211,0.852240677780467,0.246500032,1.68442570314834,1.70303551182479,0.109769032,0.687909748025937,0.163155421769769
1.005911014,20.4651948627682,0.788464816,1.05337156514311,0.842919896327235,0.245938227,1.68151088460578,1.69919969104583,0.111579163,0.685922451159872,0.162595741927017
1.007787713,20.3489395626415,0.788183617,1.04822040288077,0.83368166083589,0.245487999,1.67863998693125,1.69541042745466,0.113582123,0.683922752740556,0.162035376730022
1.009664413,20.2326364470664,0.78823743,1.04314313988761,0.824526933989063,0.245115948,1.67581213752615,1.69166799869911,0.115749633,0.681910923052148,0.161474299712872
1.011541113,20.1163010048197,0.788766095,1.03813876637926,0.815456685275891,0.244841172,1.67302652262215,1.68797266871598,0.118105691,0.679887236727454,0.160912486866572
1.013417812,19.9999487291453,0.789670844,1.03320636251262,0.806471875934129,0.244635836,1.6702823789221,1.68432468170625,0.120600268,0.677851969560621,0.160349915752747
1.015294512,19.8835963914725,0.790939583,1.0283511595303,0.797581011402952,0.244499995,1.66758244151235,1.68072839028137,0.12319736,0.675804446005278,0.159786495200515
1.017171212,19.7672609654281,0.7925068,1.02356623428653,0.788777688262461,0.244409123,1.664922483547,1.67717992295603,0.125891113,0.673745940870587,0.159222271632887
1.019047911,19.6509579442241,0.794342725,1.0188508916051,0.780062798686256,0.244342752,1.66230186550546,1.67367943712747,0.128646261,0.671676738999068,0.158657228239846
1.020924611,19.5347026307251,0.796322256,1.01420452999488,0.771437253733121,0.244299852,1.65971999982652,1.67022708845847,0.131478765,0.669597117579971,0.158091348531567
1.022801311,19.4185105073684,0.798492625,1.00962661842387,0.76290196977328,0.244279503,1.65717633723896,1.66682301951833,0.134347546,0.667507358135221,0.157524618523269
1.02467801,19.3023970481005,0.800735833,1.00511668445382,0.754457854142705,0.24423888,1.65467036000111,1.66346735422455,0.137219846,0.665407743223971,0.156957025839181
1.02655471,19.1863775309297,0.803038484,1.00067430331732,0.74610579173348,0.244181005,1.65220157568822,1.66016019279554,0.140099744,0.66329855304006,0.156388558807226
1.02843141,19.0704674072337,0.805260656,0.996299108694194,0.737846671891547,0.244034247,1.64976952305695,1.65690162270384,0.142904208,0.661180072099789,0.155819208276939
1.030308109,18.9546821138755,0.807463713,0.991990781853272,0.729681374525851,0.243825586,1.64737376590997,1.6536917133924,0.145652739,0.659052585888955,0.155248966717736
1.032184809,18.8390368864654,0.809565633,0.98774904168724,0.721610757184767,0.243537886,1.64501388746916,1.65053051150526,0.148309699,0.656916377412525,0.154677827307517
1.034061508,18.7235471889899,0.811418124,0.983573657561123,0.713635685184019,0.243113215,1.64268949745665,1.64741805299345,0.150823306,0.65477173512401,0.15410578606369
1.035938208,18.608228219071,0.813111006,0.979464428382684,0.705756997163247,0.242573436,1.64040022040009,1.64435434992761,0.153225711,0.652618943787147,0.1535328394094
1.037814908,18.493095336808,0.81446198,0.975421195440183,0.697975534714155,0.241848449,1.63814570274721,1.64133940236474,0.155441472,0.650458292448523,0.152958986308393
1.039691607,18.3781732822597,0.81553947,0.971446659912368,0.690296384331994,0.241006293,1.63592707154311,1.6383752867488,0.157475864,0.648289759758157,0.152384188506963
1.041568307,18.2634795612561,0.816339371,0.967540776158454,0.682720566886283,0.240026548,1.63374399175897,1.63546200510086,0.159317277,0.646113667171067,0.151808446983214
1.043445007,18.1490205608148,0.816793873,0.963700589702269,0.675244577424765,0.238897969,1.63159464723637,1.63259736018178,0.160978605,0.643930638683153,0.151231805936259
1.045321706,18.0348115218409,0.816878385,0.959926067117771,0.667869213328689,0.237624374,1.62947874694985,1.629781281696,0.162453174,0.641740966741302,0.150654271355858
1.047198406,17.9208674698338,0.816559034,0.956217192172553,0.660595249607649,0.236211682,1.62739600782403,1.62701367933024,0.163728898,0.639544941001995,0.150075849934914
1.049075106,17.8072035783719,0.815821586,0.952573976089448,0.653423462441339,0.234679843,1.62534616054215,1.62429445209844,0.164806079,0.637342855297621,0.149496550913751
1.050951805,17.6938349837566,0.814663937,0.948996449537929,0.64635461692701,0.233033553,1.62332894513819,1.62162348398574,0.165673976,0.635135004127355,0.148916385158065
1.052828505,17.5807766025468,0.813040938,0.945484655409443,0.639389455890695,0.231255212,1.62134410699748,1.61900064010298,0.166331687,0.632921679083815,0.148335364227353
1.054705205,17.4680434921708,0.8108859,0.94203865869299,0.632528722366442,0.229326792,1.61939140251642,1.61642577554468,0.166768153,0.63070317588205,0.14775350222732
1.056581904,17.3556506668985,0.808171538,0.938658539090822,0.625773147870536,0.227214186,1.61747059505277,1.61389873130358,0.166943794,0.628479790814868,0.147170814882126
1.058458604,17.2436129172219,0.804872099,0.935344384404345,0.619122566358746,0.224923876,1.61558145126559,1.61142191003436,0.166869255,0.626251817154058,0.146585986937431
1.060335304,17.1319451670801,0.800901147,0.932096299976453,0.612575400393142,0.222422011,1.61372374660474,1.60900157941866,0.166500908,0.6240195522321,0.14599567675297
1.062212003,17.0206622914215,0.796407936,0.928914401888548,0.606133219743455,0.219784261,1.61189726158607,1.60663355999603,0.16589434,0.621783293867092,0.145401815848329
1.064088703,16.9097789376854,0.791369311,0.925798810918049,0.599796530633839,0.216991618,1.61010177843984,1.60431737249726,0.165030885,0.619543336743726,0.144804476092945
1.065965403,16.7993472027117,0.785804097,0.922755420085498,0.593575060830964,0.214056287,1.60833972703165,1.60205692663404,0.163939775,0.61729971624282,0.144203444280684
1.067842102,16.6893474691155,0.779618924,0.919778674420222,0.587460249093876,0.210948522,1.60660823622326,1.5998472813476,0.16258591,0.615053049848459,0.143599094054814
1.069718802,16.5797939963566,0.772853069,0.91686868581627,0.581452531885658,0.207706468,1.60490708470659,1.59768791820373,0.160977807,0.612803635179973,0.14299150144381
1.071595502,16.4707013709312,0.765551287,0.914025609681238,0.575552403157959,0.204335123,1.60323607217424,1.59557834452826,0.159166859,0.610551772053674,0.14238074247012
1.073472201,16.3620841180202,0.757603602,0.911249605676161,0.569760350544054,0.200821185,1.60159500064743,1.59351806409361,0.15710701,0.608297760564737,0.141766893904566
1.075348901,16.2539565270449,0.749300678,0.908540832637764,0.564076846038336,0.197254926,1.59998367163243,1.59150657414618,0.154888861,0.606041897445672,0.141150032277551
1.0772256,16.1463330546111,0.740456977,0.905899458137317,0.558502367222213,0.193602764,1.59840189196014,1.58954337326741,0.152475807,0.603784484442439,0.140530236170651
1.0791023,16.0392278615554,0.731122283,0.90332564619899,0.553037372693822,0.189858908,1.59684946667016,1.58762795299137,0.149862912,0.601525818666986,0.139907583588401
1.080979,15.9326552133236,0.72124496,0.900819566592726,0.547682322741441,0.186025921,1.59532620474915,1.58575980542208,0.147027159,0.599266200982014,0.139282154265346
1.082855699,15.8266293047,0.710861791,0.898381389809381,0.542437669862822,0.182133954,1.59383191634295,1.58393842019576,0.143992133,0.597005932361667,0.13865402868226
1.084732399,15.7211640901146,0.699843836,0.896011282779153,0.53730385043836,0.178131295,1.59236641029542,1.58216328193951,0.140700778,0.594745310242489,0.138023287053478
1.086609099,15.6162736204126,0.688271321,0.893709416063476,0.532281301150144,0.174037938,1.59092949876587,1.58043387629182,0.137180031,0.592484635716993,0.137390011336817
1.088485798,15.5119718702739,0.676154681,0.891475959286974,0.527370450092158,0.169856117,1.58952099465962,1.57874968712724,0.133452556,0.590224209886503,0.136754284234588
1.090362498,15.4082991318917,0.66356771,0.889314031624686,0.522576545666888,0.165616761,1.58814191261578,1.57711208906413,0.129529254,0.587964368443588,0.13611609052618
1.092239198,15.305271806092,0.650607655,0.887223893712716,0.517900171005877,0.161344939,1.58679206931256,1.57552053474678,0.125460916,0.585705455965179,0.135475524109868
1.094115897,15.2028770714396,0.63740673,0.885202691948647,0.513336791693482,0.157080241,1.58547003863806,1.57397253901501,0.121313612,0.583447748632292,0.134832774164869
1.095992597,15.101128394176,0.62406078,0.883250583922106,0.508886789548313,0.152847357,1.58417563393158,1.57246757892821,0.11710043,0.581191543573792,0.134187925552285
1.097869297,15.0000393204007,0.610660831,0.881367727430038,0.504550544179735,0.148689059,1.58290867115675,1.57100513375617,0.112878622,0.578937141351695,0.133541064894928
1.099745996,14.8996233085355,0.597305438,0.87955427668057,0.50032842511092,0.144619235,1.5816689666868,1.56958468262,0.108676567,0.576684842312396,0.132892279556129
1.101622696,14.7998935686321,0.584105674,0.877810379239939,0.496220785093465,0.140669436,1.5804563353886,1.56820570257993,0.104536475,0.574434942955635,0.132241656597301
1.103499396,14.7008633820581,0.571056361,0.876136181567308,0.492227973464632,0.136845246,1.57927059461127,1.56686767345515,0.100467511,0.572187743102219,0.131589284850908
1.105376095,14.6025459372964,0.558167084,0.874531825639596,0.488350328880128,0.133147161,1.57811156215022,1.56557007569643,0.096450804,0.569943542251363,0.130935253887934
1.107252795,14.5049541730454,0.545499135,0.872997446321339,0.484588173250621,0.129589074,1.57697905450151,1.56431238868686,0.092502432,0.567702635966042,0.130279652967101
1.109129495,14.408101090649,0.53303902,0.871533176228218,0.480941823922165,0.126155922,1.57587289059932,1.56309409513787,0.08863522,0.565465323012453,0.129622573126146
1.111006194,14.3119995934646,0.521045732,0.870139142766507,0.47741158702479,0.122901787,1.57479288994909,1.56191467918235,0.084929459,0.563231901728672,0.128964106139443
1.112882894,14.216662333977,0.509563493,0.868815465919479,0.473997752035824,0.119840418,1.57373887104252,1.56077362487736,0.081380181,0.561002666431551,0.128304343460483
1.114759594,14.1221020185298,0.498338404,0.867562262426883,0.470700602772,0.116909858,1.57271065484425,1.55967042019202,0.077941146,0.558777914517775,0.127643378328394
1.116636293,14.0284007638262,0.487845456,0.866385754301457,0.467530546086221,0.114210476,1.57171025945009,1.55860773032661,0.074767419,0.556558386234047,0.126981218601668
1.118512993,13.9355041701375,0.478085746,0.865279989425274,0.464477810886482,0.111743652,1.57073528941955,1.5575817950074,0.071832371,0.554343989549099,0.126318061617479
1.120389692,13.8434242329756,0.469048828,0.864245028450539,0.461542582278262,0.109484385,1.56978555575482,1.5565920917245,0.069159366,0.552135018614953,0.125654003977528
1.122266392,13.752173060283,0.460898269,0.863280960758854,0.458725088678143,0.107481346,1.56886088200572,1.55563811866224,0.066798541,0.549931764754539,0.124989141021588
1.124143092,13.6617627996873,0.453594643,0.862387871172024,0.456025551285857,0.10569101,1.5679610944749,1.55471937908802,0.064782109,0.547734522146477,0.124323569881706
1.126019791,13.5722054870921,0.447031833,0.861565837957404,0.453444178900262,0.104088912,1.56708602071795,1.55383537991471,0.063013138,0.545543584240256,0.123657388423028
1.127896491,13.4835129040153,0.441346462,0.860814931582838,0.450981163970562,0.10269035,1.5662354883068,1.55298563063017,0.061537313,0.543359240233284,0.122990694177017
1.129773191,13.3956968627093,0.436549748,0.86013521727555,0.448636690787917,0.101485592,1.56540932774009,1.55216964638936,0.060305623,0.54118178204326,0.12232358647124
1.13164989,13.3087690590588,0.432291346,0.859526753424872,0.446410930932519,0.100364539,1.56460737108335,1.5513869467598,0.059261518,0.539011500751846,0.121656165365659
1.13352659,13.222740934633,0.42885489,0.858989590735597,0.444304039962464,0.099391667,1.56382945086522,1.55063705481658,0.05842449,0.536848683120232,0.120988530584681
1.13540329,13.1376239527084,0.426139429,0.858523774070022,0.44231616438734,0.098526624,1.56307540274017,1.54991949987582,0.05778245,0.534693618489745,0.120320783651362
1.137279989,13.0534294556805,0.424077178,0.858129341245407,0.440447437749545,0.097744351,1.56234506426232,1.54923381641267,0.05729677,0.53254659525909,0.119653026820822
1.139156689,12.9701685320271,0.422610569,0.857806322582546,0.438697977952523,0.097026692,1.56163827390875,1.54857954331205,0.056937792,0.530407897443393,0.118985362012868
1.141033389,12.8878933810107,0.421721133,0.857557810235114,0.437073023302799,0.096365846,1.56095587017991,1.54795753350304,0.056696576,0.528278195208445,0.118317906463318
1.142910088,12.8066175440375,0.421414144,0.857383899157838,0.435572808603274,0.095755872,1.56029770038412,1.54736730867734,0.056568291,0.52615782384699,0.117650779904476
1.144786788,12.7263100987048,0.421659546,0.857281452035012,0.434192154562912,0.095193476,1.55966258152104,1.5468070660223,0.056526398,0.524046684305597,0.116984077854648
1.146663488,12.6469817311959,0.422378728,0.857250469318047,0.432931126080102,0.094651739,1.55905036347364,1.54627637187604,0.056552008,0.521945059471171,0.116317906464214
1.148540187,12.5686429975977,0.42349279,0.857290944178646,0.431789774710983,0.094102019,1.5584608987651,1.54577479924654,0.056663215,0.519853231060948,0.115652372616403
1.150416887,12.4913041994883,0.425118644,0.857402862717582,0.430768137073723,0.093590964,1.55789404178088,1.54530192729433,0.056869994,0.517771476265025,0.114987582864819
1.152293587,12.4149756338414,0.427261044,0.857586203879948,0.42986623855738,0.093121369,1.55734965078286,1.54485734317137,0.057177573,0.515700074407891,0.114323645562297
1.154170286,12.3396674634754,0.429923926,0.85784093930067,0.429084091112609,0.092688089,1.55682758701094,1.54444064134358,0.057595577,0.51363930353974,0.113660669794981
1.156046986,12.2653895980393,0.433015997,0.858167033898849,0.428421692295597,0.092275802,1.55632771401766,1.54405142320404,0.058104328,0.511589437135447,0.112998764325161
1.157923686,12.1921519334463,0.436544771,0.858564445060956,0.427879027743556,0.091887668,1.55584989944395,1.5436892986026,0.058707562,0.509550750648804,0.11233803971135
1.159800385,12.1199642275473,0.440429937,0.859033122870855,0.427456069604244,0.091502587,1.5553940142345,1.54335388530503,0.059367671,0.507523518155545,0.111678607245769
1.161677085,12.0488359866824,0.444672519,0.859573011086703,0.427152776218379,0.091122976,1.55495993208098,1.54304480872888,0.06008493,0.50550800911351,0.111020577904296
1.163553785,11.9787766943045,0.449173789,0.860184045591266,0.426969093361057,0.090736164,1.55454753096237,1.54276170317592,0.060831803,0.503504494800155,0.110364064453949
1.165430484,11.9097956920523,0.453914901,0.860866155004008,0.426904953309621,0.090344865,1.55415669247017,1.54250421141958,0.061603508,0.501513245012102,0.109709180395525
1.167307184,11.8419969543141,0.458861803,0.861625387604695,0.426970587229984,0.089936499,1.55378914319601,1.54227413282778,0.062382475,0.499535634886763,0.10905620132039
1.169183883,11.7752969768194,0.464007826,0.862455553046946,0.427155633470594,0.089518489,1.55344292236962,1.54206893105726,0.063172314,0.497570879415746,0.108405103138744
1.171060583,11.709703923199,0.469294744,0.8633565187155,0.427459914909425,0.089083112,1.55311791205137,1.54188826416237,0.063947119,0.495619233260869,0.10775599978828
1.172937283,11.6452265198815,0.474692482,0.864328182857138,0.427883306901942,0.088630485,1.5528140107666,1.54173181371137,0.064711947,0.493680959554544,0.107109007953184
1.174813982,11.5818733450976,0.480212258,0.865370436591478,0.428425671394617,0.088170625,1.55253112115641,1.54159927062098,0.06546879,0.491756319764824,0.106464245049984
1.176690682,11.5196527290605,0.48582348,0.866483165771003,0.429086858094597,0.087703518,1.55226914965601,1.54149033513994,0.066209634,0.489845570616412,0.105821828201029
1.178567382,11.458572956158,0.491559258,0.867666247726344,0.429866702843319,0.087238577,1.55202800749115,1.5414047174204,0.066941186,0.48794897022037,0.10518187629676
1.180444081,11.3986421592977,0.497378653,0.868919552761744,0.430765028173785,0.086764174,1.55180761024052,1.54134213736439,0.067665883,0.486066774923972,0.104544508957009
1.182320781,11.3398682261598,0.5033023,0.870242946385414,0.431781645108554,0.08628473,1.55160787761212,1.54130232470702,0.068403913,0.484199236307998,0.103909845517691
1.184197481,11.2822589895563,0.509376882,0.871636285325337,0.43291635030688,0.085827189,1.55142873421208,1.5412850193248,0.069155798,0.482346607169564,0.103278007066783
1.18607418,11.2258221277087,0.515554437,0.873099419396305,0.43416892725259,0.085385643,1.55127010920599,1.54128997118605,0.069931348,0.480509138443891,0.102649115416666
1.18795088,11.1705650767038,0.521907167,0.874632194096715,0.435539148675817,0.084975368,1.55113193619098,1.54131694052851,0.07075091,0.478687076282214,0.102023292105892
1.18982758,11.1164952087507,0.528436703,0.87623444589829,0.437026772479274,0.084604913,1.55101415373914,1.54136569791308,0.071620272,0.476880667879066,0.101400660404559
1.191704279,11.0636713382734,0.535149071,0.877908970137691,0.438636557776381,0.084265569,1.5509175752727,1.54143693976511,0.072547406,0.475090852597299,0.100781492676403
1.193580979,11.0121027664255,0.541990918,0.879655644234042,0.440368330763296,0.08394473,1.55084216510956,1.54153045390842,0.073512674,0.473317923192591,0.10016593435534
1.195457679,10.9617437315247,0.549018491,0.881471230749475,0.442216648446531,0.083664593,1.55078698242428,1.54164509624354,0.074544633,0.471561419677128,0.0995539648313512
1.197334378,10.9126009269018,0.55621276,0.88335553761037,0.444181213799961,0.083423077,1.5507519866942,1.54178068277525,0.075624579,0.469821580661339,0.0989457104634816
1.199211078,10.864680808316,0.563510571,0.885308369295782,0.446261720459024,0.083221326,1.55073714230613,1.54193704043405,0.076756736,0.468098639909801,0.0983412973449201
1.201087778,10.817989751519,0.570952344,0.887329520926663,0.448457846632562,0.083051242,1.55074241872019,1.542114006709,0.077926762,0.466392831890896,0.0977408532465692
1.202964477,10.7725339690515,0.57845657,0.889418781105853,0.45076925795519,0.082893051,1.5507677903778,1.54231142983707,0.079119927,0.46470438891196,0.0971445066267737
1.204841177,10.7283194398576,0.586016261,0.891575935470463,0.453195611547895,0.082747464,1.5508132368151,1.54252916920022,0.080333668,0.463033538432696,0.0965523856815451
1.206717877,10.6853520541098,0.593602325,0.893800760067439,0.455736548730285,0.082621745,1.55087874260447,1.54276709472067,0.081572349,0.461380508437255,0.0959646202452457
1.208594576,10.643637536413,0.601292462,0.896093024550501,0.458391698485088,0.082528442,1.55096429735462,1.54302508713659,0.082832131,0.459745524656996,0.0953813408178591
1.210471276,10.6031813820349,0.608995614,0.898452496081741,0.461160682118758,0.082445433,1.55106989591571,1.54330303848064,0.08409844,0.458128807979362,0.0948026776370588
1.212347975,10.5639890090516,0.616694695,0.900878930674602,0.464043103194011,0.08236687,1.55119553802194,1.54360085107391,0.085353205,0.456530580477088,0.0942287628347078
1.214224675,10.5260655867345,0.624231144,0.90337208337018,0.46703855955427,0.08226967,1.55134122876679,1.54391843872657,0.086555289,0.454951058509918,0.0936597279663
1.216101375,10.4894161811549,0.631700413,0.90593169922912,0.470146632667533,0.082171623,1.55150697813248,1.54425572561305,0.087720396,0.453390458658019,0.0930957061412326
1.217978074,10.4541566419304,0.639018296,0.908563208378061,0.473376537493404,0.082050389,1.55169453731404,1.54461433739393,0.088823524,0.451850669668745,0.0925372894291654
1.219854774,10.4201822825125,0.646106834,0.911260642609124,0.476718169661713,0.08189497,1.55190220720752,1.54499253336545,0.089843591,0.450330276911569,0.0919841815800035
1.221731474,10.387496878402,0.653019247,0.914023688943545,0.480171007768917,0.081717333,1.55213000303524,1.54539026213309,0.090786032,0.448829477993189,0.0914365147537093
1.223608173,10.3561047696792,0.659781494,0.916852066381545,0.483734583319805,0.081522655,1.55237795654325,1.54580749422711,0.091646416,0.447348479034993,0.0908944246433817
1.225484873,10.3260100772797,0.666209848,0.919745492536136,0.487408422260953,0.081284044,1.55264610486686,1.54624421146405,0.092392836,0.445887481302962,0.0903580466369266
1.227361573,10.2972168040054,0.67240923,0.922703674678135,0.491192033780799,0.081017018,1.55293448972337,1.54670040556447,0.093037468,0.444446685933003,0.0898275175381603
1.229238272,10.2697287798579,0.678374259,0.925726314086354,0.495084915764078,0.080723808,1.55324315770933,1.54717607868688,0.093573523,0.443026291474316,0.0893029746640937
1.231114972,10.2435496209534,0.684029224,0.928813111071706,0.499086561391929,0.080397941,1.55357216080437,1.5476712441572,0.093995836,0.441626491643239,0.0887845550017612
1.232991672,10.2186828170364,0.689351417,0.931963755341578,0.503196446798062,0.080026965,1.55392155533979,1.54818592486111,0.09429099,0.440247479838919,0.0882723968649963
1.234868371,10.195131683626,0.694315049,0.935177930685167,0.507414037101191,0.079608171,1.55429140238777,1.54872015385709,0.094453019,0.438889446790769,0.0877666390171938
1.236745071,10.172899327868,0.698934837,0.938455320322164,0.511738793565318,0.079137535,1.55468176835879,1.54927397518573,0.094481715,0.437552578423078,0.0872674198582007
1.238621771,10.1519887224274,0.703248929,0.941795596596246,0.516170160128456,0.078619765,1.55509272374459,1.5498474420365,0.094391269,0.436237060154365,0.0867748790116788
1.24049847,10.1324026645145,0.70730723,0.945198425989962,0.520707570003616,0.078066149,1.5555243436001,1.55044061744043,0.094198065,0.43494307465235,0.0862891564753139
1.24237517,10.1142007895251,0.711137104,0.948666126498376,0.525354948382113,0.07749437,1.55597760214869,1.55105442775154,0.093912649,0.433671739653637,0.0858106971625502
1.24425187,10.0973874267682,0.714768835,0.952198376013402,0.530111745866224,0.076896095,1.55645262071127,1.55168899220346,0.093542681,0.432423282680964,0.0853396701503135
1.246128569,10.0819063124515,0.718205748,0.955792081207201,0.534972715177232,0.076269604,1.55694857481003,1.5523435337702,0.093093364,0.431196920164923,0.0848759096087665
1.248005269,10.0677594690745,0.721489725,0.95944688968154,0.539937253031467,0.075638032,1.55746555930146,1.55301815759667,0.092584628,0.429992820816323,0.0844195561164746
1.249881969,10.0549487710742,0.724628553,0.963162437685753,0.545004738508482,0.074987362,1.55800367245653,1.55371297691666,0.092016286,0.428811152486342,0.0839707512191329
1.251758668,10.0434759154788,0.727626187,0.966938355663922,0.550174540575652,0.074317547,1.55856301659344,1.55442811386975,0.09139705,0.427652080108335,0.0835296366272666
1.253635368,10.0333424065071,0.730545013,0.970774274434095,0.555446026687067,0.073642056,1.55914369892632,1.55516370052196,0.090752534,0.426515763873185,0.0830963534904844
1.255512067,10.0245495969931,0.733435988,0.974669811048533,0.560818543500849,0.072979108,1.55974582936096,1.55591987600366,0.090103355,0.425402363508255,0.0826710439959656
1.257388767,10.0170986446445,0.736350208,0.978624585122241,0.566291439408934,0.072323739,1.56036952286132,1.55669678945699,0.089458531,0.4243120334034,0.0822538494778961
1.259265467,10.0109905465265,0.739317581,0.982638204376491,0.571864044723433,0.071678144,1.561014897126,1.55749459705437,0.088839382,0.423244926771429,0.0818449119713032
1.261142166,10.0062261214226,0.742416142,0.986710270704585,0.577535680094842,0.071067857,1.56168207338409,1.55831346295823,0.088267032,0.422201193784836,0.0814443734655744
1.263018866,10.0028060062194,0.745682965,0.99084038684797,0.583305665967174,0.070503123,1.56237117741361,1.55915356049281,0.087756057,0.421180979955153,0.0810523752424894
1.264895566,10.0007306698439,0.749124062,0.995028143309288,0.589173304438652,0.069973429,1.56308233727053,1.56001506930028,0.08730467,0.420184429425786,0.0806690591003725
1.266772265,10.0000004026857,0.752725626,0.999273104323819,0.595137877500425,0.0694684,1.56381575688794,1.56089822231613,0.086908598,0.41921167514465,0.0802945158362268
1.268648965,10.0007314756047,0.756508845,1.00354272812723,0.601187509982451,0.069009436,1.56470535870817,1.56188840400729,0.08657459,0.418250273016188,0.0798375352119053
1.270525665,10.0028084233747,0.760471081,1.00784652369885,0.60732442974705,0.068597804,1.56560829946531,1.56289843258334,0.08630167,0.417313425612175,0.0793896516608114
1.272402364,10.0062301476432,0.764604138,1.0121859716252,0.613548038684503,0.068228063,1.56652525145621,1.56392857924073,0.086087972,0.416401235913259,0.0789509900308345
1.274279064,10.0109961850713,0.768930075,1.01656244790585,0.619857787331755,0.067887671,1.56745686638144,1.56497913270711,0.085943263,0.415513817333381,0.0785216794827413
1.276155764,10.0171058926756,0.773490598,1.02097719802196,0.626253102675989,0.067590931,1.56840376669831,1.56605038409081,0.085867952,0.414651282018607,0.0781018494969
1.278032463,10.0245584490842,0.778298602,1.02543135061302,0.632733397999088,0.067353952,1.56936654870149,1.56714262826726,0.085870964,0.41381373927692,0.0776916290914074
1.279909163,10.0333528698231,0.783339396,1.02992593117098,0.639298083612793,0.06716074,1.57034578565109,1.56825616547445,0.085956267,0.413001294267708,0.0772911461371529
1.281785863,10.0434879840857,0.788610434,1.03446185393887,0.645946546333851,0.067015479,1.5713420261497,1.56939129762233,0.086120821,0.412214050656893,0.0769005286192416
1.283662562,10.0549624430663,0.79410495,1.03903993470024,0.652678159771616,0.066935418,1.57235579698502,1.57054832976693,0.086368794,0.411452109177142,0.076519903898644
1.285539262,10.0677747422928,0.799820844,1.04366090367732,0.659492295485936,0.066925714,1.57338760605769,1.57172757180433,0.086701094,0.410715566451391,0.0761493980752043
1.287415962,10.0819231844842,0.805762154,1.04832539603122,0.666388301580261,0.066986007,1.57443794030374,1.57292933453886,0.087105999,0.410004517386999,0.0757891371416216
1.289292661,10.0974058949509,0.811907538,1.05303396394377,0.673365513422502,0.067100279,1.57550726836053,1.57415393125166,0.0875678,0.40931905386825,0.0754392462909404
1.291169361,10.1142208509416,0.818197328,1.05778708888045,0.680423265214337,0.067248387,1.57659604334993,1.57540167950045,0.088066725,0.408659263715521,0.0750998493297781
1.293046061,10.132422725931,0.82459742,1.06258711374702,0.687564256398861,0.067422021,1.57770557311281,1.5766739186656,0.088591233,0.40802634103913,0.0747715308302512
1.29492276,10.1520103739098,0.831127131,1.06743445959563,0.694787780782876,0.067620673,1.57883635933239,1.57797104309566,0.089144702,0.407420411402848,0.0744544436224213
1.29679946,10.1729225659972,0.837825678,1.07232739592343,0.702089613639914,0.06785677,1.57998792703695,1.57929234086917,0.089740544,0.406840416701321,0.0741482399361831
1.298676159,10.1951564927324,0.844688742,1.07726610384715,0.709469022144816,0.068140211,1.58116066271448,1.58063813389314,0.090377163,0.406286432867656,0.0738530399062833
1.300552859,10.2187092172005,0.851696855,1.0822507174139,0.71692527742606,0.068460986,1.58235494240157,1.58200874784959,0.091048781,0.405758531468331,0.0735689618210051
1.302429559,10.2435775960062,0.858845909,1.08728130840958,0.724457627378425,0.068816045,1.58357112796845,1.58340450698295,0.091750353,0.405256781814281,0.0732961231824028
1.304306258,10.2697583110979,0.866117796,1.09235789703874,0.732065308347924,0.069202027,1.58480956948055,1.58482573591217,0.092480514,0.404781249969625,0.0730346401280576
1.306182958,10.297247915335,0.873481088,1.09748046291416,0.739747557608893,0.069602102,1.5860706077421,1.58627276170133,0.093226919,0.404331998033464,0.0727846269686
1.308059658,10.3260427495021,0.880971229,1.10264893143513,0.747503589178355,0.070029785,1.58735457080868,1.58774590905518,0.094004112,0.403909085643013,0.0725461969526613
1.309936357,10.3561389810873,0.888606996,1.10718966644769,0.755332605896725,0.070504958,1.5885384090552,1.58924550225128,0.094817699,0.403512569119823,0.072319461742837
1.311813057,10.3875326566864,0.896342778,1.11036846132753,0.763233812274398,0.071005799,1.58948734965965,1.59077186734253,0.095650555,0.403142500891222,0.0721045310115117
1.313689757,10.4202196054756,0.904155509,1.11366856812473,0.771206389529408,0.071528306,1.59047164026665,1.59232532707367,0.096496543,0.402798930720623,0.0719015130820535
1.315566456,10.4541954848903,0.912035568,1.11708828761451,0.779249508051357,0.07207729,1.59149129280972,1.59390620294099,0.097351634,0.402481904992406,0.0717105144615287
1.317443156,10.489455839791,0.919947317,1.12062593090199,0.787362340603748,0.072639594,1.59254632650954,1.59551481753437,0.098201451,0.402191466273844,0.0715316394972279
1.319319856,10.5261059811307,0.927876882,1.12428967018048,0.795549893545767,0.073207466,1.59363982378076,1.59715394391912,0.099038422,0.40192995665888,0.0713660567059832
1.321196555,10.5640309094504,0.9358367,1.12806771091647,0.803805326034934,0.073785843,1.59476878151206,1.59882152088892,0.099866782,0.401695132670354,0.07121282717384
1.323073255,10.6032248223503,0.943847219,1.13195830730401,0.812127733924044,0.074380747,1.59593321325185,1.60051784669389,0.100685131,0.401487009145591,0.0710720408771986
1.324949955,10.6436824895184,0.951920083,1.13595978428732,0.82051623268225,0.074985891,1.59713315703435,1.6022432317331,0.101495869,0.401305614494139,0.0709437934480629
1.326826654,10.6853985129065,0.960031,1.14007047083734,0.828969927620794,0.075600126,1.59836865468706,1.60399798334823,0.102289957,0.401150973629354,0.0708281781848915
1.328703354,10.7283673970093,0.968132221,1.1442887066914,0.837487927652719,0.076221042,1.59963975356129,1.60578240841393,0.103048968,0.40102310776678,0.0707252858151785
1.330580054,10.7725834169853,0.976182141,1.1486128291879,0.846069318396288,0.076836543,1.60094650227744,1.60759680746597,0.103758589,0.400922034920358,0.0706352047918216
1.332456753,10.8180406824264,0.984110203,1.15304117943729,0.854713175592162,0.077422789,1.60228895226778,1.60944147713861,0.104396083,0.40084776956261,0.0705580209895957
1.334333453,10.8647332141543,0.991952436,1.15757210959753,0.863418579180187,0.077997158,1.60366715969005,1.61131671291476,0.104978229,0.400800322564772,0.0704938175351869
1.336210153,10.9126547993957,0.999758273,1.16220396860147,0.872184585735504,0.078569801,1.60508118079881,1.61322280294337,0.105513371,0.400779701415603,0.0704426749702784
1.338086852,10.9617990621671,1.007558588,1.16693510889286,0.881010242218941,0.07914594,1.60653107367192,1.61516003063262,0.106014266,0.400785910023061,0.0704046710145692
1.339963552,11.0121595464789,1.01538103,1.17176389421073,0.889894600355427,0.079731246,1.60801690031064,1.61712867756643,0.106491227,0.400818948796297,0.0703798804654964
1.341840251,11.0637295306245,1.023219671,1.17668868159073,0.898836683639118,0.080316363,1.60953872080632,1.61912901591918,0.106937016,0.400878814539943,0.0703683752248106
1.343716951,11.116553429249,1.031035109,1.18171180534551,0.907837908589601,0.080900279,1.61109814730254,1.62116269876871,0.107348844,0.400966649162919,0.0703707994605132
1.345593651,11.1706247284532,1.038832627,1.18683151807812,0.916897213942636,0.081476324,1.61269529706361,1.62323006531507,0.107729196,0.401082474300922,0.0703872447339161
1.34747035,11.225883171763,1.04661543,1.19204203083393,0.92601109602402,0.082060816,1.61432864193205,1.62532995897857,0.108086812,0.401225091827981,0.0704171833251742
1.34934705,11.2823214753245,1.054416744,1.1973417256282,0.935178558233695,0.082657012,1.61599824683238,1.62746263051911,0.108432059,0.401394483336878,0.0704606734744306
1.35122375,11.339932114248,1.062253701,1.20272897929205,0.944398580557795,0.083266137,1.61770417357141,1.62962832067177,0.108775653,0.401590626627441,0.0705177700109394
1.353100449,11.3987074080568,1.070167069,1.20820217142304,0.953670134036564,0.083898077,1.61944648300835,1.63182726313346,0.109131815,0.401813495840404,0.0705885242826051
1.354977149,11.4586396184003,1.078172801,1.21375969325464,0.962992195782773,0.084574659,1.6212252376053,1.63405968789555,0.109513221,0.402063061870919,0.0706729842285264
1.356853849,11.5197207626989,1.086266821,1.21939993011009,0.972363719434589,0.085276314,1.62304049555645,1.63632581397282,0.109924729,0.40233929166376,0.0707711940883493
1.358730548,11.5819427058394,1.094454592,1.22512126982896,0.981783649906099,0.086050729,1.62489231315313,1.63862585256796,0.110404308,0.402642148488997,0.0708831944065711
1.360607248,11.6452972638672,1.102805373,1.23092211205766,0.991250938653359,0.086899007,1.62678074753193,1.64096001059052,0.110951881,0.402971592496345,0.0710090221818392
1.362483948,11.7097760057081,1.111306438,1.23680084984448,1.00076451361023,0.087801202,1.62870585043067,1.64332848304353,0.11155243,0.403327579734494,0.0711487104379748
1.364360647,11.7753703509786,1.119957435,1.24275587851543,1.01032329420517,0.088749429,1.63066767075118,1.64573145637138,0.112196226,0.403710062568243,0.0713022883049617
1.366237347,11.8420716795123,1.12875861,1.24878560535959,1.01992620685764,0.089741836,1.63266625750737,1.64816911216941,0.112884658,0.404118990372939,0.071469781246499
1.368114047,11.9098711214385,1.137680607,1.25488843042126,1.02957215443435,0.09076837,1.63470165320777,1.65064161922245,0.113602842,0.404554308279356,0.0716512104924218
1.369990746,11.9788527232511,1.146663719,1.26106876371249,1.03926353686055,0.091813203,1.63677708059255,1.65315217423542,0.114335622,0.40501822396101,0.0718477987761431
1.371867446,12.0489133073716,1.155718026,1.26731875485308,1.04899556472322,0.09287906,1.63888942344659,1.65569794321485,0.115085451,0.405508414100949,0.072058364396854
1.373744146,12.1200428277692,1.164861366,1.27363676469571,1.05876708691301,0.0939773,1.64103868706258,1.65827904082169,0.115860418,0.406024794746998,0.0722829059135974
1.375620845,12.1922318007892,1.174115444,1.28002120207651,1.06857697135536,0.09511551,1.64322489582845,1.66089559432362,0.116664786,0.406567295300501,0.0725214266590224
1.377497545,12.2654707198911,1.183514517,1.28647048793341,1.07842409378595,0.096291841,1.64544807267392,1.66354772497291,0.117499455,0.407135842408496,0.0727739260747273
1.379374245,12.339749827026,1.193055309,1.29298303488839,1.08830730649518,0.097501415,1.64770823183693,1.6662355394613,0.118360554,0.407730358256743,0.0730403989177984
1.381250944,12.4150592260846,1.20269572,1.29955725719682,1.09822545397389,0.098737783,1.65000538197187,1.66895913378601,0.119228862,0.408350761362061,0.0733208355586607
1.383127644,12.491389007224,1.212380659,1.30619158136177,1.10817738893862,0.09999026,1.65233952964757,1.67171859749187,0.120083774,0.408996967636282,0.0736152224275526
1.385004343,12.5687289658515,1.222056074,1.31288442147469,1.11816193536975,0.101253023,1.6547106704639,1.67451400326467,0.120910792,0.409668888043131,0.0739235409147672
1.386881043,12.6470689295503,1.231668789,1.31963420745573,1.1281779310209,0.102509066,1.65711879875169,1.67734541850993,0.121688139,0.410366431366661,0.0742457685977424
1.388757743,12.726398471808,1.241187415,1.32643936009178,1.1380750825156,0.103740246,1.6595638985055,1.68017902677054,0.122405047,0.411089501735399,0.0745818780749055
1.390634442,12.8067070346484,1.250592491,1.33329830155981,1.14741327339601,0.104946271,1.66204594683568,1.68291489296438,0.1230574,0.411837999644669,0.0749318374005676
1.392511142,12.8879840615627,1.259893446,1.34020946652566,1.15682627929301,0.106132409,1.66456491781059,1.68569543276217,0.123640787,0.412611823245481,0.0752956106677379
1.394387842,12.9702592125791,1.2690976,1.34717337205258,1.16631551246849,0.107303694,1.66712235143726,1.6885226517958,0.124153757,0.413411940382768,0.0756737443358583
1.396264541,13.0535212241805,1.278225336,1.35418828606151,1.17587918359463,0.10846673,1.66971824389679,1.6913966944001,0.124603418,0.414238257691576,0.0760662035937656
1.398141241,13.1377168834335,1.287287809,1.36125041574693,1.18551242347588,0.109616368,1.67235091634405,1.69431565266354,0.124994957,0.415089548785285,0.0764723296262153
1.400017941,13.2228349685206,1.29629306,1.368358190668,1.19521356672509,0.110754343,1.67502030564335,1.69727957973977,0.125326757,0.415965695323034,0.0768920662098643
1.40189464,13.3088641352722,1.305233388,1.37551004157605,1.20498094074189,0.111878883,1.6777263402734,1.70028851835062,0.12559622,0.416866575405731,0.0773253524992355
1.40377134,13.395793058203,1.314093945,1.3827044119316,1.21481288166814,0.1129923,1.68046894452248,1.70334250542569,0.125806251,0.417792065085936,0.0777721237512492
1.40564804,13.4836101576112,1.322897285,1.38993973505496,1.2247077033989,0.114094682,1.68324802965802,1.70644156225248,0.125968121,0.418742035521538,0.0782323099554683
1.407524739,13.5723037359105,1.331643116,1.39721444542317,1.23466371319843,0.115190018,1.68606349794162,1.70958569889265,0.12608004,0.419716354358432,0.0787058364954589
1.409401439,13.6618621232505,1.340344093,1.40452699040001,1.24467922797572,0.116287599,1.6889152470299,1.71277491907395,0.126139268,0.420714887369332,0.079192624953782
1.411278139,13.7522733953844,1.349015304,1.41187580696964,1.25475254264335,0.117383004,1.69180316077998,1.71600920988776,0.12616676,0.421737495354358,0.0796925916133848
1.413154838,13.8435255147819,1.357677297,1.41925933327371,1.26488194608258,0.118486402,1.69472711347203,1.71928854645771,0.126170193,0.422784035654847,0.0802056482007282
1.415031538,13.935606480626,1.366377553,1.42667602052813,1.27506573770985,0.119613543,1.69768697441422,1.7226128970841,0.126177437,0.423854363918654,0.0807317027698547
1.416908238,14.0285040378515,1.375156864,1.43412430939398,1.28530219524191,0.120774966,1.70068259838806,1.7259822124893,0.126207743,0.424948330752271,0.0812706580776855
1.418784937,14.1222058228383,1.38405301,1.44160264172849,1.29558959098108,0.121987358,1.70371383007732,1.72939643073951,0.126281787,0.426065783363525,0.0818224124076939
1.420661637,14.2167665552311,1.39308427,1.44911177206124,1.30593027734763,0.123250965,1.70678354916524,1.73285934183911,0.126410518,0.427208564172855,0.0823879443795029
1.422538337,14.3121047454895,1.402263108,1.45664756928002,1.31631814981851,0.124572039,1.70988852750512,1.73636700933373,0.126602407,0.428374501627991,0.0829660460972051
1.424415036,14.4082071568403,1.411622521,1.46420846056386,1.32675143172416,0.125957899,1.7130285516036,1.73991929798368,0.126873757,0.42956341634634,0.0835565928715475
1.426291736,14.5050611366537,1.421205408,1.47179290556752,1.33722839159874,0.127438439,1.71620342604222,1.74351609480138,0.127247507,0.430775143232891,0.084159465201569
1.428168435,14.6026537292929,1.431046743,1.47939934924574,1.34774727157897,0.129015786,1.71941293786615,1.74715726554775,0.127727273,0.432009511431522,0.0847745381166365
1.430045135,14.7009720896893,1.441146626,1.48702625419581,1.35830633222527,0.130689557,1.72265686994546,1.75084266982781,0.128311532,0.433266349487719,0.0854016837863123
1.431921835,14.8000031225936,1.451490984,1.49467207238216,1.36890381359709,0.132446644,1.72593498895508,1.7545721474294,0.128996838,0.434545480819817,0.0860407693112911
1.433798534,14.8997336381618,1.462056986,1.50233525729267,1.37953795217551,0.134281547,1.72924705028706,1.75834552384467,0.129775363,0.435846725653721,0.0866916577335889
1.435675234,15.0001505149924,1.472822331,1.51001427629806,1.39020699818979,0.136187076,1.73259280332522,1.76216261625734,0.130638821,0.437169903190856,0.0873542091746007
1.437551934,15.1012403828085,1.483768963,1.51770758620923,1.40090918183433,0.138156924,1.73597198074215,1.76602322131179,0.131579808,0.438514827471279,0.0880282788199844
1.439428633,15.2029897819114,1.49488079,1.52541364556036,1.41164273041352,0.140189464,1.73938430360948,1.76992712088473,0.132589589,0.439881309428284,0.0887137180030395
1.441305333,15.3053853296307,1.506127603,1.53313092704247,1.42240588583014,0.142275638,1.74282948686185,1.77387408831634,0.133655581,0.441269159169974,0.0894103754109129
1.443182033,15.4084133960533,1.517478288,1.54085789292983,1.43319687046701,0.14440193,1.74630722826369,1.77786387574515,0.134760803,0.44267818161807,0.0901180949589816
1.445058732,15.5120860791934,1.528894342,1.54859328161994,1.44401493274752,0.146561201,1.74981857775149,1.78189802783973,0.135893014,0.444109066514214,0.0908371755482189
1.446935432,15.6163886071534,1.540355881,1.5563353635792,1.45485808845077,0.148743895,1.75336321031235,1.78597628851265,0.137038615,0.445561614482712,0.0915674460079365
1.448812132,15.721279781277,1.55184952,1.56408225115483,1.46572340690552,0.150949109,1.75693936095204,1.7900964804836,0.138187444,0.447034694841132,0.0923082575310341
1.450688831,15.8267456257513,1.563341996,1.57183241586088,1.47660910303118,0.153160356,1.7605466758987,1.79425828974657,0.139322048,0.448528099876696,0.0930594391329947
1.452565531,15.9327722584138,1.574810111,1.57958434401903,1.48751340809284,0.155371754,1.76418479505233,1.79846139334481,0.140435492,0.450041621438603,0.0938208178298569
1.454442231,16.0393455559381,1.586241951,1.58733651209207,1.49843453516196,0.157581991,1.76785334043412,1.80270544601209,0.141515994,0.45157504621861,0.0945922163424412
1.45631893,16.1464513224956,1.5975933,1.59508739918532,1.50937069670922,0.159775853,1.77155192181325,1.80699008660736,0.142548435,0.453128158110557,0.0953734543630213
1.45819563,16.254075464157,1.608844995,1.60283549955885,1.52032012237863,0.161949695,1.77528014265765,1.81131494498362,0.143525703,0.454700740778406,0.0961643499289484
1.46007233,16.362203648373,1.619981187,1.61057929796986,1.53128102427455,0.164092742,1.77903758828292,1.81567962822098,0.14443939,0.456292572730532,0.0969647170283265
1.461949029,16.4708214756495,1.630981124,1.61831728220478,1.54225161466522,0.166208184,1.78282383165922,1.82008372729803,0.145286525,0.457903429786731,0.097774366926629
1.463825729,16.5799146564744,1.641846506,1.62604795557027,1.55323012380624,0.168286085,1.78663843952841,1.82452682418462,0.146065037,0.459533087746244,0.098593109593661
1.465702429,16.6894686655792,1.652566094,1.63376981229615,1.56421476511481,0.17032701,1.79048096026623,1.82900847767981,0.146772495,0.461181317263091,0.0994207512158677
1.467579128,16.799468916383,1.663139749,1.64148135007202,1.57520375295293,0.172327537,1.79435092986276,1.8335282303142,0.147410907,0.462847886416786,0.10025709557876
1.469455828,16.9099009401944,1.673569347,1.64918108249108,1.58619532046957,0.174291818,1.79824787819806,1.83808561565914,0.147977598,0.464532563476269,0.101101945542753
1.471332528,17.0207845030804,1.683848978,1.65686621475949,1.59718757129959,0.176221161,1.80217355021583,1.84268329568022,0.148476656,0.466236628632401,0.101955796060764
1.473209227,17.1320678574279,1.69398211,1.66453626407855,1.608178500468,0.178112897,1.80612513161619,1.84731753793688,0.148914044,0.467958291939668,0.10281771559962
1.475085927,17.2437360668846,1.70399173,1.67218976641734,1.61916634666635,0.179993667,1.81010209316387,1.85198779629182,0.149308832,0.469697301330241,0.103687494580737
1.476962626,17.3557741966786,1.713907992,1.67982523637673,1.63014932799538,0.181860381,1.81410390330849,1.85669352416832,0.149660332,0.471453411149976,0.104564925577706
1.478839326,17.4681675020531,1.723726102,1.68744120935224,1.64112568863542,0.183700826,1.81813002675292,1.86143416862019,0.149963043,0.473226377182274,0.105449801368604
1.480716026,17.5809010131983,1.733452071,1.69503621318927,1.65209365813754,0.185502525,1.82217990962518,1.8662091528706,0.150226605,0.475015950181944,0.106341911797812
1.482592725,17.6939597151997,1.743112784,1.70260878063573,1.66305146927445,0.187282373,1.82625298584443,1.87101788373776,0.150460933,0.476821878672901,0.107241045272029
1.484469425,17.8073287315639,1.752744042,1.71015746158294,1.67399737580815,0.189054234,1.83034868374124,1.8758597594266,0.1506731,0.478643911919781,0.108146990332285
1.486346125,17.9209929646798,1.762362411,1.71768079904488,1.68492961772614,0.190832072,1.83446641309022,1.88073415417944,0.150875161,0.480481794197245,0.109059532895614
1.488222824,18.0349372776967,1.771983031,1.72517734152787,1.69584643906837,0.192623764,1.83860557162267,1.88564042590753,0.151077155,0.4823352676776,0.109978457791055
1.490099524,18.1491466794669,1.78160488,1.7326433054119,1.70674610561042,0.194424755,1.84277203774965,1.89057792416784,0.151286551,0.484203395837281,0.110903550364009
1.491976224,18.2636059619616,1.791237844,1.74006923321459,1.71762687024704,0.196262038,1.84698655741613,1.89554597449696,0.151508572,0.486083674309615,0.111834593648913
1.493852923,18.3782998838223,1.800894884,1.74745635533588,1.72848699076412,0.198126355,1.85123598040073,1.9005438862388,0.151762685,0.487977129929657,0.112771369940504
1.495729623,18.4932219996069,1.810580709,1.75480078695752,1.73932370637143,0.200011236,1.85552000395467,1.90557217260464,0.152028194,0.489884145329175,0.113713887670483
1.497606323,18.6083551239616,1.820291073,1.76210020045601,1.75013500677642,0.201908273,1.85983685327426,1.910630045785,0.152309238,0.491804536000604,0.114661904389758
1.499483022,18.7236742544719,1.830027932,1.76935448312798,1.76092015984966,0.203821048,1.86418352436217,1.91571547519043,0.152604079,0.493737541229317,0.115614957560809
1.501359722,18.8391642153853,1.83978541,1.77656177607462,1.77167746484062,0.205750228,1.86855852903207,1.9208277094716,0.152915974,0.495682970961539,0.116572829203187
1.503236422,18.9548096246659,1.849573911,1.78372025734012,1.78240521009508,0.207700466,1.87296041134267,1.92596597346916,0.153246016,0.497640625543043,0.117535299708488
1.505113121,19.0705950797592,1.859385127,1.79082815121749,1.79310169066693,0.209674805,1.8773877510298,1.9311294763574,0.153595992,0.499610299157112,0.118502149457802
1.506989821,19.1865053450293,1.869215682,1.79788373724536,1.80376522562718,0.211687329,1.88183916748422,1.93631742006913,0.15396888,0.501591783366409,0.119473160486529
1.508866521,19.3025249835909,1.879070106,1.80488532538403,1.81439412412591,0.21373698,1.88631330268372,1.94152898291461,0.154364864,0.503584861162959,0.120448113501783
1.51074322,19.4186385440471,1.888936719,1.81183126562719,1.82498670286648,0.215803278,1.89080882550522,1.94676332789155,0.154767689,0.505589310404424,0.121426789521867
1.51261992,19.5348307483735,1.898793148,1.8187199572076,1.83554130321846,0.217870718,1.89532443648105,1.95201961124921,0.155168476,0.507604907351868,0.1224089715553
1.51449662,19.6510861226111,1.908612112,1.82554982480567,1.84605625763882,0.21992896,1.89985885111661,1.95729696588364,0.155558691,0.509631420540424,0.123394441572324
1.516373319,19.7673891843128,1.918381262,1.83231932833109,1.85652990697804,0.221982091,1.90441080490956,1.96259450980121,0.155935509,0.511668614223647,0.12438298216178
1.518250019,19.8837246306076,1.928111171,1.83902697221297,1.86696061736762,0.224050737,1.90897905872726,1.96791135480698,0.156310675,0.513716251915361,0.125374378219838
1.520126718,20.0000769062821,1.937808356,1.84567127910141,1.8773467415489,0.226132925,1.91356237997935,1.97324658685287,0.156681987,0.515774088997833,0.126368413351214
1.522003418,20.1164292439549,1.947464999,1.8522450875944,1.88768251295745,0.228209814,1.91816063254891,1.97860069879609,0.157034559,0.517842714493231,0.127365061463234
1.523880118,20.2327646659511,1.95706973,1.85875240774439,1.89797011997121,0.23027644,1.92277132600034,1.98397117154899,0.157367385,0.519921004069247,0.128363882702127
1.525756817,20.3490676790595,1.966597856,1.86519191275625,1.90820798562581,0.23233748,1.92739326278595,1.98935703452524,0.157683796,0.522008696117533,0.129364662876306
1.527633517,20.4653229804167,1.976083017,1.87156226783324,1.91839452608317,0.234407092,1.93202527249052,1.99475732452599,0.157984678,0.524105536628143,0.130367192346857
1.529510217,20.5815150875872,1.985499206,1.87786215543279,1.92852815141126,0.236465665,1.93666618607612,2.00017105625786,0.158263234,0.526211265561741,0.131371261186222
1.531386916,20.6976285266273,1.994850086,1.88409028514831,1.93860728237895,0.23852458,1.94131484221912,2.00559723111141,0.158528442,0.528325620319888,0.132376660854536
1.533263616,20.8136480195317,2.004161547,1.89024540292509,1.94863036670158,0.240595724,1.94597009383224,2.01103484609032,0.158785225,0.530448339300251,0.13338318589017
1.535140316,20.9295581149265,2.013436647,1.8963262706115,1.95859584705373,0.242682499,1.95063079235452,2.01648287669525,0.159035838,0.532579155284962,0.134390630772493
1.537017015,21.0453433759533,2.022671373,1.90233167566704,1.9685021775971,0.244804379,1.9552957943964,2.02194028580561,0.159295728,0.534717798936134,0.135398791600941
1.538893715,21.1609885670069,2.031847891,1.9082604401477,1.97834783990479,0.24712338,1.95996396851424,2.02740603267732,0.159637717,0.536864002368799,0.136407467781109
1.540770415,21.2764782855671,2.041242707,1.91411140118622,1.9881313115674,0.249906304,1.9646341796633,2.03287905574138,0.160172202,0.539017492434175,0.137416458870401
1.542647114,21.3917971496365,2.050920782,1.91988342046593,1.99785108242528,0.25308151,1.96930529608651,2.03835828157177,0.160832144,0.541177994240239,0.138425566255947
1.544523814,21.5069299835044,2.060343995,1.92557539292032,2.00750567014467,0.256123675,1.97397619628101,2.04384263393314,0.161456758,0.543345234741724,0.139434594832552
1.546400514,21.621852099289,2.069309185,1.93118270804635,2.01709066807907,0.2589251,1.97864564143845,2.04933113481235,0.161984828,0.545519198510752,0.140443328776101
1.548277213,21.7365457066631,2.077805998,1.93670403199343,2.02660429794865,0.261548875,1.98331234389512,2.05482252214309,0.162439593,0.547699575347193,0.141451547689586
1.550153913,21.8510046507209,2.086084406,1.94214192704525,2.03604807030081,0.264045105,1.98797525010974,2.06031550750392,0.162845024,0.549885802589889,0.142459075675235
1.552030613,21.9652136901575,2.094166316,1.94749538072854,2.04540954515261,0.266447751,1.992633238578,2.0658353753782,0.163252689,0.552077597969804,0.143445136455844
1.553907312,22.0791576170011,2.102244639,1.95276340396921,2.05468919688746,0.268793733,1.99728518876685,2.07137464466765,0.163659011,0.554274678122309,0.144414598884649
1.555784012,22.1928214401652,2.110269971,1.9579450392488,2.06388623874427,0.271074726,2.00192998835378,2.07692930271036,0.164086562,0.556476762195759,0.145369630138699
1.557660712,22.3061900228637,2.118288064,1.96303934363567,2.07299879532138,0.273293262,2.0065665181968,2.08249814856643,0.164527922,0.558683564911007,0.146310185910126
1.559537411,22.419248267554,2.126291011,1.96804539742455,2.08202501377163,0.275450755,2.01119365967871,2.08807996721311,0.16497198,0.560894800136168,0.147236227705368
1.561414111,22.5319812978149,2.134271508,1.97296231188236,2.09096307842174,0.277627938,2.01581030199951,2.0936735386771,0.165467424,0.563110184507897,0.148147724306204
1.56329081,22.6443740390575,2.142379764,1.9777892106992,2.09981117764786,0.279798242,2.02041532488157,2.09927761738421,0.165976867,0.565329429248332,0.14904464834898
1.56516751,22.756411700803,2.150433973,1.98252525090423,2.10856754233526,0.281933621,2.02500761821899,2.10489095620915,0.166519275,0.567552249678369,0.149926980206919
1.56704421,22.8680793591264,2.158420165,1.98716960480697,2.11723041320982,0.284039446,2.02958606489814,2.11051228579964,0.167074674,0.569778357008715,0.150794704630281
1.568920909,22.9793621390934,2.166423541,1.99172146794426,2.12579805559297,0.286135612,2.03414954822388,2.11614032375323,0.1676364,0.572007461943906,0.151647812202604
1.570797609,23.0902453932801,2.174378735,1.99618006607626,2.13426877316972,0.288224304,2.03869695922188,2.12177378388801,0.168227354,0.574239278317296,0.152486300637618
1.572674309,23.2006771282539,2.182401343,2.00053646013264,2.14263221056822,0.290363079,2.04322558621744,2.1274115779009,0.168833891,0.576473695097236,0.153308912848773
1.574551008,23.3106767584585,2.190450936,2.00479789197715,2.15089499717283,0.29252859,2.04773568547242,2.13305191562234,0.169458861,0.57871018939431,0.154116908038704
1.576427708,23.4202301240001,2.198372746,2.00896373370816,2.15905559468482,0.294666535,2.05222616300637,2.13869346759555,0.170100901,0.580948472245375,0.154910313683763
1.578304408,23.5293226383993,2.206275169,2.01303330386463,2.16711240455976,0.296798221,2.05669590573275,2.14433488683548,0.17074624,0.583188252704038,0.155689150716632
1.580181107,23.6379397764928,2.214014993,2.01700594448224,2.17506385525186,0.298890324,2.06114380174841,2.14997481521207,0.171414813,0.585429239683303,0.156453445667046
1.582057807,23.7460672488773,2.221763065,2.02088102727298,2.18290841502721,0.3010092,2.06556874758502,2.15561189281373,0.172085735,0.587671145591308,0.157203231790517
1.583934507,23.8536906561711,2.229531802,2.02465794091064,2.19064456680278,0.303146671,2.06996963417599,2.16124474027249,0.172769136,0.589913679215134,0.157938546550699
1.585811206,23.960795665941,2.237169003,2.02833609771459,2.19827082149266,0.305289478,2.07434535425332,2.16687196816379,0.173490918,0.592156549347959,0.158659432813205
1.587687906,24.0673681843771,2.244884123,2.03191493930857,2.20578573021555,0.307501763,2.07869480950833,2.17249218637604,0.17422519,0.594399468421732,0.159365939883544
1.589564606,24.1733940157739,2.252438697,2.03539392492324,2.21318786023393,0.309696204,2.08301689684958,2.17810398651721,0.174989935,0.596642145380483,0.160058121125404
1.591441305,24.2788590369315,2.259962495,2.03877253756521,2.22047580771818,0.311896212,2.08731051572283,2.18370595134257,0.17576151,0.598884289309811,0.160736035064259
1.593318005,24.3837493658173,2.267349167,2.04205028914002,2.22764820932141,0.314058201,2.09157457515463,2.18929666410347,0.176557879,0.601125613062156,0.161399746337412
1.595194705,24.4880510267521,2.27459436,2.04522670978504,2.23470371926562,0.31622547,2.09580798033188,2.19487469108045,0.177379544,0.60336582613013,0.162049323448416
1.597071404,24.5917237098922,2.28194082,2.04829698499277,2.2416359090835,0.318437974,2.10000823069916,2.20043791701283,0.178202831,0.605604564387485,0.162684242939692
1.598948104,24.6947508876389,2.289108035,2.05126048741526,2.24844314599461,0.320617934,2.10417404186225,2.20598467213634,0.179075606,0.60784149791951,0.163304574836871
1.600824804,24.797145525172,2.296322543,2.05412132839688,2.25512941408945,0.322870679,2.10830573755602,2.21151412722998,0.179972679,0.610076399765402,0.16391102509424
1.602701503,24.8988939927222,2.303464228,2.05687914053966,2.26169349686139,0.325104458,2.11240223962248,2.21702481942853,0.180901188,0.612308980855201,0.164503682415962
1.604578203,24.9999829077661,2.310513639,2.05953358454922,2.26813421877499,0.327459332,2.11646248115804,2.22251528923068,0.181878916,0.614538956123005,0.165082640828509
1.606454902,25.1003987573898,2.317632893,2.06208433896037,2.27445042099973,0.329825173,2.12048539157337,2.22798406045144,0.182887002,0.61676603621622,0.1656479973579
1.608331602,25.2001283315672,2.32445988,2.06453111153789,2.28064098916498,0.332124563,2.12446991427263,2.23342966415482,0.183955256,0.618989937038816,0.166199854394132
1.610208302,25.299158348957,2.331402835,2.06687362952567,2.28670482971262,0.334526415,2.12841499191465,2.23885061873082,0.185042812,0.621210371473299,0.166738317434873
1.612085001,25.3974756211029,2.338095591,2.06911164398557,2.29264088050467,0.336818821,2.13231957330226,2.24424543923436,0.18619734,0.623427052984753,0.16726349590518
1.613961701,25.4950672093338,2.344809702,2.07124493304102,2.29844812009688,0.339222853,2.13618261986499,2.24961264647539,0.187380214,0.625639699188296,0.167775503835631
1.615838401,25.5919201123335,2.351633408,2.07327329470477,2.30412554892687,0.341689131,2.14000309354289,2.25495075032055,0.188614172,0.627848024796235,0.168274458062038
1.6177151,25.6880214267731,2.358125953,2.07519655065023,2.30967219923007,0.344079524,2.14377996349054,2.26025825893843,0.189936473,0.630051745205009,0.168760478969107
1.6195918,25.7833585001965,2.364968137,2.07701454887946,2.31508714358609,0.346700459,2.14751221233717,2.2655336877438,0.191269376,0.632250580035872,0.169233691096958
1.6214685,25.8779186262895,2.371400501,2.07872715761824,2.32036947742211,0.349165246,2.15119882452553,2.27077554302617,0.19270516,0.634444246126519,0.169694221472439
1.623345199,25.9716198809932,2.378018101,2.08032516765792,2.32550673843088,0.351888208,2.15483467077384,2.2759791561034,0.194187144,0.636631962635641,0.17014113223266
1.625221899,26.0645162820676,2.384615189,2.08181750580096,2.33050942971527,0.354575492,2.15842265678978,2.2811459064449,0.195731236,0.638813892535812,0.170575641813169
1.627098599,26.156596072375,2.390741664,2.08320419772148,2.335376854717,0.357127536,2.16196183160698,2.28627432945579,0.197373938,0.640989759546806,0.170997896702172
1.628975298,26.2478469970357,2.397320041,2.08448521122643,2.34010824664467,0.359973913,2.16545121801102,2.2913629355581,0.199025476,0.643159284078039,0.171408036469388
1.630851998,26.3382570554216,2.40334705,2.08566053884486,2.34470287816603,0.362573641,2.1688898542198,2.296410245829,0.200762096,0.645322190913328,0.17180620387622
1.632728698,26.4278142101938,2.409577965,2.08673019349373,2.34916004614694,0.365365991,2.1722767830488,2.30141477628482,0.202583869,0.647478202298074,0.172192543420006
1.634605397,26.5165065373003,2.416085659,2.08769421069648,2.35347907961069,0.368313044,2.17561105801311,2.30637504673855,0.20441876,0.649627041457415,0.17256720189234
1.636482097,26.6043223670881,2.42174783,2.0885526496906,2.35765934625155,0.370925099,2.17889174889093,2.3112895892163,0.20635829,0.65176843604272,0.172930328814045
1.638358797,26.6912500021716,2.427987317,2.08930559016671,2.36170023856418,0.373923804,2.18211793142299,2.31615693269186,0.208324812,0.653902111289428,0.173282075103615
1.640235496,26.7772778630522,2.434178781,2.08995313390764,2.365601181051,0.376906172,2.18528869314958,2.32097561174101,0.210339818,0.656027793501144,0.173622593573521
1.642112196,26.862394624451,2.439738759,2.09049540531858,2.36936163596242,0.379733279,2.18840313867616,2.32574417470311,0.212509251,0.65814521345271,0.173952039308679
1.643988896,26.9465889424072,2.445736516,2.09093254923811,2.37298109083886,0.382900017,2.19146037993589,2.33046116891292,0.214576217,0.66025409962823,0.174270568455172
1.645865595,27.0298495953153,2.451322219,2.09126473199887,2.3764590649553,0.385792876,2.19445954174245,2.33512514912259,0.216795786,0.662354181666497,0.174578338658211
1.647742295,27.1121247463316,2.456723446,2.0914876779708,2.37978903408052,0.388773075,2.19739720892939,2.33973229108762,0.21907134,0.664444793383783,0.174875064621695
1.649618994,27.1934003540847,2.462445841,2.0916014656811,2.38297030281979,0.392008209,2.20027232021524,2.34428087529619,0.221300057,0.666525613377584,0.175160913133451
1.651495694,27.2737075673709,2.467587178,2.09161096701909,2.3860087808631,0.394857194,2.20308666004604,2.34877190497973,0.22365892,0.668596780593515,0.175436515020117
1.653372394,27.3530357000436,2.472600835,2.09151643734292,2.38890412143671,0.397830481,2.20583941235908,2.35320397347268,0.22604571,0.670658029893072,0.175702032777257
1.655249093,27.4313741960531,2.477738956,2.09131815220512,2.39165600868677,0.400971157,2.20852977586189,2.35757568482035,0.228316673,0.672709097445221,0.175957629705442
1.657125793,27.5087127538586,2.482402782,2.09101640653922,2.39426416156882,0.403758325,2.21115696852716,2.36188566123195,0.230707093,0.674749724010515,0.176203470174271
1.659002493,27.5850410765246,2.486921682,2.09061151494199,2.39672832473498,0.406646584,2.21372021926741,2.36613252964607,0.23312844,0.676779648402294,0.176439718677597
1.660879192,27.6603490012708,2.491764981,2.09010381138508,2.399048273147,0.40983198,2.21621877274597,2.37031492949394,0.235472203,0.678798610823958,0.176666540152426
1.662755892,27.7346266184872,2.495906024,2.0894936478436,2.40122381517689,0.412590357,2.21865189351704,2.37443151980297,0.237913664,0.680806356094883,0.176884100199418
1.664632592,27.8078640322998,2.499816204,2.08878139563214,2.40325478495953,0.415425834,2.22101885834982,2.37848096640769,0.240351191,0.682802627222556,0.177092564243722
1.666509291,27.8800514848971,2.504020384,2.08796744455424,2.40514104622245,0.418514285,2.22331896069632,2.38246194938467,0.242689311,0.684787168686121,0.177292097807987
1.668385991,27.9511794699792,2.507587259,2.08705220098165,2.40688249459705,0.421176135,2.22555151446217,2.38637316978051,0.245085699,0.686759729599782,0.177482866692823
1.670262691,28.0212385041335,2.510700902,2.08603609023415,2.40847905144558,0.423919108,2.22771584700364,2.39021333751114,0.247471762,0.688720057404718,0.177665036238196
1.67213939,28.0902192457621,2.51429995,2.08491955517464,2.40993066690554,0.426896077,2.22981130323708,2.39398117844173,0.249782228,0.690667901094501,0.17783877155394
1.67401609,28.1580179835002,2.517087622,2.08369448933841,2.4112248320982,0.429442157,2.2318311965838,2.39766897403246,0.252103696,0.692601892035193,0.178003541978149
1.67589279,28.224717733503,2.519447657,2.08236994927377,2.41237393593892,0.432081304,2.23378079178563,2.401281660171,0.254415233,0.694522847917373,0.1781602321301
1.677769489,28.2903104863331,2.522174354,2.08094651187997,2.41337813537099,0.434903163,2.23565954854099,2.40481807746687,0.256660101,0.69643053307689,0.178309012064467
1.679646189,28.3547876220753,2.523841803,2.07942468864011,2.41423750145539,0.43708989,2.23746689317013,2.40827703216741,0.258875639,0.698324706461601,0.178450044853503
1.681522889,28.4181405606001,2.525483186,2.07780500868483,2.41495213023027,0.43952035,2.23920226775693,2.41165734353489,0.261011544,0.700205125623551,0.178583492532355
1.683399588,28.4803608710888,2.527292642,2.07608801647708,2.41552214443325,0.442166249,2.24086513361812,2.41495785026571,0.263101975,0.702071549837773,0.17870951627002
1.685276288,28.5414403698448,2.527967457,2.07427426847166,2.41594769370654,0.444045935,2.24245497401593,2.41817741608521,0.26516663,0.703923743078284,0.1788282764632
1.687152988,28.6013709220145,2.52843775,2.07236433821038,2.41622895236214,0.446007425,2.2439712890366,2.42131491966678,0.267133328,0.705761468071224,0.178939932244478
1.689029687,28.6601445452803,2.529162001,2.07035881348091,2.41636612032494,0.448232306,2.24541359866594,2.42436926062837,0.269030378,0.707584489344119,0.179044641619464
1.690906387,28.7177535015554,2.528979134,2.06825829247022,2.41635942256448,0.449815632,2.24678144509012,2.42733936466476,0.270881076,0.709392576124167,0.179142561532387
1.692783086,28.7741900811022,2.528527952,2.06606339106677,2.4162091084894,0.451490927,2.24807438766227,2.43022417279946,0.272650772,0.711185495593808,0.179233847410099
1.694659786,28.8294468478783,2.528256418,2.0637747334403,2.41591545138374,0.45338782,2.24929200884427,2.43302265442247,0.274308922,0.712963020607531,0.179318653496494
1.696536486,28.8835164297195,2.527208499,2.06139295983272,2.41547874853778,0.454752004,2.25043390954646,2.43573379696719,0.275953519,0.714724923026063,0.179397132436282
1.698413185,28.9363403001968,2.525646204,2.05891480929636,2.41489324695911,0.456092617,2.25149644677031,2.43835279494586,0.277516488,0.716470289454883,0.179469179076246
1.700289885,28.987908584095,2.524319686,2.05634089120232,2.41415911384464,0.457610784,2.25247909506856,2.44087841059617,0.278921931,0.718198841176714,0.179534954360938
1.702166585,29.0382673292537,2.522351477,2.05367597772861,2.41328304157695,0.458783789,2.25338489499755,2.44331362286887,0.280308434,0.719911058663004,0.179594878775273
1.704043284,29.0874098423879,2.519538382,2.05092075912065,2.41226542555166,0.459674739,2.2542135380912,2.44565752233195,0.281605637,0.721606722190595,0.179649097897438
1.705919984,29.1353296677845,2.517173286,2.04807593171863,2.41110668104288,0.460968249,2.25496473854786,2.44790922827598,0.282780531,0.723285616755942,0.179697755579087
1.707796684,29.1820204297378,2.514182487,2.04514220629504,2.40980724588215,0.461856867,2.25563823062085,2.45006788151289,0.283919554,0.724947526660871,0.17974099370884
1.709673383,29.227475915754,2.510382569,2.04212030355232,2.40836757884216,0.462413493,2.25623377029756,2.4521326487911,0.284959422,0.726592238300509,0.179778952261193
1.711550083,29.2716901469357,2.50691965,2.03344045162207,2.40678815655002,0.463448374,2.25362540473161,2.45410272623149,0.285895079,0.72821954277454,0.179811769291054
1.713426783,29.3146572331574,2.502797684,2.01886078422942,2.40506947762542,0.464114675,2.24766730808874,2.45597733306146,0.286835313,0.729829230649251,0.179839580761454
1.715303482,29.3563714498614,2.498083948,2.00465667727011,2.40321206031905,0.464321244,2.24186868586269,2.4577557155194,0.28764821,0.731421094658668,0.179862520570184
1.717180182,29.3968273018279,2.493464256,1.99081337063954,2.401216438698,0.465029872,2.23622286674445,2.45943714975208,0.288337947,0.732994932221777,0.179880720526763
1.719056882,29.4360193912951,2.488484098,1.97731670152594,2.39908316823015,0.465573415,2.23072340780306,2.46102093651024,0.28902247,0.734550540388053,0.179894310239445
1.720933581,29.4739424882389,2.482626217,1.96415305962725,2.39681282268834,0.465738189,2.22536407863497,2.46250640452674,0.289666869,0.736087718448088,0.179903417121861
1.722810281,29.5105915874371,2.477132881,1.95130934669159,2.39440598962095,0.466198502,2.22013884718658,2.46389291286253,0.290173843,0.737606270353324,0.179908166354395
1.724686981,29.5458511454497,2.471301083,1.9387982473632,2.39185163691214,0.466596141,2.21505236752938,2.46517120978883,0.290652028,0.739104358733481,0.179908328346325
1.72656368,29.5798251784712,2.464201213,1.9265805075601,2.38916204243663,0.466328069,2.21008761349869,2.46634916050403,0.291108919,0.740583379191768,0.179904395100737
1.72844038,29.6125102737954,2.457405181,1.91464440456919,2.38633795896149,0.46640544,2.20523909208714,2.46742630006071,0.291382881,0.742043158526311,0.179896487540286
1.73031708,29.6439020891502,2.45086694,1.90297893475098,2.38338004834724,0.466706327,2.2005016040105,2.46840210960447,0.291683631,0.743483508130647,0.179884720764762
1.732193779,29.6739964540057,2.442960716,1.8915735268969,2.38028898789601,0.466204533,2.19587012612317,2.46927609998129,0.291943401,0.744904241792788,0.179869207472974
1.734070479,29.7027894152524,2.435039107,1.88041800850223,2.37706546466593,0.46591375,2.19133979921559,2.47004781312068,0.292041305,0.74630517794484,0.179850057905723
1.735947178,29.7302771263901,2.4275711,1.86950263257294,2.37371018666077,0.466112698,2.18690594029457,2.47071681905413,0.292085748,0.747686134400508,0.179827379885153
1.737823878,29.7564559713522,2.419023014,1.85881801493036,2.37022386872036,0.46569717,2.18256401842496,2.47128271944411,0.292191514,0.749046934358271,0.179801278716042
1.739700578,29.7813224604437,2.410315268,1.84835516082679,2.36660724440493,0.465242452,2.1783096667586,2.47174514511169,0.292188187,0.750387401242114,0.179771857248001
1.741577277,29.8048732781952,2.401871819,1.83810543296583,2.36286106054986,0.465220664,2.17413867068791,2.47210375754712,0.29202277,0.751707360984954,0.179739215832977
1.743453977,29.8271053175108,2.392791539,1.82806052232442,2.35898607046654,0.465028527,2.17004695703224,2.47235824932894,0.291985198,0.753006644099694,0.179703452250217
1.745330677,29.8480156057755,2.383198229,1.81821246778805,2.35498304560039,0.464467773,2.16603060302371,2.47250834319887,0.291835516,0.75428508149641,0.179664661802071
1.747207376,29.867601345829,2.373967381,1.80855362684009,2.35085276941216,0.464429553,2.16208582531345,2.47255379299779,0.291571627,0.755542506660584,0.179622937259205
1.749084076,29.8858032208185,2.364390143,1.79908406462241,2.34659067542114,0.464330914,2.15821169652923,2.47248990239063,0.291336707,0.756777846669397,0.179578251729419
1.750960776,29.9026162650826,2.353807369,1.78979607876889,2.34219747764151,0.463772741,2.15440432944775,2.47231629301245,0.291074624,0.757990882461964,0.17953070033262
1.752837475,29.9180970603236,2.343712223,1.7806749557764,2.33767959663643,0.463705982,2.15065737241478,2.47203746798272,0.290664911,0.759182394546837,0.17948049319916
1.754714175,29.9322435840923,2.333532853,1.77171427906547,2.33303785465581,0.463698181,2.14696759221672,2.47165331523375,0.290266215,0.760352229501927,0.179427712006765
1.756590875,29.9450539620023,2.322007968,1.76290790520316,2.32827309060106,0.463090318,2.14333188050009,2.47116375438138,0.289894388,0.761500234620946,0.179372435954894
1.758467574,29.9565264970757,2.310968356,1.75424993901366,2.32338615282897,0.462915953,2.13974724414377,2.47056873666948,0.289349289,0.762626259909273,0.17931474169526
1.760344274,29.9666596851444,2.300005889,1.74573471067083,2.31837789067705,0.462912165,2.1362107963007,2.46986824380323,0.288821058,0.76373015985251,0.179254703237666
1.762220974,29.9754521777069,2.287931756,1.73735679434407,2.31324916966479,0.462271176,2.13271976461253,2.46906228982069,0.288307403,0.764811789825161,0.179192392139016
1.764097673,29.9829028042609,2.27612324,1.72911098519491,2.30800086366807,0.46208466,2.12927148217277,2.46815092045055,0.28768034,0.765871007973521,0.179127877424726
1.765974373,29.9890105806373,2.264507183,1.72099227812471,2.30263384584499,0.462114397,2.12586337905269,2.46713421135811,0.287033198,0.766907676866173,0.179061225487902
1.767851073,29.993774685769,2.251904628,1.71299588594104,2.29714900511499,0.46150822,2.12249299030608,2.46601227107887,0.286400521,0.767921660134076,0.178992500306494
1.769727772,29.9971944769779,2.239532049,1.70511721803415,2.29154723772044,0.46136131,2.11915794744898,2.46478523978872,0.285738662,0.768912824237805,0.178921763356611
1.771604472,29.9992694912304,2.227473506,1.69735186060256,2.28582943757022,0.461511526,2.11585597040747,2.46345328696507,0.285035007,0.76988103999768,0.178849073505748
1.773481172,29.9999994358505,2.214562205,1.68969559441503,2.2799866901742,0.461129169,2.11258487537941,2.46201094379026,0.284407631,0.770826179469925,0.178774487255472
1.775357871,29.999268363321,2.201726408,1.68215302689093,2.26129931460671,0.461057947,2.10934484130794,2.45311109214777,0.28372207,0.771746107196567,0.178697905214569
1.777234571,29.9971910934279,2.189261051,1.67471100638464,2.24287426461476,0.461346679,2.10613123988822,2.44432507259095,0.282988961,0.772642670883752,0.178619539960529
1.77911127,29.9937690471127,2.176072967,1.66736578278911,2.2247026084834,0.461189668,2.10294214718054,2.43564861529033,0.282379104,0.773515771080862,0.178539441481949
1.78098797,29.989002687765,2.16299577,1.66011383061377,2.20677590453926,0.461298918,2.09977573594239,2.42707766813193,0.281750848,0.774365293665041,0.178457655658164
1.78286467,29.982892658419,2.150426217,1.65295178295533,2.1890860322088,0.461843438,2.09663026125614,2.41860832703335,0.281084692,0.77519112600464,0.178374226115337
1.784741369,29.9754397804976,2.137045789,1.64587641378043,2.17162515321304,0.461974708,2.0935040530749,2.41023681881847,0.280542272,0.775993158446745,0.178289194125752
1.786618069,29.9666450385254,2.123796887,1.63888462136438,2.15438567551625,0.462232699,2.09039550905498,2.40195948521013,0.279979394,0.77677128555772,0.178202598490869
1.788494769,29.9565096033599,2.111143512,1.63197344566659,2.13736030075093,0.463024915,2.08730310239389,2.39377280679441,0.279400363,0.777525403566177,0.178114475836706
1.790371468,29.9450348238573,2.097656959,1.62514005171982,2.1205419874887,0.463459968,2.0842253746865,2.38567338660283,0.278952317,0.778255411727146,0.178024860507146
1.792248168,29.9322222045403,2.084435748,1.6183817140477,2.10392391698383,0.463931739,2.08116092900763,2.37765793468468,0.278486184,0.778961213435618,0.177933784442262
1.794124868,29.9180734427407,2.071755314,1.61169583376588,2.08749953909183,0.464952363,2.07810843775692,2.36972329126372,0.277996636,0.77964271391888,0.177841277492379
1.796001567,29.9025904131982,2.058322003,1.60507992296022,2.07126253741846,0.465586357,2.07506663578085,2.36186641095523,0.277615389,0.780299821475398,0.177747367305831
1.797878267,29.8857751387149,2.045002074,1.59853158998207,2.05520679669036,0.466326204,2.072034313669,2.35408434785945,0.277252489,0.780932448459734,0.177652079202704
1.799754967,29.8675732637255,2.032274132,1.59205123425569,2.03933364955152,0.467492252,2.06901062823683,2.34637721520542,0.276818183,0.781539458062707,0.177555379777821
1.801631666,29.8479852978873,2.018848165,1.58563648942857,2.02363695909345,0.46833402,2.06599435781619,2.33874204537953,0.276490454,0.782120714667968,0.177457290605712
1.803508366,29.827072788624,2.005408294,1.57928239813606,2.00810354907789,0.469189675,2.06298411366573,2.33117305966459,0.276163173,0.782677229859601,0.177357890008421
1.805385066,29.8048385334464,1.992722559,1.57298699269615,1.99272822857993,0.470533428,2.0599789318992,2.32366777820887,0.275808579,0.783208928207559,0.177257194419723
1.807261765,29.7812855053194,1.979287649,1.56674839103009,1.97750599707067,0.471522023,2.05697789984516,2.3162238194933,0.275509822,0.783715737438526,0.177155218268877
1.809138465,29.7564168116882,1.965830861,1.56056478344823,1.96243201447954,0.472514976,2.0539801497034,2.30883888624564,0.275235249,0.784197589202764,0.177051973847817
1.811015165,29.7302357683701,1.953007258,1.5544344493894,1.9475016441858,0.473897921,2.05098486662495,2.3015107869897,0.274868109,0.78465441744594,0.176947471669909
1.812891864,29.7027458654073,1.939655382,1.54835574416439,1.93271042263948,0.47503992,2.04799128243158,2.2942374217182,0.274622599,0.785086159305044,0.17684172034494
1.814768564,29.6739507192125,1.926085904,1.5423270863765,1.91805403065462,0.476057636,2.04499866940226,2.28701676819851,0.274322859,0.785492755743141,0.176734726441486
1.816645264,29.6438541600832,1.913221293,1.53634697446216,1.90352833540457,0.477493767,2.04200634844711,2.27984690303837,0.273959007,0.785874150180903,0.176626494860334
1.818521963,29.6124601911162,1.899922065,1.53041397407286,1.88912936132442,0.478725975,2.03901368296355,2.27272598778393,0.27371872,0.786230289261518,0.176517028704299
1.820398663,29.5797729335406,1.886084352,1.52452670606824,1.87485326252466,0.479653913,2.03602007273148,2.26565225557977,0.273342029,0.786561123352409,0.176406329135578
1.822275363,29.5457967277297,1.873349309,1.51868386287556,1.86069636389706,0.481176978,2.03302496219565,2.25862403181504,0.272998799,0.78686660543846,0.176294395763345
1.824152062,29.5105360852355,1.859955073,1.51288419644611,1.84665513318071,0.482394033,2.0300278344352,2.25163972060451,0.272718239,0.787146691754798,0.176181226508331
1.826028762,29.4738859438958,1.846185692,1.50713000541514,1.8327354873299,0.483372468,2.02702794510723,2.24470129418078,0.272332275,0.787399148547877,0.176066710134538
1.827905461,29.4359607104699,1.833355874,1.50141649055804,1.81892434772867,0.484861504,2.02402503429555,2.23780358828233,0.271953551,0.787626103706828,0.175950946182934
1.829782161,29.3967664937869,1.819887202,1.49574253929089,1.80521850531889,0.486094318,2.02101870175735,2.2309452062487,0.271642784,0.787827546435515,0.175833928130049
1.831658861,29.3563085242071,1.806255827,1.49010713408365,1.79161499377879,0.487030827,2.01800858330508,2.22412486904923,0.271225133,0.788003446836139,0.175715647044237
1.83353556,29.3145921998263,1.793355971,1.48450930512074,1.7781109666401,0.488484855,2.01499434713648,2.2173413658345,0.270797622,0.788153778302132,0.175596092512925
1.83541226,29.2716230161974,1.779801482,1.47894811955605,1.76470367215056,0.489589324,2.01197568796334,2.21059354135645,0.270400009,0.788278517706065,0.175475252487351
1.83728896,29.2274066982092,1.766201712,1.47342269762063,1.75139049283389,0.490503419,2.00895233562809,2.20388031588242,0.269945772,0.788377644908626,0.175353113702891
1.839165659,29.1819491363167,1.753325918,1.46793220183055,1.73816892006832,0.491903679,2.00592404930839,2.19720067248469,0.269465307,0.788451143079014,0.1752296615308
1.841042359,29.1352563097452,1.739896087,1.46247582663817,1.72503652975947,0.492915157,2.00289061169888,2.19055364472096,0.269018944,0.788498998747929,0.175104879816565
1.842919059,29.0873344313145,1.726185087,1.45705281437614,1.71199102124983,0.493749708,1.99985183775424,2.1839383362751,0.268496795,0.788521201582324,0.174978751314176
1.844795758,29.0381898770545,1.713318084,1.45166244486102,1.69903019273282,0.495059886,1.99680756894656,2.17735390852243,0.267940069,0.788517744571182,0.174851257531598
1.846672458,28.9878291030006,1.699809394,1.4463040254058,1.68615191766962,0.495901555,1.99375766749061,2.17079956845196,0.267396848,0.788488623943438,0.174722378562233
1.848549158,28.9362588027581,1.686225584,1.44097690660544,1.67335418310286,0.496672281,1.99070202521377,2.16427458806234,0.266813163,0.788433839208936,0.174592093533499
1.850425857,28.8834349322808,1.673020673,1.43568175112414,1.66063832590272,0.497661751,1.98764030672947,2.15777948395271,0.266087521,0.788352300268159,0.174460318467623
1.852302557,28.8293633469647,1.65967942,1.43041794103378,1.64800237699407,0.498466988,1.98457243067835,2.15131359066136,0.265481192,0.788243969671902,0.174327024045403
1.854179257,28.7741045898996,1.646038656,1.42518357266366,1.63544112755456,0.499063529,1.98149862342398,2.14487507851021,0.264785803,0.788109995945683,0.174192249195779
1.856055956,28.7176660335638,1.632977785,1.41997813092426,1.62295293184376,0.499953117,1.9784188739243,2.13846343611979,0.263991088,0.787950392825985,0.174055968468803
1.857932656,28.6600551143118,1.619485453,1.41480112033446,1.61053620209208,0.500447539,1.97533318659688,2.13207818795232,0.263231502,0.787765177079594,0.173918155243516
1.859809356,28.601279510631,1.605798184,1.40965208062685,1.59818944605296,0.500859107,1.97224159042697,2.12571891338796,0.262381475,0.787554368987516,0.173778782201498
1.861686055,28.541347055597,1.592730852,1.40453057731645,1.58591124444895,0.50153305,1.96914413334892,2.11938523496818,0.261480991,0.787317992169924,0.173637821153237
1.863562755,28.4802656371517,1.579129133,1.39943619260521,1.57370022922658,0.501805838,1.96604087658367,2.11307680693497,0.26057978,0.787056073143843,0.173495242848188
1.865439455,28.4180433884629,1.565564931,1.39436854082361,1.561555120603,0.502071239,1.96293190386139,2.10679333410747,0.259595206,0.786768642072631,0.17335101746423
1.867316154,28.354688594176,1.552284691,1.38932725927336,1.54947470511072,0.502465721,1.95981731582306,2.10053456033522,0.258609988,0.786455732455988,0.173205114425835
1.869192854,28.2902095847599,1.538510822,1.38431199938687,1.53745781439782,0.502435044,1.95669722437875,2.09430025723445,0.25755417,0.786117380553615,0.173057502204903
1.871069553,28.2246149741895,1.52516377,1.37932244465145,1.52550336813582,0.502518695,1.95357176370626,2.08809024617099,0.256387438,0.785753626605491,0.172908148907421
1.872946253,28.1579133826734,1.511679547,1.37435828847271,1.51361032091823,0.502472197,1.95044107632941,2.08190437042699,0.255240516,0.785364513356538,0.172757021680616
1.874822953,28.0901136801235,1.497778822,1.36941925203374,1.50177770496983,0.502133128,1.94730532417492,2.07574251710145,0.254020905,0.784950087408507,0.172604087308301
1.876699652,28.0211320783109,1.484445081,1.36450719039758,1.49000964423349,0.501958273,1.94416428150796,2.06960666159541,0.252725807,0.784508229805186,0.172449150029343
1.878576352,27.9510712359668,1.47055153,1.35961971939988,1.47830013008749,0.501402957,1.94101856827869,2.06349470826881,0.251410575,0.784041150392872,0.172292328973341
1.880453052,27.8799414597863,1.456937984,1.35475659871697,1.46664832296536,0.500830967,1.93786839425232,2.0574066263001,0.250009818,0.783548929001753,0.172133590844382
1.882329751,27.8077522334648,1.443453109,1.34991762681644,1.45505348671012,0.500302202,1.93471397678155,2.05134243454606,0.248571418,0.783031626376393,0.171972900282118
1.884206451,27.7345130635824,1.429600057,1.34510261067054,1.44351491590824,0.499428225,1.93155553955004,2.0453021695345,0.247080618,0.782489305681654,0.171810221272959
1.886083151,27.6602337082278,1.416026637,1.34031138068719,1.43203197149495,0.498560827,1.92839332214207,2.03928590374835,0.245499562,0.781922034127997,0.171645517698824
1.88795985,27.5849240635494,1.402357795,1.33554378236468,1.4206040605818,0.497576435,1.92522757451195,2.03329373475268,0.243892234,0.781329882214591,0.171478753122971
1.88983655,27.508594039429,1.388400414,1.33079966821812,1.40923061691264,0.496302374,1.92205855142528,2.02732577459144,0.242227212,0.780712922711771,0.171309890554507
1.89171325,27.4312537989155,1.374891886,1.32607891253212,1.39791113602925,0.495140454,1.91888652210324,2.02138216788008,0.240483486,0.78007123254527,0.171138893017318
1.893589949,27.3529136392101,1.360891097,1.32138140320808,1.38664515553111,0.493696099,1.91571176470383,2.01546308111453,0.238718674,0.779404891907294,0.170965723324817
1.895466649,27.2735838621163,1.347143207,1.31670703387514,1.37543223593985,0.492189952,1.91253456078284,2.00956869225325,0.236900658,0.778713983109443,0.170790343832063
1.897343349,27.1932750239435,1.333452812,1.31205571846102,1.36427199543076,0.490629861,1.90935520500136,2.00369920861226,0.235023689,0.777998592723381,0.170612717026066
1.899220048,27.1119978110949,1.319376849,1.30742738322037,1.35316409050058,0.488752726,1.90617399962046,1.99785485635548,0.233119835,0.777258810561034,0.170432805288731
1.901096748,27.0297226600785,1.305731115,1.30282293218899,1.34211039893871,0.486951155,1.9029911985991,1.99203696313206,0.231139981,0.77649369841919,0.170250469892478
1.902973448,26.9464603777318,1.291808801,1.29824235083101,1.33111071066568,0.484938478,1.89980716173121,1.98624587556743,0.229143617,0.775703323119766,0.17006566348168
1.904850147,26.8622645394071,1.277826187,1.29368458694091,1.32310226422934,0.482795128,1.89662228125374,1.98196866373461,0.227113767,0.774888863106963,0.169878451480592
1.906726847,26.7771462337941,1.264179313,1.28914960847636,1.31552647679642,0.480688994,1.89343688224196,1.97789998036536,0.225045614,0.774050420550532,0.169688795899857
1.908603547,26.6911168034975,1.24993468,1.28463740113499,1.30798341650904,0.478218137,1.89025130025387,1.97383614024119,0.222892473,0.773188102026164,0.169496659120181
1.910480246,26.6041877119996,1.236151165,1.28014796068666,1.30047339088612,0.475801103,1.88706587586749,1.96977762328982,0.220729387,0.772302017279957,0.169302003633407
1.912356946,26.5163704010733,1.222351708,1.27568128555601,1.29299669465176,0.473314583,1.88388094922362,1.96572490209138,0.21855611,0.771392277743216,0.169104791757463
1.914233645,26.4276766143259,1.208347235,1.27123739326527,1.28399238157518,0.47063001,1.88069687155085,1.96090431724561,0.216353446,0.770458999845594,0.168904986396198
1.916110345,26.3381180216407,1.194710524,1.26681630111634,1.27333002963189,0.46799937,1.87751399124161,1.955257041945,0.214113159,0.76950230113093,0.168702550230469
1.917987045,26.2477065472969,1.18079126,1.2624180425374,1.2626878179526,0.465173995,1.87433266538989,1.94962274889392,0.211872335,0.76852230369261,0.168497446490592
1.919863744,26.1564542288568,1.167060687,1.25804265967063,1.25206663279306,0.462255848,1.87115325436487,1.94400242623426,0.209577735,0.767519132727632,0.168289638674162
1.921740444,26.0643730671689,1.153361235,1.25369019620789,1.24146734751892,0.459294813,1.86797611640904,1.93839704617822,0.207257156,0.766492914847598,0.168079090235593
1.923617144,25.9714753173292,1.139477525,1.24936071112808,1.23089085647747,0.456131234,1.86480161748454,1.93280758255544,0.204923592,0.765443781292159,0.167865765282422
1.925493843,25.8777733429882,1.125939936,1.24505427143138,1.22033805790107,0.45298918,1.86163012587451,1.92723500138882,0.202551152,0.764371866359414,0.167649628278268
1.927370543,25.7832126105955,1.112181886,1.24077294248298,1.20981204455177,0.449662329,1.85846233509194,1.92168188287053,0.200157711,0.763275371443519,0.167430395148577
1.929247243,25.6878742342728,1.098520618,1.23651484762293,1.19931170970746,0.446232284,1.85529836288505,1.91614773938761,0.197755451,0.762156377689557,0.167208270582367
1.931123942,25.5917716401772,1.085021802,1.23228005802005,1.18883794166831,0.442796666,1.85213857995139,1.91063349196085,0.19530957,0.761015049867944,0.166983223010098
1.933000642,25.4949174809671,1.07139805,1.22806866629297,1.17839163806093,0.439205014,1.8489833560708,1.90514005960724,0.192873643,0.759851533265251,0.166755218383055
1.934877342,25.3973246601696,1.057962003,1.22388077885015,1.16797371683071,0.435581903,1.8458330668396,1.89966836031363,0.190398271,0.758665977888154,0.166524223510602
1.936754041,25.2990061792956,1.044530237,1.21971650887009,1.15758509933385,0.43187766,1.84268808834025,1.89421930179316,0.187930679,0.757458536691872,0.166290205736154
1.938630741,25.199974977207,1.031087912,1.21557596953188,1.14722669372067,0.428052851,1.8395487918679,1.8887937724727,0.185448904,0.756229363578043,0.166053132581634
1.940507441,25.1002442425472,1.017785908,1.21145928717257,1.13689942808049,0.424199785,1.8364155537363,1.88339265857666,0.18294003,0.754978617228975,0.165812972519877
1.94238414,24.9998272568409,1.004451415,1.20630724969119,1.12660423366588,0.420227396,1.83279640549806,1.87801683500926,0.180456381,0.753706459218498,0.165569694634015
1.94426084,24.8987372302934,0.991306451,1.19932953696219,1.11634202843926,0.416255176,1.82832811961469,1.8726671564989,0.177946115,0.752413051897575,0.16532326824422
1.94613754,24.796987621477,0.978116112,1.19246219023787,1.10611374988544,0.412164759,1.82391928845785,1.8673444744496,0.175438874,0.751098562452257,0.165073663710961
1.948014239,24.6945919766384,0.965097403,1.18570110838196,1.09592033838243,0.40804755,1.81956786433724,1.86204962796596,0.172930779,0.749763160899555,0.164820852077207
1.949890939,24.5915637621628,0.95217245,1.17904242413193,1.0857627209261,0.403900419,1.81527192842494,1.85678343517018,0.170437397,0.748407017863689,0.164564804676951
1.951767639,24.4878910237807,0.939304435,1.17248655190244,1.07564345291183,0.399684721,1.81103190199057,1.85154800244305,0.167953253,0.747029442311577,0.164305353797306
1.953644338,24.3835884066167,0.926654458,1.16602981449226,1.06556368705623,0.395467074,1.80684600058409,1.84634429711332,0.165469717,0.745630600596716,0.164042462887558
1.955521038,24.2786970916769,0.914012225,1.15966468700319,1.05552272604201,0.391170502,1.80271031930516,1.84117178361679,0.163010682,0.744211585061633,0.163776250699201
1.957397737,24.1732311100384,0.901578586,1.15338822902006,1.04552152967367,0.38688108,1.79862344692588,1.83603123365848,0.160557856,0.74277258093288,0.163506692393337
1.959274437,24.0672043438855,0.889236348,1.14719766872162,1.03556103867768,0.382544001,1.7945840609657,1.83092339384375,0.158121178,0.741313773049816,0.163233763378988
1.961151137,23.9606309165654,0.877021506,1.14109041699976,1.02564221199722,0.378194545,1.79059093724647,1.82584900468418,0.155712481,0.73983535115569,0.162957440329684
1.963027836,23.8535250239275,0.8650115,1.13506404812273,1.01576601055698,0.373860711,1.78664293769778,1.82080879203221,0.153330162,0.738337507635623,0.162677700782767
1.964904536,23.7459007599209,0.853108462,1.12911628173776,1.00593338145665,0.369495652,1.78273899893668,1.81580345887159,0.1509715,0.736820435049337,0.162394522702908
1.966781236,23.6377724571141,0.841388265,1.12324499401822,0.996145289430557,0.365152293,1.77887813994678,1.81083370121322,0.14865929,0.735284330892053,0.162107885394423
1.968657935,23.52915451502,0.82983257,1.11744699681114,0.986402700809465,0.360808466,1.77506191895301,1.80590019972411,0.146370357,0.733729270259295,0.161817769081737
1.970534635,23.4200612231688,0.81843298,1.11171815030513,0.976706567943714,0.35645,1.77129378553729,1.80100361173687,0.144118213,0.732155231459618,0.161524154453322
1.972411335,23.3105071068467,0.807159336,1.10605658806094,0.967057860186696,0.352101337,1.76757198972876,1.79614458680163,0.141900592,0.730562454829288,0.16122702360874
1.974288034,23.2005067526514,0.796130554,1.10046043224107,0.957457548069777,0.347775008,1.76389531434455,1.7913237585228,0.139735571,0.728951161423534,0.160926359619877
1.976164734,23.0900746292907,0.78526999,1.09492794477465,0.947906587971456,0.343455295,1.76026262452748,1.78654173679919,0.137620001,0.727321571641166,0.160622146055016
1.978041434,22.9791910664047,0.774619039,1.08946272974413,0.938410380670102,0.339168004,1.75667646962804,1.78180257215515,0.135547046,0.725672379031027,0.160314059916608
1.979918133,22.8679076163656,0.764176101,1.08405794629061,0.928965703265454,0.334914889,1.75313215720555,1.77710354406595,0.133541088,0.724005368466454,0.16000238955465
1.981794833,22.7562393150905,0.753928404,1.0787122301394,0.919573467817946,0.330681456,1.74962876516275,1.77244517126885,0.131575827,0.722320783518347,0.15968712522813
1.983671533,22.6442010376149,0.743913757,1.0734243970819,0.910234649095469,0.326512946,1.74616548261328,1.76782800020254,0.12967624,0.720618855427449,0.159368255407482
1.985548232,22.5318077079611,0.734173302,1.06819336956909,0.900950222028597,0.322425143,1.742741559734,1.76325256036238,0.127862949,0.718899817349359,0.15904576963401
1.987424932,22.4190741167009,0.724680487,1.06301816215258,0.891721146820988,0.31839577,1.73935629831219,1.75871935696425,0.126128263,0.717163901552218,0.158719658009641
1.989301632,22.30601527818,0.715398302,1.05789789225536,0.882548398495813,0.314390826,1.73600905886928,1.75422888549375,0.124433126,0.715411344887256,0.158389912238742
1.991178331,22.192646249899,0.706369652,1.05283176598638,0.873432951714274,0.310462626,1.73269925144369,1.74978162417167,0.122827528,0.713642386073856,0.158056525135859
1.993055031,22.0789819484853,0.697600815,1.04781906483675,0.864375766177243,0.306593465,1.72942632697401,1.7453780268744,0.121300203,0.711857262810256,0.157719490095157
1.994931731,21.9650375103049,0.689075042,1.0428591568017,0.855377815575052,0.302775855,1.72618978463603,1.74101853726778,0.119841391,0.710056217415661,0.157378802168816
1.99680843,21.8508281089973,0.680799177,1.03795148336334,0.846440072681058,0.299036574,1.7229891634075,1.736703581521,0.118471362,0.708239494024379,0.157034457554613
1.99868513,21.7363687701192,0.672818366,1.03309554728358,0.837563495061724,0.295367643,1.71982403418455,1.73243356149118,0.117172111,0.706407335613856,0.156686453044978
2.000561829,21.6216747958652,0.665103848,1.02829092649268,0.828749058058992,0.291783914,1.71669400890932,1.72820887065209,0.115965369,0.704559990802948,0.156334787331642
2.002438529,21.5067526800806,0.657640123,1.02353940162093,0.820000447378826,0.288251257,1.71360018639036,1.72403183660637,0.114826429,0.702697082775265,0.155979303820983
2.004315229,21.3916195073309,0.650493569,1.01884072692208,0.811318888452475,0.284838456,1.71054226084218,1.71990294972721,0.113803156,0.700818870635189,0.155619996746646
2.006191928,21.2763003324317,0.64358002,1.01419240160592,0.802702541328795,0.281465286,1.70751839556228,1.71582051209187,0.112844383,0.698926270805928,0.155257031208476
2.008068628,21.1608103311423,0.6369585,1.0095942284502,0.794152355357783,0.278188779,1.70452831570418,1.71178483247622,0.111987359,0.697019535209819,0.154890410254045
2.009945328,21.0451648855053,0.630582132,1.00504606300865,0.785669291464103,0.274979583,1.70157177332983,1.70779620865864,0.111206651,0.695098920407176,0.154520138716278
2.011822027,20.9293793980806,0.624523924,1.00054780306771,0.777254307946176,0.271865998,1.69864854064193,1.70385492076079,0.110535196,0.693164684593889,0.154146222652967
2.013698727,20.8134691045094,0.618714939,0.996099378784588,0.768908346969763,0.268824898,1.6957584036747,1.69996122508789,0.10994011,0.691217084452994,0.153768668747819
2.015575427,20.6974494416814,0.613210067,0.99170076445431,0.760632361292224,0.265887399,1.69290117004235,1.69611536679249,0.109445718,0.689256381308482,0.153387485511141
2.017452126,20.5813358609973,0.607992479,0.98735196868101,0.752427300395593,0.263022444,1.6900766626559,1.6923175734872,0.109045466,0.687282838046421,0.153002682699082
2.019328826,20.4651436404847,0.603049153,0.983053025203641,0.744294097347096,0.260254527,1.68728471387533,1.68856804936552,0.108742966,0.685296715898946,0.152614270694663
2.021205526,20.3488882541053,0.598398521,0.978804004549249,0.736233694788729,0.257580212,1.68452517319153,1.68486698739606,0.108538331,0.683298280733309,0.152222261745139
2.023082225,20.2325851843079,0.594002516,0.974605004847251,0.728247031421854,0.254965835,1.68179790137854,1.6812145632115,0.108421277,0.68128779990102,0.151826669361094
2.024958925,20.116249733965,0.58982622,0.97045614327883,0.720335029251934,0.252413572,1.67910276506177,1.67761092951264,0.108364097,0.679265538958923,0.151427507677696
2.026835625,19.9998973962922,0.585990133,0.9663575675528,0.712498618812392,0.249992299,1.67643964429855,1.67405622778523,0.108429531,0.677231768084569,0.151024792728414
2.028712324,19.8835451206178,0.582456641,0.962313805762538,0.704745399685535,0.247650684,1.67381115988524,1.67055481149368,0.108591778,0.67518582012868,0.150618239628646
2.030589024,19.7672097026696,0.579105103,0.958320771706162,0.697069853979272,0.245354184,1.67121448180218,1.66710261669531,0.108805319,0.673128944827241,0.150208168934917
2.032465724,19.6509066356879,0.576025304,0.95437863104445,0.68947282306288,0.243136526,1.66864948240903,1.66369968213926,0.109112434,0.671061427569713,0.149794604296601
2.034342423,19.5346514084415,0.573138041,0.950487614287061,0.681955216318216,0.240964826,1.66611606955885,1.66034607699953,0.109476532,0.668983544301052,0.149377567264855
2.036219123,19.4184593174572,0.570467433,0.946647960922044,0.674517925639705,0.238846158,1.66361415129959,1.65704184873924,0.10989781,0.666895568896518,0.148957080008934
2.038095823,19.3023458367934,0.567989068,0.942859930594193,0.667161849314131,0.236798807,1.66114364330612,1.653787034034,0.110376565,0.664797779766735,0.14853316664878
2.039972522,19.186326430007,0.565723313,0.939123795488806,0.659886169855546,0.23480771,1.6587044640872,1.65058621558222,0.110929156,0.662690456536938,0.148103821738177
2.041849222,19.0704163629133,0.563623195,0.935439833319217,0.652690901740034,0.232854288,1.65629653056665,1.64744117661865,0.111515331,0.66057387662309,0.147668224278703
2.043725921,18.9546311342178,0.561703703,0.931808340081181,0.645577364434709,0.230952894,1.65391976658244,1.64434995764018,0.112162684,0.658448323074599,0.147227186638075
2.045602621,18.8389859795208,0.559900058,0.928229613312953,0.638546298032415,0.229082513,1.65157409211603,1.64131232029877,0.112832298,0.656314075519538,0.146780768866158
2.047479321,18.7234963013365,0.558232632,0.92470396469193,0.63159845237006,0.227234948,1.64925943171041,1.63832802148877,0.113516596,0.654171418054162,0.146329032548599
2.04935602,18.6081774816561,0.556613315,0.921231713161497,0.624734575080722,0.225399332,1.64697571016043,1.63539680838764,0.114206958,0.652020635833584,0.145872040114238
2.05123272,18.4930446961831,0.555102174,0.917813178662384,0.61795540052089,0.223582017,1.64472284856192,1.63251841406051,0.114915074,0.649862011575402,0.145409854087175
2.05310942,18.3781225803984,0.55360353,0.914451006006437,0.611265338967108,0.221765478,1.64250207597939,1.62969478674955,0.115610518,0.647695525209668,0.144942323658246
2.054986119,18.2634290254177,0.552159455,0.911145684778628,0.604665400833312,0.219935735,1.64031336421031,1.62692570521172,0.116284508,0.645521491651252,0.14446951326133
2.056862819,18.1489701377433,0.550787964,0.907895147648186,0.598152510712139,0.218116044,1.63815526353123,1.62420853715489,0.11694677,0.643340531915886,0.14399171602249
2.058739519,18.0347611586714,0.549361928,0.904699738715897,0.5917273992401,0.216273818,1.63602769441229,1.62154298094463,0.117572357,0.641152936146041,0.143508998785015
2.060616218,17.920817296164,0.547893685,0.901559804365886,0.585390792518623,0.214402792,1.63393057554717,1.61892872613835,0.118157949,0.638958995332007,0.143021429231673
2.062492918,17.8071535412977,0.546304708,0.898475687746827,0.579143401840295,0.212489798,1.63186382036129,1.61636544959171,0.118673999,0.636758997756545,0.142529075093444
2.064369618,17.6937850308477,0.544751252,0.895447738264933,0.572985943683872,0.210576637,1.62982734355575,1.613852824033,0.119154792,0.634553235971505,0.142032005703795
2.066246317,17.5807268623452,0.543091274,0.892476305839036,0.566919128989357,0.208629883,1.62782105750245,1.61139051391701,0.119566345,0.632342003274788,0.141530291232456
2.068123017,17.4679939121993,0.541373203,0.889561735770091,0.560943653375288,0.206662358,1.62584486897609,1.60897817181424,0.119945597,0.630125590126643,0.141024001869847
2.069999717,17.355601195236,0.539431823,0.886704377736978,0.555060216213768,0.20461586,1.62389868544536,1.60661544647766,0.120203,0.627904291186156,0.140513209430369
2.071876416,17.243563681172,0.537326539,0.883904580424578,0.549269510384661,0.202500652,1.62198241168651,1.60430197898391,0.120345899,0.625678401754899,0.139997986560696
2.073753116,17.1318961146672,0.535094712,0.88116268677389,0.543572212996178,0.200350404,1.62009594672746,1.60203739939746,0.12041516,0.623448214169986,0.139478405901185
2.075629816,17.0206133713073,0.532672681,0.878479042455827,0.537969003516216,0.198142019,1.61823918987982,1.59982133433971,0.120382908,0.621214024890464,0.138954541735757
2.077506515,16.9097302757543,0.530144352,0.875853990866075,0.532460554018227,0.195906501,1.61641203756036,1.59765340340997,0.120260077,0.618976130912729,0.138426469175947
2.079383215,16.7992985407806,0.527364494,0.873292969572191,0.527055790572541,0.193608782,1.61461690497517,1.59553728039816,0.120016083,0.616734563365589,0.137893915806488
2.081259915,16.6892989553739,0.524374629,0.870791336971394,0.521747316261293,0.191256451,1.61285116550383,1.59346847767893,0.119677582,0.614489936281431,0.137357316575371
2.083136614,16.5797457556432,0.521148518,0.868349368686667,0.516535683388044,0.188842399,1.61111467702092,1.59144654676153,0.119217488,0.612242551475829,0.13681675335084
2.085013314,16.4706533522702,0.517718388,0.865967390637927,0.511421521255255,0.186382935,1.60940732069615,1.58947107691959,0.118654611,0.609992704223814,0.136272303896726
2.086890013,16.3620363289943,0.514124495,0.863645729942135,0.506405461563766,0.183881408,1.60772897853415,1.58754165612817,0.1179958,0.607740694928465,0.135724047939215
2.088766713,16.2539089752005,0.510165695,0.861384704407402,0.501488116241618,0.18128916,1.6060795260946,1.58565786284236,0.117178366,0.605486819498599,0.135172064849056
2.090643413,16.146285690252,0.505976158,0.859184631059107,0.496670096119523,0.178626552,1.60445883885948,1.58381927355542,0.116236588,0.603231377708521,0.134616435676386
2.092520112,16.0391808065625,0.501502347,0.857045822000018,0.491952002380515,0.175899244,1.60286678951932,1.58202545984723,0.115148232,0.600974669567294,0.134057242283146
2.094396812,15.9326084179221,0.496763146,0.854968580919311,0.487334419050607,0.173095981,1.6013032455684,1.58027598590802,0.11392,0.598716991671378,0.133494566437379
2.096273512,15.8265827200158,0.491717112,0.852953209694371,0.482817927833023,0.170216213,1.59976807445916,1.57857041453585,0.112559253,0.596458644384471,0.132928491599928
2.098150211,15.7211178360224,0.486371347,0.851000004605139,0.478403100088361,0.16725767,1.59826114106465,1.57690830443511,0.111025929,0.594199928195708,0.132359102037016
2.100026911,15.6162276479528,0.480763591,0.84910925320601,0.47409048987596,0.16425153,1.59678230544383,1.57528920797468,0.109383132,0.59194114007147,0.131786481897563
2.101903611,15.511926131464,0.475081536,0.847281240317686,0.469880647751055,0.161229215,1.59533142772245,1.57371267673786,0.107644169,0.589682580641336,0.131210717035067
2.10378031,15.4082534483239,0.469032809,0.845518934884544,0.465778527541345,0.158137764,1.5939095403576,1.57218002606302,0.105769256,0.587424587510993,0.130631768402853
2.10565701,15.3052264186302,0.4628438,0.84382276986903,0.461784930620896,0.155024828,1.59251653084426,1.57069081670829,0.103805319,0.585167501862775,0.130049729125357
2.10753371,15.2028319327336,0.456454202,0.842190206385504,0.45789577570942,0.151884007,1.59115101560221,1.5692427190213,0.101748183,0.58291160012886,0.129464823508493
2.109410409,15.1010836203797,0.449808156,0.840621501873562,0.454111565176989,0.148699175,1.58981284582908,1.56783527300909,0.099577691,0.58065718273718,0.128877140817355
2.111287109,14.9999948640672,0.442869618,0.840595263596848,0.450432783731758,0.145465568,1.58889699214284,1.56646801456661,0.097276798,0.578404546366438,0.128286770160743
2.113163809,14.8995791233193,0.435750268,0.84110854356938,0.44685991045722,0.142213368,1.58813006002787,1.56514048031225,0.094888683,0.576153991119537,0.12769380236527
2.115040508,14.7998497682334,0.428461345,0.841472112880064,0.443393412266541,0.138964246,1.5875775790754,1.5638522055081,0.092416855,0.573890260961344,0.127098329042183
2.116917208,14.7008199200279,0.421005949,0.841683184282106,0.440033738465936,0.135720915,1.58718201242881,1.56260272239594,0.089867724,0.571617057721445,0.126500441626931
2.118793908,14.6025027683596,0.413438865,0.841788893265809,0.436781331706899,0.132480149,1.58675713702036,1.56139156462005,0.087259975,0.569346883375419,0.125900233280599
2.120670607,14.504911408287,0.405738869,0.841801478236486,0.43363662200615,0.129233557,1.58630689812506,1.56021826536044,0.084575881,0.567080039301274,0.125297797942377
2.122547307,14.408058684684,0.397999301,0.841732329882085,0.430600021890119,0.126008575,1.58583492673118,1.55908235586553,0.08184182,0.564816822845761,0.124693229357923
2.124424007,14.3119575021526,0.390189972,0.841592049378736,0.427671936246433,0.122805735,1.5853445647324,1.55798336947586,0.079065217,0.562557534532946,0.124086623005017
2.126300706,14.2166206656301,0.382380006,0.841390502754976,0.424852756917413,0.11963942,1.58483888623625,1.55692083996056,0.076257737,0.560302474394195,0.123478075133255
2.128177406,14.1220607288911,0.374606846,0.841136870834795,0.422142858432176,0.116525188,1.58432071707386,1.55589430023645,0.073450117,0.558051938340294,0.122867681782879
2.130054106,14.0283594242588,0.366895012,0.840836755655236,0.419552066396638,0.113454836,1.58379204497082,1.554906292046,0.070658718,0.555806670227145,0.12225540057472
2.131930805,13.9354632657273,0.359295483,0.84050238437493,0.417071447742504,0.110433942,1.58325626481618,1.55395329426323,0.067894267,0.55356658483329,0.121641487355333
2.133807505,13.8433836712638,0.351739235,0.840141037976261,0.414701223213413,0.107471196,1.58271552268675,1.55303480904155,0.065143169,0.551331971202695,0.121026042435586
2.135684204,13.7521329456456,0.344312428,0.83975945573077,0.412441715791528,0.104587325,1.58217178238347,1.55215037838168,0.062433981,0.549103127350308,0.120409166443617
2.137560904,13.6617230894696,0.337058308,0.839363910615552,0.410293229958463,0.101775803,1.58162684611212,1.55129954474331,0.059778674,0.546880345810497,0.119790959451853
2.139437604,13.5721661400425,0.330089056,0.838960242211441,0.408256060314787,0.099072347,1.58108236877921,1.55048185471523,0.057186654,0.544663921928693,0.11917152327287
2.141314303,13.4834740213842,0.323275577,0.838553885508846,0.406330487547665,0.096442219,1.5805398685035,1.54969685778315,0.054645759,0.542454150243179,0.118550960475759
2.143191003,13.3956584031145,0.316678048,0.838149897618057,0.404516775564004,0.093896748,1.58000073629767,1.54894410544141,0.052169367,0.540251320932758,0.117929373389564
2.145067703,13.3087309825857,0.310292165,0.837752984593732,0.402815177586025,0.091448597,1.57946624758205,1.54822315398289,0.049764693,0.538055726846539,0.11730686608605
2.146944402,13.2227033392626,0.304210322,0.837367524543298,0.401225932713038,0.08910898,1.57893757036589,1.54753356343575,0.047433399,0.535867659916435,0.11668354338887
2.148821102,13.1375867983897,0.298414806,0.836997589190234,0.399749263657675,0.086853436,1.57841577281398,1.5468748968282,0.045208121,0.533687407645559,0.116059509873325
2.150697802,13.0533927038928,0.29297803,0.836646965741105,0.398385381688443,0.084716222,1.57790183271366,1.54624672263817,0.043085871,0.531515260062569,0.115434871858775
2.152574501,12.9701322773424,0.287879771,0.836319175449114,0.397134483790096,0.082679292,1.57739664381961,1.54564861388955,0.041079565,0.52935150616994,0.114809736412344
2.154451201,12.887857126326,0.28316066,0.836018745380412,0.396001564018327,0.080753636,1.57690146359903,1.54508138599097,0.039183293,0.527196812842506,0.11418419902756
2.156327901,12.8065817045071,0.278882707,0.835749170936227,0.394987043382943,0.078950901,1.57641715268309,1.54454462322301,0.037423172,0.52505152560335,0.113558383191075
2.1582046,12.7262747665534,0.274983028,0.835512047694882,0.394086036225688,0.077259107,1.57594394501713,1.54403659766611,0.035807227,0.522915543061545,0.11293241558028
2.1600813,12.6469468687168,0.271539849,0.83530994354148,0.393298676970465,0.075669718,1.5754824431341,1.54355690444709,0.034314179,0.520789146028938,0.112306405472459
2.161958,12.5686085687139,0.26850555,0.835145244526739,0.392625087398684,0.074174117,1.57503319715275,1.54310514553015,0.032946996,0.518672617542115,0.11168046388712
2.163834699,12.4912702927945,0.265897263,0.835020166387465,0.392065374822925,0.07277736,1.57459670832706,1.54268092905062,0.031716817,0.516566239381663,0.11105470258461
2.165711399,12.4149422131094,0.263737028,0.834936765634942,0.391619631450986,0.071491688,1.57417343240534,1.54228386893653,0.030631117,0.514470288693548,0.110429233065115
2.167588099,12.3396344941635,0.261921877,0.834896950420853,0.391287936226178,0.070285468,1.57376378476758,1.54191358650598,0.02966664,0.512385044694541,0.109804168568841
2.169464798,12.2653571649863,0.260594246,0.834902489948791,0.391070353606936,0.069194479,1.57336814315139,1.54156970993556,0.028861076,0.510310785240532,0.109179623073922
2.171341498,12.1921200019542,0.259737054,0.834955023678299,0.390966933539863,0.068211026,1.57298685026667,1.54125187400286,0.02818837,0.508247783506542,0.108555710298516
2.173218198,12.1199327646585,0.259311359,0.835056069750751,0.390977712124531,0.067311683,1.57262021803047,1.54095972138869,0.027642945,0.506196314581089,0.107932545696828
2.175094897,12.0488050733593,0.25931436,0.835207032761082,0.391102711000381,0.066495286,1.57226852965491,1.54069290227204,0.02722721,0.504156652088405,0.107310245458127
2.176971597,11.9787462974286,0.259695248,0.835409211502588,0.391341937928465,0.065743945,1.57193204168629,1.54045107418611,0.026913018,0.502129064931795,0.106688925513853
2.178848296,11.9097658164236,0.260495457,0.835663805105193,0.39169538602395,0.065064165,1.57161098764011,1.54023390313832,0.026720598,0.500113824834042,0.106068703855241
2.180724996,11.8419670786855,0.261682982,0.835976621733323,0.392172843900754,0.064446696,1.57130694238706,1.54004312116034,0.026635343,0.498112308746513,0.105449814529636
2.182601696,11.7752675916652,0.263305092,0.836344209083706,0.392764575162277,0.063899661,1.57101878304436,1.53987631888788,0.026664946,0.496123736511802,0.104832284096967
2.184478395,11.7096751041349,0.265269211,0.836767426536428,0.393470408505788,0.063409847,1.57074666325463,1.53973316486332,0.026790003,0.494148360501395,0.10421623138376
2.186355095,11.6451982359679,0.267652811,0.837247115304961,0.394290277321115,0.062981846,1.57049073716705,1.53961336116974,0.027020139,0.49218644129131,0.103601776226588
2.188231795,11.5818455672515,0.270410271,0.837784046536076,0.395224100000671,0.062615431,1.57025114573135,1.53951661904826,0.027345545,0.490238240944389,0.102989040178502
2.190108494,11.5196255287618,0.273508632,0.838378926100528,0.396271780749684,0.062298254,1.57002801763406,1.53944265874798,0.027753002,0.488304019777082,0.102378145517642
2.191985194,11.4585463041524,0.276969431,0.839032399690018,0.397433211588072,0.062039369,1.56982147029996,1.53939120961046,0.028250438,0.486384033268719,0.101769214273285
2.193861894,11.3986160282337,0.280758346,0.839745054675313,0.398708269094056,0.061821506,1.56963161183234,1.53936201045319,0.02882566,0.484478538219042,0.101162370178129
2.195738593,11.3398426832795,0.284854779,0.840517424380479,0.400096815819452,0.061645317,1.56945854174017,1.53935480952198,0.029475922,0.482587789584521,0.100557737684134
2.197615293,11.2822340073328,0.289312146,0.841349992740017,0.401598702892652,0.061522566,1.56930235175492,1.53936936466823,0.030211434,0.480712037466005,0.0999554409999215
2.199491993,11.2257976805604,0.294031079,0.842243194836571,0.403213765587126,0.061434236,1.56916312734328,1.53940544347941,0.031012841,0.478851533115717,0.0993556060206268
2.201368692,11.1705412275396,0.299060412,0.843197420823531,0.404941825339455,0.061391594,1.56904094828472,1.5394628233282,0.031888736,0.477006525847598,0.0987583593528322
2.203245392,11.1164719318103,0.304372099,0.84421302029103,0.406782692949499,0.061381926,1.56893588935811,1.53954129163788,0.032833564,0.47517726010761,0.098163827365288
2.205122092,11.0636480331858,0.309976974,0.84529293197972,0.408740930643428,0.061411635,1.56884875423145,1.53964152281621,0.033849662,0.473364671464409,0.097572264950669
2.206998791,11.0120800653845,0.315853603,0.846437588246534,0.410816520379335,0.061481942,1.56877965553671,1.53976334194464,0.034934253,0.47156907121858,0.096983825402225
2.208875491,10.9617216099678,0.321936735,0.847644469525593,0.41300421638058,0.061566652,1.56872789186195,1.5399056406715,0.036061911,0.469789984982231,0.0963985106154858
2.210752191,10.9125793622772,0.328272752,0.848913768729434,0.415303769101688,0.061677318,1.56869352555123,1.54006825022257,0.037245256,0.468027651426737,0.0958164509505808
2.21262889,10.8646598561151,0.334752498,0.850245648035705,0.417714915654001,0.061804323,1.56867661757529,1.54025101214808,0.038457858,0.466282307087918,0.0952377774524978
2.21450559,10.8179693890053,0.341362023,0.851640242826136,0.420237383993908,0.06192648,1.56867722802377,1.54045377871413,0.03965975,0.464554183583689,0.0946626209275303
2.21638229,10.7725141755344,0.348132509,0.853097659038481,0.422870885386339,0.062066819,1.56869541661451,1.54067641237983,0.04088587,0.46284351317855,0.0940911137900893
2.218258989,10.728300266271,0.355002076,0.854617976567323,0.425615118015645,0.06220931,1.56873124301917,1.54091878606835,0.042117777,0.461150525912857,0.0935233891202369
2.220135689,10.6853334795754,0.361968,0.856201253224045,0.428469771756145,0.062353003,1.56878476733792,1.54118078363757,0.043352543,0.459475446913981,0.092959579758502
2.222012388,10.6436195638641,0.36901503,0.857847520244843,0.43143451786012,0.062493266,1.56885605027803,1.54146229896897,0.044585044,0.457818502655535,0.0923998204096421
2.223889088,10.6031640143094,0.376146322,0.859556790260349,0.434509021270207,0.062633501,1.56894515369955,1.54176323710837,0.045822921,0.456179913797682,0.0918442452328728
2.225765788,10.5639722286252,0.383350775,0.861329052314309,0.437692929735853,0.06277039,1.56905214064357,1.54208351323723,0.047055325,0.454559901352739,0.0912929899233994
2.227642487,10.5260494367877,0.390611454,0.863164275391877,0.440985878398681,0.062905922,1.56917707566016,1.54242305307794,0.048283086,0.452958683965966,0.0907461907974883
2.229519187,10.4894006439709,0.397899171,0.865062412536746,0.444387495518303,0.063032925,1.56932002529835,1.54278179349254,0.049493185,0.451376475391052,0.0902039839222884
2.231395887,10.4541410859583,0.405200674,0.86702878541554,0.447906652126998,0.063153348,1.56948261849546,1.5431613220323,0.050685902,0.449815162281012,0.0896669272369942
2.233272586,10.420167360545,0.412529189,0.869057965371953,0.451533721554538,0.063274274,1.56966339822154,1.54355997010766,0.051865706,0.448273343199813,0.0891347698868971
2.235149286,10.3874825740072,0.419855259,0.871149782931363,0.455268178315326,0.063392041,1.56986241930489,1.54397768934695,0.053031023,0.44675120366775,0.0886076449158111
2.237025986,10.3560910685682,0.427227902,0.87330411635356,0.459109593523664,0.063546558,1.5700797579133,1.54441446138071,0.054204896,0.445248949502777,0.0880856917834358
2.238902685,10.325997014709,0.434630566,0.87552082910011,0.463057526341581,0.063728031,1.57031549283195,1.54487027818382,0.055377753,0.443766783980876,0.0875690504823559
2.240779385,10.2972043654899,0.442064633,0.877799774147666,0.467111530638737,0.063912514,1.57056970598399,1.54534514278764,0.056534499,0.44230490548634,0.0870578607066223
2.242656085,10.2697169530778,0.44948694,0.880140787526704,0.471271142540316,0.064087932,1.5708424817751,1.54583906776669,0.057664797,0.440863512237912,0.0865522634887392
2.244532784,10.2435384363421,0.456889036,0.882543692233458,0.47553588653303,0.06424987,1.57113390748858,1.5463520758361,0.058767452,0.439442799834578,0.0860524003380515
2.246409484,10.2186722620762,0.464298476,0.885008302754424,0.479905282672561,0.064407299,1.57144407386024,1.54688420064007,0.059843951,0.438042959015029,0.0855584124361224
2.248286184,10.1951217479835,0.471710759,0.887534417853915,0.484378833030504,0.064573348,1.57177307418899,1.54743548501717,0.060901042,0.436664180171145,0.0850704422118914
2.250162883,10.1728900371103,0.479086114,0.890121824713926,0.48895602835523,0.064737882,1.5721210047894,1.5480059816741,0.061926891,0.435306650999621,0.0845886325041907
2.252039583,10.1519800660215,0.486438674,0.892770303686358,0.493636355817261,0.064902866,1.5724879656293,1.54859575405197,0.062928528,0.433970554373832,0.0841131257859787
2.253916283,10.1323946341286,0.493781185,0.895479620354637,0.498419284370888,0.06506224,1.5728740592094,1.54920487436939,0.063906289,0.43265607263811,0.0836440656724387
2.255792982,10.114192768838,0.501112397,0.89825208749908,0.503308573861163,0.065215744,1.57328021231419,1.54983425293784,0.064860598,0.43136431818999,0.0831818825918595
2.257669682,10.0973800430665,0.508433155,0.901087545907526,0.508303815903648,0.065359983,1.57370659150193,1.55048403825267,0.065796428,0.430095537175612,0.0827267549315389
2.259546382,10.0818995587443,0.515730693,0.90398302988172,0.513399898921207,0.065500418,1.57415245226897,1.55115346803982,0.066694652,0.428848931661145,0.0822785334700851
2.261423081,10.0677533627408,0.523000396,0.906938263050281,0.51859624578519,0.065641139,1.57461791027842,1.55184265476309,0.067557097,0.427624672011775,0.0818373630665117
2.263299781,10.0549433049213,0.530241691,0.909952964899956,0.523892277329849,0.065772043,1.57510308491593,1.55255172092793,0.068389067,0.426422923810186,0.0814033880772763
2.26517648,10.0434710903698,0.537475312,0.913026839999012,0.529287393046326,0.065887072,1.57560809750101,1.5532807963461,0.069214641,0.425243852395699,0.0809767539639784
2.26705318,10.0333382232041,0.54466764,0.916159591030482,0.534780993652623,0.06600062,1.57613307327999,1.55403002097146,0.070010278,0.424087617696956,0.0805576053985611
2.26892988,10.0245460518749,0.551815884,0.919350907674967,0.540372461266388,0.066106743,1.57667813952014,1.55479954204762,0.070774101,0.422954378654048,0.0801460878299573
2.270806579,10.0170957468338,0.558884291,0.92260047157193,0.546061167845032,0.066202225,1.57724342619058,1.55558951503584,0.071499993,0.421844291246915,0.0797423467391452
2.272683279,10.010988292199,0.565919984,0.925907961878365,0.551846484644877,0.066295205,1.57782906684642,1.55640010474807,0.072202861,0.420757506763713,0.0793465269719691
2.274559979,10.0062245089869,0.572910978,0.929273045048113,0.557727764091788,0.066390527,1.578435196733,1.55723148262217,0.07287954,0.419694175321357,0.0789587739826559
2.276436678,10.0028050398247,0.579845569,0.932695380063792,0.56370434873255,0.066482372,1.57906195355217,1.55808382773553,0.073523986,0.418654444013305,0.0785792331220597
2.278313378,10.0007303476954,0.586712552,0.936174624257153,0.569775581183282,0.066562075,1.57970947843681,1.55895732802991,0.074127432,0.417638455302516,0.0782080490085808
2.280190078,10.0000007252237,0.593513459,0.939707536942314,0.575940784996513,0.066631499,1.58037740498952,1.55985217735162,0.074690876,0.416646350297943,0.0778453666817376
2.282066777,10.0007317977533,0.600256437,0.94039553058338,0.582207214647563,0.066691448,1.58055578020597,1.56077044865198,0.075217584,0.415680343577999,0.0774920881879301
2.283943477,10.0028093897694,0.606949319,0.941365990084061,0.588547569569287,0.066744533,1.58012068415185,1.56179060041109,0.075705385,0.414805068569373,0.0770602694147981
2.285820177,10.0062317600789,0.613618364,0.942525446341414,0.594970359622101,0.066792412,1.57969657209114,1.56283749979139,0.076166539,0.413958003533563,0.0766299156225602
2.287696876,10.0109984393988,0.620260706,0.943862081462306,0.601475927186826,0.066836118,1.57934044840197,1.56390437220842,0.076594873,0.413133465662547,0.076208654459069
2.289573576,10.0171087904864,0.626837557,0.945372580576395,0.608063756877675,0.066877635,1.57905063017543,1.5649915244634,0.076983173,0.412331648491926,0.0757966167730079
2.291450276,10.0245619942023,0.633353584,0.9470536989091,0.614733308630463,0.066908702,1.57882552252797,1.56609926507797,0.077330359,0.411552740713643,0.0753939336652013
2.293326975,10.0333570531261,0.639803306,0.948902260817893,0.621484028037443,0.066928731,1.57866361354943,1.56722790574706,0.077633639,0.410796924924808,0.0750007357349346
2.295203675,10.0434928091946,0.646216605,0.950915160706932,0.628315357531732,0.066941568,1.57856347016768,1.56837776299978,0.077907322,0.410064376604658,0.0746171524220331
2.297080375,10.054967915829,0.652608701,0.953089354733951,0.635226714989145,0.06694882,1.57852373484633,1.56954915439105,0.078153372,0.409355266649885,0.074243313209963
2.298957074,10.0677808486266,0.658967396,0.955421861034936,0.64221750448443,0.066953372,1.57854312154933,1.57074240004135,0.078365592,0.408669760212806,0.0738793469151074
2.300833774,10.0819299300345,0.665290932,0.957909761709173,0.649287127877763,0.066962219,1.57862041252414,1.57195782439581,0.078550505,0.408008015776222,0.0735253810762814
2.302710474,10.0974132875812,0.671604991,0.960550193095499,0.656434962573118,0.066975265,1.5787544549438,1.57319575217479,0.078716389,0.40737018742056,0.0731815430515805
2.304587173,10.1142288716286,0.677956814,0.96334034709784,0.663660372686652,0.06699938,1.57894415772793,1.5744565100076,0.078878968,0.406756423761362,0.0728479593529763
2.306463873,10.1324307466181,0.684384913,0.96628357361612,0.670965950161308,0.06704361,1.57919075784947,1.57574142598934,0.07905441,0.406167899846966,0.0725252010692423
2.308340572,10.1520190303156,0.690909405,0.969377108912844,0.678351100153655,0.06710712,1.57949326708091,1.57705092765243,0.079250864,0.405604825726559,0.0722134334422225
2.310217272,10.1729318567549,0.69753765,0.9726117762718,0.685811728794881,0.067197464,1.57984834664696,1.57838431563611,0.079477736,0.405066252562585,0.0719123164287312
2.312093972,10.1951664283749,0.704262349,0.975984986334345,0.693347145510328,0.067313169,1.58025513986663,1.5797419222819,0.079741511,0.404552306503638,0.0716219722356883
2.313970671,10.2187197721607,0.711058684,0.979494195260438,0.700956647294629,0.067464536,1.58071283745204,1.58112408053591,0.080055511,0.404063108610483,0.0713425218643517
2.315847371,10.2435887806174,0.718043337,0.983136909013311,0.708639531188073,0.067697763,1.58122067611738,1.58253112596091,0.080463092,0.403598774183602,0.0710740846174814
2.317724071,10.2697701378779,0.725267017,0.986910670658937,0.716395070145819,0.068002263,1.58177793501207,1.5839633920829,0.080964179,0.403159414398002,0.0708167789302574
2.31960077,10.2972603538505,0.732711265,0.990813064052857,0.724222525122824,0.068357739,1.58238393425455,1.5854212122686,0.081544413,0.402745135495102,0.0705707218181716
2.32147747,10.3260558120728,0.740355371,0.994841718947594,0.732121157914059,0.068757915,1.58303803406887,1.58690492186251,0.082193654,0.402356038231908,0.0703360284397185
2.32335417,10.3561526821984,0.748207442,0.99899429707652,0.740090206256196,0.069213405,1.58373963096206,1.58841485326267,0.082916173,0.401992219246854,0.0701128128081191
2.325230869,10.3875469610812,0.756263676,1.00326849669377,0.748128896289058,0.069703515,1.58448815676683,1.58995133791869,0.083715868,0.401653770372822,0.0699011872930483
2.327107569,10.4202345274432,0.764553928,1.00766205844805,0.756236455746893,0.070246524,1.58528307825149,1.59151470860169,0.084602908,0.401340778211549,0.0697012622412894
2.328984269,10.4542110408623,0.773103212,1.01217275031615,0.764412088318509,0.070849419,1.58612389302175,1.59310529419961,0.085589402,0.40105332522884,0.06951314656584
2.330860968,10.4894719897379,0.781863358,1.01679837293882,0.772654986473165,0.071513657,1.58701012902197,1.59472342184376,0.086646024,0.400791489192299,0.0693369473040552
2.332737668,10.5261221310776,0.790865411,1.02154623041703,0.780969966009725,0.072235127,1.58794516433121,1.5963718449701,0.087779906,0.400557555328059,0.0691738118454946
2.334614368,10.5640476898768,0.800050433,1.02640444622941,0.789350490006183,0.073000684,1.58892474029353,1.59804855263971,0.088977223,0.400349420004521,0.0690228331068885
2.336491067,10.6032421900758,0.809407149,1.03137079736828,0.797795641893478,0.073799333,1.58994842522639,1.59975383357374,0.090230021,0.400167117491645,0.068884098140379
2.338367767,10.6437004620674,0.818878507,1.03644322061934,0.806304581166837,0.074614765,1.5910158626229,1.60148800703477,0.091519272,0.400010705565755,0.068757704824791
2.340244467,10.6854171099018,0.828474333,1.04161967174124,0.814876443427822,0.075457908,1.59212671712394,1.60325138639228,0.092842661,0.399880237834866,0.0686437489864942
2.342121166,10.7283865705959,0.838167944,1.04689813206833,0.823510353785332,0.07633377,1.59328067477204,1.60504428147992,0.094191035,0.399775763388643,0.0685423240569037
2.343997866,10.7726031865964,0.847949653,1.05227661623614,0.832205440912663,0.077244646,1.59447744376228,1.60686700125629,0.095556663,0.399697326717635,0.0684535208592374
2.345874566,10.8180610695631,0.857785247,1.05775315440261,0.840040058884752,0.078184684,1.59571674960957,1.60854341251794,0.096922223,0.399644968078762,0.0683774278560233
2.347751265,10.8647541663553,0.867633776,1.06332579950746,0.846790136739668,0.079136784,1.59699833575631,1.61002967029891,0.098267218,0.399618723277175,0.0683141308703785
2.349627965,10.9126763379752,0.877448777,1.06899263558301,0.853657441744544,0.08008498,1.59832196466138,1.61155439658584,0.099571132,0.39961862371918,0.068263712939958
2.351504664,10.961821183724,0.887173868,1.0747517559314,0.860640659308528,0.08100932,1.59968741189066,1.61311782164116,0.10081061,0.39964469647744,0.068226254446309
2.353381364,11.01218224752,0.896778419,1.08060128655071,0.867738477061386,0.081906686,1.60109447079128,1.61472018040288,0.101970614,0.399696964336391,0.0682018328327877
2.355258064,11.0637528357122,0.906251242,1.08653936388338,0.874949558973743,0.082781937,1.60254294643158,1.61636170627453,0.103043523,0.399775445719783,0.0681905226672561
2.357134763,11.1165767061894,0.915581536,1.0925677281889,0.882277232067476,0.083637602,1.60403439555179,1.61804431374035,0.104023291,0.399881266248264,0.0681929572446401
2.359011463,11.1706485776173,0.924757011,1.09868449582334,0.889720198883695,0.084473607,1.6055687199861,1.61976836122364,0.104898318,0.400014494989427,0.068209243678125
2.360888163,11.2259076189113,0.933757185,1.10488400031297,0.897272095063895,0.085282059,1.60714392572495,1.62153232497906,0.105661412,0.400173966606259,0.0682388582245517
2.362764862,11.282346457548,0.942538599,1.11116445400859,0.904931532050265,0.086055433,1.60875986700991,1.62333643790468,0.106296643,0.400359681024876,0.0682818618227296
2.364641562,11.3399576571284,0.951062406,1.11752409506992,0.912697121816444,0.086780148,1.61041640976734,1.62518093463273,0.106789816,0.400571634243053,0.0683383121201226
2.366518262,11.3987335391209,0.959318822,1.12396116683473,0.920567452636247,0.087447385,1.61211342569578,1.62706604542091,0.107138795,0.400809817780065,0.0684082632752615
2.368394961,11.4586662704058,0.967336378,1.13047392700108,0.92854110114525,0.088058921,1.61385079395766,1.62899199852813,0.107355764,0.401074218907435,0.0684917659114336
2.370271661,11.5197479629977,0.975146904,1.13706065764153,0.93661664549865,0.088620654,1.61562840331652,1.63095902301493,0.107452909,0.401364821152989,0.0685888672124169
2.372148361,11.5819704836855,0.982801679,1.14371964382297,0.944792640048288,0.089148263,1.61744614587209,1.63296734221738,0.107448557,0.401681603476793,0.0686996105885252
2.37402506,11.6453255477808,0.990348796,1.15044918326962,0.953067627967577,0.089649106,1.61930391903154,1.63501717633842,0.107359421,0.402024540638442,0.0688240357047983
2.37590176,11.7098048247721,0.997823965,1.15724759679707,0.961440154923793,0.090143228,1.62120162792003,1.63710874547233,0.107210852,0.402393603837232,0.0689621786531861
2.37777846,11.7753997361329,1.005280605,1.16411320623719,0.969908742712648,0.090642233,1.62313917876039,1.63924226265534,0.107028009,0.402788759615069,0.0691140714815907
2.379655159,11.8421015551409,1.012758978,1.17104434454717,0.978471902422609,0.091150816,1.62511648111524,1.6414179366784,0.106834653,0.403209970360474,0.0692797422984525
2.381531859,11.9099015183144,1.02029493,1.17803936663047,0.987128148596483,0.091674053,1.62713345056312,1.64363597534116,0.106649858,0.403657195084534,0.0694592155228504
2.383408559,11.9788831568839,1.027940248,1.18510180203946,0.995883677035181,0.092237203,1.6291933905645,1.64590025113224,0.106499731,0.404132611741484,0.0696536992103153
2.385285258,12.0489442206948,1.035748135,1.19222460059778,1.00472907503204,0.092849333,1.63129285748692,1.64820736885624,0.106407606,0.404633965610858,0.0698620390450228
2.387161958,12.1200742526581,1.043749935,1.1994060799398,1.01366272130538,0.093519132,1.63343172744962,1.65055747084793,0.106391345,0.40516117312664,0.0700842303361289
2.389038658,12.1922637708939,1.051988927,1.2066446251525,1.02268307386796,0.094255903,1.63560991809707,1.65295073765007,0.106472126,0.405714175178352,0.070320279430132
2.390915357,12.2655031529442,1.060506473,1.21393862967001,1.03178858107898,0.095070999,1.63782734674153,1.65538734326474,0.106660425,0.406292908606956,0.0705701883844257
2.392792057,12.3397827565185,1.069341303,1.22128650669377,1.04097769656618,0.095974033,1.6400839334932,1.65786745880761,0.106981124,0.406897307206061,0.0708339553543717
2.394668756,12.4150926468166,1.078488034,1.22868666158964,1.05024884537022,0.09696846,1.64237959247161,1.66039124305332,0.107429998,0.407527299562102,0.0711115736099315
2.396545456,12.4914229139179,1.087944593,1.23613752283726,1.05960046324171,0.098038259,1.64471424093154,1.6629588526571,0.108011785,0.408182811636017,0.0714030326151385
2.398422156,12.5687633947352,1.097716892,1.24363751417759,1.0690309623561,0.099194886,1.64708779029953,1.66557043248215,0.108739401,0.40886376447038,0.0717083169784167
2.400298855,12.6471037920294,1.107808838,1.25118506599651,1.0785387460979,0.1004482,1.6495001492941,1.66822611919641,0.109598787,0.409570075147334,0.0720274068275082
2.402175555,12.7264338039594,1.118192508,1.25877862723204,1.08812222466708,0.101784567,1.6519512274651,1.67092604533287,0.110586458,0.410301658012001,0.0723602783316527
2.404052255,12.8067428741787,1.128846836,1.26641664091637,1.0977797847968,0.103226265,1.65444092703177,1.67367033045406,0.111711279,0.411058422413757,0.0727069026449472
2.405928954,12.8880203162474,1.139736298,1.27409755586706,1.10750980496661,0.104770877,1.65696914624646,1.67645908499197,0.112949048,0.41184027379857,0.0730672463632046
2.407805654,12.9702954672638,1.150804726,1.28182151597907,1.11731359184148,0.106385741,1.65953740439174,1.67929430620904,0.114266535,0.412648168165374,0.0734418493343203
2.409682354,13.0535579759682,1.161980009,1.28958685460999,1.12718943284783,0.108049122,1.66214566156046,1.68217619866344,0.115630944,0.413482044860918,0.0738306932688963
2.411559053,13.1377540377522,1.173247344,1.29739019588952,1.13713252367436,0.109762235,1.66479208655532,1.68510285176771,0.117021523,0.414340681993971,0.0742331192849462
2.413435753,13.2228725638911,1.184590673,1.30523002350204,1.1471412258367,0.111515251,1.6674765605907,1.68807433812326,0.118425633,0.415223969987189,0.0746490748871648
2.415312453,13.3089022117452,1.196013772,1.31310481328202,1.15721387793389,0.113294368,1.67019895480756,1.69109071508868,0.119833888,0.416131794181447,0.0750785023620467
2.417189152,13.3958315177978,1.207467145,1.32101304537195,1.16734881151924,0.11508681,1.6729591340525,1.69415202904139,0.121228376,0.417064036150064,0.0755213393776901
2.419065852,13.4836490402423,1.218904113,1.32895321676075,1.17754436764513,0.116880027,1.67575696106344,1.69725832011267,0.122588336,0.418020575269679,0.0759775197278703
2.420942552,13.57234308296,1.230290914,1.33692381583752,1.187798864681,0.118667114,1.67859228735793,1.70040961216369,0.123900596,0.419001285774606,0.0764469719306849
2.422819251,13.6619018334682,1.241611516,1.34492333477957,1.19811061454022,0.120436444,1.68146495724361,1.70360591729798,0.125155398,0.420006038201657,0.0769296199102339
2.424695951,13.7523135100218,1.252819459,1.35295028226857,1.20847793952373,0.122182734,1.68437481222991,1.70684724084896,0.126333723,0.421034701087474,0.0774253838203684
2.426572651,13.8435660764937,1.263868266,1.36100315775799,1.21889913952893,0.123893566,1.68732168155662,1.71013357090447,0.127421949,0.422087137772391,0.0779341785160433
2.42844935,13.9356473850362,1.274740675,1.36908046406365,1.22937250860425,0.125560766,1.69030538643174,1.71346488307162,0.128410805,0.42316320797393,0.0784559143159868
2.43032605,14.0285453274902,1.28542281,1.37718072023048,1.23989635206272,0.127186151,1.69332574466472,1.71684114571686,0.129293535,0.424262769608298,0.0789904979046697
2.43220275,14.122247541572,1.295888262,1.38530243556361,1.25046895313977,0.128759108,1.69638256083904,1.72026230903945,0.130061826,0.425385675348342,0.0795378306791543
2.434079449,14.216808223578,1.306165294,1.39344568543911,1.26109245052288,0.130285927,1.69947871992329,1.72373214970504,0.130723546,0.426533748729214,0.0800988837043731
2.435956149,14.3121467859649,1.316242871,1.40160717671279,1.27176099857849,0.131762364,1.70261092377115,1.72724679150558,0.131275261,0.427704859392892,0.0806724694007726
2.437832848,14.4082495628053,1.326158182,1.40978540130776,1.28247280475359,0.133200008,1.70577890386975,1.73080608701811,0.131724121,0.428898821228068,0.0812584598238743
2.439709548,14.5051039014121,1.33591884,1.41797889414285,1.29322614878039,0.134597286,1.70898243064623,1.73440993413871,0.132075495,0.430115473892486,0.0818567385199434
2.441586248,14.6026968982297,1.345522046,1.4261861797965,1.30401928913864,0.135957308,1.71222125988126,1.73805821117794,0.132334532,0.431354651792127,0.0824671838915342
2.443462947,14.7010155517195,1.354975951,1.43440578547933,1.3148504802665,0.137286105,1.71549513747591,1.74175078222659,0.132500404,0.432616185947229,0.0830896701492132
2.445339647,14.8000469229923,1.364285025,1.44263625416338,1.32571799019301,0.138579174,1.71880380459572,1.74548750299128,0.132581828,0.433899906094152,0.0837240683938753
2.447216347,14.899777823378,1.373458899,1.45087611826867,1.33662006614238,0.139839879,1.7221469870488,1.74926820883521,0.132587608,0.435205636690564,0.0843702446915428
2.449093046,15.0001949713259,1.382524984,1.45912391274825,1.34755495197577,0.141076931,1.72552440026465,1.75309272039592,0.132528888,0.436533198902213,0.0850280610998811
2.450969746,15.1012851566047,1.391498743,1.46737818827917,1.35852090599506,0.142297604,1.72893575464095,1.75696084966777,0.132411325,0.437882412819642,0.0856973768207019
2.452846446,15.2030349206173,1.400404865,1.47563748487674,1.36951616619343,0.143509111,1.7323807445866,1.76087238760332,0.132251325,0.439253093235586,0.0863780461617234
2.454723145,15.3054307170925,1.409298918,1.48390034506573,1.38053896789835,0.144723573,1.73585905370732,1.76482710998105,0.132079962,0.440645051749604,0.0870699196351791
2.456599845,15.4084590796211,1.418218883,1.49216532710727,1.39158756171652,0.14595521,1.7393703603489,1.76882478373129,0.131908775,0.442058099096438,0.0877728451773188
2.458476545,15.5121318180032,1.427195198,1.50043093711216,1.40266110975441,0.147213837,1.7429156914454,1.77286694776859,0.131752598,0.443492915321853,0.0884871192892441
2.460353244,15.6164345796132,1.436272296,1.50869551876195,1.41375764186142,0.148513553,1.74649472144528,1.77695338956535,0.131630533,0.444949322400092,0.0892125832733331
2.462229944,15.7213260353692,1.445475758,1.5169576119394,1.42487433385789,0.149861474,1.7501056347898,1.78108191939436,0.131559296,0.446426188750904,0.0899485874194629
2.464106644,15.8267922104355,1.454837766,1.52521577285262,1.43600941126913,0.151266314,1.75374805609287,1.78525223070121,0.131554605,0.447923309838546,0.090694963584647
2.465983343,15.9328190538153,1.46437292,1.53346856041075,1.44716109851647,0.152737858,1.75742159849278,1.78946400099071,0.131624984,0.449440478162851,0.0914515403795162
2.467860043,16.039392610931,1.474099368,1.541714549466,1.45832763703336,0.154284771,1.7611258695195,1.79371689855905,0.131778992,0.45097748576675,0.0922181444954439
2.469736743,16.1464986868548,1.483986141,1.5499523044857,1.46950724987001,0.15590356,1.76486045930477,1.79801056897221,0.132010167,0.452534119438189,0.0929945983898773
2.471613442,16.2541230160013,1.494090213,1.55818039283856,1.48069815972891,0.157624625,1.76862494630224,1.80234464159559,0.13235085,0.454110163114374,0.0937807215648837
2.473490142,16.3622514373989,1.504427802,1.56639739800403,1.49189860714065,0.159440271,1.77241890333113,1.80671873655574,0.132795682,0.455705400491335,0.0945763319506035
2.475366842,16.4708695523762,1.514990825,1.57460189334951,1.50310681493579,0.161337871,1.77624188549121,1.81113245081307,0.133339449,0.45731961002235,0.0953812434936854
2.477243541,16.5799628971879,1.525770277,1.58279245540775,1.51432100637029,0.163315005,1.78009343606595,1.81558536492737,0.133975306,0.45895256742783,0.096195267494509
2.479120241,16.6895171207273,1.53674269,1.59096767702813,1.52553942333063,0.165364703,1.78397309273447,1.82007705024233,0.134697963,0.460604048403028,0.0970182140426895
2.480996941,16.7995176371577,1.547901773,1.59912614130707,1.53676029073304,0.167483508,1.7878803752054,1.8246070545659,0.135506216,0.462273823420342,0.0978498895137998
2.48287364,16.9099498012243,1.559217862,1.60726643483104,1.54798183470833,0.169665639,1.79181479129561,1.82917490916585,0.136390966,0.463961660341085,0.0986900979611144
2.48475034,17.0208333641103,1.570670178,1.61538533891698,1.55920202786145,0.171906769,1.79577807532698,1.83378329053442,0.137340663,0.465668832467947,0.0995393372311497
2.486627039,17.1321169098408,1.582254509,1.6234829757372,1.57041902944867,0.174207567,1.79976740769217,1.83842848471425,0.138349081,0.467393571785857,0.100396683251844
2.488503739,17.2437853029345,1.59394954,1.63155798032565,1.58163109099351,0.176561862,1.80378223208192,1.84310993179187,0.139406118,0.469135619780322,0.101261924866041
2.490380439,17.3558236683411,1.605743675,1.6396089556476,1.59283644701911,0.178954946,1.80782200521166,1.84782709172692,0.140504197,0.470894733716115,0.102134857515503
2.492257138,17.4682170820246,1.617597522,1.64763450889588,1.6040333347331,0.181379313,1.81188617192588,1.85257940784492,0.141627935,0.472670668477331,0.103015274937045
2.494133838,17.5809507534,1.629487052,1.65563326441914,1.61522001218374,0.183830067,1.81597417177741,1.85736631452158,0.142764225,0.474463179488589,0.103902970702697
2.496010538,17.6940096681086,1.641371424,1.66360383820299,1.62639472272565,0.186295905,1.8200854260794,1.86218722202218,0.143897972,0.476272017090511,0.104797735524554
2.497887237,17.8073787686381,1.653237268,1.67154485094394,1.63755571322495,0.188767112,1.82421934437128,1.86704152401764,0.145021778,0.478096929374218,0.105699358756869
2.499763937,17.9210431383495,1.66505232,1.67945494083602,1.64870125214196,0.19123593,1.82837533113386,1.87192860546243,0.146124029,0.479937665186481,0.106607629972115
2.501640637,18.0349876408662,1.67678713,1.68733273836094,1.65982959412354,0.193691266,1.83255277261748,1.87684782710031,0.147192928,0.481793968335637,0.107522336192336
2.503517336,18.1491971025384,1.688418955,1.69517687924319,1.67093899816429,0.196118331,1.8367510434535,1.88179853318446,0.148217469,0.483665580514228,0.108443263429953
2.505394036,18.2636564978,1.699929579,1.70298601707062,1.68202774558541,0.198536228,1.84096951349423,1.88678005953833,0.149193108,0.485552244383581,0.109370198294933
2.507270736,18.3783505856836,1.711317303,1.71075879843925,1.6930941048125,0.200937532,1.84520753443759,1.89179171774935,0.150108956,0.487453697618698,0.110302925158748
2.509147435,18.4932726402319,1.722559611,1.71849221683028,1.70413524709737,0.203294519,1.84946521324761,1.89683401293363,0.150953588,0.489370277435772,0.111241453111383
2.511024135,18.6084058613765,1.733646202,1.72618466166327,1.7151491655324,0.205599733,1.85374183209132,1.90190619556177,0.151723225,0.491301716569093,0.112185548775057
2.512900835,18.7237251421254,1.744571126,1.72996518135743,1.72613522705125,0.207851151,1.85674826784235,1.90700621063254,0.152414291,0.493244725035643,0.113134746205122
2.514777534,18.8392151223299,1.755337633,1.73318200072633,1.73709172441929,0.210052095,1.85959834628587,1.91213330005841,0.15303001,0.495199535802433,0.114088827792323
2.516654234,18.9548606043236,1.765947706,1.73635763139999,1.74801697430564,0.212202475,1.86246484721906,1.91728669805989,0.153574854,0.497166064719103,0.115047577302221
2.518530934,19.0706461858041,1.776399219,1.73949212353956,1.75890928249933,0.214305854,1.86534662703303,1.92246561490473,0.154048197,0.499144142184373,0.116010776938895
2.520407633,19.186556445952,1.786687014,1.74258540526022,1.76976696180298,0.216359103,1.8682425610289,1.92766924513436,0.154451215,0.501133590260622,0.116978208963806
2.522284333,19.3025761330464,1.796824452,1.74563730028963,1.78058834958657,0.2183708,1.87115154692589,1.93289677606554,0.15479379,0.503134226403592,0.117949657360167
2.524161033,19.4186897958589,1.80685863,1.74864752985015,1.79137177334236,0.220375728,1.87407249455689,1.93814737128452,0.155104021,0.505145857590588,0.118924904845653
2.526037732,19.5348819706571,1.816820393,1.75161572854647,1.80211556842184,0.22236702,1.87700432952058,1.9434201790371,0.155380568,0.507168283925984,0.119903734512164
2.527914432,19.6511373691783,1.826694411,1.75454145894456,1.81281809537504,0.224324335,1.8799459970508,1.94871434086612,0.155617737,0.509201302332016,0.120885931503373
2.529791131,19.7674404470713,1.836458984,1.75742420974563,1.82347770024199,0.226245961,1.88289645029281,1.95402897204723,0.155801833,0.511244699381017,0.121871279456562
2.531667831,19.8837759014624,1.846115679,1.76026341661925,1.83409276039498,0.228132212,1.8858546621615,1.95936318433662,0.155943604,0.513298260347392,0.122859564791143
2.533544531,20.0001282391352,1.85568548,1.76305845918223,1.84466164505011,0.22999969,1.8888196137184,1.9647160663146,0.15605593,0.515361761937038,0.123850573130122
2.53542123,20.1164805148096,1.865199988,1.76580475636958,1.85517847055907,0.231862276,1.89179068906009,1.97008811803105,0.156153591,0.517435785132862,0.124844284621341
2.53729793,20.2328159287096,1.874682605,1.76850533177379,1.86564554270233,0.233724265,1.89476632774267,1.97547682088992,0.156257025,0.519519257423421,0.125840257527014
2.53917463,20.3491189875957,1.884118042,1.77115949726166,1.87606131960837,0.235602297,1.89774554297517,1.98088119497016,0.156361299,0.52161192862977,0.126838277755214
2.541051329,20.4653742027002,1.89352576,1.77376648698065,1.88642421216536,0.237490834,1.90072736553892,1.98630026762977,0.156457088,0.523713556178177,0.127838135376863
2.542928029,20.5815662774985,1.902889348,1.77632552001158,1.89673265817888,0.239376391,1.90371084148002,1.99173306125819,0.15654642,0.525823897115936,0.12883962332997
2.544804729,20.6976797379344,1.912223932,1.77883579640128,1.90698508945328,0.241256263,1.90669502228953,1.9971785761795,0.1566366,0.527942701632342,0.129842534306303
2.546681428,20.8136991204543,1.921533975,1.7812965055299,1.91717994878758,0.243149556,1.90967896941377,2.00263579949942,0.156735498,0.530069716611114,0.130846662424699
2.548558128,20.9296091592469,1.930830467,1.78370683363819,1.92731570638792,0.245066821,1.91266175880519,2.00810371409435,0.156851639,0.532204689259108,0.131851804917139
2.550434828,21.0453944172572,1.940128642,1.78606595936625,1.93739082752308,0.24700921,1.91564247118829,2.01358128140331,0.156985669,0.534347360501398,0.132857758992941
2.552311527,21.1610394739515,1.94940747,1.78837306094824,1.94740378923564,0.248955978,1.91862019666908,2.01906745037395,0.157124033,0.536497468545488,0.133864323514003
2.554188227,21.2765291117599,1.958648596,1.79062732260866,1.95735309641631,0.250899201,1.92159403934578,2.02456116651551,0.157262791,0.53865475251538,0.134871300675737
2.556064927,21.3918479484047,1.967870292,1.79282792984289,1.96723725008534,0.252867318,1.92456310766999,2.0300613546143,0.157409585,0.540818945736436,0.135878492855441
2.557941626,21.5069806241295,1.977089592,1.79497407561779,1.97705476379076,0.254857143,1.9275265191185,2.0355669277613,0.157565069,0.542989779313537,0.136885704285665
2.559818326,21.621902739914,1.986306241,1.79706259245221,1.986801230593,0.256862395,1.93048308735398,2.04107692441988,0.157731753,0.545167241967717,0.137892726175304
2.561695026,21.736596303611,1.995513418,1.79909244984507,1.99647481698602,0.258893285,1.93343180888369,2.04659008396753,0.157912725,0.547351036732706,0.138899338989459
2.563571725,21.8510550737925,2.004713655,1.80106535091691,2.00607712575593,0.260952314,1.93637212404986,2.05210509330936,0.158098924,0.549540604259905,0.139905361700676
2.565448425,21.9652639924998,2.013886286,1.80298054670625,2.01560674211951,0.263053976,1.93930319319671,2.05762082731973,0.158304079,0.55173567126988,0.140910608851296
2.567325125,22.0792078513425,2.023010768,1.8048373020846,2.02505364607032,0.265381883,1.94222418071237,2.06315668747181,0.158616327,0.553935959502276,0.141899077474791
2.569201824,22.1928714772394,2.032356472,1.80663490036483,2.03441607026446,0.268178014,1.94513425975367,2.06871103719653,0.159126247,0.556141189309,0.142871049192483
2.571078524,22.3062399154409,2.041955585,1.80837264717853,2.04369319394487,0.271357347,1.94803261687788,2.07428001777918,0.159759156,0.558351083297534,0.143828536911918
2.572955223,22.4192980077556,2.051271811,1.81004986484914,2.05288316304962,0.274393723,1.95091844120949,2.07986240669609,0.160355527,0.560565358202034,0.144771501976899
2.574831923,22.5320308777864,2.060084827,1.81166590073369,2.06198416601463,0.277143561,1.95379093681512,2.0854569795284,0.160838107,0.562783734397666,0.145699913458778
2.576708623,22.6444235107201,2.068506139,1.81322012170317,2.0709943997807,0.279745036,1.95664931194741,2.09106248934052,0.161253954,0.565005927739153,0.146613744634358
2.578585322,22.7564609368529,2.076640288,1.81471191771032,2.07991208511911,0.282178462,1.9594927837261,2.09667767577494,0.161614322,0.567231653178441,0.147512974538153
2.580462022,22.8681284115392,2.084585124,1.81614070462624,2.08873548100327,0.284513476,1.96232058267575,2.10230127427494,0.161969051,0.569460628417895,0.148397589355126
2.582338722,22.9794110592076,2.092544234,1.81750592008887,2.09746285657038,0.286800181,1.9651319436889,2.10793199835325,0.162328161,0.571692566871443,0.149267579551442
2.584215421,23.0902940552112,2.100389757,1.81880702651388,2.10609250597157,0.289004463,1.96792611065323,2.11356854880111,0.16270293,0.57392718129369,0.150122941328923
2.586092121,23.200725790185,2.108280877,1.82003792419544,2.11461407275234,0.291139333,1.97070072810211,2.11920987565293,0.163072552,0.576164363101672,0.150962424943661
2.587968821,23.3107252722002,2.11607871,1.82120354990227,2.12303416163765,0.293235561,1.97345651075609,2.12485415327902,0.163465152,0.578403596389431,0.151787275946623
2.58984552,23.4202783647136,2.123960807,1.82230352949372,2.1313512734658,0.295348876,1.97619275459643,2.13050003700019,0.163885066,0.580644589386516,0.152597527125576
2.59172222,23.5293706570603,2.131860475,1.82333743763152,2.13956382721309,0.297410105,1.97890874718029,2.13614618511689,0.16432013,0.582887056446795,0.153393200254773
2.59359892,23.6379876233067,2.139665085,1.82430487334074,2.14767025523589,0.299430396,1.98160378092424,2.14179123581747,0.164784067,0.58513070805987,0.154174321301982
2.595475619,23.7461148007216,2.147491928,1.82520546209634,2.15566901723819,0.301451844,1.98427715760315,2.14743381654779,0.165266548,0.587375254488724,0.154940921713709
2.597352319,23.8537379633249,2.155314727,1.82603885717627,2.16355861312823,0.303461863,1.98692819263316,2.15307255338678,0.1657703,0.589620409418468,0.155693039543164
2.599229019,23.9608427778343,2.163141852,1.82680473679428,2.17133755772292,0.305490764,1.98955620657598,2.1587060533736,0.166294001,0.591865882835806,0.156430716926957
2.601105718,24.0674149797786,2.171071603,1.82750280572739,2.17900439414957,0.307578394,1.99216052953637,2.16433291392504,0.166839622,0.594111384669953,0.15715400127829
2.602982418,24.1734405441944,2.178874153,1.82813279620609,2.18655770608399,0.309640211,1.99474050531929,2.16995173221051,0.167408268,0.596356628435097,0.157862946324789
2.604859118,24.2789053469556,2.186682313,1.8286944656505,2.19399609357905,0.311702147,1.99729548317374,2.17556108757216,0.167991489,0.598601324101503,0.15855760972117
2.606735817,24.3837953382771,2.194365172,1.82918759785467,2.20131818587111,0.313739226,1.99982482207442,2.18115955096379,0.168596285,0.600845181735703,0.159238054152797
2.608612517,24.4880967103199,2.201994705,1.82961200343099,2.20852265297304,0.315771836,2.00232789474,2.18674569429821,0.169215405,0.603087915132631,0.159904348286347
2.610489217,24.591769448702,2.209684359,1.82996460150962,2.21560309689347,0.317835443,2.00480291444284,2.19231742163224,0.169837045,0.605329161069398,0.160555973587175
2.612365916,24.6947962751008,2.217210853,1.83024506840016,2.22255776260878,0.319865358,2.00724911686305,2.19787303713484,0.170486704,0.607568585151919,0.161192984447814
2.614242616,24.7971906093607,2.224760232,1.83045638036982,2.22939073893375,0.32196514,2.00966711076585,2.20341170798116,0.171144698,0.609805965786098,0.161816094340283
2.616119315,24.8989387665184,2.232274115,1.8305984578657,2.23610080958354,0.324071883,2.01205630621903,2.20893196515794,0.171822987,0.612041013133439,0.162425390551441
2.617996015,25.0000273640996,2.239710898,1.83067124679402,2.24268680323025,0.326203635,2.01441612845312,2.21443234602867,0.172528982,0.614273442503528,0.163020966037355
2.619872715,25.100442942606,2.247038515,1.83067471754859,2.24914756833416,0.328274102,2.0167460089212,2.21991137419499,0.173244158,0.616502966051277,0.163602917000612
2.621749414,25.2001721319659,2.254141736,1.83060886518287,2.25548198443495,0.330321213,2.01904538925711,2.22536756889523,0.173992783,0.618729296397576,0.16417134379133
2.623626114,25.2992018109872,2.261341781,1.83047370884524,2.26168897212713,0.332406061,2.02131372492092,2.23079945419211,0.174727076,0.620952150219477,0.164726351663544
2.625502814,25.3975187900397,2.268388765,1.83026929167557,2.26776747292852,0.334462198,2.02355047788239,2.23620554204782,0.175494655,0.623171241168802,0.165268048834835
2.627379513,25.4951099740921,2.275374508,1.82999568057635,2.27371645989021,0.336551904,2.02575512042237,2.24158434164993,0.176281775,0.625386283478062,0.165796547308751
2.629256213,25.5919625182985,2.282410147,1.82965296525052,2.27953494685304,0.338663999,2.02792713860243,2.2469343684746,0.177092753,0.627596995526221,0.166311963556751
2.631132913,25.6880635180851,2.289234751,1.82924125878606,2.28522196961642,0.340827399,2.03006602527148,2.25225412765363,0.177961438,0.629803092794649,0.166814416711081
2.633009612,25.7834001685434,2.296225222,1.82876069703382,2.29077659584637,0.34307615,2.03217128370018,2.25754212319894,0.178858164,0.632004291453757,0.167304029311993
2.634886312,25.8779599159282,2.302895637,1.82821143725764,2.29619793359596,0.345232428,2.0342424308658,2.26279686691204,0.179814397,0.634200311899884,0.167780927919013
2.636763012,25.9716612205605,2.309648514,1.82758780771961,2.30147353088166,0.347491377,2.036275979237,2.2680137316381,0.18078437,0.636390375172134,0.168244176302043
2.638639711,26.0645571864779,2.316183552,1.82689581992778,2.30661381533961,0.349632365,2.0382743459008,2.27319402410396,0.1818107,0.63857463622755,0.168694981716494
2.640516411,26.1566365850975,2.32269052,1.82613578738442,2.31161816727151,0.351865353,2.04023712549795,2.27833630163218,0.182877298,0.640752824892837,0.169133496165291
2.642393111,26.2478871601811,2.329348742,1.82530795987668,2.31648582322819,0.354192986,2.04216387678171,2.28343907170339,0.183985622,0.642924661520054,0.169559857919739
2.64426981,26.3382967656393,2.335617761,1.82441260754104,2.32121605191211,0.35640354,2.04405416909176,2.28850084441665,0.185196933,0.645089867365774,0.169974207811505
2.64614651,26.4278535097211,2.342253556,1.82345001888066,2.32580816141616,0.358859266,2.04590758530971,2.29352014108311,0.186414225,0.647248168069208,0.170376689734505
2.64802321,26.5165454669495,2.348556226,1.82242050318549,2.33026148398848,0.361169004,2.0477237158054,2.29849547860826,0.187732827,0.649399286755941,0.170767449180433
2.649899909,26.604360826683,2.354952677,1.82132438889234,2.33457538396069,0.363703358,2.04950216157838,2.30342537830674,0.189110683,0.651542947550311,0.171146633803218
2.651776609,26.691288032657,2.36146578,1.82016202124325,2.338749264216,0.366267642,2.05124253700878,2.30830837426185,0.190541189,0.653678879012789,0.171514393861456
2.653653309,26.7773155038841,2.367458907,1.81893376539248,2.34278255235925,0.368685711,2.05294446418525,2.31314299817107,0.192086304,0.655806807317418,0.171870880877171
2.655530008,26.8624317787697,2.373904238,1.81764000440456,2.346674707886,0.371389324,2.05460757584884,2.31792778794949,0.193634078,0.657926459728275,0.172216248139132
2.657406708,26.9466256498072,2.379875459,1.8162811365638,2.35042522787128,0.373872027,2.05623151793307,2.32266129582657,0.195284581,0.660037567991637,0.172550651089678
2.659283407,27.02988585,2.385947338,1.81485757995375,2.35403363272244,0.376516178,2.05781594346489,2.32734207123733,0.197011583,0.662139860481487,0.172874245936216
2.661160107,27.1121610010163,2.392366246,1.81336707498544,2.35749344331946,0.379317478,2.05935882138651,2.33196632574164,0.198745159,0.664232674871622,0.173186748962458
2.663036807,27.193436193615,2.397975893,1.81180997760391,2.36080383175369,0.381833988,2.0608596815834,2.33653228684608,0.200637535,0.666315681833617,0.173488315507355
2.664913506,27.2737428995223,2.404110316,1.81018963188676,2.36397080192309,0.384703259,2.06231999640796,2.34104096139595,0.202525632,0.668389021713362,0.173779582052826
2.666790206,27.3530705625227,2.410291783,1.80850652078084,2.36699401537391,0.387591571,2.06373946771742,2.34549094730172,0.204465326,0.670452432554286,0.174060710364491
2.668666906,27.4314086249369,2.415756514,1.80676114436475,2.3698731589982,0.390244404,2.06511780552349,2.34988084579571,0.206571467,0.672505650359764,0.1743318625259
2.670543605,27.5087466605525,2.421759765,1.80495401703658,2.37260795037445,0.393336834,2.06645473044719,2.35420926942626,0.208583981,0.674548412467834,0.174593201315903
2.672420305,27.5850744972565,2.427272878,1.80308566405088,2.37519814159518,0.396109195,2.06774997574389,2.35847484942714,0.210737094,0.676580460820335,0.174844890483119
2.674297005,27.6603819705827,2.432723359,1.8011566268402,2.37764351023606,0.399028863,2.06900328299121,2.36267622243414,0.212978849,0.678601535453739,0.175087093787976
2.676173704,27.7346590515403,2.438433273,1.7991674598736,2.37994386391237,0.402190661,2.0702144043267,2.36681203817047,0.215165833,0.680611377822937,0.175319975331504
2.678050404,27.8078959637919,2.443688214,1.79711872688286,2.38209904331434,0.405011278,2.0713831042467,2.3708809664593,0.217531444,0.682609734010551,0.175543699787027
2.679927104,27.8800829477859,2.448663076,1.7950110068188,2.38410891465143,0.407883592,2.07250915572613,2.37488168459758,0.219892045,0.684596348331692,0.175758431546675
2.681803803,27.9512103833023,2.454062981,1.79284489039095,2.3859733734215,0.411071573,2.07359234223452,2.37881288470551,0.222188112,0.686570966602376,0.175964335005016
2.683680503,28.0212689010094,2.458624077,1.79062097599521,2.38769234665412,0.413687202,2.07463245930528,2.38267328035647,0.224550699,0.688533339284727,0.176161574751432
2.685557203,28.0902491575173,2.463223,1.78833987628718,2.38926578683774,0.416512755,2.07562931109585,2.38646159465055,0.22699955,0.690483215214483,0.176350314816024
2.687433902,28.1580478591289,2.468327401,1.78599743230027,2.39068120473905,0.419734929,2.07657897152995,2.39017015689283,0.229374113,0.6924192275871,0.176530021277227
2.689310602,28.2247470831667,2.472603074,1.78359910638161,2.39195090518089,0.422418338,2.07748492168239,2.39380381439995,0.231827472,0.694342185853195,0.176701575733147
2.691187302,28.2903393402461,2.476569079,1.78114561566047,2.39307511757869,0.42518216,2.07834705503274,2.39736144006903,0.234310714,0.696251860335085,0.17686515126196
2.693064001,28.3548159059889,2.4811084,1.77863761455873,2.39405391384663,0.428310697,2.07916522016337,2.40084183190465,0.236706626,0.698148006813897,0.177020909713856
2.694940701,28.4181683048969,2.4849621,1.77607576201069,2.3948873941549,0.431029372,2.07993927713857,2.40424381223131,0.239169284,0.700030385773892,0.177169012415844
2.696817401,28.4803881042791,2.488278227,1.77346072902653,2.39557568332287,0.433748519,2.08066909481194,2.40756621701079,0.241637301,0.701898756353495,0.177309619575801
2.6986941,28.5414670218504,2.49211411,1.77079319444327,2.39611893247437,0.436779015,2.08135455223149,2.41080790215667,0.244017188,0.703752879444717,0.17744289046585
2.7005708,28.6013970215181,2.495256423,1.76807384012299,2.39651731917144,0.439340082,2.08199553958252,2.41396774901316,0.246423923,0.705592520646877,0.177568983529732
2.702447499,28.6601700881607,2.497886822,1.76530336057604,2.39677104521621,0.442008849,2.08259195565102,2.41704465286743,0.248850307,0.70741744339607,0.177688055811646
2.704324199,28.717778483779,2.500890428,1.76248245096276,2.39688033793409,0.444878846,2.08314371050196,2.42003753687791,0.251189347,0.709227416828083,0.17780026341081
2.706200899,28.7742145282505,2.502942214,1.75961181699151,2.39684544871636,0.447104816,2.08365072317256,2.42294534099907,0.253513674,0.711022208983884,0.177905760952176
2.708077598,28.8294706970424,2.504858874,1.75669217021977,2.39666665337704,0.449537302,2.08411292268761,2.4257670275685,0.255770512,0.712801589788343,0.178004701715983
2.709954298,28.8835397066599,2.507132225,1.75372422284292,2.39634425100146,0.452336516,2.08453024860716,2.42850158599431,0.257987705,0.714565333869869,0.178097237700344
2.711830998,28.9363636052844,2.508137384,1.75070672403307,2.3958725351111,0.45427951,2.08490075199442,2.43114425959867,0.260201536,0.716312534815495,0.178183262485621
2.713707697,28.987931285136,2.509009031,1.74764038374947,2.39525153812791,0.456348874,2.08522427189646,2.43369371888287,0.262303427,0.718042895690462,0.178262930000159
2.715584397,29.0382894508106,2.510065943,1.74452805716209,2.3944880469894,0.458618449,2.08550279094504,2.4361529775371,0.26433352,0.719756907964166,0.178336666601711
2.717461097,29.0874314070126,2.510264299,1.74137047988748,2.39358245873337,0.460307072,2.08573628993427,2.43852112344324,0.266352055,0.72145435182627,0.178404617142977
2.719337796,29.1353506199854,2.510205465,1.73816839097892,2.39253519216353,0.46203094,2.08592475933668,2.44079726965314,0.268238231,0.723135009514551,0.178466924696902
2.721214496,29.1820407922516,2.510285059,1.73492252735169,2.39134668543247,0.463992273,2.08606819945291,2.44298055821541,0.270052604,0.72479866798964,0.178523730585808
2.723091196,29.2274957092712,2.509415028,1.7316336336378,2.390017398852,0.465294711,2.086166619722,2.44507015320467,0.271830631,0.726445113573031,0.178575174123144
2.724967895,29.2717093205223,2.508286298,1.72830245685217,2.38854781320791,0.466671778,2.08622003910396,2.44706524500684,0.273506599,0.72807413470935,0.178621392676774
2.726844595,29.3146758076917,2.507329794,1.72492974061419,2.38693842660417,0.468242726,2.08622848599206,2.4489650536177,0.275069653,0.72968552454934,0.178662521678618
2.728721295,29.3563894441434,2.505548052,1.72151623546731,2.38518975873412,0.469267627,2.08619199798993,2.45076882261441,0.276596846,0.731279075766723,0.178698694429778
2.730597994,29.3968446695534,2.503314998,1.71806269332952,2.38330234845073,0.470319867,2.08611062205654,2.45247582292587,0.278019787,0.73285458323233,0.178730042141871
2.732474694,29.4360361514546,2.501311014,1.71456986152533,2.3812767498844,0.471570123,2.08598441418215,2.45408535558904,0.279318106,0.734411846501785,0.178756693929289
2.734351394,29.4739586577148,2.498532201,1.7110384935455,2.37911353816134,0.472317631,2.08581343963115,2.4555967466884,0.280582737,0.735950664818338,0.178778776672893
2.736228093,29.5106071246211,2.49511406,1.70746934329569,2.37681330624059,0.473015983,2.08559777285002,2.45700935059593,0.281759359,0.737470839695185,0.178796415041584
2.738104793,29.5458666826337,2.492034783,1.70386006326625,2.37436503900954,0.473972105,2.08533368521091,2.45831397786638,0.282823081,0.738970543977161,0.178809373429513
2.739981493,29.5798401184829,2.488231693,1.70021459796875,2.37178093108272,0.474485694,2.08502504290261,2.45951838064738,0.283845963,0.740451156407637,0.178818146716745
2.741858192,29.6125245781902,2.483815322,1.69653374801144,2.36906180676201,0.47476301,2.08467200777429,2.46062213716536,0.284764167,0.741912510471218,0.178822857533318
2.743734892,29.6439157737135,2.479643541,1.69281825932057,2.36620832520496,0.475493496,2.08427469223813,2.46162472802894,0.28557005,0.74335441993387,0.178823620577487
2.745611591,29.6740095165764,2.474663554,1.68906888440528,2.36322116651974,0.475731839,2.08383321821917,2.46252566100346,0.286379509,0.744776697807963,0.178820548149062
2.747488291,29.7028018537678,2.469247875,1.68528636629058,2.36010101932968,0.475662958,2.08334771545181,2.4633244756236,0.287025755,0.746179162544627,0.178813750134352
2.749364991,29.7302889531702,2.464083466,1.68147145216237,2.35684859118998,0.476150442,2.08281832296569,2.46402073981624,0.287567491,0.747561632708408,0.178803333987997
2.75124169,29.7564671559635,2.458089586,1.67762488720943,2.35346460376846,0.47622337,2.08224518844296,2.46461405183262,0.288154994,0.748923929331499,0.178789404719509
2.75311839,29.781333015404,2.451613279,1.67374740813355,2.34994978664967,0.476079121,2.08162846711722,2.4651040410993,0.288622202,0.750265878059513,0.17877206484404
2.75499509,29.8048832138378,2.445438628,1.66983975520824,2.34630488775693,0.476288147,2.08096832354824,2.46549036650951,0.288957764,0.751587304821998,0.178751414412601
2.756871789,29.8271146082686,2.438497199,1.66590266596493,2.34253066784682,0.476130124,2.08026493074674,2.46577271778656,0.289302686,0.752888038083504,0.178727550984821
2.758748489,29.8480242621814,2.43074152,1.66193686857284,2.33862789365322,0.475619333,2.07951846884617,2.46595081575326,0.28955526,0.754167910880139,0.178700569569328
2.760625189,29.8676093762149,2.423370416,1.65794309423076,2.33459734967559,0.475389734,2.07872912732736,2.46602441166699,0.289656595,0.755426756703862,0.178670562694047
2.762501888,29.8858112415055,2.415676585,1.6539209561806,2.3304345159511,0.475119717,2.0778953138453,2.46598886299909,0.289732822,0.75666351029184,0.178637500761935
2.764378588,29.9026236487843,2.406821209,1.64987120442238,2.32613997921551,0.474246905,2.07701715245862,2.46584368838696,0.289778667,0.757877934200715,0.178601475703147
2.766255288,29.9181038140309,2.398375144,1.6457957766945,2.32172024472606,0.473776788,2.07609677045367,2.46559343241681,0.289660936,0.759070819797436,0.178562702931685
2.768131987,29.932249690426,2.38997598,1.64169538767867,2.31717614318009,0.473482902,2.07513439206745,2.46523798110731,0.289517571,0.76024201181674,0.178521264048446
2.770008687,29.9450594281552,2.380305439,1.63757074112301,2.31250850757518,0.47243031,2.07413024782832,2.46477725127623,0.289347765,0.76139135951482,0.178477238050517
2.771885387,29.9565313280193,2.370615201,1.63342254274621,2.30771818723151,0.471572481,2.07308457751449,2.46421119161246,0.289043652,0.762518712922032,0.178430701463234
2.773762086,29.9666638684473,2.361386254,1.62925149358428,2.30280604054295,0.471259897,2.0719976286706,2.46353978247058,0.288663113,0.76362392480354,0.178381728285766
2.775638786,29.9754557185433,2.351042492,1.62505828309748,2.29777292645407,0.470459914,2.0708696546898,2.46276303455505,0.288336813,0.764706852390781,0.178330389911891
2.777515486,29.9829057055757,2.340758079,1.62084360234262,2.29261971978382,0.46947001,2.06970091820334,2.46188099105255,0.287851157,0.765767353862416,0.178276755293074
2.779392185,29.9890128349648,2.3306481,1.61660813721178,2.28734730335001,0.469114855,2.06849168937553,2.46089372684011,0.287300787,0.766805290191016,0.178220890874801
2.781268885,29.9937762962573,2.319636986,1.61235256145463,2.28195655884985,0.468368903,2.06724224377307,2.4598013465831,0.286790476,0.767820526755609,0.178162860510459
2.783145585,29.9971954445412,2.30829684,1.60807755009554,2.27644838345768,0.467419198,2.06595286617675,2.45860398792805,0.2861748,0.768812930055778,0.178102725652616
2.785022284,29.9992698133789,2.297339155,1.60378377257599,2.27082368133937,0.467011973,2.06462384865896,2.45730182012382,0.285432235,0.769782369441793,0.178040545281069
2.786898984,29.999999113702,2.285511045,1.59947188570406,2.26506821415362,0.466255215,2.06325548824512,2.45588630084706,0.284753378,0.770728718605954,0.17797637581049
2.788775684,29.9992680407829,2.273274947,1.59514111879741,2.24671521285071,0.465347061,2.06184478009364,2.44715637507028,0.284001712,0.771649852114227,0.177910110799187
2.790652383,29.9971901270332,2.261614031,1.59079365150376,2.22861597943709,0.464917818,2.06039535828292,2.43853568732462,0.28314051,0.772547595202442,0.177841969079603
2.792529083,29.9937674346769,2.249224889,1.5864301436234,2.21076167692269,0.464206894,2.05890759413296,2.43002002095533,0.28237264,0.77342186158212,0.177772001557326
2.794405782,29.9890004334375,2.236195971,1.58205123509529,2.19314414697243,0.463297413,2.05738181739929,2.42160546152462,0.281544763,0.77427253534203,0.17770025435418
2.796282482,29.9828897606083,2.223781339,1.57765755025608,2.17575547770405,0.462789457,2.05581836130695,2.4132882076033,0.28060405,0.77509950533499,0.17762677107723
2.798159182,29.9754362353795,2.211066426,1.57324971405778,2.15858806123188,0.462261744,2.0542175680582,2.40506459955349,0.279776777,0.77590266196193,0.177551593103686
2.800035881,29.9666408552224,2.197532989,1.56882834504198,2.14163455631046,0.461391632,2.0525797864192,2.39693110297568,0.278939505,0.776681898620349,0.177474759494245
2.801912581,29.956504778251,2.184693612,1.56439404817233,2.12488785354728,0.461038096,2.05090536891584,2.38888429318445,0.278023646,0.777437112904395,0.177396306889683
2.803789281,29.9450293510945,2.171907699,1.55994742891354,2.10834112159379,0.46076922,2.04919467697664,2.38092087849381,0.277185809,0.778168204126909,0.177316269781179
2.80566598,29.9322160982066,2.157952669,1.5554890861464,2.09198777173614,0.460000198,2.04744807831843,2.37303768431992,0.276398961,0.778875074643799,0.177234680417345
2.80754268,29.9180666971904,2.144847443,1.55101960496165,2.07582142479231,0.459834817,2.04566594395328,2.36523163819344,0.275552092,0.779557630926486,0.177151568695673
2.80941938,29.902583020568,2.13204738,1.54653957088666,2.05983595591372,0.459927916,2.04384865370603,2.35749979231013,0.274801101,0.780215781334601,0.177066962452007
2.811296079,29.8857671180279,2.118154393,1.5420495627512,2.04402546093733,0.459427789,2.04199659340485,2.34983930822154,0.274138361,0.780849437314377,0.176980887361655
2.813172779,29.8675652430384,2.104766436,1.53754977600482,2.02839109644792,0.459391502,2.04010872174833,2.34225020882142,0.273415277,0.781457474444105,0.17689330691842
2.815049479,29.8479766310138,2.091989375,1.53304083104529,2.01292707274038,0.459826457,2.03818540293118,2.33472968789738,0.272757163,0.782039733585246,0.176804241433088
2.816926178,29.8270634978662,2.078410817,1.52852370462125,1.9976205961494,0.459800448,2.0362285814128,2.32727218261161,0.272243896,0.782597237854355,0.176713774345598
2.818802878,29.8048286098038,2.064903867,1.52399893915877,1.98246661343709,0.460026007,2.03423866435335,2.31987528619462,0.271683922,0.783129912859343,0.176621922202832
2.820679578,29.7812749375958,2.052186425,1.51946707752692,1.9674602818417,0.460770399,2.03221606739204,2.31253670018712,0.271143905,0.783637686393407,0.17652869969898
2.822556277,29.756405627077,2.038693737,1.51492865585225,1.95259693830116,0.461020359,2.03016121152444,2.30525422004182,0.270738487,0.784120489419138,0.176434119568325
2.824432977,29.7302239558741,2.025240125,1.51038419626343,1.93787207040601,0.46151551,2.02807451963671,2.29802572137814,0.270279121,0.784578256792897,0.176338192464251
2.826309677,29.7027334118508,2.012510278,1.50583422142115,1.92328135851024,0.462536672,2.02595642295558,2.29084918108196,0.269835495,0.785010925719827,0.176240927294985
2.828186376,29.6739376566418,1.998880486,1.50127924730731,1.90882064627959,0.462882331,2.02380735774771,2.28372266334397,0.269475645,0.785418436607752,0.176142331110734
2.830063076,29.64384047552,1.98548035,1.49671977596186,1.89448591280043,0.463597752,2.02162776169063,2.27664430627618,0.26908164,0.785800733659079,0.176042408977368
2.831939776,29.612445869424,1.972599122,1.49215631008675,1.88027331377168,0.464609408,2.01941808064686,2.2696123425765,0.268677381,0.786157763586341,0.175941164327555
2.833816475,29.579758011573,1.958902956,1.48758934581776,1.86617915325521,0.465038192,2.01717876519267,2.26262508595956,0.268352853,0.786489476334638,0.175838598842264
2.835693175,29.5457811905457,1.94541046,1.4830193654612,1.85219985683712,0.465771419,2.01491026683315,2.25568091810078,0.267958818,0.786795825540162,0.175734712318874
2.837569874,29.5105199352887,1.932512151,1.47844685459085,1.83833201932598,0.466793138,2.01261304632611,2.24877831257904,0.267574159,0.787076767373178,0.175629503094144
2.839446574,29.4738697939489,1.918789516,1.47387215387329,1.82458128308457,0.467278502,2.01028519194017,2.2419190969712,0.267231312,0.787330079429614,0.175522853551769
2.841323274,29.4359439300434,1.905256157,1.46929594730616,1.81093513405966,0.467982317,2.00792959571885,2.23509840317584,0.266816124,0.787557866419101,0.175414869680952
2.843199973,29.3967491260614,1.89227475,1.46471869974116,1.79739044515342,0.46900635,2.0055467689411,2.22831488865789,0.266386512,0.787760129501188,0.175305546244848
2.845076673,29.3562905516581,1.878559436,1.46014085983872,1.78394433304779,0.469508867,2.0031371851507,2.22156732221143,0.266022187,0.787936839253666,0.17519487453889
2.846953373,29.314573602831,1.864922974,1.45556287748336,1.77059405311765,0.470102678,2.00070132547447,2.21485455025542,0.265575829,0.788087969140574,0.17508284455654
2.848830072,29.2716038426108,1.851978453,1.45098519655125,1.75733697377371,0.471160846,1.99823967478022,2.20817548408796,0.26510043,0.788213495923379,0.174969444857382
2.850706772,29.2273869285981,1.838375946,1.44640824767887,1.74417055192692,0.471738375,1.99575271755845,2.20152908753615,0.264686308,0.788313399805157,0.174854662421253
2.852583472,29.18192874918,1.824694131,1.44183246298979,1.73109237193385,0.47227851,1.99324094566426,2.19491439659005,0.264205211,0.788387664025488,0.174738483049154
2.854460171,29.1352353575443,1.811647764,1.4372582688682,1.71810012079898,0.473261879,1.99070485433056,2.18833050693604,0.263690127,0.7884362751373,0.174620891224864
2.856336871,29.087312892735,1.798292986,1.43268607874788,1.70519156440178,0.473963139,1.98814493792167,2.18177656184894,0.263225619,0.788459223016,0.1745018699621
2.858213571,29.0381677287475,1.784617502,1.42811630783693,1.69236458583811,0.474514844,1.98556169793102,2.17525177158009,0.262725961,0.78845650072045,0.174381401220352
2.86009027,28.9878064019595,1.771495732,1.42354936590336,1.67994248482289,0.475396958,1.98295563885794,2.16893527400766,0.262139438,0.788428104635006,0.174259465759658
2.86196697,28.9362355258176,1.758121247,1.41898565009013,1.6699545459961,0.476044073,1.980327263842,2.1639491724116,0.261606119,0.788374034343522,0.174136042980268
2.86384367,28.8834116271932,1.744288679,1.41442573113024,1.66001451113986,0.476520837,1.97767618894533,2.15896752041814,0.261001039,0.78829321170302,0.174011046697198
2.865720369,28.8293394978006,1.731208754,1.40987006864932,1.65012247105776,0.477348738,1.97500294204091,2.15399064505501,0.260386644,0.788185574917044,0.173884446753962
2.867597069,28.7740801722778,1.717631566,1.40531887961587,1.64027632623587,0.477819608,1.9723090112,2.14901862854093,0.259777523,0.788052285232636,0.1737562866693
2.869473769,28.7176410211309,1.703933128,1.40077254680524,1.63047605867707,0.478290599,1.96959491447374,2.14405175714919,0.25910335,0.787893356454272,0.173626541484429
2.871350468,28.6600295714315,1.69070665,1.39623144828418,1.62072165499138,0.47895534,1.96686117209158,2.13909032169501,0.258389478,0.787708805724893,0.173495185296218
2.873227168,28.6012534111273,1.676969081,1.39169595028373,1.61101309076338,0.479250061,1.96410830191568,2.13413460949156,0.257716597,0.787498653174292,0.173362191082985
2.875103868,28.541320371363,1.663449165,1.3871664218457,1.60135036163906,0.47968575,1.96133682803599,2.12918492009084,0.256943945,0.787262922489426,0.173227531162364
2.876980567,28.4802384368529,1.649977148,1.38264322767103,1.59173346746898,0.480118417,1.95854727632507,2.12424155720689,0.256143893,0.787001640695448,0.17309117702537
2.878857267,28.4180156441662,1.636509131,1.37812672103117,1.58216239693652,0.480454244,1.9557401697976,2.1193048206994,0.255423138,0.786714837669636,0.172953099153008
2.880733966,28.3546603102624,1.623026479,1.37361726075678,1.57263716324602,0.480728139,1.95291603890957,2.11437502487012,0.254493096,0.786402547153523,0.172813267566347
2.882610666,28.2901807656958,1.609500888,1.36911519211733,1.56315776323856,0.480935266,1.95007540945261,2.10945247728866,0.253631675,0.786064805516976,0.172671651275744
2.884487366,28.2245855890353,1.595555259,1.36462086377558,1.55372421285482,0.480849924,1.94721881294183,2.10453749704954,0.252664454,0.785701652902402,0.17252821883969
2.886364065,28.1578835070447,1.582374802,1.36013462069081,1.54433653171093,0.481071535,1.94434678200313,2.09963040673623,0.25165955,0.785313132781187,0.17238293818388
2.888240765,28.0900832832477,1.56865192,1.35565679710442,1.53499472815869,0.480925786,1.94145984559555,2.09473152446339,0.250650823,0.784899291244962,0.172235776401039
2.890117465,28.0211016446782,1.554892673,1.35118851430301,1.52570276077735,0.480670196,1.93855736236359,2.08984194371904,0.249559582,0.784458020773623,0.1720865329531
2.891994164,27.9510403226436,1.541617044,1.34672939818466,1.51645679676057,0.480605508,1.93564112526351,2.08496130765414,0.248396052,0.783991508575832,0.171935332207613
2.893870864,27.8799100348975,1.527937779,1.34227976019495,1.50725679358215,0.480225175,1.93271168489088,2.08008993281128,0.247242361,0.783499845990873,0.171782142165834
2.895747564,27.8077202633601,1.514026211,1.33783992794964,1.49810278961757,0.479560162,1.92976957726742,2.07522815796693,0.245981914,0.782983093824164,0.171626928019495
2.897624263,27.7344806305293,1.500708121,1.33341022620424,1.48899482647015,0.479183457,1.92681533864224,2.07037632444954,0.244647006,0.782441316181762,0.171469654571149
2.899500963,27.6602007787353,1.487184724,1.32899096992507,1.47993293446883,0.478620707,1.92384950060318,2.06553476825496,0.243299722,0.781874579540779,0.171310286014833
2.901377663,27.5848906024041,1.473240243,1.32458247858787,1.47091716177339,0.477761602,1.92087259937843,2.06070383541358,0.241920447,0.781282954459466,0.171148786473924
2.903254362,27.5085601327352,1.459910721,1.32018506919428,1.46194755964191,0.477190745,1.91788517101011,2.05588387405079,0.240460352,0.780666514777085,0.170985119792037
2.905131062,27.431219411614,1.446224966,1.31579904939933,1.45302416818375,0.476295097,1.91488774641218,2.05107522655669,0.238983009,0.780025336553847,0.170819249301431
2.907007762,27.3528787345742,1.432333698,1.3114247316954,1.44414704499761,0.475288334,1.91188086078776,2.046278244839,0.237452764,0.77935950003921,0.170651138382181
2.908884461,27.2735485299649,1.418782193,1.30706242647886,1.43531625069222,0.474400285,1.90886504874047,2.04149328243221,0.235870762,0.77866908874005,0.170480750241378
2.910761161,27.1932392276992,1.404787039,1.30258316051999,1.42653183489351,0.473118765,1.90577464234463,2.0367206867282,0.234277548,0.777954188231514,0.170308047668582
2.912637861,27.1119615125699,1.391107224,1.29717964729681,1.41779386441224,0.471918715,1.90219680736387,2.03196081410357,0.232627538,0.777214888380922,0.170132993617461
2.91451456,27.0296864053938,1.377485366,1.29178728452446,1.40910437042289,0.470675293,1.89861416426517,2.02721458978873,0.230957404,0.776450263596394,0.169955448618086
2.91639126,26.9464236703318,1.363363327,1.2864068019012,1.40046355043438,0.469102141,1.89502756490411,2.0224824523694,0.229272568,0.775660356343117,0.169775363265624
2.91826796,26.8622273401602,1.349762408,1.28103832419753,1.39186939493947,0.467704976,1.89143796473897,2.01776417411204,0.227503809,0.774846357087823,0.169592807627409
2.920144659,26.7771086384237,1.336024345,1.27568244397386,1.38332198376114,0.466099525,1.88784610193035,2.01306011523286,0.225735065,0.77400836940149,0.169407744594804
2.922021359,26.6910787730121,1.322114315,1.27033973406629,1.37482138609244,0.464353246,1.88425269890604,2.00837062888302,0.223959465,0.773146498647062,0.169220136837827
2.923898058,26.6041492524048,1.308597143,1.26501076836002,1.36636769237016,0.462695833,1.88065847600443,2.00369607852834,0.222099124,0.772260855098648,0.16902994752818
2.925774758,26.5163315184422,1.294790615,1.25969609975124,1.35796097799582,0.460788519,1.87706413637934,1.99903681778177,0.220245342,0.771351550280045,0.16883713957383
2.927651458,26.4276372672763,1.281116706,1.25439628075329,1.34779703384899,0.458808811,1.8734703795997,1.99349855573368,0.218345407,0.770418700207463,0.168641676354575
2.929528157,26.338078311423,1.26759197,1.24911185559295,1.33573702364648,0.456818675,1.86987789607501,1.98701912394681,0.216381209,0.769462424027886,0.16844352145659
2.931404857,26.2476664326595,1.253689428,1.24384335241965,1.32372769841521,0.454470425,1.86628736146576,1.98057239568376,0.21441784,0.768482842411531,0.168242638378885
2.933281557,26.156413667145,1.240035935,1.2385913007717,1.31176926820697,0.452127846,1.86269944830154,1.9741589321754,0.212358832,0.767480080603417,0.168038991197917
2.935158256,26.0643321627587,1.226650941,1.23335622362743,1.29986196242877,0.449833245,1.85911482034565,1.96777929595074,0.210291113,0.766454266936696,0.167832544287394
2.937034956,25.9714340276905,1.212745213,1.22813862959473,1.28800601054642,0.447170088,1.85553412697251,1.96143404019416,0.208213293,0.765405531104252,0.167623262008748
2.938911656,25.8777316242546,1.199313473,1.22293903010013,1.27620167967604,0.444589487,1.85195801470747,1.95512372855805,0.206054755,0.764334007450355,0.167411109403426
2.940788355,25.7831709422486,1.185672653,1.21775956489229,1.2644537264792,0.441809878,1.84838763164725,1.94885201916512,0.203886348,0.763237909481256,0.16719579984773
2.942665055,25.6878321937975,1.171935639,1.21259921357075,1.25275809679456,0.438856799,1.84482321634353,1.94261652529136,0.201678355,0.762119295565135,0.166977540415293
2.944541755,25.5917291829336,1.158479799,1.20745844646913,1.24111504429921,0.435927773,1.84126537997487,1.93641775814551,0.199420555,0.760978341377495,0.166756301558938
2.946418454,25.4948747162088,1.144562892,1.20233775585214,1.22952491156704,0.432679227,1.8377147326739,1.93025627621543,0.197163316,0.759815194117572,0.166532050170087
2.948295154,25.397281543371,1.131108157,1.19723762232017,1.21798803910875,0.429516165,1.8341718705524,1.92413262558659,0.194858622,0.758630002043151,0.16630475328205
2.950171854,25.2989626647097,1.117436639,1.19215853149845,1.20650480209996,0.426162366,1.83063738707239,1.91804735918727,0.192549162,0.757422918151504,0.166074378810306
2.952048553,25.1999311768084,1.103826893,1.18710096606578,1.1950755913198,0.422727963,1.82711186734998,1.91200102634276,0.190235411,0.756194098368971,0.165840895229074
2.953925253,25.1002001106967,1.090478124,1.18206539798228,1.18370079465258,0.419316703,1.82359588253915,1.90599416273784,0.187876685,0.75494369951168,0.165604271215414
2.955801953,24.9997827467494,1.076843506,1.17705230490139,1.17238083327127,0.415686301,1.82009000109716,1.90002730928967,0.185555499,0.753671883193794,0.165364476420219
2.957678652,24.8986924564971,1.063574186,1.1720621622481,1.1611161428648,0.412119442,1.81659478310943,1.89410100192438,0.183183855,0.752378813900348,0.165121481127703
2.959555352,24.7969425372883,1.050232839,1.16709543551555,1.14990715544125,0.408438679,1.81311077471584,1.88821576178072,0.180824916,0.751064656836609,0.164875255881362
2.961432052,24.6945465342926,1.037017417,1.16215259639207,1.13875433495031,0.404730895,1.80963851925672,1.88237211369328,0.178497445,0.749729582058269,0.164625772286717
2.963308751,24.591518078595,1.024041748,1.15723411490532,1.12765815880311,0.401028583,1.80617855163409,1.87657057620189,0.176141123,0.748373762430165,0.16437300265316
2.965185451,24.4878453402129,1.010931093,1.15234151848138,1.11662152750032,0.397162315,1.8027319565398,1.8708134691818,0.173806494,0.746996514379981,0.164116778930719
2.96706215,24.3835424341569,0.998039069,1.1474754135408,1.10564518475881,0.393324274,1.79929936278919,1.86510149124766,0.171452129,0.745597985451059,0.163857062064803
2.96893885,24.2786508375847,0.9853098,1.14263514317344,1.09472706826673,0.389478996,1.79588069568684,1.85943321461469,0.169113364,0.744179278120954,0.163593975176128
2.97081555,24.1731845253543,0.972586829,1.13782117219065,1.08386771006956,0.385551396,1.79247645348558,1.85380912632964,0.166810431,0.742740576917666,0.163327493838799
2.972692249,24.067157548484,0.960113862,1.1330339644553,1.0730676538168,0.381653274,1.78908712582216,1.84822970500157,0.164498655,0.741282069057472,0.163057594448651
2.974568949,23.9605838615725,0.947683477,1.1282739753789,1.06232743729522,0.377704877,1.7857131882952,1.84269541162317,0.162211734,0.739803942045728,0.162784253804285
2.976445649,23.8534776595683,0.935294902,1.12354166732987,1.05164762667369,0.373721401,1.78235511327786,1.83720670709718,0.159952167,0.738306388301583,0.162507449986845
2.978322348,23.7458532080765,0.923106294,1.11883750197043,1.0410287987293,0.369707425,1.77901336441747,1.83176404284533,0.157692175,0.736789602861066,0.16222716195799
2.980199048,23.6377246680882,0.91100228,1.1141619328721,1.03047152370386,0.365668392,1.77568839130015,1.82636785190243,0.155477276,0.735253780877067,0.16194336912135
2.982075748,23.5291064382932,0.899037514,1.10951254810049,1.01997639892318,0.361624811,1.77238632161396,1.82101856599976,0.153273682,0.733698833030595,0.161656052237021
2.983952447,23.4200129824554,0.887223054,1.10488468120701,1.00954403133592,0.35754755,1.76911661382788,1.8157166064394,0.151106856,0.732124490469786,0.161365193000332
2.985829147,23.3104586516986,0.875537669,1.10027925874603,0.999175020702261,0.353470207,1.76587515627006,1.81046237546905,0.148974209,0.730531148246157,0.161070773583389
2.987705847,23.2004580318768,0.864072431,1.09569590688769,0.988869992566542,0.349419804,1.76266169204892,1.80525627290799,0.146880096,0.728919023041925,0.160772777585003
2.989582546,23.0900257682609,0.852758018,1.09113433745793,0.978629581117405,0.345375998,1.75947600223787,1.80009868729525,0.14483148,0.727288333951464,0.160471189589872
2.991459246,22.9791422053748,0.841628881,1.08659616696032,0.968460060003552,0.341358717,1.75632024205668,1.79499420621364,0.142820879,0.725637753299003,0.160165684803273
2.993335946,22.867858504637,0.830716692,1.08207944869396,0.958356649929398,0.337375434,1.75319193009284,1.78993911170817,0.140861011,0.723969068430231,0.159856552267962
2.995212645,22.7561900790405,0.819972215,1.07758410462623,0.948319919466198,0.333405781,1.75009091029517,1.78493368422655,0.138952122,0.722282532010587,0.159543785028784
2.997089345,22.6441516257028,0.809414947,1.07311014103599,0.938350520771245,0.329479235,1.74701708498474,1.77997825309807,0.137105885,0.720578370364875,0.1592273715778
2.998966045,22.531758068036,0.799064973,1.06865762792271,0.928449129132243,0.325564861,1.74397038336885,1.77507314324447,0.135302053,0.718856814716653,0.158907301963004
3.000842744,22.4190243764993,0.788912908,1.06422668752933,0.918616426384324,0.321696827,1.74095075421013,1.77021866682013,0.133566864,0.717118098519794,0.15858356731349
3.002719444,22.3059653856028,0.778993994,1.05981748336712,0.908853085034323,0.31787365,1.73795815894399,1.7654151153871,0.131887727,0.71536245460782,0.158256159326103
3.004596144,22.1925961523184,0.76932439,1.05543023070563,0.899159799399938,0.314097991,1.73499257937476,1.7606627752781,0.130279273,0.71359012071805,0.157925071311744
3.006472843,22.0789317748156,0.759885396,1.05106518598687,0.889537269374669,0.31039912,1.73205401095006,1.75596191952958,0.128741794,0.711801336729377,0.157590297700277
3.008349543,21.9649872079626,0.750675248,1.04672263669481,0.879986184923306,0.306725642,1.72914245645103,1.75131280035992,0.127259195,0.709996341725835,0.157251833506638
3.010226242,21.8507776859258,0.741707696,1.04240291458712,0.870507261507871,0.303117291,1.72625793533466,1.74671566645761,0.125853315,0.708175380671505,0.156909675598263
3.012102942,21.7363182342808,0.732959825,1.03810637440016,0.861101199125958,0.299555611,1.72340046990269,1.74217074308552,0.124513237,0.706338696670534,0.156563821259433
3.013979642,21.6216240940039,0.72439856,1.03383340734273,0.851768717361529,0.296003667,1.72057009472891,1.73767824912078,0.123221999,0.704486537725069,0.156214269477114
3.015856341,21.5067020394556,0.716087277,1.0295854618163,0.842513698925989,0.292530418,1.7177679938057,1.73324061174534,0.122025003,0.702618525592057,0.155860864987551
3.017733041,21.391568769916,0.708022738,1.02536311020846,0.833337173262423,0.28910066,1.71499429341851,1.72885818969744,0.120884038,0.700734902387719,0.155503598395531
3.019609741,21.2762494447782,0.700239879,1.02116574663247,0.824236534488034,0.285763502,1.71224782673496,1.72452879183219,0.11983117,0.698836605659655,0.155142638618899
3.02148644,21.1607594241977,0.692675262,1.01699386307394,0.815212517335294,0.282456756,1.70952864802667,1.72025257650205,0.118835151,0.69692389165835,0.154777989754585
3.02336314,21.0451139058476,0.685399616,1.01284796286311,0.806265844783936,0.279241843,1.70683680922343,1.71602968103837,0.117933491,0.694997015393248,0.154409656522204
3.02523984,20.9293282920358,0.678366611,1.00872857235543,0.797397256672176,0.276082994,1.70417236785536,1.71186023543331,0.117100343,0.693056236701318,0.154037645433788
3.027116539,20.8134180035867,0.671529363,1.00463623260178,0.788607494707595,0.272962361,1.70153538190401,1.70774435530254,0.116322921,0.691101817201288,0.15366196422977
3.028993239,20.6973982922259,0.664964103,1.00057149139327,0.779897288290893,0.269924392,1.69892590499805,1.70368213541555,0.115648648,0.689134017102148,0.153282621276225
3.030869939,20.5812846091855,0.658634879,0.996534914964857,0.771267382316043,0.266923219,1.69634399424789,1.6996736628533,0.115032904,0.687153101416591,0.152899626771793
3.032746638,20.4650924182012,0.652559326,0.992527080077179,0.76271852258263,0.264001818,1.69378970540532,1.69571901028074,0.114489025,0.685159336839606,0.152512992163246
3.034623338,20.3488370075381,0.64674075,0.988548566473315,0.754251442046548,0.261147445,1.69126308835884,1.69181822979046,0.114023712,0.683152988490338,0.152122729522633
3.036500038,20.2325338595609,0.641199817,0.984599968531518,0.745866887784494,0.25837839,1.68876419482623,1.68797136553172,0.113647064,0.681134326261459,0.151728852791118
3.038376737,20.1161984631103,0.635902601,0.980681887716143,0.737565606821062,0.255665079,1.68629307379336,1.68417844729443,0.113345777,0.679103621626601,0.151331377174291
3.040253437,19.9998461254375,0.630861489,0.976794925408672,0.729348332819894,0.253020444,1.6838497672816,1.6804394846657,0.113125508,0.67706114432024,0.150930318499488
3.042130137,19.8834937877647,0.626041024,0.972942470640792,0.721223135436779,0.250446478,1.68143670388184,1.67675909163334,0.112975278,0.67500621348709,0.150525391534404
3.044006836,19.7671584399112,0.621440336,0.969122527961332,0.713183699679329,0.247914325,1.67905158263361,1.67313271429483,0.112886509,0.67294009660483,0.150116917018078
3.045883536,19.6508553891207,0.617077553,0.965335666881137,0.705230634569893,0.245455308,1.67669439320232,1.66956023817395,0.112863466,0.670863084659362,0.149704920102583
3.047760236,19.5346001242184,0.6129459,0.961582511112834,0.697364682429444,0.243064046,1.67436516485681,1.66604161831853,0.112909951,0.668775456803861,0.149289422744183
3.049636935,19.4184081275459,0.609023709,0.957863685948436,0.68958658349708,0.240731206,1.67206392231864,1.66257679585996,0.113018168,0.666677493548999,0.148870448187363
3.051513635,19.3022946873379,0.605312703,0.954179811723812,0.681897063388049,0.238450766,1.66979068197708,1.65916569270393,0.113198148,0.664569473349855,0.148448020289417
3.053390334,19.1862753290843,0.601764729,0.950531517036575,0.674294916034944,0.236208294,1.66754546030574,1.65581341658757,0.11341909,0.662451680403539,0.148019855443003
3.055267034,19.0703653185929,0.598416831,0.946919422435842,0.666780008058314,0.234015257,1.6653282640342,1.65252155748931,0.113681741,0.660324395633547,0.147585166522419
3.057143734,18.9545800929139,0.595230325,0.943344153527371,0.659353704485615,0.231865214,1.6631390984613,1.64928744552194,0.113978613,0.658187904538949,0.147145028680254
3.059020433,18.8389350725762,0.592198751,0.939806334518549,0.652016611757217,0.229744986,1.66097796370708,1.64611074990435,0.114305516,0.656042493797951,0.146699502693829
3.060897133,18.7234454751437,0.589297374,0.936306582178124,0.644769326073996,0.227658212,1.65884485127502,1.64299112731026,0.114662556,0.653888447775691,0.146248649456658
3.062773833,18.6081266828878,0.586465256,0.932845516651776,0.637612456342032,0.22555919,1.65673975089037,1.63992823204407,0.11501777,0.651726055354787,0.145792531406891
3.064650532,18.492994055558,0.583723866,0.929423755278871,0.63054661180286,0.22349295,1.65466264694941,1.63692171091006,0.115388779,0.649555606488217,0.145331211826558
3.066527232,18.3780719397734,0.58114937,0.926043613566293,0.623576270579511,0.221470885,1.65261468960254,1.6339735349452,0.11578883,0.647377076153381,0.144864541257469
3.068403932,18.2633784284698,0.578646961,0.922705905231393,0.616702394719771,0.219461461,1.65059592889019,1.63108344420845,0.116185594,0.645190775985823,0.144392579250422
3.070280631,18.1489197146718,0.576158317,0.919409441148835,0.609921474266295,0.217433538,1.64860507496971,1.62824854605337,0.116563237,0.642997347551204,0.143915622544936
3.072157331,18.0347108563291,0.573700478,0.916154817015487,0.603234104829883,0.215429073,1.64664208626319,1.6254684519661,0.116942668,0.640797081420158,0.143433737253008
3.074034031,17.9207670618226,0.571219187,0.912942629121563,0.596640891217301,0.213391328,1.64470691919933,1.62274277121177,0.11727947,0.63859027251706,0.142946991073267
3.07591073,17.8071035042235,0.568699452,0.909773468641936,0.590142435890985,0.211334246,1.64279952498926,1.62007110625565,0.117553432,0.636377216599261,0.14245545254372
3.07778743,17.6937351382705,0.566227331,0.906647916384266,0.583739328415117,0.209278259,1.64091984670208,1.61745304876088,0.117821496,0.634158206667063,0.141959190243525
3.07966413,17.5806770619962,0.563700765,0.903566552673329,0.577432165898701,0.207199045,1.63906782544449,1.61488818830333,0.118027727,0.631933539999831,0.141458274361221
3.081540829,17.4679443322279,0.561114984,0.900529951903913,0.571221541960231,0.20510322,1.63724339730908,1.61237610810395,0.118172884,0.629703514597846,0.140952775921195
3.083417529,17.3555517833239,0.558466061,0.897538677568008,0.565108036699225,0.202982832,1.63544649061891,1.60991638132318,0.118262431,0.627468425565028,0.140442765961522
3.085294229,17.2435143855843,0.55571939,0.894593291720007,0.559092236159529,0.200825143,1.6336770318424,1.60750857924334,0.118287625,0.625228572203851,0.139928317150502
3.087170928,17.1318470622544,0.55277988,0.891694349794163,0.553174721809375,0.198626037,1.63193494270856,1.60515226730345,0.118224023,0.622984254424892,0.139409502988008
3.089047628,17.0205645102775,0.549718425,0.888842395913645,0.547356061048406,0.196395712,1.63022013761463,1.60284700168105,0.11808608,0.620735769107456,0.13888639696069
3.090924328,16.9096815549797,0.546457428,0.886037971910942,0.541636825671232,0.194101649,1.62853252927435,1.60059233695463,0.117840682,0.618483417243148,0.138359074204373
3.092801027,16.7992498788494,0.543094652,0.883285774822278,0.536026186860715,0.191775974,1.62687433332206,1.598392063356,0.117527708,0.616227225998704,0.137827264437802
3.094677727,16.6892505002258,0.539530001,0.880582333867784,0.530516342126153,0.189388407,1.62524316404417,1.59624146590143,0.11710191,0.6139678202291,0.137291398559558
3.096554426,16.5796975149297,0.535770586,0.877928097705421,0.525107700675888,0.186946468,1.62363888147866,1.59414001073975,0.116564873,0.61170550876737,0.136751560743079
3.098431126,16.4706053336091,0.53187787,0.875323571914311,0.519800799751833,0.184463212,1.62206137789592,1.59208722825768,0.115934054,0.609440590816009,0.136207828787922
3.100307826,16.3619884821803,0.527719663,0.872769258569818,0.51459617856273,0.181901839,1.62051054439255,1.59008264804141,0.115180088,0.607173369511143,0.135660282162624
3.102184525,16.2538614233562,0.523396144,0.870265651708335,0.509494369017625,0.179289741,1.61898626838248,1.58812579558978,0.114315393,0.604904148276616,0.135109001152271
3.104061225,16.1462383830982,0.518912302,0.867813233321704,0.504495887531025,0.176640385,1.61748843136974,1.58621618953595,0.113342893,0.602633227153221,0.134554065966036
3.105937925,16.0391336946692,0.514252328,0.865412481262335,0.499601251090363,0.173938446,1.61601691397847,1.58435334815645,0.112260505,0.600360910015951,0.133995558496592
3.107814624,15.9325616225206,0.509195701,0.863063864986544,0.494810968537963,0.171140869,1.61457159359322,1.58253678635387,0.111015798,0.598087500913011,0.133433561446886
3.109691324,15.8265361915953,0.504027348,0.860767841843233,0.490125532942554,0.16831729,1.61315234227631,1.58076601313086,0.109682618,0.595813300390345,0.132868157419662
3.111568024,15.7210715259984,0.498501418,0.858524864460152,0.485545436604532,0.165416107,1.61175903153087,1.57904053762394,0.108194242,0.593538612723325,0.132299430714014
3.113444723,15.616181675493,0.492689712,0.856335376771757,0.481071162895529,0.162465748,1.61039153008637,1.57735986634531,0.106590803,0.591263742245912,0.131727466432763
3.115321423,15.5118804478962,0.486773705,0.854199810607351,0.476703179204518,0.159518526,1.60904970195587,1.57572350089879,0.10490061,0.588988989675708,0.131152349555449
3.117198123,15.4082077095141,0.480539977,0.852120895290032,0.472446456700818,0.156519311,1.60773447691292,1.57413275967821,0.103083244,0.586714691613232,0.130574042172956
3.119074822,15.3051810311683,0.474135126,0.850099267299107,0.468301829580634,0.153502443,1.60644577124664,1.5725871996248,0.101177353,0.584441197391286,0.129992635478955
3.120951522,15.2027868485449,0.467580526,0.848132885469419,0.46426493445073,0.150470482,1.60518229411043,1.57108434866358,0.099191398,0.582168787914093,0.129408354699437
3.122828222,15.1010387924415,0.460782402,0.846222146820328,0.46033620441786,0.147403009,1.60394390255011,1.56962370433705,0.097107226,0.579897767181218,0.128821289136203
3.124704921,14.9999504077337,0.453836032,0.844367439214193,0.456516062183997,0.144324258,1.60273045189083,1.56820476327254,0.09493797,0.577628439004904,0.128231528880561
3.126581621,14.8995349914688,0.446655824,0.842569138462567,0.452804913977916,0.14121112,1.60154179401898,1.56682701927998,0.092665724,0.575361103347694,0.127639163862214
3.128458321,14.7998059148699,0.43924892,0.840827614252053,0.449203161658082,0.138060615,1.60037778144668,1.56548996819249,0.090284916,0.573096063542159,0.127044285730834
3.13033502,14.7007764579977,0.431649577,0.839143226966774,0.445711196091099,0.134879303,1.59923826546431,1.56419310575004,0.087811996,0.570833622619403,0.126446986918919
3.13221172,14.602459651561,0.42389798,0.83751632510643,0.44232939167672,0.131684311,1.59812309455021,1.56293592590882,0.085267868,0.568574079661166,0.12584735967834
3.13408842,14.5048685918162,0.416098021,0.835947250633219,0.439058117330558,0.12850588,1.59703211817796,1.56171792525989,0.082675388,0.566317736996137,0.12524549798831
3.135965119,14.408016278719,0.408166658,0.834436336099148,0.435897730448993,0.125323895,1.59596518509835,1.56053860113169,0.080010548,0.5640648965378,0.124641496604355
3.137841819,14.3119154616772,0.40021473,0.832983902380576,0.432848572033482,0.122165923,1.59492214187271,1.55939745010036,0.077314113,0.561815856156228,0.124035450084187
3.139718519,14.2165789468964,0.392266476,0.831590263433114,0.429910976539838,0.11902932,1.59390283642696,1.55829397200156,0.074593619,0.559570916840675,0.123427454718896
3.141595218,14.1220194392525,0.38435302,0.830255723729022,0.427085266436063,0.115930199,1.59290711645898,1.55722766824112,0.0718566,0.557330379051997,0.122817607569653
3.143471918,14.0283181346201,0.376511756,0.828985681396331,0.424381367008329,0.112876185,1.59193681532974,1.55620112499973,0.069113218,0.55509497102574,0.122205865518548
3.145348617,13.935422361317,0.368779014,0.82777545797692,0.421790179458571,0.109883055,1.59098979995014,1.55521072462887,0.066390467,0.552864625005195,0.121592483757395
3.147225317,13.8433431585412,0.361128243,0.826625236601511,0.419311815414566,0.106954501,1.59006588232497,1.55425592004091,0.063683503,0.550639628867819,0.120977563486907
3.149102017,13.7520927825003,0.353545881,0.825535281257107,0.416946545124355,0.104083987,1.58916491132439,1.55333622305624,0.060988778,0.548420280399894,0.120361205052533
3.150978716,13.6616833792518,0.346175952,0.824505846396598,0.414694626146163,0.101290118,1.58828673646859,1.55245114856669,0.058364469,0.546206876655798,0.119743509559817
3.152855416,13.5721268405152,0.338972292,0.823537175432394,0.41255629989999,0.098581409,1.58743120673232,1.55160021347071,0.055794305,0.543999710395913,0.119124577882066
3.154732116,13.483435091735,0.331937455,0.822629504070575,0.410531798837742,0.095955957,1.58659817352057,1.55078293979122,0.053284206,0.54179907713102,0.118504512633079
3.156608815,13.3956199435196,0.325097805,0.821783058494473,0.408621342415701,0.093425467,1.58578748935091,1.54999885342691,0.050842021,0.539605271529,0.117883417181747
3.158485515,13.3086929521004,0.318500254,0.82099805418673,0.406825134259367,0.090981463,1.58499900676875,1.54924748325259,0.048491932,0.537418583889513,0.117261394654814
3.160362215,13.2226656984306,0.312118528,0.820274698635906,0.40514336816482,0.088629605,1.5842325810825,1.54852836387857,0.046207476,0.535239307120841,0.116638549921677
3.162238914,13.1375496440709,0.305985086,0.819613189844066,0.403576224680206,0.086367456,1.58348806915856,1.54784103457407,0.044006251,0.533067733178351,0.116014988602322
3.164115614,13.0533559964928,0.300132518,0.819013715480025,0.402123868886402,0.084211684,1.58276532844364,1.54718503852279,0.041894785,0.530904149580976,0.115390816066987
3.165992314,12.9700959788174,0.294542993,0.818476454950354,0.40078645522203,0.082160979,1.58206421946376,1.54655992523828,0.039894927,0.528748846310509,0.11476613942947
3.167869013,12.8878208716413,0.289301642,0.818004204753076,0.39956896189921,0.080231994,1.58138550057158,1.54596650641072,0.037975541,0.526602485708094,0.114141055094455
3.169745713,12.8065459082628,0.284351381,0.817597333278333,0.398471875447326,0.078373722,1.58072908053777,1.54540437041233,0.036166773,0.524465419115108,0.11351568527231
3.171622413,12.7262393916772,0.279789597,0.817253183137371,0.397490130126595,0.076620263,1.58009386073357,1.54487171786109,0.034469191,0.522337546960837,0.112890157157794
3.173499112,12.6469120062378,0.275620525,0.816971893657833,0.396623822707619,0.074973041,1.57947971138979,1.54436812364506,0.032890247,0.520219154434802,0.112264581076688
3.175375812,12.5685741814124,0.271856983,0.816753594549212,0.395873035164119,0.073431441,1.57888650437217,1.54389316838629,0.031443127,0.518110522138681,0.111639067096376
3.177252512,12.4912363450995,0.268505986,0.816598406902928,0.395237837532959,0.071986757,1.57831411529046,1.54344644030597,0.030111696,0.516011932834694,0.111013727025237
3.179129211,12.4149087923775,0.265525966,0.816506442581938,0.394718286142003,0.070623539,1.57776242257203,1.54302753455108,0.02889485,0.513923667993688,0.110388673411514
3.181005911,12.3396015646711,0.263019102,0.816477804269884,0.394314423047812,0.069369355,1.5772313067498,1.54263605281159,0.027816186,0.511846004447438,0.109764018543776
3.182882611,12.2653246927141,0.260943167,0.816512585819005,0.39402627770568,0.06820593,1.57672065234483,1.5422716048762,0.026860351,0.509779221033426,0.10913987644882
3.18475931,12.1920880704621,0.259282785,0.816610871973058,0.393853865814205,0.06712686,1.5762303470402,1.5419338080954,0.026027081,0.507723595193039,0.108516361890399
3.18663601,12.1199013397697,0.258055919,0.816772738753097,0.393797189370961,0.066139381,1.57576028106498,1.54162228712094,0.025319246,0.505679399683554,0.107893589373399
3.188512709,12.0487741600361,0.257248887,0.816998252998011,0.393856237062598,0.065233974,1.5753103490838,1.54133667530425,0.024721769,0.503646910186989,0.10727167546722
3.190389409,11.9787159005527,0.256896474,0.817287473177708,0.394030984164815,0.064411457,1.57488044831823,1.54107661358865,0.024254818,0.501626396577216,0.106650736151618
3.192266109,11.9097359046684,0.256972148,0.817640448604908,0.394321392338171,0.063664384,1.57447048032454,1.5408417517613,0.023910817,0.49961813046841,0.106030889135683
3.194142808,11.8419372030568,0.257467139,0.818062673919299,0.394737280981864,0.062994855,1.57408203621993,1.54063383851838,0.023674426,0.497623478526797,0.105412368373701
3.196019508,11.7752382420015,0.258357091,0.818548827651735,0.395268872537839,0.062390954,1.57371335207828,1.54045042646495,0.023538851,0.495641678892939,0.104795201202092
3.197896208,11.7096462502219,0.259601833,0.819098834011451,0.395915909433728,0.061842461,1.57336431218507,1.54029115700462,0.02350995,0.493672979000189,0.104179505917133
3.199772907,11.6451699520543,0.261228088,0.819712704815078,0.396678294926462,0.061359243,1.57303483472527,1.54015571810465,0.023581634,0.491717643530305,0.103565403387031
3.201649607,11.5818178229548,0.263231911,0.820390444359725,0.397555920103955,0.060937806,1.57272484144506,1.5400438068069,0.023762508,0.489775932352399,0.10295301422816
3.203526307,11.5195982955715,0.265601023,0.821132047574637,0.398548661586842,0.060577694,1.5724342587963,1.53995512982575,0.02404722,0.487848106754728,0.102342460768718
3.205403006,11.4585196521469,0.268328047,0.821937500864228,0.399656382432963,0.0602657,1.57216301741998,1.53988940339728,0.024416583,0.485934426244842,0.101733866060116
3.207279706,11.39858992873,0.271364238,0.822806783617799,0.400878934245749,0.059996289,1.57191105182829,1.53984635336456,0.024876507,0.484035145494216,0.101127352907108
3.209156406,11.3398171095119,0.274711252,0.823739865698032,0.402216153686358,0.059773449,1.57167830133493,1.53982571551287,0.025419705,0.48215052042633,0.100523045812011
3.211033105,11.2822090251093,0.278373304,0.824736708619575,0.403667863990045,0.059594034,1.5714647096286,1.53982723552236,0.026041403,0.480280805087364,0.0999210699939097
3.212909805,11.2257732629386,0.282378172,0.825797267393377,0.405233877680997,0.059459653,1.57127022454277,1.53985066914717,0.026752661,0.478426248670191,0.099321550430769
3.214786505,11.1705173495364,0.286609843,0.826921487352187,0.406913991899064,0.059345192,1.57109479877377,1.53989578229652,0.027516653,0.476587101449965,0.0987246137797847
3.216663204,11.1164486548699,0.291148208,0.828109305663974,0.40870799052487,0.059267725,1.57093838954275,1.53996235108513,0.028361413,0.474763611729843,0.0981303874062892
3.218539904,11.0636247562454,0.295916815,0.829363315158115,0.410620404518651,0.059215922,1.57080175313627,1.54005104370263,0.029269857,0.472956701772839,0.0975391236567666
3.220416604,11.0120573368926,0.301005676,0.830683617796959,0.412651300692074,0.059210284,1.57068490976463,1.54016169417803,0.030251262,0.4711666991528,0.0969509786605082
3.222293303,10.9616994884109,0.306342031,0.832067265983882,0.414795306219542,0.059231544,1.57058697812595,1.54029315775356,0.031297001,0.469393129441463,0.0963659541619588
3.224170003,10.9125578236977,0.311849487,0.83351416513857,0.417052152912911,0.059255566,1.57050793540737,1.54044525592514,0.032375237,0.467636229369013,0.0957841796264705
3.226046703,10.8646388785781,0.317570493,0.835024210855851,0.419421556638042,0.059316143,1.57044776371489,1.54061782064576,0.03351375,0.465896236416383,0.0952057861497283
3.227923402,10.8179490264916,0.323511284,0.836597290974597,0.421903220449328,0.059432094,1.57040644987328,1.54081069451529,0.034704845,0.46417338589604,0.0946309055062297
3.229800102,10.7724944059233,0.329641847,0.838233288305344,0.424496838900741,0.059574996,1.57038398541853,1.54102373117675,0.035926281,0.462467908208479,0.0940596692320584
3.231676801,10.7282810926844,0.335922041,0.839932074771553,0.427202088771441,0.059728298,1.57038036674528,1.54125679461102,0.037163396,0.460780035224368,0.0934922107593405
3.233553501,10.6853149050411,0.342294416,0.841693518429078,0.430018640171179,0.059879814,1.57039559501113,1.54150976006316,0.038392293,0.459109992981461,0.0929286629732334
3.235430201,10.6436015695821,0.348755119,0.843517477279585,0.432946146686828,0.060038675,1.57042967617744,1.54178251321715,0.039618891,0.457458007976122,0.0923691603258501
3.2373069,10.6031466465839,0.355325856,0.845403801888813,0.435984249507026,0.060205291,1.57048262095199,1.54207495052652,0.040839135,0.455824304390431,0.0918138379101081
3.2391836,10.5639554684657,0.361958062,0.847352338656088,0.43913258270455,0.060367633,1.57055444492422,1.5423869797434,0.042046034,0.454209101508173,0.0912628305752692
3.2410603,10.5260332673117,0.368693197,0.849362923790421,0.442390763512265,0.060539486,1.57064516836757,1.54271851895943,0.043260545,0.452612618893999,0.0907162746886706
3.242936999,10.4893851067869,0.375516081,0.851435386255029,0.445758397033532,0.060715935,1.5707548162678,1.54306949701715,0.044474042,0.45103507371369,0.0901743072273552
3.244813699,10.4541255487743,0.382424541,0.853574803215522,0.449244354824347,0.060903004,1.57088504126649,1.54344150470706,0.045681771,0.449478335563955,0.089637482588713
3.246690399,10.4201524205333,0.389362843,0.855775795615842,0.452839030759017,0.061084389,1.57103429188235,1.54383286475208,0.046875699,0.447941028591835,0.0891055549572112
3.248567098,10.3874682696124,0.396350113,0.858038074692261,0.45654182400468,0.061267014,1.57120257961228,1.54424351185555,0.048055039,0.446423332542305,0.088578656004239
3.250443798,10.3560773840049,0.403349446,0.860361443015894,0.460352295274837,0.061448072,1.57138994991269,1.54467342170891,0.049215517,0.44492545164242,0.0880569243820403
3.252320498,10.3259839363426,0.410370231,0.862745692827381,0.464269988096171,0.061631445,1.57159645258188,1.5451225799421,0.05035843,0.443447590062113,0.0875405001342015
3.254197197,10.2971919269745,0.417409411,0.865190609517171,0.468294434480141,0.061810306,1.57182214192458,1.54559098265317,0.051483158,0.441989949398601,0.0870295238194403
3.256073897,10.2697051405819,0.424483024,0.867695975740338,0.472425161714093,0.061989203,1.57206707711158,1.54607863713108,0.052595604,0.440552726369201,0.0865241356892171
3.257950597,10.2435272382061,0.43157527,0.870261563678541,0.476661679628797,0.062166737,1.5723313214135,1.54658556028463,0.053692875,0.439136117453706,0.0860244773040174
3.259827296,10.2186617071159,0.438685688,0.872887138837455,0.481003486834728,0.062342146,1.57261494245215,1.54711177924977,0.054771996,0.437740316481935,0.085530690679907
3.261703996,10.195111824341,0.445793839,0.875572464471095,0.485450078061261,0.062513361,1.57291801264923,1.54765733219044,0.055831125,0.436365512436482,0.0850429174936031
3.263580696,10.1728807351178,0.45291405,0.878317293213368,0.490000930321853,0.062689917,1.57324060824664,1.54822226650428,0.056874858,0.435011893880917,0.0845613006352319
3.265457395,10.1519714096157,0.460011624,0.881121371188694,0.49465550970619,0.062864366,1.5735828096459,1.5488066395079,0.057892896,0.433679646653954,0.0840859833796671
3.267334095,10.1323866134415,0.467095793,0.883984442741139,0.499413279257373,0.063037231,1.57394470194749,1.54941051931717,0.058887669,0.432368951785341,0.0836171086211329
3.269210795,10.1141847384521,0.474169713,0.886908690980719,0.50427796076281,0.063209301,1.57432720762139,1.55003480824016,0.059860954,0.431080909454378,0.0831551034389521
3.271087494,10.0973726593649,0.481210048,0.889893984347197,0.509249222687809,0.063371043,1.57473049446434,1.55067966749962,0.060804856,0.429815789587579,0.0827001533876627
3.272964194,10.081892813194,0.48823256,0.892937403229585,0.514321874138681,0.063532779,1.57515377002353,1.55134431504875,0.061722473,0.42857278530041,0.0822521055621515
3.274840893,10.0677472564071,0.495230324,0.896038659066012,0.51949532324641,0.063685728,1.57559713547631,1.5520288585981,0.062613718,0.42735206844063,0.0818111051069577
3.276717593,10.0549378387684,0.50219052,0.899197463747693,0.524768978919519,0.063829284,1.57606069657957,1.55273341635662,0.063471378,0.426153805387163,0.0813772964179484
3.278594293,10.0434662594263,0.509089206,0.90241351825122,0.530142231909915,0.063950963,1.57654456197278,1.55345811436781,0.064286142,0.424978161640617,0.0809508247698658
3.280470992,10.0333340399012,0.515947843,0.905686517460555,0.535614462862641,0.064056743,1.57704884372299,1.55420308737084,0.065061749,0.423825299779442,0.0805318355507899
3.282347692,10.0245425110385,0.522765339,0.909016155585253,0.541185051404196,0.064166675,1.57757365807759,1.55496847986494,0.065786762,0.422695377651802,0.0801204735710681
3.284224392,10.0170928455189,0.529509353,0.912402115749573,0.546853358757546,0.064263739,1.57811912374922,1.55575444354903,0.066459985,0.421588552045146,0.0797168843634292
3.286101091,10.0109860378715,0.536183131,0.915844075111952,0.552618736313503,0.064328194,1.57868536255485,1.55656113826739,0.067106644,0.42050497675955,0.0793212134491108
3.287977791,10.0062228984986,0.542773111,0.919341710570068,0.558480535218987,0.064382184,1.57927250026704,1.55738873316383,0.067709294,0.419444800922252,0.0789336056833492
3.289854491,10.0028040722615,0.549315723,0.922894687758976,0.564438087969659,0.064437377,1.57988066467317,1.55823740388835,0.068278329,0.418408172417158,0.0785542064690281
3.29173119,10.0007300255468,0.555806415,0.926255348508028,0.570490717491695,0.064482796,1.58046637748305,1.55910733363064,0.068809625,0.417395236078207,0.0781831610567407
3.29360789,10.0000010473722,0.562256708,0.926881234832746,0.576637718334225,0.064519559,1.580580405474,1.55999883854216,0.069312728,0.416406241781549,0.0778204792108558
3.29548459,10.0007321202913,0.568643862,0.927825609753268,0.582866222741843,0.064551784,1.57998039554256,1.56100041190915,0.069783562,0.415519707958234,0.0773732936898827
3.297361289,10.0028103561641,0.575000988,0.928954234046264,0.589179336468108,0.064580464,1.57945456879432,1.56202156650349,0.070228636,0.414655137339603,0.076934932370532
3.299237989,10.0062333705672,0.58132981,0.930263253725014,0.595576423805956,0.064606416,1.57900078585602,1.5630625661979,0.07065329,0.413812711032089,0.0765055135035651
3.301114689,10.0110006964523,0.587657687,0.931749188904062,0.602056957096503,0.06462996,1.57861713375282,1.56412370715069,0.071063138,0.412992638333735,0.0760851692135286
3.302991388,10.0171116882971,0.593992362,0.933408639249455,0.608620394327359,0.064657927,1.57830180029471,1.56520528923496,0.071465578,0.412195121709673,0.0756740312257383
3.304868088,10.0245655350387,0.600354705,0.935238284115232,0.615266189998335,0.064699434,1.57805306854121,1.56630761762483,0.071871619,0.411420355749878,0.0752722301793736
3.306744788,10.0333612414876,0.60672239,0.937234874526899,0.621993774367546,0.064749059,1.57786931296893,1.56743099915623,0.072284694,0.410668529900615,0.0748798968961076
3.308621487,10.0434976343035,0.613153573,0.939395232634924,0.62880256387957,0.064857798,1.57774899418432,1.568575743794,0.072746062,0.409939827276711,0.0744971616419484
3.310498187,10.0549733819819,0.61970771,0.941716253012705,0.635691972443544,0.065012693,1.57769065458124,1.56974216631253,0.073257323,0.409234423700903,0.0741241534861559
3.312374887,10.0677869623443,0.626370892,0.945175341463552,0.64266138981667,0.065190499,1.57786718573962,1.57093058242016,0.073803933,0.408552490160384,0.0737610014666905
3.314251586,10.0819366755848,0.633132096,0.951272371965713,0.649090087409567,0.065388513,1.57854482049961,1.5720309043079,0.074381729,0.407894191704486,0.0734078338956997
3.316128286,10.0974206712829,0.639987053,0.957430032043852,0.653147655545795,0.065606885,1.57926622673593,1.57271743128439,0.074990367,0.407259686578439,0.0730647777665553
3.318004985,10.1142368923157,0.646954653,0.963644735519913,0.657346544831794,0.065851375,1.58003027191938,1.57343633639019,0.075636754,0.406649128719855,0.0727319599833905
3.319881685,10.1324387673051,0.654077268,0.969915271804114,0.661691665491518,0.066124021,1.58083760775932,1.57418910708815,0.07633067,0.406063681727955,0.0724099461446004
3.321758385,10.1520276971891,0.661352631,0.976238314762069,0.666182367424348,0.066426986,1.58168727032944,1.57497599368838,0.077075254,0.405503583384451,0.0720989115215229
3.323635084,10.1729411475127,0.668778465,0.982608649698113,0.670811356873504,0.066762746,1.58257651603162,1.57579567251426,0.077866667,0.404967883449505,0.0717985125083251
3.325511784,10.1951763520175,0.676338945,0.989023685591105,0.675577653991211,0.067134319,1.58350454119996,1.57664829446362,0.078703382,0.404456711209398,0.0715088710154575
3.327388484,10.2187303398844,0.684007139,0.995481006888509,0.680480256164065,0.067534353,1.58447060315412,1.57753401796234,0.079566445,0.40397019161562,0.0712301082622631
3.329265183,10.2435999652286,0.691760546,1.00197837029161,0.685518145087601,0.06794811,1.58547401726946,1.57845300984483,0.08045724,0.403508444413503,0.0709623441915759
3.331141883,10.2697819503739,0.699626668,1.00851370280783,0.690690295265651,0.068386161,1.58651415471322,1.5794054465734,0.081381046,0.403071583523329,0.0707056969961376
3.333018583,10.297272807407,0.707627667,1.01508506932724,0.695995658092254,0.068856894,1.58759043554422,1.58039151098356,0.082341535,0.402659718586297,0.0704602839080218
3.334895282,10.3260688746435,0.71573154,1.02169067196207,0.701433169648818,0.069349779,1.58870232673594,1.58141139331889,0.083327883,0.402272954209004,0.0702262206652757
3.336771982,10.3561663667616,0.723941285,1.02832885044378,0.707001759890875,0.06986915,1.58984934079287,1.58246529261137,0.084328812,0.401911389465214,0.0700036210946054
3.338648682,10.3875612827734,0.732194796,1.03499805136906,0.712700335342669,0.070390866,1.59103102912333,1.58355341306126,0.085328535,0.401575119171496,0.0697925977805858
3.340525381,10.4202494494107,0.740463596,1.04169682966593,0.71852778759982,0.070904604,1.59224698086138,1.58467596523126,0.08631231,0.401264233252092,0.0695932615869226
3.342402081,10.4542265780463,0.748732094,1.04842385094644,0.724483003184727,0.071420109,1.5934968222247,1.58583316759389,0.0872699,0.400978816365172,0.0694057212978388
3.344278781,10.4894881592138,0.756999285,1.05517786213524,0.730564844890857,0.071955493,1.59478021005444,1.58702524254139,0.088196853,0.400718948906806,0.0692300841637316
3.34615548,10.5261382810245,0.765243972,1.06195979062452,0.736782755290647,0.072497523,1.59609964033339,1.58825543824266,0.089081452,0.400486901305416,0.0690674911168949
3.34803218,10.5640644500363,0.773439426,1.06876631124432,0.743124957589998,0.073028875,1.59745202570036,1.58952106995363,0.089913401,0.400280602219904,0.0689170476938099
3.34990888,10.603259578803,0.781562433,1.07559638339547,0.749590069464177,0.073541057,1.59883706173854,1.59082232074238,0.09068259,0.40010007599461,0.0687788354083559
3.351785579,10.6437184346164,0.789581009,1.0824490696044,0.756176892764023,0.074023831,1.60025451950427,1.59215943320792,0.091370271,0.399945382849768,0.0686529525463556
3.353662279,10.6854356844361,0.797462578,1.08932350038526,0.762884226184022,0.074473379,1.60170419355333,1.59353265577251,0.091961143,0.399816578185349,0.0685394949042756
3.355538979,10.7284057673678,0.805211096,1.09621884723587,0.769710844444312,0.074899683,1.60318589574592,1.59494223805987,0.092454523,0.399713713127416,0.0684385561219154
3.357415678,10.7726229562074,0.812865824,1.10313432874089,0.776655508586332,0.075314135,1.60469945581767,1.59638843253989,0.092871781,0.399636834228466,0.0683502273617143
3.359292378,10.8180814320769,0.820421276,1.11006921720339,0.783716977514993,0.075722748,1.60624472237461,1.59787149655049,0.093211596,0.399585983436958,0.0682745971183541
3.361169077,10.8647751185562,0.827873472,1.11702280863712,0.790893982070745,0.076117019,1.60782155578154,1.59939168646867,0.093472456,0.399561198373395,0.0682117514496998
3.363045777,10.9126978765547,0.835237887,1.12399444841831,0.798185255294751,0.076488969,1.60942983341302,1.60094926365766,0.09365925,0.399562512144492,0.0681617735769775
3.364922477,10.961843332031,0.84253257,1.13098350170916,0.805589505897603,0.076844727,1.61106944252917,1.60254448844329,0.093780541,0.399589953481592,0.0681247440496535
3.366799176,11.012204948561,0.849739739,1.13798936111809,0.813105429603621,0.077188936,1.61274028152051,1.60417762206784,0.093844046,0.399643546661281,0.0681007405337362
3.368675876,11.0637761126526,0.856918639,1.14501145476692,0.820731721669743,0.07752082,1.61444226154383,1.605848929037,0.093864556,0.399723311697708,0.0680898377357658
3.370552576,11.1166000112771,0.864098999,1.1520498516585,0.828471555869119,0.077868854,1.61617659745838,1.6075602938648,0.093870556,0.399830361508509,0.0680926623590273
3.372429275,11.1706724267814,0.871355377,1.15910398313765,0.836323742129348,0.078252674,1.61794330414731,1.60931213883481,0.093889289,0.399964791587702,0.0681093343516912
3.374305975,11.2259320365331,0.878723858,1.1661726320876,0.844282023534479,0.078670759,1.6197409189861,1.61110299489042,0.093931297,0.400125427347681,0.0681393243119174
3.376182675,11.2823714699808,0.88622141,1.17325528792745,0.852345030489336,0.079139591,1.6215693819275,1.61293312196845,0.094019948,0.400312270040455,0.068182693376988
3.378059374,11.3399832000087,0.893906068,1.18035145043764,0.86051138134136,0.079658121,1.62342863769684,1.6148027784216,0.094170702,0.400525316590833,0.0682394992952351
3.379936074,11.3987596386245,0.901777204,1.18746063914316,0.86877969581504,0.080231457,1.62531863803297,1.61671222371178,0.094396309,0.400764560013289,0.0683097964722646
3.381812774,11.4586929546398,0.909844364,1.19458236878324,0.877148569127093,0.080857994,1.62723933500705,1.61866171208276,0.094703035,0.40102998876879,0.0683936357268745
3.383689473,11.5197751632965,0.918133057,1.20171615889543,0.885616584886372,0.081537241,1.62919068317923,1.62065149505064,0.09510491,0.401321587044601,0.0684910642699317
3.385566173,11.5819982279822,0.92671345,1.20886154365433,0.894182329045094,0.082289667,1.63117264211015,1.6226818243135,0.095623747,0.401639335306904,0.0686021258258895
3.387442873,11.6453538658962,0.935607872,1.21601804758056,0.90284436296758,0.083131018,1.63318516946428,1.62475294501319,0.096270678,0.40198320938406,0.0687268602521825
3.389319572,11.7098336438362,0.944813767,1.22318519554299,0.911601236871172,0.084056093,1.63522822342547,1.62686509843912,0.097039343,0.402353180882646,0.068865303593211
3.391196272,11.7754290857965,0.954297574,1.23036252297869,0.920451504269804,0.085050561,1.63730176546036,1.62901852516034,0.09791991,0.402749217875737,0.0690174882787792
3.393072972,11.8421314668962,0.964059336,1.23754955179475,0.929393694045304,0.086106929,1.63940575319074,1.63121345786975,0.09890941,0.403171283713648,0.0691834426064578
3.394949671,11.9099319151903,0.974056729,1.24474580072177,0.938426324405517,0.087250924,1.64154014305152,1.63345012430742,0.100026746,0.403619337576318,0.069363190872499
3.396826371,11.9789135537598,0.984302818,1.25195149250938,0.947555358269688,0.088498743,1.64370747971606,1.63573235381092,0.101259963,0.404095544560603,0.0695579342766973
3.398703071,12.0489751713993,0.99473749,1.25916535974211,0.956771707845752,0.089816093,1.64590516868967,1.63805686759505,0.102575267,0.404597677772087,0.0697665326284527
3.40057977,12.1201056775469,1.005355608,1.26638688983633,0.96607371516672,0.09118758,1.64813311026391,1.64042380722787,0.103956583,0.405125641227309,0.0699889744539049
3.40245647,12.192295702386,1.016109894,1.27361558870867,0.975459869913981,0.092597695,1.65039125375264,1.64283337898878,0.105385649,0.405679377378308,0.0702252665938364
3.404333169,12.2655355859972,1.026979905,1.28085093921538,0.984928632326694,0.094048607,1.6526795400406,1.64528577731827,0.10685805,0.40625882352713,0.0704754111516076
3.406209869,12.3398156860109,1.037969017,1.28809243135022,0.994478473272817,0.095546398,1.65499791077117,1.64778119470016,0.108357751,0.406863914172799,0.0707394064394761
3.408086569,12.4151261079619,1.04902351,1.29533953472058,1.00410783927823,0.097068435,1.6573462994927,1.65031981227413,0.109858389,0.40749457892425,0.0710172460344746
3.409963268,12.4914568206117,1.060098333,1.30259170959852,1.01381516759818,0.098599349,1.65972463486074,1.65290180330065,0.11133814,0.408150743370192,0.0713089190994135
3.411839968,12.5687977820368,1.071154733,1.30984841808028,1.0235989021206,0.100135165,1.66213284416901,1.6555273370809,0.112773318,0.408832330215915,0.0716144108512105
3.413716668,12.6471386966653,1.082192494,1.31710910049657,1.03345746248476,0.101668305,1.66457084540213,1.6581965703734,0.114172285,0.4095392571991,0.071933701593215
3.415593367,12.7264691361108,1.093187717,1.32437318663785,1.04338925958626,0.103192197,1.66703855064004,1.66090965109697,0.115523371,0.410271438094565,0.07226676711774
3.417470067,12.806778670423,1.104107066,1.33164010706128,1.05339271186019,0.104695292,1.6695358697865,1.66366672249462,0.116815722,0.411028783983325,0.0726135792556129
3.419346767,12.8880566147724,1.114917685,1.33890926958511,1.06346621362844,0.106174693,1.67206270235271,1.66646791410921,0.118031492,0.41181120090541,0.072974104774358
3.421223466,12.9703317219485,1.125601072,1.34618011012422,1.07361093874825,0.107622128,1.67462016663265,1.66931520295929,0.119158391,0.412619631550075,0.0733488762936482
3.423100166,13.0535946833682,1.136093157,1.35345193989092,1.08382526772879,0.109030168,1.67720822991205,1.67220886083228,0.120183979,0.413454040972684,0.0737378893547039
3.424976866,13.1377912369992,1.146364125,1.36072405545722,1.09410448587044,0.110386647,1.6798254424122,1.67514698874397,0.121083939,0.414313196545714,0.0741404789554921
3.426853565,13.2229101592615,1.156426612,1.36799581425395,1.10444695392106,0.111698728,1.68247167257081,1.67812967225822,0.121862051,0.415196987788253,0.0745565920970383
3.428730265,13.3089402422306,1.166241237,1.37526657330354,1.11485104192834,0.112962497,1.68514678520636,1.68115699077316,0.122508743,0.4161053018778,0.0749861718533437
3.430606965,13.3958700238992,1.175843317,1.3825356659005,1.1253150964268,0.114177343,1.6878506328681,1.6842290077636,0.123034574,0.417038020872986,0.0754291560557613
3.432483664,13.4836879228733,1.185265448,1.38980241319512,1.13583745697165,0.115353083,1.69058305976618,1.6873457751465,0.123448825,0.417995023072906,0.0758854779204206
3.434360364,13.5723823824874,1.194507881,1.39706613578482,1.14641647330342,0.116484982,1.69334390601137,1.69050733811806,0.123745043,0.418976184631617,0.0763550668191981
3.436237064,13.6619415917048,1.20356181,1.40432613048098,1.15705047191186,0.117576558,1.69613299869441,1.69371372494766,0.123925376,0.419981376527563,0.0768378468352073
3.438113763,13.7523536246592,1.212416246,1.41158168195745,1.16773777290433,0.118620825,1.69895015599594,1.69696495159352,0.123990063,0.42101046605276,0.0773337374718223
3.439990463,13.8436065892163,1.221073914,1.41883207437956,1.17847670744806,0.119618717,1.70179519159975,1.70026102679151,0.1239475,0.422063318552889,0.0778426545028577
3.441867163,13.9356883389093,1.229557317,1.42607656827047,1.18926558376805,0.120579715,1.70466790550489,1.70360194139973,0.123808495,0.423139794147781,0.0783645084017065
3.443743862,14.0285866171288,1.237909543,1.43331441220314,1.20010270432178,0.12151834,1.70756808831088,1.70698767326577,0.123592522,0.42423974934849,0.0788992051309398
3.445620562,14.1222892099189,1.246186006,1.44054485444516,1.21098638349038,0.122449265,1.71049552579915,1.71041819256744,0.12332506,0.425363038920603,0.0794466470701147
3.447497262,14.2168499423116,1.254429857,1.44776634261034,1.22191856669462,0.123377556,1.71345227130489,1.7138972616839,0.123023958,0.42651147491795,0.0800077990967963
3.449373961,14.3121888264402,1.262687087,1.45497870197354,1.23289363339671,0.12431656,1.71643580117213,1.71742106536681,0.122711875,0.427682948444038,0.0805814852644692
3.451250661,14.408292020049,1.270997219,1.46218115580289,1.24390980875147,0.125280779,1.7194458248397,1.72098945593992,0.122409543,0.428877265077937,0.0811675729185087
3.45312736,14.5051466661704,1.279413694,1.46937288731064,1.25496536281849,0.126281256,1.72248207934342,1.72460233704945,0.122138438,0.430094262243024,0.0817659444899166
3.45500406,14.6027400150283,1.287996428,1.47655308398886,1.2660585848596,0.127337434,1.72554429800902,1.72825960574046,0.121927732,0.431333776543703,0.0823764794441431
3.45688076,14.7010590663054,1.296790658,1.48372091094844,1.27718774241981,0.128469617,1.72863219909937,1.73196113891308,0.121794725,0.432595639313047,0.0829990521341169
3.458757459,14.800090723391,1.30583036,1.49087552265465,1.288351099109,0.129675711,1.73174549050312,1.73570679878908,0.121758096,0.433879678520256,0.0836335327773254
3.460634159,14.8998219552286,1.315125006,1.49801607454658,1.29954693276341,0.130966352,1.73488387469898,1.73949643884644,0.121823431,0.435185720911917,0.0842797885619752
3.462510859,15.0002394814174,1.32466666,1.50463850233662,1.31077349998041,0.132340062,1.73791152241201,1.74332989168668,0.121997313,0.436513587939904,0.0849376816834191
3.464387558,15.101329930401,1.334447788,1.51036004284801,1.32202905411026,0.133799045,1.74072366095364,1.74720697475259,0.122281941,0.437863097788555,0.0856070703951514
3.466264258,15.203080004806,1.344508925,1.51607680330618,1.33331186356813,0.135357324,1.74355789363486,1.75112749650892,0.122690481,0.439234067629678,0.086287810184115
3.468140958,15.3054761594384,1.354863957,1.52178754444492,1.34462017605702,0.137018517,1.74641379204982,1.75509124387229,0.123233443,0.440626309324719,0.0869797516954808
3.470017657,15.4085047631889,1.365514857,1.52749103003449,1.35595223673979,0.138778571,1.74929091990494,1.75909798817811,0.123906837,0.44203963156874,0.0876827418547416
3.471894357,15.5121775015711,1.376439705,1.53318562258871,1.36730714351274,0.140633157,1.75218968580095,1.76314926798466,0.124700043,0.443474706715474,0.0883970731677271
3.473771057,15.6164806076644,1.38761802,1.53886988714306,1.37868295536019,0.14258129,1.75510963924954,1.76724492346713,0.125601913,0.444931376879433,0.0891225974142767
3.475647756,15.7213722894614,1.399046337,1.54454298320736,1.39007692180053,0.144621958,1.75804938071657,1.77138274508041,0.126612102,0.446408498634163,0.0898586587281646
3.477524456,15.826838738856,1.410704878,1.5502036974611,1.40148729827656,0.146741728,1.76100844443658,1.7755624424727,0.127724828,0.447905869963053,0.0906050902333107
3.479401156,15.9328659058033,1.422554478,1.55585081097463,1.41291232086498,0.148930868,1.76398635203783,1.77978370261619,0.128918305,0.449423283584265,0.0913617206634195
3.481277855,16.0394396659239,1.434560565,1.56148310844723,1.42435022468588,0.15118848,1.76698261719424,1.78404619619348,0.130176427,0.450960529283151,0.092128375599306
3.483154555,16.1465459940086,1.446677883,1.56709938731952,1.43579926247271,0.15350235,1.76999675048442,1.78834958442484,0.131481312,0.452517396454756,0.0929048788153302
3.485031255,16.2541706253469,1.458869328,1.57269843990854,1.44725766825876,0.155855386,1.77302824985372,1.79269350538186,0.132816888,0.454093669236548,0.0936910499317209
3.486907954,16.3622992264248,1.471100971,1.57827906262232,1.45872367588682,0.158230868,1.77607660539617,1.79707758061368,0.134167993,0.455689128948842,0.0944867057132104
3.488784654,16.4709175710372,1.483338814,1.58384006500593,1.47019553761876,0.160620368,1.77914130432613,1.80150142220245,0.13551636,0.457303556738018,0.0952916614703866
3.490661354,16.5800111962355,1.495564921,1.589380252088,1.48167148772957,0.163018223,1.78222182128526,1.80596461867426,0.136850226,0.458936728508216,0.0961057286168387
3.492538053,16.6895655758754,1.507741575,1.5948984335466,1.4931497610866,0.165415849,1.78531762324494,1.81046674186001,0.138151597,0.46058841746612,0.0969287160250965
3.494414753,16.7995662990888,1.519833618,1.60039343266416,1.50462861176839,0.167803099,1.78842817458056,1.81500735417209,0.13940883,0.46225839686095,0.0977604314785591
3.496291452,16.9099986622541,1.531805305,1.60586406602185,1.51610627051202,0.170166719,1.79155292556679,1.81958599166487,0.14061152,0.46394643381282,0.0986006786861915
3.498168152,17.0208822251401,1.543636266,1.61130687068259,1.52758056518185,0.172503812,1.79469243288285,1.82420533639762,0.141751608,0.465653793017168,0.0994499516300028
3.500044852,17.1321660215694,1.555319293,1.61672271005024,1.53904982566414,0.174808524,1.79784494049731,1.82886170442015,0.142822322,0.467378724795187,0.100307334742805
3.501921551,17.2438345389844,1.566854795,1.62211046436504,1.55051229963541,0.177097842,1.80100985379778,1.83355451662752,0.143830888,0.469120959474065,0.101172611602987
3.503798251,17.3558730802532,1.578231948,1.62746898615998,1.56196625027908,0.179343654,1.80418659869713,1.83828324662084,0.144759147,0.470880257197813,0.102045579111742
3.505674951,17.4682667219497,1.589431917,1.63279712563672,1.573409925031,0.181534567,1.80737458918642,1.84304734375807,0.145599406,0.472656372995796,0.102926031105655
3.50755165,17.5810004936016,1.600461581,1.63809373963087,1.58484157420431,0.183667576,1.81057323249156,1.84784624054898,0.146350293,0.474449059556485,0.103813759830452
3.50942835,17.6940595606858,1.611325234,1.64335770026883,1.59625946951334,0.185749653,1.81378193435567,1.85267936042732,0.147009142,0.47625807017751,0.104708557493718
3.51130505,17.8074288662187,1.622008655,1.64858787828846,1.60766186779257,0.187776548,1.81700008896371,1.85754610244107,0.147578501,0.478083153083253,0.105610213544474
3.513181749,17.9210933120193,1.632563181,1.65378315187146,1.61904702958877,0.189765483,1.82022708418399,1.86244584885862,0.148076452,0.479924054289591,0.106518516188755
3.515058449,18.0350379432085,1.64298065,1.65894241512713,1.63041323759199,0.191712318,1.82346230691453,1.8673779731323,0.148507018,0.481780520636373,0.107433253976623
3.516935149,18.1492475865832,1.653263888,1.66406456177705,1.64175876051953,0.193623328,1.82670513292861,1.87234182425972,0.148870834,0.4836522939383,0.108354213010276
3.518811848,18.2637070336383,1.663439408,1.66914849383103,1.65308187164441,0.19550639,1.82995493218959,1.87733673459195,0.14917973,0.485539113936318,0.109281178496771
3.520688548,18.3784012263086,1.673516837,1.67419312987516,1.66438086710338,0.197362028,1.83321107424899,1.88236202797757,0.149445227,0.487440721407979,0.110213936364533
3.522565248,18.4933233420932,1.68352607,1.67919564997301,1.67565286855503,0.199200642,1.83647312564601,1.88741821071249,0.149678862,0.489357446753085,0.11115249323951
3.524441947,18.6084565987915,1.693461214,1.68415469489463,1.68689583247045,0.201019252,1.83974036480351,1.8925045582581,0.149887545,0.491289033494126,0.112096619547058
3.526318647,18.7237759683182,1.703343875,1.68900548693034,1.69810924251687,0.202832338,1.84301290082589,1.89761900181884,0.150077734,0.493232461595381,0.113045848245336
3.528195347,18.8392660908329,1.713183617,1.69375450394046,1.70929140071457,0.204665093,1.84628987993532,1.90276078679762,0.150256375,0.495187705410023,0.113999961804873
3.530072046,18.9549115839812,1.723020214,1.69840515444324,1.72044061546946,0.206504855,1.84957050408532,1.90792914246367,0.150422592,0.49715463883116,0.114958742534111
3.531948746,19.0706972301244,1.732853858,1.70295961760045,1.73155521960916,0.20834634,1.85285400636576,1.91312329038287,0.150584682,0.49913309721626,0.11592197423249
3.533825446,19.1866076086675,1.742689391,1.70741986422791,1.74263353499003,0.210196019,1.85613962280141,1.91834242802732,0.150742262,0.501122904348905,0.116889439236354
3.535702145,19.3026272825019,1.752521582,1.71178768028962,1.75367389070643,0.212046364,1.85942659675029,1.9235857370834,0.150895321,0.503123876078484,0.117860920045326
3.537578845,19.4187409857701,1.762344818,1.71606468825376,1.76467464092351,0.213895292,1.86271418342824,1.9288523920289,0.151048278,0.505135824043806,0.118836200991638
3.539455544,19.5349331929406,1.77218264,1.7202523444999,1.775634124036,0.215761767,1.86600163700485,1.93414154067693,0.151213351,0.507158548655703,0.11981506471428
3.541332244,19.6511886157456,1.782046415,1.72435197009342,1.78655070981743,0.217648649,1.86928822405715,1.93945232677933,0.151396388,0.509191848111126,0.120797296419437
3.543208944,19.7674917718183,1.7919338,1.72836474677505,1.79742275878922,0.219553051,1.87257321082437,1.94478387046691,0.15159184,0.511235511261799,0.121782680332147
3.545085643,19.8838271723171,1.801837861,1.73229173469085,1.8082486401209,0.221488745,1.87585586805313,1.95013527681791,0.151808436,0.513289321204049,0.122771001352467
3.546962343,20.0001795099899,1.811770265,1.73613388844713,1.81902674905881,0.223466065,1.87913547588493,1.95550564464724,0.152056218,0.515353058952067,0.123762046741813
3.548839043,20.1165318476627,1.821726402,1.73988496637558,1.82975109940313,0.225465881,1.88241091901709,1.96089549253203,0.152314857,0.517427300930192,0.124755795718706
3.550715742,20.232867191468,1.831689874,1.74355279090734,1.84042407591834,0.227476619,1.88568173189842,1.96630228684419,0.152585973,0.519510982503659,0.125751807207632
3.552592442,20.3491702341629,1.841668998,1.74713815179376,1.85104418806419,0.229494818,1.88894721296959,1.97172504849074,0.152866305,0.521603852998189,0.126749867565805
3.554469142,20.4654254869234,1.851636212,1.7506416171364,1.86160985514885,0.231525678,1.89220665219792,1.9771628058623,0.153142924,0.523705670609848,0.127749766921495
3.556345841,20.5816174674097,1.86158324,1.75406368692772,1.87211950690232,0.233555946,1.89545934265706,1.98261457353488,0.153419295,0.525816189724738,0.128751296666325
3.558222541,20.6977308873899,1.871494548,1.75740480454624,1.88257160041844,0.235590274,1.89870458564169,1.98807936123976,0.153696855,0.527935164549486,0.129754251142745
3.560099241,20.8137502831699,1.881386664,1.76066535155134,1.89296458677885,0.237636813,1.90194168021877,1.99355615666802,0.153993148,0.530062342591162,0.130758424522348
3.56197594,20.9296602035673,1.891276831,1.76384565877788,1.90329692828467,0.239725013,1.90516992843122,1.99904393438443,0.154308195,0.532197468216669,0.131763612480323
3.56385264,21.0454453969149,1.901152107,1.76694601622033,1.91356711507061,0.241827503,1.9083886404397,2.004541664875,0.154622178,0.534340286286061,0.132769613880322
3.56572934,21.1610904424545,1.910998677,1.76996666755562,1.92377363233653,0.243929549,1.91159712422614,2.01004829724855,0.154929925,0.536490535511389,0.133776227632488
3.567606039,21.2765799379527,1.92081214,1.77290781977938,1.9339149772767,0.246025235,1.91479469082218,2.01556276824549,0.1552395,0.538647952028124,0.134783254368578
3.569482739,21.3918986858196,1.93056996,1.77576965171226,1.94398967533909,0.248125117,1.9179806594458,2.02108401134453,0.155550334,0.540812273033895,0.135790498120456
3.571359439,21.5070313259908,1.940303159,1.77855230845406,1.95399624811527,0.250251826,1.9211543473621,2.02661093939664,0.155872059,0.542983230041644,0.136797763164503
3.573236138,21.6219533805391,1.950008997,1.78125261076616,1.9639302531077,0.252387516,1.92431450145408,2.03214259262562,0.156195019,0.545160805564726,0.137804839400876
3.575112838,21.7366468394494,1.95966752,1.78387040441679,1.9737898108886,0.254514604,1.92746030978678,2.03767772315166,0.156514319,0.547344712440111,0.1388115086813
3.576989538,21.8511055578372,1.969285906,1.78640933303857,1.98357663176736,0.256643432,1.93059168749012,2.04321500177033,0.15683351,0.549534388818039,0.139817590030758
3.578866237,21.9653142948421,1.978877968,1.78886945484524,1.9932892936538,0.258793602,1.93370796666007,2.04875329376231,0.15715175,0.551729558208797,0.140822896422655
3.580742937,22.0792580250122,1.988435143,1.79125081935086,2.00291811267394,0.260950369,1.93680848812887,2.05431126234428,0.157461702,0.553929946124474,0.141812004514968
3.582619636,22.1929215143136,1.997957307,1.79355346055509,2.01246115162081,0.26312084,1.93989258997956,2.05988772575745,0.157771684,0.55613527200203,0.142784840761532
3.584496336,22.3062898080181,2.007448847,1.79577740935586,2.02191748030043,0.265307521,1.94295962091694,2.06547912524518,0.158080654,0.558345258683828,0.143743185220467
3.586373036,22.4193478081046,2.016874346,1.79792268682901,2.03128525698751,0.267515483,1.94600892887452,2.07108423985288,0.158386127,0.560559624303592,0.14468699986713
3.588249735,22.5320804577579,2.026221462,1.79998931001779,2.04056266295704,0.269910454,1.94903986614226,2.07670183472048,0.158773693,0.562778085896246,0.145616252407376
3.590126435,22.6444729226321,2.035729823,1.80197729676797,2.04974791747413,0.272754988,1.95205179431263,2.08233067028457,0.159352053,0.565000363049111,0.146530917737848
3.592003135,22.7565102324407,2.045503852,1.80388666077155,2.05883924856345,0.276009951,1.95504407474855,2.08796948451334,0.160061434,0.567226170896189,0.147430974987532
3.593879834,22.8681774639521,2.055019189,1.80571741656769,2.06783490846635,0.279147189,1.95801607363117,2.09361700208017,0.160728552,0.569455223740985,0.148316409038814
3.595756534,22.9794599202375,2.063981652,1.80746958361331,2.07673318810903,0.281963664,1.96096716680247,2.09927194365362,0.161263974,0.571687238711757,0.149187211888909
3.597633234,23.0903427759859,2.072507797,1.80914318181343,2.08553238883981,0.284615231,1.96389673044322,2.10493300807914,0.161710097,0.573921928708932,0.150043379821829
3.599509933,23.2007744521161,2.080723417,1.81073154290344,2.09422208222705,0.287077976,1.9668021960729,2.11059915761311,0.162094453,0.576159180577328,0.150883668281668
3.601386633,23.3107737273483,2.088708335,1.81224126659326,2.10280891135516,0.28943975,1.96968475226999,2.11626855247036,0.162452932,0.578398484386624,0.151709310834668
3.603263333,23.4203266637612,2.096694144,1.81367252585785,2.11129143424196,0.291738664,1.97254383102429,2.12193984314575,0.162804188,0.580639547350196,0.152520347363743
3.605140032,23.5294186757214,2.104536406,1.81502536822444,2.11966806390937,0.293933464,1.97537883238636,2.12761167661059,0.163166142,0.582882080341801,0.153316798444249
3.607016732,23.6380354123326,2.112382258,1.81629985218824,2.12793725354376,0.296046803,1.97818916687391,2.13328269774164,0.163508497,0.585125797529342,0.154098691425494
3.608893432,23.7461624100672,2.120120864,1.81749604356116,2.13609746995246,0.298099791,1.98097424653596,2.13895153153143,0.163865162,0.587370409266245,0.154866057814697
3.610770131,23.8537852704787,2.127927066,1.81861401855522,2.14414720761306,0.300167933,1.98373348971002,2.14461679251887,0.164236817,0.589615625731191,0.155618934532679
3.612646831,23.9608898328273,2.135751494,1.81965386598925,2.15208500158015,0.302180241,1.98646632551497,2.15027709421272,0.164619058,0.59186116057574,0.156357365012789
3.614523531,24.0674618317666,2.143472995,1.82061568427268,2.15990940204745,0.304145939,1.98917218517091,2.15593103136201,0.165031826,0.594106723800009,0.157081396720529
3.61640023,24.173487072615,2.151205172,1.82149958390909,2.16761898781434,0.3061046,1.99185050662306,2.16157718942715,0.165447417,0.596352025394275,0.157791082317931
3.61827693,24.2789516010478,2.158904351,1.82230568913586,2.17521237855827,0.30804185,1.99450073888105,2.16721415399534,0.165882978,0.598596778978902,0.158486480673267
3.62015363,24.3838413663283,2.166615047,1.82303413556931,2.18268821055008,0.3099993,1.99712233361255,2.172840493156,0.16633935,0.600840694675177,0.159167654516786
3.622030329,24.4881423938877,2.174420159,1.82368507215705,2.1900451495088,0.312012609,1.9997147496224,2.17845476698605,0.166818083,0.603083482744762,0.159834671516278
3.623907029,24.5918151322698,2.182094619,1.82425544042908,2.19727682215152,0.313992713,2.00227619122336,2.18405490359507,0.167322137,0.60532478440152,0.160487020729596
3.625783728,24.6948416625627,2.189771683,1.82474517936166,2.20438135883659,0.315971831,2.00480595382447,2.18963918757838,0.167832298,0.607564262585298,0.16112474280077
3.627660428,24.7972356935494,2.197328207,1.82515797948613,2.21136296939187,0.317926565,2.00730486837774,2.19520677801954,0.168369337,0.609801696461735,0.16174855826657
3.629537128,24.8989835944566,2.204853573,1.82549404978232,2.21822044829592,0.31988699,2.00977242568716,2.20075620570831,0.168923802,0.612036797419977,0.162358554794903
3.631413827,25.000071820433,2.212441966,1.82575361385686,2.22495262073611,0.321881618,2.01220812436707,2.20628599600507,0.169489628,0.614269277231722,0.162954824428657
3.633290527,25.1004870744565,2.219879361,1.8259369103127,2.23155835328417,0.323850605,2.01461147477746,2.21179467814495,0.170097834,0.616498851655474,0.163537464394927
3.635167227,25.2002159853295,2.227378699,1.82604419195733,2.23803653244929,0.325897223,2.01698199131851,2.21728076805238,0.170713535,0.618725233335941,0.164106575072579
3.637043926,25.2992452730174,2.234816325,1.82607572651469,2.24438607598239,0.327955405,2.01931919652533,2.22274277776679,0.17136257,0.620948135420543,0.164662260867905
3.638920626,25.3975619068383,2.242208773,1.82603179651839,2.25060594283891,0.330035357,2.02162262481733,2.22817922464268,0.172033817,0.623167275142181,0.165204630946925
3.640797326,25.495152790563,2.249476036,1.82591269923533,2.25669511302123,0.332059308,2.02389181512351,2.23358861442219,0.172725898,0.625382366749168,0.165733797337541
3.642674025,25.5920049242635,2.256577179,1.82571874690534,2.26265259818808,0.334075834,2.0261263147994,2.23896945057975,0.173455556,0.627593125105431,0.166249875727677
3.644550725,25.6881055585604,2.26378607,1.82545026617609,2.26847745088633,0.336140375,2.02832568318256,2.24432024338907,0.174181997,0.629799269247377,0.16675298612435
3.646427425,25.783441887277,2.270805359,1.82510759874395,2.27416874571729,0.338161353,2.03048948456467,2.24963949330104,0.174952392,0.632000515354476,0.167243251088394
3.648304124,25.8780012055668,2.277843865,1.82469110113732,2.27972558923146,0.340246,2.0326172919223,2.25492570017847,0.175736497,0.634196580328672,0.167720796458521
3.650180824,25.9717025101992,2.284853139,1.82419492204745,2.28513551298913,0.342323438,2.03470554582363,2.2601742769172,0.176549386,0.636386691475051,0.168184692327917
3.652057524,26.064598140351,2.29170114,1.82362561897663,2.29040891920282,0.344478563,2.03675684263322,2.2653864744002,0.177408308,0.638570998389766,0.168636134431407
3.653934223,26.15667709782,2.29868914,1.82298372304697,2.29554525340435,0.346690785,2.03877084730935,2.27056085438687,0.178295265,0.64074923004936,0.169075280121225
3.655810923,26.2479272748185,2.305369337,1.8222696518858,2.30054376770391,0.348812424,2.0407471740977,2.27569592902711,0.179252384,0.642921110307713,0.169502268425013
3.657687623,26.3383365238759,2.312145991,1.82148383807128,2.30540373771148,0.351052335,2.04268544297255,2.28079020466989,0.180220679,0.645086360420197,0.169917240188655
3.659564322,26.4278928092485,2.318636977,1.82062672816534,2.31012447117896,0.353143539,2.04458528303507,2.28584219085492,0.181249251,0.647244702577585,0.170320338684587
3.661441022,26.5165843495806,2.325178561,1.81969878098498,2.31470531518608,0.355375527,2.04644633551253,2.29085040888579,0.182309389,0.649395863371239,0.170711710094468
3.663317722,26.6043993327844,2.331825379,1.81870047012241,2.31914564095923,0.35766004,2.04826824772112,2.29581337625843,0.183410989,0.651539566920256,0.171091502084254
3.665194421,26.6913260631423,2.338116627,1.81763228256402,2.32344485175668,0.359848273,2.05005067625944,2.30072961546199,0.184609755,0.653675538372526,0.171459864348919
3.667071121,26.7773530992546,2.344809698,1.81649471656543,2.32760238927498,0.362287519,2.05179328979055,2.3055976623092,0.185817486,0.65580350732766,0.171816949036927
3.66894782,26.8624689330885,2.351029721,1.81528828554802,2.33161771781819,0.36453614,2.05349576251471,2.31041604829762,0.187132179,0.657923199915476,0.172162909268033
3.67082452,26.9466623572072,2.35748451,1.81401351294482,2.3354903417825,0.367070261,2.05515778159435,2.31518332191017,0.188489712,0.660034347887341,0.172497900514363
3.67270122,27.029922148525,2.363894944,1.81267093643874,2.33921979053912,0.369554385,2.05677904082933,2.31989803123452,0.189908467,0.662136680736918,0.172822079177901
3.674577919,27.112197255701,2.369931044,1.81125832543075,2.34279961138401,0.371945531,2.05835751621078,2.32455640994989,0.191432348,0.664229537279711,0.173135165889088
3.676454619,27.1934719898594,2.376383683,1.80977608900761,2.34622884980657,0.374597742,2.05989274047669,2.32915663648372,0.192958116,0.666312582682419,0.173437306389317
3.678331319,27.2737782743985,2.382263105,1.80822784357582,2.3495136326007,0.377009357,2.06138629560538,2.33369973240649,0.194599968,0.668385961653841,0.173729142484353
3.680208018,27.3531054250018,2.388367212,1.80661417706441,2.3526536233843,0.379624125,2.06283791622485,2.33818428458898,0.196296231,0.670449408927915,0.174010835501577
3.682084718,27.4314430122384,2.394764826,1.80493568566837,2.35564852136888,0.38238556,2.06424734878021,2.34260889766633,0.198012464,0.67250266382299,0.174282548013572
3.683961418,27.5087806082474,2.400362257,1.80319297865028,2.35849805097615,0.384844879,2.06561434686408,2.3469721802315,0.199894503,0.674545463661586,0.174544442805994
3.685838117,27.5851079179884,2.406505398,1.80138667566778,2.3612019671075,0.387685387,2.06693867368257,2.35127275278567,0.201754754,0.676577547128721,0.17479668323932
3.687714817,27.6604149000752,2.412666552,1.7995174034259,2.36376005888663,0.3905292,2.06822010407691,2.35550925504915,0.20369267,0.678598657521681,0.175039433509571
3.689591517,27.7346915238124,2.418112814,1.79758580113583,2.36617214075509,0.393138364,2.06945842028798,2.35968033278144,0.205780687,0.680608536277727,0.175272857723973
3.691468216,27.807927895284,2.424163211,1.79559251748933,2.36843805695091,0.396199425,2.07065341419575,2.3637846454145,0.207776667,0.682606926280005,0.175497120215252
3.693344916,27.8801143726747,2.429653077,1.79353820698045,2.37055768445371,0.398924609,2.07180488910687,2.36782087299864,0.209937498,0.684593575046039,0.175712385760716
3.695221616,27.9512413340068,2.435125017,1.79142353600357,2.37253092556865,0.401821217,2.07291265596152,2.37178770369269,0.212155348,0.686568228372331,0.175918818760759
3.697098315,28.0212992978853,2.440760594,1.78924917948839,2.37435771161179,0.404894608,2.07397653534282,2.37568384105311,0.214300506,0.688530633583422,0.176116583509099
3.698975015,28.0902790331459,2.446049381,1.78701581690591,2.37603800505875,0.407696892,2.07499635902767,2.37950801058939,0.216697385,0.690480542654868,0.176305844373634
3.700851715,28.1580777708841,2.451019846,1.78471924088685,2.37755931272945,0.410529854,2.07596818413656,2.38325258237629,0.219027743,0.692416594987718,0.176486070972268
3.702728414,28.2247764328304,2.456473782,1.78236508041839,2.37893388498212,0.413675147,2.07689553878417,2.38692231358721,0.221325139,0.694339584602241,0.176658137117736
3.704605114,28.2903681593102,2.461077876,1.77995414111034,2.38016203206418,0.4162832,2.0777783635677,2.39051611429939,0.223716759,0.696249291032673,0.176822220188705
3.706481814,28.3548442241043,2.465699107,1.77748713703495,2.38124383264826,0.419069798,2.07861652969599,2.39403277859603,0.22614821,0.698145470037809,0.176978482040695
3.708358513,28.4181960491936,2.470696002,1.77496478870215,2.38217939240404,0.422214052,2.07940991796044,2.39747111949281,0.228498433,0.700027879077222,0.17712708377387
3.710235213,28.4804153045779,2.475220499,1.77238781857195,2.38296884481235,0.424964135,2.08015841988415,2.40082997477668,0.230998713,0.701896280315605,0.177268185861325
3.712111912,28.5414936738559,2.479226436,1.77314377018008,2.38361234742535,0.427727207,2.08270658735991,2.40410819474715,0.233488616,0.703750433637216,0.177401947511418
3.713988612,28.6014231210218,2.483825711,1.77687931321396,2.38411008493894,0.43083107,2.08686968777465,2.40730465707066,0.235898202,0.705590104642187,0.177528527186887
3.715865312,28.6601956619283,2.487592941,1.78041040738532,2.38446226619906,0.433488383,2.09092144725336,2.41041825492215,0.238374166,0.707415057734288,0.177648082010815
3.717742011,28.7178034660025,2.491031129,1.78373975949405,2.38466912523841,0.436224843,2.09486180435812,2.4134479029295,0.240837487,0.709225059149369,0.177760767917572
3.719618711,28.7742389458722,2.494993429,1.78687005523185,2.38473092078942,0.439275304,2.09869072214739,2.416392542244,0.24325262,0.711019879829989,0.177866739733182
3.721495411,28.8294945750457,2.498064629,1.78980394901726,2.38464793534346,0.441748831,2.10240817581484,2.41925113138383,0.245662717,0.712799289675145,0.177966150743927
3.72337211,28.8835629836004,2.500824618,1.79254407006208,2.38442047540754,0.444475915,2.10601415938041,2.42202265172774,0.248111602,0.714563060493555,0.178059152816883
3.72524881,28.9363868822248,2.503918584,1.79508517414992,2.3840428739026,0.447304163,2.1095040434426,2.4247023924328,0.25048533,0.716310296400934,0.178145642442202
3.72712551,28.9879540136279,2.506045121,1.79742953632758,2.38351503087148,0.449566543,2.11287747524215,2.4272889349987,0.252856463,0.718040685120011,0.178225767640389
3.729002209,29.0383115723675,2.508004369,1.79958834577405,2.38284384868127,0.452042914,2.11613955334722,2.42978532501879,0.25511624,0.719754722972862,0.178299957837963
3.730878909,29.0874529455921,2.510375185,1.80156412804886,2.38202973037218,0.454813347,2.11929035878799,2.43219065093935,0.257382971,0.721452192915249,0.178368358032184
3.732755609,29.1353715975224,2.511337906,1.80335938091176,2.38107310134199,0.456696702,2.12232998648251,2.43450402211143,0.259627379,0.723132877157231,0.17843111130277
3.734632308,29.1820611547653,2.512376608,1.80497657860488,2.37997440831288,0.458820306,2.12525855090467,2.43672457346999,0.2617731,0.724796559982155,0.178488358891884
3.736509008,29.2275154788822,2.513527401,1.8064181742355,2.3787341168081,0.461079366,2.12807619058439,2.4388514692466,0.263858815,0.72644303039127,0.178540240227222
3.738385708,29.2717285172942,2.51379999,1.8076865947394,2.37735271416237,0.462710028,2.13078305876321,2.440883896191,0.265890787,0.72807207680044,0.178586892684024
3.740262407,29.3146943822261,2.513870884,1.80878424417039,2.37583070773283,0.464478522,2.13337932845637,2.44282106774665,0.267828455,0.72968348977351,0.178628451641523
3.742139107,29.3564074166923,2.513987517,1.80971350517567,2.37416862163673,0.466413057,2.1358651963516,2.44466222723041,0.269685626,0.731277064573956,0.178665050487253
3.744015807,29.3968620582805,2.51327524,1.81047673574143,2.37236700122685,0.467737979,2.13824087459442,2.44640664200481,0.271533495,0.732852596042863,0.17869682044085
3.745892506,29.4360529116141,2.512269428,1.81107627153641,2.37042641055726,0.469096516,2.14050659524592,2.44805360713349,0.273215012,0.734409881242901,0.178723890589268
3.747769206,29.4739748076617,2.511403132,1.81151442652414,2.36834742839499,0.470699107,2.14266261358399,2.44960244801445,0.274835301,0.735948721913535,0.178746387874357
3.749645906,29.5106226805931,2.509705555,1.8117934914133,2.36613065414575,0.471691531,2.14470920101151,2.45105251552783,0.27643418,0.737468919537278,0.178764436973709
3.751522605,29.5458822198176,2.50768211,1.81190260365912,2.36376508383513,0.472796498,2.14663738420601,2.45239466332775,0.277886613,0.738968653670184,0.17877780395181
3.753399305,29.5798550404505,2.505766555,1.81185728653618,2.36126284897782,0.47407545,2.14845661288563,2.45363654571216,0.279233859,0.740449287314815,0.178786979985116
3.755276004,29.612538882585,2.502982931,1.81166003586812,2.35862484841715,0.474726937,2.15016741655801,2.4547777845824,0.280556333,0.74191066219061,0.178792089784546
3.757152704,29.6439294582767,2.499826013,1.81131304803316,2.35585174803704,0.475535767,2.15177015483514,2.45581785740577,0.281766916,0.743352592065571,0.178793248065467
3.759029404,29.6740225949428,2.496856406,1.81081849810647,2.35294423290284,0.476483162,2.15326520418255,2.45675626923602,0.282876183,0.744774890708357,0.178790567141836
3.760906103,29.7028142922833,2.493135417,1.81017854016459,2.34990300303936,0.476901329,2.15465296096625,2.45759255508004,0.283933132,0.746177374309547,0.178784156923498
3.762782803,29.7303007656661,2.48884469,1.80939530604263,2.34672876780789,0.477369854,2.15593384336774,2.45832628119357,0.28491374,0.747559863698612,0.178774124875241
3.764659503,29.7564783540995,2.484790501,1.80847090747019,2.34342225515178,0.478069637,2.15710828686038,2.4589570425638,0.285775408,0.748922179875124,0.178760576016954
3.766536202,29.7813435703642,2.479774496,1.80740743557754,2.33998420667455,0.478169787,2.15817674666644,2.45948446471309,0.286612206,0.750264146329012,0.178743612906033
3.768412902,29.8048931374803,2.474469167,1.80620695892848,2.33641537134247,0.478173114,2.15913969909643,2.45990820441678,0.28728892,0.751585591150284,0.178723335585134
3.770289602,29.8271239102611,2.469435892,1.80487152712174,2.33271651611881,0.478721726,2.15999763811081,2.4602279482216,0.287892831,0.752886342770075,0.17869984162497
3.772166301,29.8480329185873,2.463429871,1.80340316953901,2.32888842035692,0.478676729,2.16075107719402,2.46044341367792,0.288526402,0.754166232176651,0.178673226093426
3.774043001,29.867617396902,2.457114644,1.80180389269137,2.32493186884462,0.478545802,2.1614005501275,2.4605543494743,0.289006306,0.755425094914978,0.178643581493334
3.775919701,29.8858192718914,2.451037176,1.80007040320246,2.32084238023889,0.478767029,2.16194232429789,2.46055615890412,0.289370235,0.756661875925391,0.178610879449289
3.7777964,29.902631032486,2.443911233,1.79820449124304,2.31662043157314,0.478440004,2.16237668756578,2.46044825683156,0.289758112,0.757876315397784,0.17857520919
3.7796731,29.9181105595812,2.436367853,1.79621392800609,2.31227261933193,0.477939929,2.16270891595702,2.46023523656113,0.290018639,0.759069216845157,0.178536787662244
3.7815498,29.9322558041437,2.429192484,1.79410063604541,2.30779978025895,0.477803453,2.1629396237711,2.45991698112668,0.290157395,0.760240424967648,0.17849569647923
3.783426499,29.9450648943081,2.421279916,1.79186651851276,2.3032027608954,0.477361489,2.16306944410296,2.45949340517957,0.290284219,0.761389787159632,0.178452014722355
3.785303199,29.9565361531282,2.412557557,1.78951345544228,2.29848240957523,0.476537697,2.16309902868342,2.45896445412391,0.290339144,0.762517155319165,0.178405818867572
3.787179899,29.9666680568089,2.404371546,1.78704331093557,2.29363959065741,0.476162633,2.16302904723935,2.45833010542288,0.290250784,0.763622382176112,0.178357182927018
3.789056598,29.9754592593797,2.395861963,1.78445793007636,2.28867517718072,0.475714735,2.16286018784445,2.45759036825769,0.290137223,0.764705323215155,0.178306178391959
3.790933298,29.9829086033865,2.386127169,1.78175913462375,2.28359004224788,0.474543726,2.16259315622408,2.45674528207526,0.289993399,0.76576583836791,0.178252874151718
3.792809998,29.9890150920183,2.376515818,1.77894873142517,2.27838507455678,0.473720059,2.16222867613289,2.4557949189558,0.289676741,0.766803788570993,0.178197336665376
3.794686697,29.9937779067455,2.367304734,1.77602850870936,2.27306117043085,0.473345121,2.16176748915903,2.45473938268464,0.28931892,0.767819037574168,0.178139629895797
3.796563397,29.9971964109359,2.357094973,1.77300023122107,2.26761922460933,0.472341903,2.16121035350679,2.45357880671431,0.288959088,0.768811453512776,0.178079815221865
3.798440097,29.999270135917,2.346514294,1.76986564980107,2.26206014704965,0.471364765,2.16055804536844,2.45231335759234,0.288498453,0.76978090570051,0.178017951637566
3.800316796,29.9999987915535,2.336431474,1.76661148441234,2.25636452481597,0.470978199,2.15980269089607,2.45093149655769,0.287962774,0.770727266320176,0.177954095677984
3.802193496,29.9992677186344,2.325338027,1.75417867294219,2.23826546348037,0.470070545,2.15371110093949,2.4423476007932,0.287453172,0.771648422619428,0.17788814143142
3.804070195,29.9971891606385,2.314056736,1.74224655605328,2.22041275348565,0.469082689,2.1478750464122,2.43386889069745,0.286814224,0.772546177041186,0.177820306242791
3.805946895,29.9937658241887,2.30309155,1.73077735633193,2.20279767146412,0.468627979,2.14227335805495,2.42549121138754,0.286066303,0.773420454425767,0.177750641966815
3.807823595,29.988998176384,2.291110454,1.71973695124195,2.18541226821341,0.467719015,2.13688684711605,2.41721074970135,0.285380956,0.774271139315458,0.177679194705014
3.809700294,29.9828868627975,2.278911044,1.70909368855667,2.16824887186267,0.466785494,2.13169769375144,2.40902382076035,0.284609493,0.77509811921657,0.177606008198135
3.811576994,29.9754326945431,2.267261177,1.69881819605697,2.15130005240489,0.46634673,2.12668934671678,2.4009268523121,0.283718926,0.775901285883691,0.177531123726781
3.813453694,29.9666366668609,2.254491541,1.68888325355836,2.1345586683802,0.465417872,2.12184645366036,2.3929164082051,0.282935242,0.77668053267648,0.177454580367147
3.815330393,29.956499953142,2.241567744,1.67926362396398,2.11801783075301,0.464470592,2.11715477167683,2.38498917233774,0.282055222,0.77743575596702,0.177376414902701
3.817207093,29.9450238849416,2.229017207,1.66993589840733,2.10167086919443,0.463896831,2.11260108496685,2.37714193355609,0.281079887,0.778166856297566,0.177296661719481
3.819083793,29.9322099844889,2.215932153,1.66087839630182,2.08551137730765,0.463147115,2.10817314951653,2.3693716083556,0.280244901,0.778873735985699,0.17721535308205
3.820960492,29.9180599516401,2.202381,1.65207102780968,2.06953317833719,0.462224172,2.10385961970768,2.36167522543959,0.279332014,0.779556300406945,0.177132519038985
3.822837192,29.9025756368663,2.189557596,1.64349516758109,2.0537302930372,0.461819839,2.09964998059956,2.35404991111498,0.278371111,0.780214459024351,0.177048187313066
3.824713892,29.8857590876419,2.176198699,1.63513357755569,2.03809698361019,0.461229947,2.09553450449313,2.34649291132457,0.277503745,0.780848123245382,0.176962383595954
3.826590591,29.8675572223514,2.162267802,1.62697786307919,2.02263430426487,0.460438689,2.09150734791871,2.33900419227095,0.276633531,0.781456179487379,0.176875072093453
3.828467291,29.8479679746079,2.149142183,1.61901199898951,2.00733675864938,0.460191175,2.08755939226597,2.33158108057762,0.275730341,0.782038445993411,0.176786271616208
3.830343991,29.8270541958737,2.13588535,1.61121367531051,1.9947786604533,0.459975568,2.08367928882162,2.32570103892747,0.274942501,0.782595957640872,0.17669606645338
3.83222069,29.8048186861613,2.12182394,1.60357052022143,1.98264447886449,0.459398155,2.07986009767358,2.3200345899276,0.274216045,0.783128639155451,0.176604473315972
3.83409739,29.7812643826355,2.10847814,1.59607106818101,1.97057540249144,0.459355318,2.07609540355757,2.3143760216261,0.273421515,0.783636419220351,0.176511506772973
3.83597409,29.756394428941,2.09547507,1.58870471959662,1.95857094875061,0.45959633,2.07237929209451,2.30872539032055,0.272750296,0.78411922875877,0.176417179575644
3.837850789,29.7302121433781,2.081474836,1.58146166776915,1.94663065076082,0.459310748,2.06870630989515,2.30308275945777,0.272184454,0.784577001874784,0.176321502548842
3.839727489,29.7027209733353,2.068012613,1.57433283145152,1.9347540379758,0.45953067,2.06507142742674,2.29744819058233,0.271563332,0.785009676533703,0.176224484468658
3.841604189,29.6739245782754,2.055024603,1.56730982572781,1.92294067393989,0.460121275,2.0614700214644,2.29182176132442,0.271001306,0.785417193103637,0.17612613240255
3.843480888,29.6438267909568,2.041325884,1.560384901503,1.91119013660803,0.460239952,2.05789784179285,2.28620355630108,0.270582439,0.78579949516574,0.176026451595018
3.845357588,29.6124315650292,2.027819167,1.55355088948834,1.89950199933519,0.46066251,2.05435098008391,2.28059365809955,0.270069424,0.786156530061758,0.175925445339827
3.847234287,29.5797430896055,2.014857432,1.54680118374667,1.88787587416932,0.461496858,2.05082585936594,2.27499216815286,0.269593812,0.78648824753236,0.175823115390582
3.849110987,29.5457656533617,2.001138423,1.54012967350632,1.87631136171018,0.461860149,2.04731919671881,2.26939918277134,0.269249942,0.786794601217758,0.17571946156487
3.850987687,29.5105037658128,1.987699471,1.53353073195112,1.86480809409931,0.462541879,2.04382799571342,2.26381481396909,0.26883371,0.787075547427194,0.175614482162505
3.852864386,29.4738536440021,1.974729059,1.52700443146215,1.85337086416128,0.463519588,2.04035035715897,2.25823993635818,0.268431712,0.787328875546888,0.175508060159988
3.854741086,29.4359271698839,1.960837136,1.52054002433679,1.84199420949132,0.463898838,2.03688255114048,2.25267395121358,0.268114989,0.787556666312164,0.175400300358425
3.856617786,29.3967317373343,1.947324571,1.5141330951345,1.83067769170811,0.46460662,2.03342235483699,2.24711697646812,0.267715582,0.78775893304764,0.175291198179987
3.858494485,29.3562725791091,1.934241056,1.5077796902423,1.81942099449937,0.465553405,2.02996777260555,2.24156915237156,0.267332119,0.78793564601884,0.17518074511533
3.860371185,29.3145550282967,1.920446423,1.50147616181252,1.8082237946315,0.466058352,2.02651699372476,2.23603061663699,0.267036061,0.788086779010134,0.175068931003283
3.862247885,29.2715846458389,1.906843687,1.49521916564899,1.79708579767942,0.466740699,2.02306839037217,2.23050152210099,0.266614835,0.788212308742555,0.174955744421252
3.864124584,29.227367158987,1.893713565,1.48900563000083,1.78600671954742,0.467668095,2.01962049989241,2.22498202773844,0.266200466,0.788312215240285,0.174841172551539
3.866001284,29.1819083866662,1.879834831,1.48283272630687,1.77498626861751,0.468109667,2.01617200790285,2.21947228977288,0.265862897,0.788386481929868,0.174725201033535
3.867877984,29.1352143800073,1.866200769,1.47669787097547,1.76402418089048,0.468745124,2.01272174868387,2.21397247923065,0.265426732,0.788435095323689,0.174607814368893
3.869754683,29.0872913541555,1.853095417,1.47059869853374,1.75312020184688,0.469691182,2.00926868974893,2.20848277299561,0.264955141,0.788458045251949,0.17448899578125
3.871631383,29.0381456071906,1.839424073,1.46453303635112,1.74227406892541,0.470208863,2.00581191705628,2.20300334496502,0.264599877,0.788455324826778,0.17436872706126
3.873508083,28.9877836734677,1.825647829,1.45849890957127,1.73148554608412,0.470695315,2.0023506374053,2.19753438349224,0.264108477,0.78842693039194,0.174246988986844
3.875384782,28.9362122488772,1.812546393,1.45249451777945,1.72075440599534,0.471637244,1.998884164859,2.19207608248414,0.263605874,0.78837286161989,0.174123761175906
3.877261482,28.8833883502527,1.799054954,1.44651931291175,1.71008278276452,0.47222015,1.99541164391869,2.18662909424976,0.263153614,0.788292052571486,0.173998957898458
3.879138182,28.8293156197973,1.785263674,1.44057171781103,1.69947064568953,0.472730335,1.9919325030626,2.18119369352531,0.262641964,0.788184416834564,0.173872547552847
3.881014881,28.7740557546561,1.772106853,1.43464915423546,1.68891520586666,0.473526048,1.98844662284395,2.17576959968943,0.262066737,0.788051128138016,0.173744574717993
3.882891581,28.7176160389074,1.758716836,1.42875042927569,1.67841625451602,0.474153478,1.98495369262172,2.17035702074915,0.261548458,0.787892200116528,0.173615014253473
3.884768281,28.6600039976638,1.744905299,1.42287447564715,1.66797360744499,0.474656989,1.98145347924011,2.16495617836066,0.260960493,0.787707649872469,0.173483840273946
3.88664498,28.6012273116237,1.73169481,1.41702033383398,1.65758708780166,0.475392386,1.9779458163643,2.15956729900114,0.260332313,0.787497497847016,0.173351025989072
3.88852168,28.5412937193574,1.717973915,1.41118713505815,1.64725650942389,0.475758487,1.97443059407589,2.15419060526005,0.259716114,0.787261767423675,0.173216543526598
3.890398379,28.4802112365541,1.704367644,1.40537411591327,1.63698171535908,0.476251541,1.97090776749487,2.14882633580468,0.259037697,0.787000485734013,0.173080364468293
3.892275079,28.4179878998694,1.690922857,1.39958058681459,1.62676253364568,0.476832091,1.96737733762087,2.14347472233124,0.258321321,0.786713682659256,0.172942459316056
3.894151779,28.354631992147,1.676953942,1.39380594750523,1.61659881555717,0.477030639,1.96383936055918,2.13813600946199,0.257616868,0.786401391768443,0.172802798036358
3.896028478,28.2901519466318,1.663690061,1.38804967195175,1.6064904188849,0.477573994,1.96029393825957,2.13281044600637,0.256862185,0.786063649964589,0.172661349885797
3.897905178,28.2245562393716,1.649994576,1.38231129384578,1.59643719180616,0.477850057,1.95674120941411,2.12749827635483,0.25607345,0.78570049686477,0.172518083218131
3.899781878,28.1578535952895,1.63610867,1.37659042001857,1.5864390050169,0.477930643,1.9531813576091,2.12219975735899,0.255223111,0.785311975900172,0.172372965976465
3.901658577,28.0900528863717,1.622884498,1.37088671658546,1.57649573532617,0.478320417,1.94961460268939,2.11691514965188,0.254326051,0.78489813382778,0.172225965509382
3.903535277,28.0210712478022,1.609046716,1.36520131036538,1.5666119013618,0.478335068,1.94604065507774,2.11164594200624,0.253437515,0.784456874530237,0.172076881814141
3.905411977,27.9510093719391,1.595176459,1.35953255742093,1.55678282089053,0.47819518,1.9424603844604,2.10639124686873,0.252448502,0.783990361026816,0.17192583760867
3.907288676,27.8798786100087,1.58182235,1.35388025964561,1.54700828945452,0.478301837,1.93887412355708,2.1011513102791,0.251407869,0.783498697511912,0.171772802079275
3.909165376,27.807688331868,1.56791196,1.34824428351587,1.53728819374373,0.478008012,1.93528221228263,2.09592639925736,0.250337259,0.782981944045569,0.1716177401965
3.911042076,27.7344481582571,1.554024433,1.34262454404224,1.52762244177939,0.477555072,1.93168501937645,2.09071679224548,0.24921041,0.782440164694053,0.171460616779885
3.912918775,27.6601678492428,1.540613737,1.33702099286649,1.51801094702838,0.477359045,1.9280829347632,2.08552277053417,0.247975074,0.781873426818153,0.17130139629652
3.914795475,27.5848571816721,1.527038124,1.33143360673045,1.50845361308978,0.476967347,1.92447636197775,2.08034460984706,0.246746911,0.781281800099973,0.171140042637938
3.916672175,27.5085261850403,1.513095947,1.32586240297172,1.49895036436718,0.476287297,1.92086572798887,2.07518259680109,0.245476887,0.780665358339321,0.170976519664466
3.918548874,27.4311850243124,1.499657957,1.32030742827105,1.48950113048305,0.475873703,1.91725147586603,2.07003702040597,0.244086652,0.780024178609575,0.170810790992539
3.920425574,27.3528438720952,1.486031571,1.31476874773138,1.48010583126187,0.475177475,1.91363405750201,2.06490816373076,0.242699241,0.77935834015444,0.170642819759095
3.922302274,27.2735131550888,1.472112506,1.30924646069441,1.47076440685328,0.474352532,1.91001394377341,2.05979632019195,0.241256479,0.778667926441726,0.170472569187638
3.924178973,27.1932034314548,1.458515782,1.30374069002713,1.46147680244316,0.473632141,1.90639161745758,2.05470178513093,0.239714865,0.777953024187892,0.170300002363629
3.926055673,27.1119252578852,1.444521016,1.29825157171083,1.4522429535304,0.472565128,1.90276756620293,2.04962484756866,0.238188402,0.777213722126238,0.170125081985657
3.927932373,27.0296501068688,1.430689423,1.29277997956448,1.44306504891019,0.471502966,1.89914226633757,2.04456656530896,0.236594937,0.776449106224277,0.16994766968581
3.929809072,26.9463869629318,1.416999615,1.28732618942961,1.43394324278357,0.470418482,1.89551629985971,2.03952734847377,0.234937011,0.775659196941529,0.169767714049575
3.931685772,26.8621901858415,1.402784191,1.28188963653368,1.42487505251976,0.469005936,1.89189023606054,2.03450667901395,0.2333013,0.774845195172062,0.169585286113809
3.933562471,26.7770710430533,1.38907889,1.27647054638166,1.41586045471469,0.467722676,1.88826460363817,2.02950486264555,0.231546234,0.774007204897823,0.16940034888447
3.935439171,26.6910407425268,1.375214977,1.2710691476775,1.40689941154323,0.466305471,1.88463992871522,2.02452219531818,0.229814413,0.773145331485286,0.169212865051787
3.937315871,26.6041107463034,1.36107163,1.26568569158096,1.39799190449757,0.464653477,1.8810167475436,2.01955898175907,0.228046322,0.772259684735206,0.169022797705539
3.93919257,26.5162926358111,1.347400641,1.26032044205969,1.38694857328038,0.463162468,1.87739559993214,2.0135253635952,0.226203737,0.771350377605395,0.168830110079233
3.94106927,26.427597967749,1.3335388,1.25497366649576,1.37425551007354,0.461451431,1.87377702273265,2.00667155568516,0.224373688,0.770417524684979,0.168634765267061
3.94294597,26.3380385531864,1.319609293,1.2496456520449,1.36162553840149,0.459617463,1.87016156073098,1.99985796157574,0.222510662,0.769461245083562,0.168436726870329
3.944822669,26.247626318022,1.305998991,1.24433669626907,1.34905857175873,0.457838433,1.86654976020122,1.99308496666239,0.220570055,0.768481661027708,0.168235958727351
3.946699369,26.1563731544225,1.292022413,1.23904709801916,1.33655452977781,0.455758869,1.86294216252911,1.98635295085779,0.218642538,0.767478896212871,0.168032424614838
3.948576069,26.0642912088855,1.278259777,1.23377717376137,1.32411337778855,0.453658834,1.85933931517916,1.97966230960393,0.21662942,0.766453078935451,0.167826088921228
3.950452768,25.9713927380519,1.264695498,1.22852724845612,1.31173510601681,0.451560913,1.85574176536286,1.97301344234088,0.214590975,0.765404340564893,0.167616916361613
3.952329468,25.8776899559077,1.250657823,1.2232976466863,1.29941970945004,0.449067607,1.85215005378837,1.96640674141701,0.212529869,0.764332813775535,0.167404871662917
3.954206168,25.7831292235149,1.237050703,1.21809050212379,1.28717258599088,0.446687854,1.84856532352861,1.95984627596578,0.210401656,0.763236722810575,0.167189669488715
3.956082867,25.6877901533221,1.223513404,1.21290447491372,1.27498857217564,0.444239624,1.84498763482527,1.95332894790454,0.208243826,0.762118106189151,0.16697151461217
3.957959567,25.5916867769685,1.209423343,1.2077398740029,1.26286762276853,0.441411637,1.84141751041534,1.94685507732046,0.206063307,0.760977148680867,0.166750378557309
3.959836267,25.4948318997379,1.19592951,1.20259706133535,1.25080985177453,0.438742595,1.83785548804787,1.94042507531165,0.203810086,0.759813997449359,0.166526228229456
3.961712966,25.3972384265724,1.182112735,1.19747640445699,1.23881539467333,0.435832298,1.83430210233756,1.93403935325048,0.201587852,0.758628802624124,0.166299031040655
3.963589666,25.2989192026795,1.168376432,1.19237826804538,1.22688438889571,0.432821743,1.83075787874339,1.92769831213627,0.199308887,0.757421715337035,0.166068754565734
3.965466366,25.1998873234449,1.154821518,1.18730302998427,1.21501701172438,0.429789195,1.82722334459507,1.92140236250993,0.196972892,0.75619289147961,0.165835367292373
3.967343065,25.1001559788461,1.140858854,1.18225107282095,1.20321346045495,0.426463594,1.82369902306212,1.91515191359451,0.194666279,0.754942489853404,0.16559883829221
3.969219765,24.9997382904159,1.127372864,1.17722277548125,1.19147393322704,0.423253602,1.82018542724013,1.90894736291548,0.192297166,0.753670670093298,0.16535913685911
3.971096465,24.898647628559,1.113644675,1.17221852916337,1.1797986662828,0.419836303,1.81668307112668,1.90278911577506,0.189936926,0.752377596650325,0.1651162332903
3.972973164,24.7968974530996,1.100049539,1.16723872896408,1.16818791447748,0.4163752,1.81319246368359,1.89667757465413,0.187577857,0.751063436826169,0.164870098540211
3.974849864,24.6945011468307,1.086732028,1.16228376577129,1.15664193246635,0.412949602,1.80971410303172,1.89061312910788,0.185183157,0.749728358586079,0.164620703840411
3.976726563,24.5914723950272,1.0731421,1.15735404456312,1.14516101739184,0.409302924,1.80624848919044,1.88459617796665,0.18282968,0.74837253549563,0.164368021649341
3.978603263,24.487799656645,1.059903919,1.15245104908118,1.13374819352889,0.405733909,1.80279668254895,1.87862911292956,0.180426416,0.746995293737116,0.164111885478402
3.980479963,24.3834964061057,1.046648322,1.14757534401696,1.12240408133394,0.40206637,1.79935928851689,1.87271255572449,0.178050695,0.745596760505165,0.163852252960523
3.982356662,24.2786045834925,1.03336927,1.1427261780334,1.11112606226991,0.398273843,1.79593618395402,1.86684471390167,0.175685688,0.744178050370105,0.163589249301656
3.984233362,24.1731379969338,1.020458381,1.13790395868674,1.09991448107709,0.394564386,1.79252783510704,1.86102595249555,0.173291391,0.742739345625782,0.163322849678462
3.986110062,24.067110696496,1.007498186,1.13310910388063,1.0887697160837,0.390768145,1.78913470705241,1.85525663992677,0.170947673,0.741280833456577,0.163053030498576
3.987986761,23.9605368065796,0.994689132,1.1283420338788,1.07769216054131,0.386959337,1.78575725800266,1.8495371380627,0.168594339,0.739802703711682,0.16277976901131
3.989863461,23.8534303524145,0.982068915,1.12360316360754,1.06668220465919,0.383149285,1.78239593377925,1.84386779280322,0.166257145,0.738305146471922,0.162503042882318
3.991740161,23.7458055987309,0.969431198,1.11889291777508,1.05574027064257,0.379232054,1.77905117846459,1.83824895201522,0.163949505,0.736788356742421,0.162222831084609
3.99361686,23.6376768790623,0.956954175,1.11421172303877,1.04486679438225,0.375323461,1.77572342881029,1.83268095588051,0.16162447,0.735252532120648,0.161939113490287
3.99549356,23.5290584196323,0.944625993,1.10955711216376,1.03406220785625,0.371391667,1.77241882160392,1.82716412778136,0.159344814,0.733697579258061,0.161651870425523
3.99737026,23.4199646834077,0.93232948,1.10492437860484,1.0233269734678,0.367417519,1.76914681360773,1.82169879174233,0.157082568,0.73212322850065,0.161361083596542
3.999246959,23.3104101965505,0.920271405,1.10031444843992,1.01266156609394,0.363452082,1.76590323274684,1.81628526307243,0.154845841,0.730529879925273,0.161066735662021
4.001123659,23.2004093699456,0.908268484,1.09572691551661,1.00206645586084,0.359414977,1.76268780399072,1.81092383955648,0.152632594,0.728917747672641,0.160768809768055
4.003000359,23.0899768481467,0.896443656,1.09116146850102,0.991542141764808,0.355412837,1.75950029646674,1.80561481839344,0.150459732,0.727287050805132,0.160467290509794
4.004877058,22.979093344345,0.884803248,1.08661972150861,0.981095251515892,0.351391698,1.75634285686643,1.8003629964476,0.148316326,0.725636472947668,0.160161855233716
4.006753758,22.8678094522241,0.873314634,1.08209969592926,0.970720408275114,0.347392052,1.75321300256814,1.79516428342849,0.146229647,0.723967781368031,0.159852789146566
4.008630458,22.7561407834528,0.862053,1.0776012846528,0.96041801226677,0.34342793,1.75011055477215,1.7900188439886,0.144182768,0.722281237487358,0.159540087035617
4.010507157,22.6441022137908,0.850956208,1.07312448416413,0.950188608700182,0.339480954,1.74703541211481,1.78492693197809,0.142185417,0.720577070331661,0.159223737910068
4.012383857,22.5317084880646,0.840017354,1.06866934148525,0.94003273613409,0.335538299,1.74398749084951,1.77988878239954,0.140228525,0.718855508423846,0.158903731333081
4.014260557,22.4189745761502,0.82929414,1.06423596420351,0.929950958864997,0.331638561,1.74096673237071,1.77490462750553,0.138328646,0.717116785187952,0.158580058443308
4.016137256,22.3059154930256,0.818803291,1.05982450922876,0.919943849967009,0.327797081,1.73797309605108,1.76997468827489,0.136510994,0.715361136249026,0.158252711473432
4.018013956,22.1925461152442,0.808478216,1.05543517204226,0.910011975104578,0.323962736,1.7350065525192,1.76509916646302,0.13473676,0.713588796553404,0.157921683230073
4.019890655,22.0788816011458,0.798375926,1.05106819961359,0.900155929377362,0.320160147,1.73206709292883,1.76027826272085,0.133024014,0.711800006910654,0.157586968331951
4.021767355,21.9649369056204,0.788502704,1.04672386841953,0.890376294626966,0.316406498,1.72915471459726,1.75551215564274,0.131371614,0.709995006405077,0.157248561809512
4.023644055,21.8507272018811,0.778856798,1.04240249769101,0.880673675890546,0.312696934,1.72626943039783,1.75080101962452,0.12978313,0.708174039023416,0.156906460361448
4.025520754,21.7362676984424,0.769465583,1.03810443951663,0.871048685087522,0.30905124,1.72341126252047,1.74614501686638,0.12826964,0.706337350802835,0.156560661839284
4.027397454,21.6215734533789,0.760328854,1.03383006937411,0.861501925512409,0.305472983,1.72058023662585,1.74154428996096,0.126834317,0.704485186812963,0.156211164693023
4.029274154,21.5066513375943,0.751406186,1.02958081988323,0.85203733013655,0.30193376,1.71777752157293,1.73700128599963,0.125464788,0.702617175949482,0.1558578153996
4.031150853,21.3915180325011,0.742730978,1.02535728517615,0.842655921904978,0.298451432,1.71500327011532,1.73251635671157,0.124169752,0.700733548871175,0.155500601599912
4.033027553,21.2761986185854,0.734268614,1.02115882918805,0.833354743779143,0.295006308,1.71225629235745,1.7280870883367,0.122940606,0.698835247426032,0.155139693477044
4.034904253,21.1607084556948,0.726053482,1.01698593746347,0.824134438806136,0.291631099,1.70953663950371,1.72371357665038,0.121801964,0.696922527839309,0.154775095135974
4.036780952,21.0450629261899,0.718080288,1.01283911395758,0.814995654513274,0.288301604,1.70684436493612,1.7193959044803,0.12072145,0.694995648183224,0.15440681189483
4.038657652,20.9292772477153,0.710384464,1.00871887274747,0.805939028112939,0.285033376,1.70417951917468,1.71513413485657,0.119717971,0.693054865232441,0.154034849695745
4.040534352,20.8133668408711,0.702923649,1.00462574970347,0.796965215420476,0.281831949,1.70154215777405,1.71092832479868,0.118786461,0.691100440581905,0.153659216286834
4.042411051,20.6973471427703,0.695705,1.00056029427337,0.788074875636112,0.278681149,1.69893233626588,1.70677851819716,0.11793043,0.689132637575373,0.153279920651452
4.044287751,20.5812334192742,0.688774896,0.996523061643428,0.779268656990961,0.27560966,1.69635010544406,1.70268473928978,0.117163652,0.687151718091194,0.152896972398779
4.046164451,20.465041133978,0.682075941,0.992514624411743,0.770547224806863,0.272604064,1.69379551914428,1.69864700589884,0.116476582,0.685157948802048,0.152510382982932
4.04804115,20.3487857609708,0.675608701,0.98853556477421,0.761911246708641,0.269641517,1.69126862948749,1.69466532263763,0.115863036,0.683151598029335,0.152120165111838
4.04991785,20.2324825968025,0.669411626,0.984586467088757,0.753361378723054,0.266754853,1.68876948245774,1.69073967471221,0.115334072,0.681132932463843,0.151726332117807
4.05179455,20.1161471302572,0.663464579,0.980667929479135,0.744898292458605,0.263912569,1.68629812553182,1.68687004060724,0.114865418,0.679102223558404,0.151328899213449
4.053671249,19.9997948545828,0.657791789,0.976780556382768,0.736522660759831,0.261167157,1.68385460319583,1.68305638561737,0.114485582,0.67705974431263,0.150927882880351
4.055547949,19.88344251691,0.652373984,0.972927715140233,0.728242705602383,0.258482947,1.68144132668512,1.67930340535802,0.114185924,0.675004815957825,0.150522998888628
4.057424649,19.7671071151642,0.647233967,0.969107434965465,0.720051837108186,0.255877215,1.67905601911909,1.67560638176306,0.11397814,0.672938695111422,0.150114564648837
4.059301348,19.6508041425535,0.642313083,0.96532027368311,0.711950561206641,0.25332572,1.67669865948233,1.67196512986122,0.113836728,0.670861681558715,0.149702607687553
4.061178048,19.5345489019348,0.637624919,0.961566846586027,0.703939539734421,0.250826211,1.67436927220245,1.66837955316325,0.113769537,0.668774051148702,0.149287149320226
4.063054747,19.4183569376346,0.63317857,0.957847778842657,0.696019451309446,0.248400997,1.67206788231551,1.66484955014553,0.113776898,0.66667608549363,0.148868213021577
4.064931447,19.3022435378823,0.628938599,0.954163688779347,0.688190956735464,0.246021654,1.66979450532641,1.66137499898341,0.11383937,0.664568063048699,0.148445822661268
4.066808147,19.1862241663687,0.624936193,0.950515201188993,0.680452774652257,0.243699651,1.66754915570204,1.6579609844792,0.113965752,0.662450266879992,0.148017684895944
4.068684846,19.0703142742724,0.621168211,0.94690294068102,0.672804724277278,0.241462309,1.66533184298075,1.65460905126189,0.114172755,0.660322981304518,0.14758301706445
4.070561546,18.9545291132562,0.617579772,0.943327525436921,0.665248102521084,0.239255395,1.66314256819502,1.65131646886294,0.114433651,0.658186488428019,0.147142899881622
4.072438246,18.8388841040733,0.614165765,0.939789578218709,0.657783456738164,0.237078406,1.6609813308657,1.64808286683103,0.114730621,0.656041074913109,0.146697394116677
4.074314945,18.7233946489509,0.610902341,0.936289719997063,0.650411336748476,0.23494809,1.65884812531672,1.64490786797119,0.115063947,0.653887028565401,0.146246561383309
4.076191645,18.6080759454729,0.607838424,0.932828564000201,0.643132282868327,0.232858651,1.65674293729931,1.64179108349859,0.115442481,0.651724634827149,0.14579046340217
4.078068345,18.4929433536967,0.604925348,0.929406726416643,0.63594684891885,0.230802491,1.65466575074592,1.63873212318355,0.115846454,0.64955418363734,0.145329163447596
4.079945044,18.3780212991484,0.602116505,0.926026508128444,0.628859528701211,0.228771032,1.65261770543843,1.63573295699669,0.116274753,0.647375657017459,0.14486251522485
4.081821744,18.2633278926314,0.599375143,0.922688754892487,0.621871310051008,0.226732418,1.65059887445363,1.63279333864144,0.116705842,0.645189355844344,0.144390572653997
4.083698444,18.148869230627,0.596770073,0.919392256875512,0.614978472026118,0.224733307,1.64860795393242,1.62991025011692,0.117159816,0.642995925389262,0.143913634939912
4.085575143,18.0346605539868,0.594218284,0.916137614137999,0.608181570332823,0.222738043,1.64664490510798,1.6270832738121,0.117605124,0.64079565973063,0.14343176895949
4.087451843,17.9207168881529,0.591785081,0.912925416872629,0.601481149117669,0.220773912,1.64470968089399,1.62431198154929,0.118070557,0.638588850285044,0.142945041649366
4.089328543,17.8070534066429,0.58936584,0.909756255548723,0.594877762382444,0.218804056,1.6428022322372,1.62159594379627,0.118512296,0.636375792798588,0.142453521540592
4.091205242,17.6936852456932,0.586944352,0.906630715286493,0.588371962406376,0.216828678,1.6409225049494,1.61893472509765,0.11893473,0.634156783813041,0.141957278002519
4.093081942,17.5806273217945,0.584498609,0.903549370694336,0.581964289186006,0.214825142,1.63907043683816,1.61632788009132,0.119322241,0.631932117066207,0.141456380436491
4.094958642,17.4678946923027,0.582053931,0.900512795613074,0.575655290861532,0.212814438,1.6372459637971,1.61377496216783,0.119659754,0.629702090548745,0.140950899860377
4.096835341,17.3555023714119,0.579532325,0.897521557753461,0.569445512661296,0.210770348,1.63544901680882,1.61127551921762,0.11994339,0.627467002934684,0.140440908126558
4.098712041,17.2434651495344,0.577029897,0.894576213814077,0.563335486882649,0.208716988,1.63367951924303,1.60882908994776,0.120190446,0.625227149956215,0.139926477092111
4.100588741,17.1317979505257,0.574469908,0.891677318798228,0.557325752310949,0.206650525,1.63193739268157,1.60643521200166,0.120377572,0.622982831515946,0.139407680250847
4.10246544,17.0205156492476,0.57181011,0.888825420917914,0.551416843695779,0.204549127,1.63022255408687,1.60409341801305,0.120484173,0.620734348086826,0.13888459192659
4.10434214,16.9096328930485,0.569027856,0.886021056995295,0.545609282281907,0.20240886,1.62853491326149,1.60180323221272,0.120533921,0.618481997066551,0.138357286421152
4.10621884,16.7992011580747,0.566106197,0.88326890076753,0.539912307156968,0.200237953,1.62687667293309,1.59956847615882,0.120501011,0.616225807153841,0.137825495371874
4.108095539,16.6892020450777,0.562970389,0.880565531398846,0.534318021630072,0.198009346,1.62524547564186,1.59738437699869,0.12036678,0.613966403578754,0.137289646626549
4.109972239,16.5796492158821,0.559667908,0.877911368331102,0.528826733033757,0.19573295,1.6236411648139,1.59525034571102,0.120136709,0.611704092056436,0.136749825202522
4.111848938,16.4705573149481,0.556201814,0.875306922509555,0.523438952723363,0.193407096,1.62206363604257,1.59316589321641,0.119815708,0.609439176608632,0.13620611004839
4.113725638,16.3619406931544,0.552518709,0.87178539197842,0.518155174396827,0.191011579,1.62022957586083,1.59113052226964,0.119378728,0.607171956754058,0.135658579770299
4.115602338,16.2538138140106,0.548615663,0.86804189564758,0.512975894139986,0.188541708,1.61793272926415,1.58914373557452,0.118821718,0.604926019566387,0.13510731464839
4.117479037,16.1461910759444,0.544606465,0.864536976914714,0.50790160119129,0.186045379,1.6154612023899,1.58720503252276,0.11817384,0.602693323778836,0.134552395777307
4.119355737,16.0390866396763,0.540347871,0.861201469020784,0.502932769802247,0.183477307,1.6130760521387,1.58531390644511,0.117405171,0.600458423697536,0.133993904167593
4.121232437,15.9325147705327,0.535828105,0.85802837263819,0.498069875180146,0.18083392,1.61077339884334,1.58346985104209,0.116499605,0.598221657639651,0.133431922517741
4.123109136,15.8264896631748,0.531187928,0.855011130195218,0.493313384814484,0.178157769,1.60854959482455,1.58167235739438,0.115497684,0.595983362531956,0.132866534334368
4.124985836,15.7210252719062,0.526310216,0.852143595531366,0.488663750915566,0.175413925,1.60640120692972,1.57992091146739,0.114361686,0.593743870357354,0.132297823016091
4.126862536,15.6161356474418,0.521069311,0.849420018858269,0.484121425273681,0.172588246,1.60432501027568,1.57821500006387,0.113078878,0.591503515339026,0.131725873661777
4.128739235,15.5118347643284,0.515625158,0.846835018422749,0.479686851155598,0.169704935,1.60231797203004,1.57655410809506,0.111672649,0.589262630387538,0.131150772171801
4.130615935,15.4081620259463,0.509975282,0.844388879212692,0.475364968593619,0.166785268,1.60037986398237,1.57493953966302,0.1101616,0.58702155078525,0.130572481132313
4.132492635,15.3051355888224,0.503895749,0.842076782932691,0.471156685937142,0.16378159,1.59850790030406,1.57337087516928,0.108484499,0.584780653649674,0.12999108884686
4.134369334,15.2027417643562,0.497721477,0.839888358882067,0.467057501507442,0.160783081,1.59669659685902,1.57184557477489,0.106729165,0.582540276109078,0.12940682294824
4.136246034,15.1009940186453,0.49124801,0.837819569594624,0.463067813253966,0.157737304,1.59494361835732,1.57036311614783,0.104845659,0.580300742030896,0.128819771810403
4.138122734,14.9999058976422,0.484529077,0.835866644186165,0.459188016213617,0.154662799,1.59324676871828,1.56892297904188,0.102865066,0.578062377633848,0.128230025521579
4.139999433,14.8994908596182,0.477725813,0.834026058610033,0.455418495386082,0.151590708,1.59160397970871,1.56752464298107,0.100821772,0.575825507911303,0.127637674957269
4.141876133,14.7997621144712,0.470668964,0.832294518014542,0.45175961976043,0.148480307,1.59001330067247,1.56616758538867,0.098663088,0.573590453063872,0.127042810824863
4.143752833,14.7007329434118,0.46345279,0.830668948533687,0.448211754221987,0.145352276,1.58847289649681,1.56485128634268,0.096431004,0.57135753565631,0.126445525554311
4.145629532,14.6024165347624,0.455985947,0.829146480686765,0.444775253017285,0.142184883,1.58698103797583,1.56357522649031,0.094078551,0.569127077038248,0.125845912356193
4.147506232,14.5048258270579,0.448293717,0.827724434631632,0.441450454383039,0.13898869,1.58553609311638,1.56233888538836,0.09162335,0.566899393785489,0.125244064254555
4.149382932,14.4079738214753,0.440415806,0.826400313094397,0.438237691316225,0.135763118,1.58413652583406,1.56114174583638,0.089073941,0.564674804829811,0.124640076002921
4.151259631,14.3118734212019,0.4323792,0.825171787469344,0.435137285635056,0.132524399,1.58278088777489,1.55998329201001,0.086459824,0.562453627883427,0.124034043129017
4.153136331,14.2165372785495,0.424270251,0.824036685567316,0.432149543215474,0.129292179,1.58146781095552,1.55886300800186,0.083785646,0.560236175895143,0.123426060957483
4.15501303,14.1219781496139,0.416031057,0.822992985937791,0.429274765078765,0.126060083,1.58019600769367,1.55778038230334,0.081041833,0.558022765319742,0.122816226874002
4.15688973,14.0282768449815,0.407769459,0.822046237373028,0.426522887418823,0.122858439,1.57896755023659,1.55673800932601,0.07826379,0.555814108090217,0.122204498531847
4.15876643,13.9353814074439,0.399561758,0.821187123988216,0.423884805988925,0.119684059,1.57777787697261,1.55573225266967,0.075475956,0.553610183253047,0.121591129191788
4.160643129,13.8433026458187,0.391357682,0.820413873342462,0.421360559149462,0.116543937,1.57662584498963,1.55476253591311,0.072669374,0.551411293365296,0.120976221873407
4.162519829,13.7520526678628,0.383256445,0.819724997553465,0.418950391816808,0.113467326,1.57551044674499,1.55382835714306,0.069872043,0.549217744817206,0.120359875943212
4.164396529,13.6616436210152,0.37529157,0.819119113171211,0.416654541048682,0.110438317,1.57443073183491,1.55292921948684,0.06709742,0.547029846250023,0.119742192506066
4.166273228,13.5720875409879,0.367379985,0.818594932902754,0.414473231527451,0.107479445,1.57338580177027,1.55206462971122,0.064334858,0.544847905011248,0.119123273425205
4.168149928,13.4833962091039,0.35956449,0.818151258593145,0.412406672240733,0.104585711,1.57237480533167,1.55123409718615,0.061594648,0.54267222366705,0.118503220328096
4.170026628,13.3955814374182,0.352033113,0.81778697691031,0.410455063392344,0.101788363,1.5713969390514,1.55043713691872,0.058933633,0.540503106966828,0.117882136583531
4.171903327,13.308654921615,0.344599435,0.817501052614207,0.408618592497754,0.099056632,1.57045144276202,1.54967326833347,0.056315939,0.538340858322337,0.117260126313838
4.173780027,13.2226281030602,0.337423881,0.817292522981268,0.406897431683989,0.096428469,1.56953759566077,1.54894201440029,0.053782705,0.536185776354585,0.116637293396427
4.175656727,13.137512444824,0.330407668,0.817160493645684,0.405291743420177,0.093883993,1.56865471695819,1.54824290431111,0.051310427,0.534038161787594,0.116013743451784
4.177533426,13.0533192890928,0.323639696,0.817104133221109,0.403801677228598,0.091433982,1.56780216208709,1.54757547243138,0.048923365,0.531898313957055,0.115389582849598
4.179410126,12.9700597241327,0.317092118,0.817122668994492,0.402427367605835,0.08906653,1.56697931937413,1.54693925758228,0.046620814,0.529766527397138,0.11476491770781
4.181286826,12.8877845731163,0.310840328,0.817218429998261,0.401173752854908,0.086802583,1.5661867941562,1.54633506085656,0.044402848,0.527643459417569,0.114139844556496
4.183163525,12.8065101120184,0.304879454,0.817390952936248,0.400041415719856,0.084650691,1.56542407950068,1.54576249135203,0.042281864,0.525529480592225,0.113514486287915
4.185040225,12.7262040595259,0.299192504,0.817636260242888,0.399025180726238,0.082596055,1.56468934074658,1.5452197105573,0.040270306,0.52342450023012,0.112888969294225
4.186916925,12.6468771016019,0.293841838,0.817953786304078,0.398125128810385,0.080664898,1.56398209417549,1.54470628482098,0.038355526,0.521328810060664,0.112263403902724
4.188793624,12.5685397941108,0.288919141,0.818343003980473,0.397341327583703,0.078849763,1.56330188113774,1.54422178719228,0.036560798,0.519242700297833,0.111637901182607
4.190670324,12.4912024384057,0.284353586,0.818803422415406,0.396673830300328,0.077118791,1.56264826570608,1.5437657969324,0.034889525,0.51716645630457,0.11101257194402
4.192547024,12.4148753312322,0.280242254,0.819334583047092,0.396122678420614,0.075511079,1.56202083563622,1.54333790130069,0.033356418,0.515100365248706,0.110387528737353
4.194423723,12.3395686351786,0.276467146,0.819936057388718,0.395687899983151,0.073988797,1.56141920004755,1.54293769490672,0.031935675,0.513044712716268,0.109762884851877
4.196300423,12.265292259661,0.273163254,0.820607445705392,0.395369509194655,0.072580825,1.5608429874536,1.54256477935089,0.030636654,0.510999779429921,0.10913875331725
4.198177122,12.19205613897,0.27023839,0.821348372342805,0.395167507857536,0.071253311,1.56029184696166,1.54221876487682,0.029458036,0.508965848877659,0.108515249231968
4.200053822,12.1198699148809,0.26774223,0.822158486440221,0.39508188405339,0.070022724,1.55976544488835,1.54189926898911,0.028401246,0.506943198578484,0.107892487102698
4.201930522,12.0487432093316,0.265708283,0.823037457171431,0.39511261297343,0.068892073,1.55926346595759,1.54160591795442,0.027479679,0.504932107653687,0.107270583169686
4.203807221,11.9786855036768,0.264091527,0.823984972851863,0.395259656325587,0.067841125,1.55878561154656,1.54133834637433,0.026672452,0.502932853525101,0.106649654407206
4.205683921,11.9097060290397,0.262906363,0.825000740881736,0.395522962959023,0.06687517,1.55833159824031,1.54109619702397,0.025994979,0.500945708734636,0.106029817533363
4.207560621,11.8419072913016,0.262170571,0.82609023210984,0.395912333132691,0.066001936,1.5579031363283,1.54088121825302,0.025437452,0.498972026813733,0.1054113058462
4.20943732,11.7752088923378,0.261877486,0.827247521083894,0.396418036865991,0.065204627,1.55749799723009,1.54069096190245,0.02499747,0.497011076380099,0.10479414891659
4.21131402,11.7096174311578,0.262012753,0.828472226451829,0.397039748507445,0.064478381,1.55711589867332,1.54052505069658,0.024677872,0.495063099528069,0.104178463469029
4.21319072,11.6451416339389,0.26258499,0.829764110970478,0.397777359602927,0.063825849,1.55675661902226,1.54038316679049,0.02447532,0.493128364368176,0.103564370376042
4.215067419,11.581790078658,0.263555321,0.831122946774204,0.398630748306318,0.063240736,1.55641994921155,1.54026500173575,0.024372169,0.491207137150616,0.102951991236741
4.216944119,11.5195710952728,0.26492684,0.832548516536942,0.399599781038936,0.062719069,1.55610569178085,1.54017025648687,0.024378016,0.489299679198943,0.102341447400065
4.218820819,11.4584929679129,0.266656042,0.834040608080824,0.400684309867534,0.062252957,1.55581366151744,1.54009864192703,0.024483139,0.487406253036164,0.101732861922418
4.220697518,11.3985638292264,0.268754848,0.835599015335845,0.401884173567988,0.061848735,1.55554368443507,1.54004987873818,0.024690946,0.485527119247385,0.101126358581468
4.222574218,11.3397915666315,0.271259453,0.837223540060176,0.403199199896716,0.06150933,1.5552955970123,1.54002369750598,0.025009436,0.483662533488419,0.100522060910065
4.224450918,11.2821840126764,0.274102171,0.838913985956191,0.404629201775208,0.061213739,1.55506924668654,1.54001983898411,0.025416031,0.481812752465448,0.099920094132977
4.226327617,11.2257488453169,0.277301191,0.840670160168173,0.406173978967697,0.060969988,1.55486449102752,1.54003805406714,0.025915294,0.479978030868184,0.0993205841891308
4.228204317,11.1704935003722,0.280795862,0.842491875522784,0.407833320960267,0.060769014,1.55468119715932,1.54007810398865,0.026488301,0.478158618457865,0.0987236567781685
4.230081017,11.1164253497822,0.284545087,0.844378944126321,0.409607001956931,0.060591625,1.55451924209462,1.54013976033262,0.027135564,0.476354765891761,0.0981294392718073
4.231957716,11.063601479305,0.288688814,0.846333873614248,0.411499503854464,0.060471315,1.55437938754837,1.54022368250847,0.027874356,0.474567388985007,0.0975381835288475
4.233834416,11.0120346358516,0.293102089,0.848356715266949,0.413510996200993,0.060381951,1.55426159984148,1.54032972056616,0.028683944,0.472796829892711,0.0969500475258521
4.235711116,10.961677340104,0.297747954,0.850444320111579,0.415636022482058,0.060315701,1.5541648206775,1.54045670879009,0.029552342,0.471042612916872,0.0963650316560763
4.237587815,10.9125362851181,0.302678816,0.852596501828726,0.417874302035536,0.060281233,1.55408896522736,1.54060446441362,0.030490462,0.469304979577503,0.0957832663210751
4.239464515,10.8646179263771,0.307875802,0.854813076508054,0.420225545311557,0.060277008,1.55403395677784,1.54077281566151,0.031496055,0.467584166437529,0.095204881683645
4.241341214,10.8179286639778,0.31334352,0.857093854163625,0.422689445570635,0.060309969,1.5539997268126,1.54096160123833,0.032570519,0.465880411554218,0.0946300098314321
4.243217914,10.7724746363122,0.319010361,0.859438647705471,0.425265688863977,0.060352486,1.55398621456942,1.5411706710612,0.033680363,0.464193947100988,0.0940587823021593
4.245094614,10.7282618959125,0.324900501,0.861847264181827,0.427953945147536,0.060421873,1.55399336703285,1.54139988562607,0.034853563,0.462525005730884,0.0934913322283544
4.246971313,10.6852963305067,0.330956294,0.864319507890746,0.43075387197945,0.060518946,1.55402113865223,1.54164911627354,0.036068532,0.460873817777198,0.0929277934004267
4.248848013,10.6435835970332,0.337235552,0.866855184183609,0.433665119387251,0.060665259,1.55406949128313,1.54191824565721,0.037327618,0.459240608636718,0.0923682993684499
4.250724713,10.6031292578567,0.343692263,0.869454091238252,0.436687320959892,0.060840378,1.55413839393826,1.54220716694633,0.038616323,0.457625604017072,0.09181298523412
4.252601412,10.5639387083062,0.350222235,0.872116023579372,0.439820098137555,0.061010228,1.55422782263501,1.54251578417481,0.039891985,0.456029027226816,0.0912619867303279
4.254478112,10.5260171173649,0.356831826,0.874840776279227,0.443063065658727,0.06118304,1.55433776046295,1.54284401278887,0.041162809,0.45445109665596,0.0907154393439204
4.256354812,10.4893695508149,0.363494552,0.877628136137055,0.446415821501218,0.061346753,1.55446819713776,1.54319177862062,0.042414092,0.452892030833077,0.0901734800614563
4.258231511,10.4541100115904,0.370253205,0.880483162951247,0.449887199546117,0.061514807,1.55462087033237,1.54356066745453,0.043651967,0.451353687949766,0.0896366617891751
4.260108211,10.4201374985657,0.377078424,0.883400444373578,0.453467668716956,0.061684554,1.5547940851483,1.54394901012023,0.044879504,0.449834715360143,0.0891047424749451
4.261984911,10.3874539479202,0.384001998,0.88637962684633,0.457156568614785,0.061866206,1.55498781154252,1.54435672910707,0.046110294,0.448335284956359,0.0885778515281045
4.26386161,10.3560636994417,0.390958238,0.889420477358593,0.460953447323241,0.062038648,1.55520206688883,1.5447837967583,0.047319529,0.446855604503322,0.0880561284432726
4.26573831,10.3259708737719,0.397959983,0.892522762768003,0.464857847754463,0.062213079,1.55543687499714,1.54523019675182,0.04851806,0.445395876849718,0.0875397124246326
4.26761501,10.297179473418,0.404983329,0.895686240000613,0.468869295701188,0.062378443,1.55569226533097,1.5456959226851,0.049694529,0.443956304651818,0.0870287440416482
4.269491709,10.2696933280858,0.412021541,0.898910660601462,0.472987305672048,0.062547136,1.55596827317196,1.54618097862399,0.050851837,0.442537087921627,0.0865233643602293
4.271368409,10.2435160535949,0.419065483,0.902195775933855,0.477211387844121,0.062712494,1.55626493999989,1.54668537984546,0.051985269,0.441138421784897,0.0860237141292759
4.273245109,10.2186511393923,0.426132122,0.905541326771942,0.481541034999445,0.06287957,1.55658231249837,1.54720915119862,0.053107096,0.439760500995511,0.0855299353763467
4.275121808,10.1951019006984,0.433225289,0.90894704820123,0.485975728923873,0.063041128,1.55692044282815,1.54775232773181,0.054210879,0.438403517587182,0.0850421705622591
4.276998508,10.17287144436,0.440336191,0.912412675156849,0.490514947905939,0.063203324,1.55727938911631,1.54831495551426,0.05529944,0.437067658741777,0.0845605617957776
4.278875208,10.1519627427422,0.447449916,0.915937931410436,0.495158152573677,0.06336149,1.55765921424612,1.54889708977311,0.056368828,0.435753111087584,0.084085252364017
4.280751907,10.1323785927545,0.454569552,0.919522534809828,0.499904792847907,0.063516685,1.5580599862371,1.54949879559921,0.057418262,0.434460058458049,0.0836163859125021
4.282628607,10.114176717765,0.461682196,0.923168637648853,0.504758553760309,0.063670541,1.55848265394183,1.55012096736694,0.058448618,0.433189586737711,0.0831543855346374
4.284505306,10.0973652756632,0.46876804,0.926876139725615,0.509719194202287,0.063825916,1.55892739251069,1.5507637828257,0.059450317,0.431941987924294,0.0826994434272242
4.286382006,10.0818860676437,0.47583255,0.930642058231516,0.514781457813053,0.063977462,1.55939333036217,1.55142644579811,0.060430233,0.430716447944034,0.0822514035326507
4.288258706,10.0677411426894,0.482885064,0.934466085335359,0.519944750451283,0.064129586,1.55988055652458,1.55210906255032,0.061389972,0.429513138499748,0.0818104107625009
4.290135405,10.0549323726155,0.489912615,0.938347906983938,0.525208467785571,0.064275214,1.56038916452044,1.55281174843222,0.062321268,0.428332228367629,0.0813766102163555
4.292012105,10.0434614343174,0.496924333,0.942287209194568,0.531765605649348,0.064421059,1.56091925310459,1.55374592364911,0.063230382,0.427173881535386,0.0809501464676012
4.293888805,10.0333298515396,0.503905883,0.946283665648967,0.539045934849268,0.064554735,1.56147092453106,1.55481051026662,0.064108244,0.426038260972222,0.0805311649182797
4.295765504,10.024538970202,0.510827346,0.950336943689952,0.546326388925675,0.064673616,1.56204428517599,1.5560058846092,0.064945884,0.424925526650391,0.0799910412214229
4.297642204,10.0170899477081,0.517691332,0.954446710916316,0.55359165710168,0.064778887,1.56263944638344,1.55733884825312,0.065749206,0.423835833803676,0.0793196940002976
4.299518904,10.010983780818,0.524500258,0.958612622186347,0.560857935021118,0.06487046,1.56325652250154,1.55867408450155,0.066508635,0.422769336461211,0.0786550276051647
4.301395603,10.0062212880104,0.531262826,0.962834325920406,0.568127052848755,0.064950282,1.56389563161076,1.56001244814846,0.067231702,0.421726185586653,0.0779971569962165
4.303272303,10.0028031058668,0.537943894,0.967111470989299,0.575400772358904,0.065019187,1.56455689647882,1.5613547780099,0.06788908,0.420706527459629,0.0773461957223309
4.305149003,10.0007297030088,0.544537194,0.971443693136171,0.582282142500033,0.065073865,1.56524044236155,1.56263160528986,0.06848604,0.419710506968102,0.0767022579990424
4.307025702,10.0000013695208,0.551073615,0.975830549796493,0.584701536853102,0.065104348,1.56594665472479,1.56312550696412,0.069060073,0.41873823783378,0.0760658257254151
4.308902402,10.0007324424398,0.55754487,0.980238072195992,0.58731377163261,0.065129746,1.5668142111969,1.56346726885881,0.069601625,0.417776992717986,0.0756334019388775
4.310779102,10.0028113237274,0.563950756,0.984676794096019,0.590076122094162,0.065146769,1.56769498930316,1.56384067835966,0.070096546,0.416840325817848,0.0752095411299872
4.312655801,10.0062349810554,0.570302505,0.989148255404817,0.592987527405203,0.06515348,1.5685896643174,1.56424566291918,0.070553439,0.415928305014659,0.0747943617972681
4.314532501,10.0110029507798,0.576589426,0.993653926739519,0.596047220898186,0.065147452,1.56949890725014,1.56468222784335,0.070974347,0.415041043698809,0.0743879985326599
4.316409201,10.017114589612,0.582825988,0.998195143241841,0.599254414373879,0.065139594,1.57042335863995,1.56515039045978,0.071366823,0.414178654005007,0.0739905862124258
4.3182859,10.0245690758752,0.589034946,1.00277311874078,0.602608302397507,0.065130684,1.57136363167119,1.56565018044022,0.071737781,0.413341245242208,0.0736022592544043
4.3201626,10.0333654247906,0.595229961,1.00738895988995,0.606108068135274,0.065117569,1.57232031533434,1.56618164044372,0.072093491,0.41252892258311,0.0732231509666713
4.3220393,10.0435024652471,0.601430176,1.01204365790864,0.60975287279894,0.065107679,1.57329397293954,1.56674482428867,0.072437476,0.411741789718857,0.0728533947387569
4.323915999,10.0549788481348,0.607638979,1.01673810180208,0.613541860720441,0.065106009,1.57428514498433,1.56733979741373,0.072776094,0.410979947419314,0.0724931233396343
4.325792699,10.067793068678,0.613867033,1.02147309165276,0.617474165938863,0.065117729,1.57529435210261,1.56796663766124,0.073121009,0.410243492356547,0.0721424683117186
4.327669398,10.0819434211351,0.620130311,1.02624932638853,0.621548897897886,0.065151804,1.57632209255736,1.56862543272795,0.07349697,0.409532519865691,0.0718015612371159
4.329546098,10.0974280549845,0.626523371,1.03106742906936,0.625765158468789,0.065258502,1.57736884770346,1.56931628259567,0.073937052,0.408847120802335,0.0714705321932723
4.331422798,10.1142449227016,0.633033653,1.03592793385648,0.630122026905281,0.065402272,1.57843507921926,1.57003929680008,0.074418228,0.408187384171843,0.0711495109656232
4.333299497,10.1324467879922,0.639648495,1.04083309163605,0.634624307773067,0.065568578,1.57952207719964,1.57079593888921,0.074934736,0.407554466522663,0.0708390523999758
4.335176197,10.152036353595,0.646368499,1.04578351496597,0.639271486812869,0.065756969,1.58063041311546,1.57158649279908,0.075488664,0.406948566687751,0.0705393438069812
4.337052897,10.1729504495052,0.653203564,1.05077754787554,0.64405623387815,0.065969157,1.58175958779611,1.57240963099536,0.076081809,0.406368591176417,0.0702500499837753
4.338929596,10.19518627566,0.660199324,1.05581542334117,0.648977559796123,0.066214172,1.58290999568847,1.57326550519923,0.07672698,0.405814615716752,0.0699712963182991
4.340806296,10.2187408948446,0.667363161,1.06089732273431,0.65403446781773,0.066489353,1.58408201959359,1.57415427743802,0.077428642,0.405286712018303,0.0697032065553414
4.342682996,10.2436111633646,0.674694706,1.06602336299494,0.659225938147574,0.066803029,1.58527602764738,1.57507611701716,0.078185559,0.404784949545885,0.0694459036287867
4.344559695,10.2697937628699,0.682170085,1.07119360759523,0.664550935510801,0.06715193,1.58649237567737,1.57603120145297,0.078988533,0.404309394528177,0.0691995091110222
4.346436395,10.2972852459224,0.689750985,1.07640807778713,0.670008418125564,0.067528145,1.58773140974049,1.57701971774431,0.079827487,0.403860109239289,0.0689641427733779
4.348313095,10.3260819530099,0.697444097,1.08166673878826,0.675597320829349,0.067924221,1.58899346273419,1.5780418589837,0.080698363,0.403437153501979,0.0687399233027568
4.350189794,10.3561800513249,0.705277343,1.08696951047537,0.68131656335888,0.068353719,1.59027885673112,1.57909782544501,0.081615058,0.403040583833691,0.0685269678028257
4.352066494,10.3875755871682,0.713258369,1.09231627838924,0.687165059999879,0.06881963,1.59158790551471,1.58018782601714,0.082575961,0.402670452867715,0.0683253914105163
4.353943194,10.4202643894224,0.721366909,1.09770687901187,0.693141701345693,0.069313082,1.5929209108321,1.58131207445032,0.083565189,0.402326810583671,0.0681353078934266
4.355819893,10.4542421152303,0.729577955,1.10314111026728,0.699245363272889,0.069827429,1.59427816473519,1.582470790604,0.084575249,0.40200970359217,0.0679568292054249
4.357696593,10.4895043091607,0.737848744,1.10861874235223,0.705474917249271,0.070350104,1.59565995213996,1.58366420204879,0.085584846,0.401719174696389,0.0677900651616952
4.359573293,10.5261544505004,0.746140684,1.11414313229298,0.711839682871235,0.070870759,1.59706867934671,1.58489552900797,0.086585244,0.401457527185958,0.0676361382593048
4.361449992,10.5640812101958,0.754450167,1.11971036749566,0.718328053035728,0.071398253,1.59850257822164,1.58616213685248,0.087572287,0.401222595209887,0.0674941843074826
4.363326692,10.6032769465285,0.762774569,1.12532002176381,0.724938596260164,0.071938896,1.59996185351716,1.58746419778468,0.088535956,0.40101435561093,0.0673642819960943
4.365203392,10.6437364288983,0.771083819,1.13097171990886,0.73167011388104,0.072487801,1.60144675057404,1.58880195817575,0.089460614,0.400832837076039,0.0672465324113135
4.367080091,10.6854542589705,0.779351583,1.13666505911366,0.738521393362513,0.073031688,1.60295750652484,1.59017566808268,0.090333934,0.40067806480522,0.0671410343075826
4.368956791,10.7284249409544,0.787549806,1.14239961944984,0.745491219658295,0.073557205,1.60449435290506,1.5915855831417,0.091143349,0.400550060309498,0.0670478838852926
4.37083349,10.7726427258185,0.795640003,1.14817494385141,0.752578349704377,0.074052735,1.60605751011747,1.5930319590329,0.091874897,0.400448841954044,0.0669671750940146
4.37271019,10.8181017945906,0.803608353,1.15399056370161,0.75978154220362,0.074515252,1.60764719407094,1.59451505708669,0.092521833,0.40037442438541,0.0668989991482789
4.37458689,10.8647960960932,0.811444863,1.15984597844385,0.767099531504576,0.074954348,1.60926361047225,1.59603513855654,0.093077586,0.400326818936345,0.0668434447662651
4.376463589,10.9127194151342,0.819171923,1.16574066573072,0.774531038761783,0.075383318,1.61090695731974,1.59759246644368,0.093540401,0.400306033379847,0.0668005979260546
4.378340289,10.9618654535879,0.826799604,1.17167409192304,0.782074784292129,0.075803669,1.61257742766063,1.59918730770708,0.09391936,0.400312071963385,0.0667705417538196
4.380216989,11.0122276770529,0.834331731,1.17764569411109,0.789729463864636,0.076208538,1.61427520435291,1.60081992786582,0.094217996,0.400344935443078,0.0667533565705237
4.382093688,11.063799389593,0.841754733,1.18365489029362,0.797493760472127,0.076587951,1.61600046265407,1.60249059301319,0.09443388,0.400404620979421,0.0667491197143818
4.383970388,11.1166232882175,0.849083112,1.18970259276811,0.80537077804979,0.076937517,1.6177545255481,1.60420117121215,0.094572624,0.400492232138767,0.0667584480456129
4.385847088,11.1706963047847,0.856311904,1.19578824495165,0.81335942735145,0.077269814,1.61953768992311,1.60595212622387,0.094642839,0.400607868061028,0.0667814765107563
4.387723787,11.2259564541548,0.863494153,1.20190952316977,0.821453420653019,0.077590083,1.62134884618297,1.60774197772077,0.094663543,0.400750292654334,0.0668176787373743
4.389600487,11.2823964522044,0.870652872,1.20806578172541,0.829651401331273,0.077922991,1.62318813987676,1.60957099285025,0.094657929,0.400919487899963,0.0668671184279154
4.391477187,11.3400087737763,0.877869507,1.2142563498739,0.837951988171013,0.078285671,1.6250557060722,1.6114394344682,0.094651782,0.401115431993819,0.0669298558611938
4.393353886,11.3987857381282,0.885164977,1.22048054203447,0.846353788109532,0.07868931,1.62695167211471,1.61334756348608,0.094664558,0.401338099479753,0.0670059478325491
4.395230586,11.4587196066454,0.892583585,1.22673766832663,0.85485541005636,0.079128243,1.62887616067357,1.61529564163,0.094710845,0.401587461662496,0.067095447733754
4.397107286,11.5198023964867,0.900153458,1.23302701515876,0.863455438226117,0.079614995,1.63082928363658,1.61728392497815,0.094811514,0.401863485903438,0.0671984052448028
4.398983985,11.582025972279,0.907888507,1.23934785552739,0.872152445435609,0.080149943,1.63281114499531,1.61931266651664,0.094974168,0.402166135895722,0.0673148663471125
4.400860685,11.6453821498098,0.915805631,1.24569945962403,0.880945007428426,0.080732156,1.63482184402313,1.62138211911667,0.09521574,0.402495372217998,0.0674448734786486
4.402737385,11.7098624977492,0.923952828,1.25208107500191,0.8898316751853,0.08137308,1.63686146885483,1.62349252866001,0.095551729,0.402851151354327,0.0675884650903757
4.404614084,11.7754584354602,0.932387029,1.25849193696958,0.898810988750451,0.082087633,1.638930099505,1.62564413680989,0.096004397,0.403233426110707,0.0677456757345113
4.406490784,11.8421613425248,0.9411563,1.26493127927234,0.907881492036453,0.082893188,1.64102781118425,1.62783718421243,0.0965926,0.403642146308897,0.0679165362964616
4.408367484,11.9099623488231,0.950250038,1.27139831387862,0.917041704161463,0.083787802,1.64315466756469,1.63007190320335,0.097309629,0.404077257531864,0.0681010734154735
4.410244183,11.9789439506357,0.959635792,1.27789444262714,0.926297470218785,0.084757931,1.64531320694396,1.63235209922128,0.098143239,0.404540930338927,0.0683004741054046
4.412120883,12.0490060847224,0.969278794,1.28441656411612,0.935639863302704,0.085787156,1.64750106458861,1.63467454725025,0.099083839,0.405030917389442,0.06851362375226
4.413997583,12.1201371404356,0.979199164,1.2909637982601,0.945067185448923,0.086899826,1.64971821530695,1.63703937341844,0.100155842,0.405547097353269,0.068740506768222
4.415874282,12.1923276338781,0.98933736,1.29753531049468,0.954577912404266,0.088116054,1.65196468607471,1.63944678469142,0.101346517,0.406089400104327,0.0689811318609182
4.417750982,12.2655680582694,0.999706987,1.30413026665018,0.964170525563784,0.089421126,1.65424049870903,1.64189698508101,0.102636564,0.406657752765895,0.069235503840378
4.419627681,12.3398486155034,1.010265194,1.31074780864292,0.973843476629184,0.090786349,1.65654566137721,1.64439016630868,0.104005866,0.407252077681461,0.0695036226719969
4.421504381,12.4151595286938,1.020971245,1.31738708276681,0.983595228593406,0.092196596,1.65888017817191,1.64692651787857,0.105428791,0.407872294819746,0.0697854845079189
4.423381081,12.4914907683067,1.031820455,1.32404721524248,0.993424219977674,0.093659626,1.66124404046575,1.64950621752653,0.106894862,0.408518319611357,0.0700810806741035
4.42525778,12.5688321693383,1.042787983,1.33072732291891,1.00332888024813,0.095153232,1.66363723041242,1.65212943475824,0.108385351,0.409190063832898,0.0703903980252689
4.42713448,12.6471735591443,1.053822144,1.33742652418406,1.01330764603894,0.096662645,1.66605972475392,1.65479633484391,0.10988096,0.409887436760842,0.0707134194460906
4.42901118,12.7265045109869,1.064898586,1.34414391776327,1.02335892962065,0.098188215,1.66851148705355,1.65750707009393,0.111362288,0.410610343018865,0.0710501228264942
4.430887879,12.8068144666674,1.075970695,1.35087859351538,1.03348113473783,0.099719298,1.67099247135134,1.66026178363625,0.112815971,0.41135868359952,0.0714004814978154
4.432764579,12.8880928694571,1.087023881,1.35762964340979,1.04367267319931,0.101253146,1.67350262612529,1.66306061365648,0.114233403,0.412132357152533,0.0717644648147964
4.434641279,12.9703680204735,1.098051225,1.36439673527642,1.05393465870655,0.102775787,1.67604308709152,1.66590552033959,0.115609668,0.412932296305561,0.0721425973926436
4.436517978,13.0536313907682,1.109018293,1.37117886121749,1.06426551879283,0.104286179,1.67861388887145,1.66879681814009,0.116920417,0.41375848062433,0.072534889160054
4.438394678,13.1378283913179,1.119891028,1.37797438350998,1.0746605566285,0.10577697,1.68121362131839,1.6717325955888,0.118154028,0.41460964761641,0.0729406750836639
4.440271378,13.2229478000935,1.130633662,1.38478234761646,1.08511813454077,0.107236597,1.68384218651155,1.67471294240498,0.119304383,0.415485679444036,0.073359904124168
4.442148077,13.3089782727159,1.141194229,1.39160179107267,1.09563660752227,0.10864809,1.68649947638575,1.67773793723726,0.120365779,0.416386454711268,0.0737925206002856
4.444024777,13.395908483494,1.151536046,1.39843175455279,1.10621434037524,0.110017378,1.68918537695455,1.68080765232809,0.121299954,0.417311849973357,0.0742384649109514
4.445901477,13.4837268525226,1.161668471,1.40527126020861,1.11684967431749,0.111343061,1.69189975975023,1.6839221436128,0.122115064,0.418261736890549,0.0746976721667745
4.447778176,13.5724216820147,1.171590682,1.41211932267567,1.12754094381511,0.112624382,1.69464248590247,1.68708145516288,0.122810578,0.419235983610179,0.0751700728498794
4.449654876,13.6619813019225,1.181310809,1.41897496018035,1.13828649401969,0.113863228,1.69741341051689,1.69028562410205,0.123387447,0.420234456405004,0.0756555936157784
4.451531576,13.7523937878045,1.190842084,1.42583717277967,1.14908464677763,0.115064027,1.70021237382621,1.69353467025628,0.123849688,0.421257016573803,0.0761541557975473
4.453408275,13.8436471019388,1.200204108,1.43270495342872,1.1599337177844,0.116222444,1.70303920542757,1.69682860084816,0.124203445,0.422303521954649,0.0766656761465746
4.455284975,13.9357292433196,1.209345816,1.43957729911655,1.17083203428621,0.117333365,1.70589372881501,1.70016741566516,0.124430478,0.4233738286898,0.0771900677128294
4.457161675,14.0286279566962,1.218283516,1.44645318904411,1.18177790054996,0.118395219,1.70877575224834,1.70355109626004,0.124537958,0.424467787877691,0.0777272382243471
4.459038374,14.1223308782658,1.227000861,1.45333159573981,1.19276961531071,0.119407122,1.71168507314805,1.7069796108975,0.124527198,0.425585247215145,0.0782770909077591
4.460915074,14.2168916106585,1.235534824,1.46021151800041,1.2038090639834,0.120381012,1.71462375836282,1.71045671447082,0.124418476,0.426728017674331,0.0788405822463368
4.462791773,14.3122308669155,1.243933333,1.46709169395643,1.21489072162806,0.121330178,1.71758931835093,1.71397863203087,0.124232945,0.427893993142482,0.0794165548959656
4.464668473,14.408334426014,1.252237724,1.47397108319491,1.22601279546216,0.12226746,1.72058146202737,1.7175451977341,0.123985788,0.429082963032694,0.080004871935644
4.466545173,14.5051894826412,1.260495025,1.48084863125441,1.23717356329507,0.123198753,1.7235999396359,1.72115632047257,0.123699118,0.430294760855299,0.0806054177489376
4.468421872,14.6027831318269,1.268754001,1.48772327785101,1.24837129857679,0.124137584,1.72664449029859,1.72481189475009,0.123397929,0.431529216844044,0.0812180724512331
4.470298572,14.7011025283356,1.277077821,1.49459396803136,1.25960428860756,0.125101545,1.72971484690508,1.72851180644773,0.123105792,0.432786160006935,0.0818427129514918
4.472175272,14.8001345767545,1.285497967,1.50145963036095,1.27087079897872,0.12610026,1.7328107263611,1.73225592099058,0.12284148,0.434065414219308,0.0824792110586492
4.474051971,14.8998660870791,1.294075375,1.50831918810276,1.28216909159632,0.127153935,1.73593183435116,1.73604408889449,0.122631699,0.435366800158256,0.0831274344872627
4.475928671,15.0002839377509,1.302862256,1.51465239894148,1.29349744305771,0.128273557,1.73893805226475,1.73987615178023,0.122499508,0.436690137470469,0.083787247990181
4.477805371,15.1013747583391,1.311872183,1.52006665255497,1.30485410874802,0.129469536,1.74172196909513,1.74375193009844,0.12245457,0.438035240634667,0.0844585113511492
4.47968207,15.2031250889948,1.321100606,1.52548618564222,1.31623734106046,0.130736107,1.74452872155834,1.74767122892755,0.122499807,0.439401921016007,0.0851410804632061
4.48155877,15.3055215469002,1.330569691,1.53090942309005,1.32764540791009,0.132084503,1.7473578657949,1.75163384423341,0.122650177,0.440789989147657,0.0858348085292145
4.48343547,15.4085505019988,1.340281004,1.53633479622946,1.33907655654534,0.133520216,1.75020894620422,1.75563955015829,0.122909072,0.442199250368742,0.0865395439446983
4.485312169,15.5122231851389,1.35024676,1.54176070291572,1.35052983161073,0.135044873,1.75308236580692,1.75968986513488,0.123285543,0.443630365900389,0.0872555727808691
4.487188869,15.6165265801241,1.360507908,1.54922979969381,1.36200333004027,0.136676067,1.7565495983885,1.76378467999583,0.123790569,0.445083196881664,0.0879827597513149
4.489065569,15.7214185994855,1.371058233,1.55678817600127,1.37349432350201,0.138404099,1.76007104179105,1.76792176297211,0.124423108,0.446556581918994,0.0887204470031844
4.490942268,15.8268852672765,1.381888867,1.56435385476705,1.38500105134943,0.140229153,1.76362418576759,1.77210081952644,0.125180185,0.448050313681294,0.0894684678489423
4.492818968,15.9329127012047,1.392970653,1.5719252538875,1.39652177017772,0.142140929,1.7672086603579,1.77632154562188,0.12604615,0.449564184390872,0.0902266535519712
4.494695668,16.0394867778173,1.404299044,1.57950078321452,1.4080547172966,0.144141061,1.77082407812176,1.78058361431268,0.12701729,0.45109798110281,0.0909948310401743
4.496572367,16.1465933011624,1.415854999,1.58707885671923,1.41959812933247,0.14622699,1.77447003966913,1.78488668220954,0.128080162,0.452651488064603,0.0917728241669359
4.498449067,16.2542181771912,1.427608652,1.59465790470755,1.43115026096415,0.148382206,1.7781461395199,1.78923039638328,0.129227912,0.454224489284582,0.0925604550787565
4.500325767,16.3623470732387,1.43951044,1.60223634968591,1.44270934826996,0.150605257,1.78185195441347,1.79361438054381,0.130440824,0.45581676360477,0.0933575418306569
4.502202466,16.4709655896983,1.451522356,1.60981261857762,1.45427362741656,0.152880234,1.78558704902255,1.79803824174426,0.131700394,0.45742808716815,0.0941638997069616
4.504079166,16.580059436949,1.463607667,1.61738515493707,1.46584135342078,0.155195544,1.78935098198258,1.8025015775113,0.132988582,0.45905823608722,0.0949793426422825
4.505955865,16.6896140310235,1.475733147,1.62495239080968,1.47741075726632,0.157538128,1.79314329187588,1.80700395920683,0.134291973,0.460706980430203,0.0958036803002977
4.507832565,16.7996149610199,1.487875076,1.63251277911838,1.48898009547263,0.159892944,1.79696351329387,1.81154495105482,0.135598663,0.462374091229474,0.096636721667704
4.509709265,16.9100475823682,1.500009106,1.64006476555992,1.50054760720451,0.162256035,1.800811162685,1.81612409331244,0.136896607,0.464059334371573,0.0974782720893436
4.511585964,17.0209310861699,1.512105205,1.64760580198946,1.51211105290445,0.16462018,1.80468797780967,1.82074405536089,0.138169065,0.465763967241925,0.0983288197367285
4.513462664,17.1322150739823,1.524112855,1.65513504159869,1.52366883232186,0.166976866,1.80859118169616,1.82540118773225,0.13939506,0.467486251690915,0.099187461321567
4.515339364,17.2438838345721,1.53601071,1.66265096872441,1.53521919834714,0.169315476,1.8125201934148,1.83009489464475,0.140568311,0.469225907454194,0.100053977620077
4.517216063,17.3559224921652,1.547762476,1.67015205169289,1.54676039823712,0.171623368,1.81647447727059,1.8348246436292,0.141679966,0.47098269001319,0.100928165256144
4.519092763,17.4683163019212,1.559375289,1.67763677644998,1.55829070030212,0.173923852,1.82045349187321,1.83958989292943,0.14273595,0.472756355367486,0.101809820544637
4.520969463,17.5810502939506,1.570857185,1.68510362271812,1.5698083572684,0.176192175,1.82445667754785,1.84439007642038,0.143721912,0.474546654474481,0.10269873681821
4.522846162,17.694109453263,1.58217866,1.69255107619926,1.58131162503704,0.178415531,1.82848346261862,1.84922461107592,0.144621954,0.476353336047892,0.103594705917633
4.524722862,17.8074789032929,1.593330321,1.69997764059879,1.59279878131522,0.180577949,1.83253326995087,1.85409290480884,0.145431908,0.478176149530459,0.104497519758438
4.526599562,17.9211435463607,1.604310096,1.7073818139801,1.60426808911085,0.182683978,1.83660550412699,1.85899434104504,0.14616053,0.48001483936079,0.105406967582397
4.528476261,18.0350882455508,1.615132649,1.7147621009022,1.61571781544506,0.184742527,1.84069955787914,1.86392828640026,0.146806319,0.481869147861947,0.106322837488032
4.530352961,18.1492980096547,1.625788952,1.72211702432665,1.62714624987753,0.186751564,1.84481481876106,1.86889409870886,0.147367014,0.483738818295538,0.107244918029898
4.532229661,18.2637576305863,1.636315087,1.72944510222041,1.63855166819187,0.188727188,1.84895065610859,1.8738911112747,0.147856316,0.485623588964246,0.10817299540076
4.53410636,18.3784518669336,1.646716497,1.73674485960157,1.6499323510312,0.190667585,1.85310642761211,1.87891864074759,0.148282216,0.4875231961861,0.109106854997602
4.53598306,18.4933739827182,1.656996681,1.74401354076027,1.66128542929423,0.192571586,1.85728225187436,1.88397719423399,0.148650682,0.489437967205306,0.110046503038226
4.53785976,18.6085073975597,1.667167469,1.75123613434127,1.67260883411054,0.194447399,1.86151326041899,1.88906607666057,0.148966514,0.491363995848705,0.110991716198201
4.539736459,18.723826794511,1.6772416,1.75841748359311,1.68390207378357,0.196303635,1.86577836080815,1.89418319110964,0.149238624,0.493302319887031,0.111942024534783
4.541613159,18.8393169977775,1.687247515,1.76555577155729,1.69516347109002,0.198144158,1.87007512406534,1.89932779167359,0.149483369,0.495252840975764,0.112897212921339
4.543489859,18.9549626252852,1.697200275,1.77264901143799,1.70639133705948,0.19997735,1.87440189368849,1.90449910815834,0.149712104,0.497215376427099,0.113857064550945
4.545366558,19.0707482744449,1.707111795,1.77969527280252,1.71758398941377,0.201820665,1.8787570625249,1.90969635428143,0.149934617,0.499189736184858,0.114821362549169
4.547243258,19.1866587095902,1.716988213,1.78669268980356,1.72873977066226,0.203665997,1.88313907566062,1.91491873615884,0.150143389,0.501175726457939,0.115789891634898
4.549119957,19.3026784319574,1.72685133,1.79363943222888,1.73985700666574,0.205515498,1.8875464103245,1.92016543301975,0.15033643,0.503173142766032,0.116762434626562
4.550996657,19.4187921756814,1.736715958,1.80053373284038,1.75093405447735,0.207366901,1.89197759102185,1.9254356195892,0.150523212,0.505181778795228,0.117738776674266
4.552873357,19.5349844771638,1.746590936,1.80737385909111,1.76196926110145,0.209223197,1.89643116986614,1.93072844668895,0.150711007,0.507201419332309,0.118718701741414
4.554750056,19.6512398623127,1.756469827,1.81415812225146,1.77296098165205,0.211086257,1.9009057305542,1.93604304971197,0.150896905,0.509231843775488,0.11970199425228
4.556626756,19.7675430345768,1.766348316,1.82088488613838,1.78390759707138,0.212953732,1.90539989280431,1.94137855733917,0.151085212,0.51127282973818,0.120688440774833
4.558503456,19.8838785051702,1.776240229,1.82755254368467,1.79480747930266,0.214843639,1.90991229546393,1.94673407468861,0.151285591,0.513324146852585,0.121677826972358
4.560380155,20.0002307808446,1.786159684,1.83415952627203,1.80565900924012,0.216750169,1.91444160125758,1.95210869193789,0.151504543,0.515385560280019,0.122669939265892
4.562256855,20.1165831185174,1.796101205,1.84069888837414,1.81645619791327,0.218680303,1.91898769418231,1.95750294028176,0.151743372,0.517457645948916,0.123664758486743
4.564133555,20.232918516215,1.806073416,1.84717414738079,1.82720143158818,0.220653348,1.92354787743061,1.96291429068644,0.152013052,0.519539323536691,0.124661846314175
4.566010254,20.3492214807301,1.816075995,1.8535839858298,1.83789323056552,0.222654606,1.92812084456791,1.96834174626749,0.152300872,0.521630324133941,0.125660987009229
4.567886954,20.465476709207,1.826088677,1.85992699468324,1.84853003429877,0.224671594,1.93270534528791,1.97378434377709,0.152597197,0.523730400013971,0.126661972978123
4.569763654,20.5816687192215,1.836107197,1.86620178616347,1.85911027542189,0.226694611,1.93730013596052,1.9792410974727,0.152902275,0.525839296954774,0.127664596285742
4.571640353,20.6977820368455,1.846133072,1.87240700331661,1.86963239728344,0.228726376,1.94190398554059,1.98471100796625,0.153213812,0.527956757745937,0.128668650329304
4.573517053,20.8138013840926,1.856156529,1.87854132895122,1.88009487089309,0.230769699,1.94651568169998,1.99019307123128,0.153531932,0.53008252577763,0.129673931527276
4.575393753,20.9297113096122,1.866171948,1.88460346503324,1.8904961615183,0.232817988,1.95113401496157,1.99568626135383,0.153853957,0.532216338446112,0.130680236186784
4.577270452,21.0454963765725,1.876154925,1.8905921421372,1.90083474593189,0.2348757,1.95575778499007,2.00118953948852,0.154176747,0.534357930679533,0.131687362180558
4.579147152,21.1611413493991,1.886126502,1.89650612821044,1.91110912901882,0.236964179,1.96038580704372,2.0067018629381,0.154516454,0.536507038538941,0.132695110632006
4.581023852,21.2766308256062,1.896088383,1.9023442089184,1.92131781100314,0.239068944,1.96501689631575,2.0122221678115,0.154865728,0.538663392514099,0.133703282764482
4.582900551,21.3919494232346,1.906027694,1.9081051969128,1.93145930438094,0.241180269,1.96964987452842,2.01774937806976,0.155211905,0.54082672106929,0.134711681577652
4.584777251,21.5070819666158,1.915924971,1.91378794035673,1.94153215016071,0.243281745,1.97428357663061,2.02328241465922,0.155548589,0.542996754256776,0.135720113525066
4.586653951,21.6220040824004,1.925779988,1.91938797316985,1.95153192161935,0.24538819,1.9789167623894,2.02882032110461,0.15588079,0.545173469516894,0.136728369765392
4.58853065,21.7366973752878,1.935584496,1.92490368547632,1.96145665740888,0.247504394,1.98354809916886,2.03436184409952,0.1562129,0.547356577579586,0.137736230934099
4.59040735,21.8511559809088,1.945354854,1.93033763577578,1.97130814435383,0.249636301,1.98817645951667,2.03990565392452,0.15654917,0.549545510262373,0.138743517731175
4.592284049,21.9653645971844,1.95508064,1.93568877016571,1.9810849583311,0.251766319,1.99280068691489,2.04545061198129,0.156874269,0.551739986276773,0.13975004310411
4.594160749,22.079308198682,1.964736642,1.94095607106844,1.99078570984008,0.253893101,1.9974196377747,2.05099558126256,0.157192238,0.553939727738858,0.140755624294141
4.596037449,22.1929716118942,1.974351031,1.94613853686842,2.00040010945976,0.25602414,2.00203216385477,2.05656053292519,0.157511452,0.556144452094511,0.141743953295037
4.597914148,22.3063397005954,1.983931826,1.95123519057434,2.00992563433788,0.258168169,2.00663711939477,2.06214567478477,0.157827476,0.558353875702901,0.142713887639471
4.599790848,22.4193975483062,1.993474947,1.95624508762291,2.01936238727645,0.260319397,2.01123336822756,2.067744858061,0.158138687,0.56056771746858,0.143669168508802
4.601667548,22.532130097683,2.002992789,1.96116729945372,2.02870854652532,0.262498884,2.01581976886004,2.0733568441462,0.158445223,0.562785691862184,0.144609765614166
4.603544247,22.6445223345442,2.012465124,1.9660009218031,2.03796231384308,0.264692385,2.02039518170593,2.07898038079768,0.158741508,0.565007512521487,0.145535654351903
4.605420947,22.7565594684906,2.021847929,1.9707450821006,2.04712192942313,0.266931305,2.02495847625097,2.08461421135942,0.159053041,0.567232895892075,0.146446817250524
4.607297647,22.8682265756807,2.031190926,1.97539892401091,2.05618564275792,0.269524114,2.02950851634508,2.09025705698663,0.159511258,0.569461554195349,0.147343241021757
4.609174346,22.9795087812673,2.040812576,1.97996161532438,2.06515172804284,0.272586121,2.03404416749465,2.09590762584446,0.160142069,0.571693199044247,0.148224918069225
4.611051046,23.090391437917,2.050499079,1.98443235491504,2.07401849856849,0.275820645,2.03856430404246,2.10156462241172,0.160821672,0.573927545089347,0.149091847836267
4.612927746,23.2008231728908,2.05974344,1.98880242066639,2.08277555191466,0.278804185,2.04306627003425,2.10722702910013,0.16141372,0.576164478332741,0.14994278519424
4.614804445,23.3108221824963,2.068407073,1.99307864881275,2.09142943732103,0.281500485,2.04755020969615,2.11289297259536,0.161883461,0.578403483744349,0.150778959317304
4.616681145,23.4203749044747,2.076753891,1.99726051942088,2.09997877353144,0.284036232,2.05201503936031,2.11856110633803,0.162262201,0.580644269487058,0.151600420285855
4.618557845,23.5294667524481,2.084773285,2.00134732714277,2.10842197133607,0.2864184,2.05645963347954,2.12423007414373,0.162594365,0.582886545089389,0.152407190192387
4.620434544,23.6380832013586,2.092720599,2.00533839070358,2.11675746860176,0.28873536,2.06088286849325,2.12989850871011,0.162908152,0.585130019875348,0.153199296618683
4.622311244,23.7462099619115,2.100559437,2.00923305907573,2.1249837436901,0.290954465,2.0652836299883,2.13556504102445,0.163221625,0.587374406608703,0.153976773813383
4.624187944,23.8538326348378,2.108329046,2.01303069867042,2.13309928906279,0.293097584,2.06966079869563,2.14122828259503,0.163531309,0.589619414373137,0.154739660089798
4.626064643,23.9609368878202,2.116118423,2.01673070001475,2.14110262524512,0.295163855,2.07401325780022,2.14688683489066,0.163843643,0.591864752207434,0.155487999068936
4.627941343,24.0675086271681,2.123795715,2.02033248341808,2.14899231362665,0.297199102,2.07833990002238,2.15253929876027,0.164190267,0.594110132745849,0.156221840765295
4.629818043,24.1735336572992,2.13156234,2.02383548717532,2.15676693119133,0.299210917,2.08263961390897,2.15818425673655,0.164534106,0.596355265087089,0.156941239121449
4.631694742,24.2789978551399,2.13927573,2.02723917374185,2.164425083887,0.301175187,2.08691129107676,2.1638202825094,0.164905839,0.598599858431073,0.157646253159883
4.633571442,24.3838873387881,2.146941027,2.03054303487529,2.17196541878198,0.303117775,2.09115383318616,2.16944595032997,0.165291586,0.60084362571123,0.158336947979906
4.635448141,24.4881880774555,2.15462199,2.03374657921252,2.17938659607869,0.305048589,2.09536613632937,2.17505981444825,0.165681763,0.60308627526871,0.159013392076688
4.637324841,24.5918608158376,2.162274198,2.03684516490416,2.18668228848696,0.306974242,2.09954576436671,2.18065981802933,0.166108548,0.605327448834102,0.159675078624254
4.639201541,24.6948871049085,2.170008273,2.03983784872147,2.19385051163646,0.308957874,2.10369132802624,2.18624423285458,0.166550054,0.607566808347288,0.160322036054525
4.64107824,24.7972807777381,2.177710006,2.04272882409097,2.20089553249145,0.310934795,2.10780317239155,2.1918122009956,0.167020936,0.60980412907472,0.160954995967629
4.64295494,24.8990283682528,2.185348159,2.04551770959374,2.20781615581391,0.312904341,2.11188022065081,2.19736225945369,0.167515647,0.612039125447085,0.16157404814184
4.64483164,25.0001163305245,2.192961371,2.04820414300286,2.21461120546349,0.314866537,2.11592139439456,2.20289293086429,0.168021241,0.614271508729577,0.16217928564633
4.646708339,25.1005312063071,2.200425513,2.05078778621345,2.22127953625389,0.316793569,2.11992562061221,2.20840273295938,0.168556383,0.61650099064422,0.16277080578616
4.648585039,25.2002597857281,2.207957834,2.05326832909906,2.22782004449128,0.318760569,2.12389183832498,2.2138901878415,0.16909724,0.618727286965129,0.163348710900348
4.650461739,25.2992887876033,2.21544984,2.05564548116086,2.23423164675141,0.320734302,2.12781898608599,2.21935380487458,0.169664511,0.620950110425187,0.163913106346874
4.652338438,25.3976050236369,2.222879023,2.05791897590586,2.24051329105442,0.322735086,2.13170600881987,2.22479209008607,0.170268068,0.623169174325548,0.164464101367402
4.654215138,25.4951955553213,2.230411549,2.06008857413974,2.24666396668274,0.324808757,2.1355518642607,2.23020355532869,0.170893996,0.625384196108372,0.165001809809104
4.656091838,25.5920473815072,2.237778039,2.06215405667108,2.25268268426246,0.326868485,2.13935551087498,2.23558670144272,0.171576842,0.627594890297741,0.165526348244448
4.657968537,25.6881475990358,2.245149819,2.06411522812909,2.25856848623494,0.328948466,2.14311591452093,2.24094002756893,0.172262294,0.629800972091748,0.166037836758995
4.659845237,25.783483555624,2.252333523,2.06597191968724,2.26432045593687,0.330970795,2.14683205466883,2.24626204016883,0.172988093,0.632002160908169,0.16653639960075
4.661721937,25.8780425451342,2.259535048,2.06772398282854,2.26993769901914,0.333048631,2.1505029127779,2.25155123650593,0.173733202,0.634198173369673,0.16702216343252
4.663598636,25.9717437998378,2.266725915,2.0693624049769,2.27540777940139,0.335111409,2.15412345513741,2.25680305453316,0.174500204,0.636388236077072,0.167494197782281
4.665475336,26.0646390447612,2.27371926,2.0708957301216,2.28074100025851,0.337186497,2.15769641937075,2.26201869843993,0.175313845,0.638572496180976,0.167953694549731
4.667352036,26.1567176595318,2.280912237,2.0723241176595,2.28593687189794,0.339349772,2.16122091833339,2.26719674356263,0.17614308,0.640750685056486,0.16840081805663
4.669228735,26.2479673894559,2.287836785,2.07364751921786,2.29099463777368,0.341473818,2.16469597232464,2.27233569130142,0.177036469,0.64292252287629,0.168835707400964
4.671105435,26.3383762340936,2.294915834,2.0748659113325,2.29591358131981,0.343747378,2.16812061714011,2.27743405379541,0.177947575,0.645087734188509,0.169258504892463
4.672982135,26.427932156298,2.301764522,2.07597929097453,2.30069300964193,0.345909039,2.17149389327359,2.28249033804688,0.17890769,0.647246040997205,0.169669354519443
4.674858834,26.5166232322117,2.308534791,2.07698767783182,2.30533226200309,0.348144551,2.17481485198642,2.28750305485784,0.179897174,0.649397166284956,0.170068402548918
4.676735534,26.6044377923792,2.315325272,2.07789111548661,2.30983071684285,0.35038653,2.17808256084265,2.29247072733299,0.180918023,0.65154083746365,0.170455798002038
4.678612233,26.6913640936277,2.32180638,2.07868966762312,2.31418777461123,0.352534601,2.18129609175095,2.29739187284257,0.182006761,0.653676778390378,0.170831691050107
4.680488933,26.777390694625,2.328578386,2.07938342166801,2.31840287683863,0.354883376,2.18445453523284,2.30226502478298,0.183111126,0.655804718531849,0.171196234532262
4.682365633,26.8625061323354,2.335017202,2.07997248552693,2.32247548967829,0.357062267,2.18755698874208,2.30708871478162,0.184292672,0.657924385019455,0.171549582412764
4.684242332,26.9466990646072,2.341521929,2.08045698890813,2.32640511111529,0.359420528,2.19060256228715,2.31186148128494,0.185513349,0.660035506112244,0.171891890278422
4.686119032,27.0299584032096,2.348159507,2.08083708354626,2.33019127667511,0.361839796,2.19359038346486,2.31658187762653,0.186780807,0.662137814572552,0.172223315720605
4.687995732,27.112233554226,2.354370695,2.0811086498578,2.33382759070044,0.36418563,2.19651712968831,2.32124616941384,0.188153332,0.664230653654796,0.172543582163705
4.689872431,27.1935077861038,2.361093256,2.08127145084865,2.33731295378702,0.366831554,2.19938156954569,2.32585247319629,0.18953566,0.666313676226118,0.17285282512855
4.691749131,27.2738136065498,2.367157873,2.081330469708,2.34065358019763,0.369153494,2.20218555553146,2.33040183286067,0.191040322,0.668387034547579,0.173151695807484
4.693625831,27.3531403296376,2.373453146,2.08128594700627,2.34384913327424,0.371750165,2.2049282696394,2.3348928328241,0.192571752,0.670450463256248,0.173440356100811
4.69550253,27.4314773995399,2.379864679,2.08113814360516,2.34689930726333,0.374395473,2.20760890863343,2.33932406822789,0.194157194,0.672503698300676,0.173718968714855
4.69737923,27.5088145149413,2.385614597,2.08088733992649,2.34980383167708,0.376762179,2.21022668852419,2.34369415248832,0.195852066,0.674546480228751,0.173987697463616
4.69925593,27.5851413791338,2.392027969,2.08053383607339,2.35256246122378,0.379582141,2.2127808362712,2.34800170367286,0.197552486,0.676578547642153,0.174246706251313
4.701132629,27.6604478295676,2.398123867,2.08007795162203,2.35517498090276,0.382242914,2.21527059457437,2.35224535235803,0.199371046,0.678599640537376,0.174496159429491
4.703009329,27.7347239568655,2.403806413,2.07952002433511,2.35764120956695,0.384791992,2.21769522599797,2.35642374883351,0.201249331,0.680609503535247,0.174736222054329
4.704886029,27.8079598653887,2.41008686,2.07886041133257,2.35996099133878,0.387719864,2.22005400531985,2.36053555011787,0.203108867,0.682607879446382,0.174967058976009
4.706762728,27.8801457975636,2.415720996,2.07809948832392,2.36213419991175,0.390341228,2.22234622398203,2.36457942749117,0.205144205,0.684594512558366,0.175188835149122
4.708639428,27.95127224733,2.421703795,2.07723764777478,2.3641607413142,0.393308366,2.22457119384769,2.36855407332628,0.207222107,0.686569151802626,0.175401715849137
4.710516128,28.0213297315181,2.427421171,2.07627530111744,2.36604054681905,0.39616014,2.22672824022069,2.37245818878724,0.209252604,0.688531544439761,0.175605865863556
4.712392827,28.0903089087746,2.432942134,2.07521287743137,2.36777357645037,0.398993823,2.22881670594005,2.37629049100979,0.211526034,0.690481439288467,0.175801449759022
4.714269527,28.1581076465127,2.438664609,2.07404242638455,2.36934738642039,0.402065395,2.2308300280203,2.38004340280963,0.213699735,0.692417485115666,0.175987936690073
4.716146227,28.2248058179846,2.444214012,2.07277267575199,2.37077411008064,0.405050767,2.23277324356397,2.38372159495097,0.215925455,0.694340463484469,0.176166198183833
4.718022926,28.2903969783742,2.449223567,2.07140433190299,2.37205412660555,0.40782554,2.23464590944848,2.38732400420859,0.218358267,0.696250156940087,0.176336415947316
4.719899626,28.3548725080179,2.4542309,2.06993789309453,2.37318751725655,0.410722363,2.23644744978329,2.39084942831731,0.22059556,0.698146324284202,0.176498752590924
4.721776325,28.4182237934904,2.459506709,2.06837387610695,2.37417438729842,0.413728059,2.23817730351116,2.39429667612802,0.222920443,0.700028721925012,0.176653369584951
4.723653025,28.4804425048766,2.463912099,2.06671280976101,2.37501487066245,0.416356315,2.23983493240857,2.39766458324396,0.225416751,0.701897112001782,0.176800427870653
4.725529725,28.5415203580899,2.468987299,2.06495524018254,2.37570912559053,0.419458779,2.24141981470495,2.40095199950144,0.227849767,0.703751255359127,0.176940087178149
4.727406424,28.6014492205254,2.473939108,2.06310172822531,2.37625733627771,0.422516313,2.24293144828058,2.40415779521652,0.230238943,0.70559091462315,0.177072506209211
4.729283124,28.6602212048087,2.477694308,2.06115284588437,2.37665971298272,0.425006289,2.24436935309862,2.40728086658524,0.232697948,0.707415857129183,0.17719784274523
4.731159824,28.7178284784354,2.482043919,2.05910918187658,2.37691648992796,0.427988154,2.24573306659082,2.4103201259341,0.235135721,0.709225849068218,0.177316253144285
4.733036523,28.774263363494,2.486368592,2.05697133854683,2.37702792615654,0.431002785,2.24702214645642,2.41327450753141,0.237539852,0.711020658490654,0.177427892491306
4.734913223,28.8295184242098,2.490278314,2.05473992778524,2.37699430486572,0.433734151,2.24823617267839,2.41614297251347,0.240108599,0.712800058153576,0.177532914678832
4.736789923,28.883586288688,2.493745625,2.05241557758787,2.37681593280488,0.436581316,2.2493747436587,2.41892449998396,0.242524576,0.714563819823329,0.177631471983371
4.738666622,28.9364101591653,2.497297183,2.04999515288918,2.37648720151011,0.439465534,2.25043433455754,2.42161442059995,0.244920771,0.716311052536315,0.177723461813789
4.740543322,28.9879767146689,2.500117913,2.04747898545681,2.37600787197763,0.441904138,2.25141419871494,2.42421123340779,0.247364152,0.718041431470084,0.177809026649472
4.742420022,29.0383337206745,2.503048381,2.04487196107642,2.37538492859197,0.444762217,2.25231747144565,2.42671801815012,0.249733976,0.71975546050966,0.17788860185326
4.744296721,29.0874744841716,2.50585595,2.04217475830706,2.37461877605699,0.44742035,2.25314384162277,2.42913385722481,0.252101186,0.721452919863207,0.17796233270648
4.746173421,29.1353925497233,2.507670263,2.03938806202922,2.37370983932056,0.449673286,2.25389302074608,2.4314578619069,0.254454221,0.723133594467231,0.178030362812119
4.748050121,29.1820815419021,2.509969507,2.03651257159803,2.37265856544705,0.452394145,2.25456474034013,2.43368916491795,0.256689086,0.72479726856643,0.178092833795936
4.74992682,29.2275352484933,2.511911359,2.03354899643501,2.37146542240839,0.454855949,2.25515875362965,2.43582692495584,0.25894722,0.726443728504521,0.178149885387158
4.75180352,29.2717476908808,2.512499443,2.03049805069332,2.37013089638746,0.45677939,2.255674836399,2.43787033024922,0.261178896,0.728072765338217,0.178201655443335
4.75368022,29.3147129792213,2.513662713,2.0273604623411,2.36865549512714,0.458983507,2.2561127851701,2.43981859205826,0.263270498,0.729684169593518,0.178248279717059
4.755556919,29.3564253892413,2.514468297,2.02413696828707,2.36703974596741,0.460995498,2.25647241844905,2.4416709486958,0.265324675,0.731277733969656,0.178289891913611
4.757433619,29.396879426006,2.514325002,2.02082830860519,2.3652841924127,0.462495905,2.25675357714903,2.44342666854463,0.26729592,0.732853255858937,0.178326623697456
4.759310319,29.4360696920405,2.514480736,2.01743523652628,2.36338939894402,0.464418798,2.25695612355544,2.44508504451637,0.269184068,0.734410532286677,0.178358604519683
4.761187018,29.4739909576086,2.514442185,2.01395851311226,2.36135594831346,0.466197435,2.25707994213908,2.44664539754801,0.271043728,0.735949362524545,0.178385961654868
4.763063718,29.5106382177771,2.51332663,2.01039890105601,2.35918443738856,0.467351891,2.25712493954017,2.44810707906913,0.272804535,0.737469550512829,0.178408820191204
4.764940418,29.5458977757897,2.512398759,2.00675029889782,2.35686390556215,0.468856366,2.25708435737963,2.44946099683448,0.274460005,0.738969284919902,0.178426944346092
4.766817117,29.5798699624181,2.511290612,2.00302033049225,2.35440637988168,0.470356913,2.25696465184526,2.45071469710612,0.276051273,0.74044990817481,0.178440825731253
4.768693817,29.6125532042772,2.509298055,1.99920996457907,2.35181282106905,0.471232179,2.25676598042354,2.45186785003874,0.277554146,0.741911274199299,0.178450591625242
4.770570516,29.6439431428399,2.507268879,1.99531999879317,2.34908390124104,0.47237373,2.25648834533971,2.45291992867486,0.278945965,0.743353193628295,0.178456357081167
4.772447216,29.6740356575135,2.50509848,1.99135122797198,2.34622030203204,0.473576074,2.25613177051408,2.45387043798974,0.280263395,0.744775482558378,0.178458234779323
4.774323916,29.7028267458398,2.502145142,1.98730445812775,2.34322272399641,0.474198221,2.25569630238667,2.45471891093144,0.281545055,0.746177957143376,0.178456334972362
4.776200615,29.7303125781621,2.498911379,1.98318050013658,2.34009188222298,0.47503257,2.25518200969315,2.45546491061989,0.28267449,0.7475604359823,0.178450765485036
4.778077315,29.7564895387107,2.495648376,1.97898016261808,2.33682850055409,0.475909661,2.25458898240922,2.45610803147066,0.283732507,0.748922742300889,0.17844163167642
4.779954015,29.7813541380879,2.491704468,1.97470426479338,2.3334333211574,0.476255542,2.25391733334914,2.45664789698195,0.284783694,0.750264699552071,0.178429036440504
4.781830714,29.8049030611228,2.487245361,1.97035362977605,2.3299070994439,0.476749011,2.25316719750274,2.45708416136819,0.285627673,0.75158613370181,0.178413080191335
4.783707414,29.8271332010188,2.482934726,1.96592907708204,2.32625059761665,0.477338115,2.25233873054407,2.45741651010429,0.286439822,0.752886875302417,0.178393860814144
4.785584114,29.8480415854608,2.47760514,1.96143143629193,2.32246459562643,0.477307102,2.25143211122279,2.45764465875177,0.287203699,0.754166755304829,0.178371473707788
4.787460813,29.867625417589,2.47226174,1.95686153995944,2.31854988540859,0.477588361,2.25044754026366,2.45776835401879,0.287833104,0.755425607239184,0.178346011756845
4.789337513,29.8858272925785,2.467093456,1.95221731130826,2.31450203039095,0.478081699,2.24938204648555,2.45778305089033,0.288413531,0.756662388297154,0.178317446377989
4.791214213,29.9026384251162,2.460522227,1.94749938602532,2.31032138544886,0.477751071,2.24823556120703,2.45768806195259,0.288982438,0.757876818251343,0.178285864205209
4.793090912,29.9181173051315,2.454006475,1.94271186933031,2.30601462752927,0.477649103,2.24701191183157,2.45748802569662,0.289362341,0.759069708826381,0.178251486058141
4.794967612,29.9322619104775,2.447713516,1.93785559498865,2.30158258755517,0.477824149,2.24571139019268,2.4571828232555,0.289700177,0.760240906662059,0.178214393826117
4.796844312,29.9450703670708,2.440227284,1.93293140564903,2.29702611273004,0.477271067,2.24433431123339,2.45677236736804,0.290036045,0.761390259114897,0.178174666911085
4.798721011,29.9565409782371,2.432677776,1.92794014516227,2.29234605968473,0.47683029,2.24288101116963,2.4562566024489,0.290220338,0.762517616256209,0.178132382183734
4.800597711,29.9666722401119,2.42538296,1.92288265019683,2.28754328633087,0.476760714,2.24135184484632,2.45563550354911,0.290316615,0.763622832642712,0.178087613913489
4.802474411,29.9754628044979,2.41701887,1.9177597659279,2.28261866639993,0.47609024,2.23974719019897,2.45490907797379,0.290435104,0.764705763720735,0.178040433907996
4.80435111,29.9829115011973,2.408301688,1.91257233801665,2.27757308195321,0.475270082,2.23806744599035,2.4540773647664,0.290419429,0.765766267711226,0.177990911459407
4.80622781,29.9890173463458,2.400126795,1.90732120391542,2.26963210090494,0.47500647,2.2363130287524,2.45153856381464,0.290277494,0.76680420726223,0.177939113266965
4.80810451,29.9937795191812,2.391025273,1.90200720926251,2.25578392971066,0.474397347,2.23448437801147,2.44555351915842,0.290175129,0.767819446084659,0.177885103606083
4.809981209,29.9971973773306,2.381447348,1.89663119953716,2.24201947517588,0.473363103,2.23258195360473,2.43957880405566,0.289971735,0.76881185072159,0.177828944265781
4.811857909,29.9992704580655,2.372122825,1.88991934663707,2.22833771648414,0.472846659,2.22987030436324,2.43361429545798,0.289628748,0.769781292080279,0.177770694464595
4.813734608,29.999998469405,2.362522974,1.86889745145595,2.2147376906879,0.472325069,2.21885878558481,2.42765989064847,0.289282959,0.770727641813347,0.177710411079886
4.815611308,29.9992673964859,2.352087395,1.84908835306505,2.20122518174373,0.471310935,2.20850688509056,2.4217163192906,0.28890706,0.771648798358223,0.177647985982643
4.817488008,29.9971881930752,2.341696951,1.83031098503818,2.18779254140476,0.470707661,2.19871459928523,2.41578266004733,0.288422037,0.772546542320392,0.17758363836749
4.819364707,29.9937642137004,2.331440001,1.81248821394742,2.1744387058223,0.470290767,2.18943861530305,2.40985880956359,0.287900034,0.773420808234144,0.177517421525586
4.821241407,29.9889959220565,2.320093027,1.7955507620529,2.16116279913898,0.469295686,2.18063992641708,2.40394468537624,0.28737047,0.774271482074734,0.177449381762699
4.823118107,29.9828839614826,2.308775727,1.77943434511363,2.14796399201583,0.46863219,2.17228227970856,2.39804022212482,0.286698499,0.775098451308538,0.177379563122765
4.824994806,29.9754291537066,2.297719056,1.76407929152351,2.1348414794163,0.468218574,2.16433197428986,2.39214536204387,0.285994072,0.77590160638245,0.177308007309598
4.826871506,29.9666324835579,2.285410776,1.74943019448945,2.12179445920693,0.467140398,2.1567576765444,2.38626004555356,0.285312962,0.776680841966167,0.177234753590958
4.828748206,29.9564951221985,2.273239918,1.73543565860919,2.1088221735375,0.466413868,2.14953028399845,2.38038423009717,0.284486907,0.77743605439137,0.177159839050578
4.830624905,29.9450184187887,2.261349395,1.7220479918778,2.09592388706667,0.46597332,2.14262276076497,2.37451788067647,0.283628625,0.778167143017701,0.177083298503178
4.832501605,29.9322038781551,2.248494609,1.70922292415739,2.0830988659773,0.464906187,2.13600998667088,2.36866096048344,0.282866878,0.778874011347974,0.1770051643931
4.834378305,29.9180531979329,2.235593245,1.69691940595828,2.0703464186095,0.464147691,2.12966864776416,2.36281344963079,0.281950666,0.779556564716874,0.176925467066406
4.836255004,29.9025682531646,2.223220182,1.68509935919748,2.0576658741139,0.463836898,2.12357710205294,2.35697533572907,0.281075174,0.780214711531579,0.176844234679636
4.838131704,29.8857510669549,2.209820343,1.67372744913956,2.04505656186999,0.462804607,2.11771525622864,2.35114660455915,0.280206562,0.780848364258273,0.176761493093175
4.840008404,29.8675491919654,2.196531554,1.66278662427838,2.03252073056744,0.462173794,2.11207236907906,2.34532764565117,0.279318563,0.781456421104809,0.176677205985807
4.841885103,29.847959318202,2.183741698,1.6522443821853,2.02005800543813,0.461957813,2.1066298293863,2.33951851426454,0.278393474,0.782038675749841,0.176591391104485
4.843761803,29.827044905116,2.170103864,1.64205424458746,2.00766455004163,0.461202427,2.10136234799719,2.33371879128369,0.277570581,0.782596175818927,0.176504135279239
4.845638503,29.8048087505187,2.156457536,1.63219068837482,1.99533979592632,0.460677332,2.09625540467249,2.32792850377614,0.276717603,0.7831288459963,0.176415455512936
4.847515202,29.7812538276753,2.143536585,1.62263003920677,1.98308319211679,0.460753535,2.09129553719431,2.3221476860916,0.27588119,0.783636614123791,0.176325366814956
4.849391902,29.7563832443298,2.129808841,1.61335032676372,1.97089418519909,0.460300442,2.08647026172712,2.31637637059799,0.275146582,0.784119411969169,0.176233882086881
4.851268602,29.7302003165981,2.116059915,1.6043311943177,1.95877225809328,0.459994722,2.08176802148975,2.31061460612406,0.274410123,0.784577173594719,0.176141012442916
4.853145301,29.7027085348199,2.103094693,1.59555376987492,1.94671690980535,0.46035573,2.07717811566546,2.30486244864055,0.27368587,0.785009836254721,0.176046767104045
4.855022001,29.6739115157047,2.089319091,1.58700054790933,1.93472763588952,0.460304921,2.0726906338145,2.29911995203806,0.273114049,0.785417341031649,0.17595115327823
4.8568987,29.6438131063935,2.075718943,1.57865532413456,1.9228039728807,0.460229378,2.06829641818432,2.29338718951278,0.272524798,0.785799631270787,0.17585417654904
4.8587754,29.6124172606344,2.062826516,1.57050306828388,1.91094544679259,0.460893684,2.06398699361856,2.28766422903421,0.271936047,0.786156654315597,0.175755840502919
4.8606521,29.5797281495938,2.049154381,1.56252987091702,1.89915161722818,0.461105072,2.05975453646279,2.2819511546748,0.271468522,0.786488360072923,0.175656147125807
4.862528799,29.5457501161777,2.035574768,1.55472285111768,1.88742205776963,0.461361214,2.055591823022,2.27624805735978,0.271031818,0.786794701691392,0.175555096687525
4.864405499,29.5104876158659,2.022676457,1.54707007151096,1.87575633705144,0.462173511,2.05149218178594,2.27055502571771,0.270530266,0.787075635975337,0.175452687612391
4.866282199,29.4738374745262,2.009068839,1.53957160612446,1.86415938706182,0.462650498,2.04745372700996,2.26487303619875,0.270149702,0.787328964492544,0.175348801059053
4.868158898,29.4359104097244,1.995444524,1.53220469737713,1.85262556425617,0.463093487,2.04346569921544,2.25920137359905,0.269768636,0.787556743173717,0.175243543727573
4.870035598,29.3967143696087,1.982685921,1.52495977724905,1.84115433439472,0.464145697,2.03952288087568,2.25354012521064,0.269371992,0.787758997940558,0.175136911869047
4.871912298,29.3562545848272,1.968990729,1.51782830532337,1.82974533967718,0.464692767,2.03562059694795,2.24788941729629,0.269016397,0.787935699016047,0.175028897253996
4.873788997,29.3145364537623,1.955394043,1.51080238088049,1.81839823394463,0.465314529,2.03175455072487,2.24224938249344,0.268682632,0.788086819914475,0.174919490179792
4.875665697,29.2715654722523,1.942479837,1.50387468677654,1.80711266436033,0.466370286,2.02792079172978,2.23662015073816,0.268297511,0.788212337630607,0.174808679331128
4.877542397,29.2273473654699,1.928822918,1.49703846993601,1.79588830741283,0.467111782,2.02411570381273,2.23100186721713,0.26800254,0.788312232145967,0.174696452167593
4.879419096,29.1818880241525,1.914995787,1.49028749074646,1.78472485029432,0.467563592,2.02033597623159,2.22539468323036,0.267595925,0.788386486750544,0.174582794791773
4.881295796,29.1351934278064,1.902151392,1.48361597613691,1.77362197292712,0.468710185,2.01657857655649,2.21979874716541,0.26723605,0.788435088096984,0.174467691802721
4.883172496,29.0872697895309,1.888428099,1.47701860729645,1.76257938335742,0.46942854,2.01284074303402,2.21421422232728,0.26691684,0.788458025972768,0.174351126698719
4.885049195,29.0381234856337,1.87463955,1.47049047722334,1.75159679948438,0.469898524,2.00911996011324,2.20864127784908,0.266502139,0.788455293487247,0.174233081738476
4.886925895,28.9877609724266,1.861597784,1.46407133062463,1.74067393142637,0.470943786,2.00543841769146,2.20308007971932,0.266064705,0.78842688699071,0.174113537787123
4.888802595,28.9361889437896,1.848105014,1.45803105219369,1.7298105163151,0.471695093,2.00194552815883,2.19753080848479,0.265742137,0.788372806112889,0.17399247473449
4.890679294,28.8833650733123,1.834207283,1.45205054626445,1.71900872542713,0.472116616,1.99846341225398,2.19199415762239,0.26529259,0.788291997337777,0.173869806878728
4.892555994,28.8292917706332,1.820991128,1.4461282765834,1.70826853550883,0.473037012,1.99499138262148,2.18647039418495,0.264774081,0.788184349536143,0.173745501140317
4.894432694,28.7740313075078,1.80766005,1.44026012749407,1.69758700332715,0.473866236,1.99152837750546,2.18095916175474,0.264404667,0.788051048704861,0.17361960442013
4.896309393,28.7175910566839,1.793784296,1.43444467539656,1.68696390389708,0.474223551,1.98807384917939,2.17546066395495,0.263901482,0.787892108698859,0.17349209205325
4.898186093,28.6599784547835,1.780622608,1.42868054857656,1.67639900347145,0.475129417,1.98462728332376,2.16997510066225,0.263360759,0.787707546404066,0.173362938222399
4.900062792,28.60120121212,1.767325367,1.42296644660778,1.66589209895416,0.475929345,1.98118821056448,2.16450268839415,0.262885067,0.787497382336343,0.17323211647318
4.901939492,28.5412670673519,1.753481699,1.41730111353517,1.65544297261433,0.476319241,1.97775619046382,2.15904363679114,0.262322206,0.787261639881106,0.173099599204314
4.903816192,28.4801840033639,1.740191263,1.41168335718515,1.64505143121265,0.477067944,1.97433082309171,2.15359816893178,0.261708642,0.787000346024936,0.172965358191294
4.905692891,28.4179601555726,1.726848605,1.40611203787286,1.63471728886787,0.477746941,1.9709117422729,2.14816651242039,0.261121913,0.78671353109164,0.172829364421124
4.907569591,28.3546037082334,1.713105409,1.40058605768484,1.62444035053134,0.478174352,1.96749860893787,2.14274889061419,0.260513538,0.786401228211497,0.17269158790897
4.909446291,28.2901230927188,1.699844503,1.39510437640695,1.61422044484865,0.478820399,1.96409112088278,2.13734553985434,0.259812174,0.786063474245191,0.172551998172201
4.91132299,28.2245268897079,1.686176396,1.38966600071744,1.60405740735061,0.4791839,1.96068900615401,2.13195670061612,0.259119415,0.785700309385099,0.172410564055974
4.91319969,28.1578237196609,1.672469346,1.38426997390983,1.5939510642456,0.479570795,1.95729201652212,2.12658260880631,0.258407363,0.785311776490925,0.172267253539671
4.91507639,28.0900224527389,1.659187187,1.37891539157322,1.58390126470883,0.480084416,1.95389993727779,2.12122351283873,0.257603099,0.784897922277567,0.172122034229412
4.916953089,28.0210408509264,1.645293628,1.37360474339866,1.57391262285217,0.480193244,1.95051296435895,2.11588098057355,0.256820073,0.78445666340844,0.171974705450376
4.918829789,27.950978458616,1.631719713,1.36833379332692,1.56398033175048,0.48050618,1.94713053298317,2.11055402801952,0.255972909,0.783990138022081,0.171825390185395
4.920706489,27.87984714712,1.618074048,1.36310167600871,1.55410413090802,0.480770169,1.94375250305942,2.10524287997407,0.255072558,0.78349846238752,0.171674058853779
4.922583188,27.8076564003759,1.604325154,1.35790765713567,1.54428389694299,0.480696954,1.94037876906275,2.0999477999475,0.254149479,0.782981697359568,0.171520676927468
4.924459888,27.734415725204,1.59090618,1.35275102977196,1.53451949687939,0.480865243,1.93700924279471,2.09466904610056,0.253150596,0.782439906213526,0.171365209238608
4.926336588,27.6601348799309,1.577238972,1.34763112972689,1.52481081950015,0.480788688,1.93364386327945,2.0894068880403,0.252113311,0.781873156268631,0.171207620504647
4.928213287,27.5848237609402,1.563241775,1.34254732592165,1.51515775938988,0.480447562,1.9302825904881,2.08416159815542,0.251006709,0.781281518132095,0.171047875125976
4.930089987,27.5084922783464,1.549893542,1.33749901118819,1.50556020156419,0.480409597,1.92692539913009,2.07893344312275,0.249854071,0.780665064682399,0.170885936961225
4.931966687,27.4311505954287,1.536139772,1.33248561740145,1.49601805225795,0.480020514,1.92357228857631,2.07372270052606,0.248692315,0.780023872951767,0.170721769873563
4.933843386,27.3528090096161,1.522242643,1.32750660618154,1.48653122327509,0.479473168,1.9202232766739,2.06852965027119,0.247459501,0.779358023238121,0.170555337516737
4.935720086,27.2734778229374,1.508791318,1.32256146000178,1.47709961692081,0.479116963,1.91687839362515,2.06335456618173,0.246112696,0.778667597958808,0.170386603097519
4.937596786,27.1931675919245,1.495073682,1.31764969708506,1.46772315622665,0.478476934,1.91353769193282,2.05819773243223,0.244776728,0.777952683789586,0.170215529944349
4.939473485,27.1118890032005,1.481149888,1.3127708624144,1.45840176960369,0.477690059,1.9102012402988,2.05305943504822,0.243378772,0.777213370645669,0.170042081281089
4.941350185,27.0296138521841,1.467557603,1.30792583708463,1.44913763575062,0.477054338,1.90686930042073,2.04794074128624,0.241875241,0.77644875490582,0.169866118984091
4.943226884,26.9463502555318,1.453639057,1.30311431645341,1.43993094718838,0.476056352,1.90354200991733,2.04284207310475,0.240360124,0.775658834193324,0.169687589596424
4.945103584,26.8621530315227,1.439912649,1.2983344324183,1.43077911591664,0.475084019,1.90021928215423,2.03776285072823,0.23879838,0.774844821044273,0.169506566546506
4.946980284,26.7770334022213,1.426226265,1.29358583544201,1.42168209352342,0.474086654,1.89690124757855,2.03270336647121,0.237167689,0.77400681899318,0.169323012981831
4.948856983,26.6910027120414,1.412100912,1.2888681981595,1.41263983672484,0.472755424,1.89358804914158,2.02766391361849,0.235527862,0.773144934756187,0.16913689212825
4.950733683,26.6040722867085,1.398485292,1.28418120717224,1.40365229299746,0.471555683,1.89027983639617,2.02264477824985,0.233810299,0.772259276788049,0.168948167019035
4.952610383,26.5162537061619,1.3845786,1.27952457744813,1.39250053896745,0.47016978,1.8869767754933,2.01654138038674,0.232066652,0.771349958007156,0.168756801119666
4.954487082,26.4275586682216,1.370474961,1.27489804400968,1.37968117416676,0.468586704,1.88367904328643,2.00960927207012,0.230301173,0.770417094476005,0.168562758069557
4.956363782,26.3379988429686,1.356789505,1.27030135396491,1.3669277397846,0.467131794,1.88038682150491,2.00271924935233,0.228454206,0.769460803834448,0.168366001395908
4.958240482,26.2475861548767,1.342788035,1.2657342806678,1.35424008511547,0.465410475,1.87710030674378,1.99587165692646,0.226603191,0.76848120827027,0.168166495164787
4.960117181,26.1563326416999,1.328887988,1.26119661564124,1.34161808697141,0.463666937,1.87381970463882,1.98906684550251,0.224745016,0.76747843307399,0.16796420370824
4.961993881,26.0642503044753,1.315249819,1.25668816083097,1.32906162909187,0.461934749,1.87054522411595,1.98230516042894,0.22280847,0.766452604950508,0.167759091322255
4.963870581,25.9713513984845,1.301191426,1.25220874252561,1.31657064183702,0.459927772,1.86727708736436,1.97558696278816,0.220887344,0.765403855231186,0.167551122945356
4.96574728,25.8776482875607,1.287475577,1.24775820350032,1.30414508128001,0.457942384,1.86401552408196,1.96891261781094,0.218889528,0.764332318304942,0.16734026387041
4.96762398,25.783087555168,1.2737967,1.24333881398917,1.29179044234761,0.455906623,1.8607613661073,1.96228626170872,0.216880553,0.763236227472986,0.167126228515045
4.96950068,25.6877480620101,1.259720969,1.23894807656797,1.27950135715728,0.45354689,1.8575143199676,1.95570466308807,0.214852958,0.762117599616372,0.166909220612514
4.971377379,25.5916443710035,1.246178137,1.23458581770464,1.26727770973007,0.451349652,1.85427462077391,1.94916809292154,0.212761404,0.760976632140556,0.166689213695426
4.973254079,25.4947891349796,1.232553408,1.23025193868847,1.25511954141698,0.449004362,1.8510425199577,1.94267691722158,0.210666308,0.759813470419672,0.166466174542553
4.975130779,25.3971952576356,1.218476946,1.22594636174222,1.24302693600098,0.446312229,1.84781827918034,1.93623151355175,0.208526574,0.758628264546419,0.166240070779978
4.977007478,25.2988757406493,1.205049409,1.22166902253331,1.23099999942439,0.443841439,1.84460216471638,1.92983225988051,0.206343856,0.757421167561132,0.166010870565253
4.978884178,25.1998435230462,1.191206116,1.21741986299476,1.21903884020813,0.441076064,1.84139444192952,1.92347952392089,0.204157181,0.756192333450255,0.165778542239255
4.980760878,25.10011179363,1.177582647,1.21319884461355,1.2071436074201,0.438287732,1.83819538516757,1.91717368307489,0.201947657,0.754941920979385,0.165543055083038
4.982637577,24.9996938340824,1.164108343,1.2079181227671,1.19531447076719,0.435469432,1.83449969422044,1.9109151135518,0.199677515,0.753670091804738,0.165304378985002
4.984514277,24.8986028547627,1.150230958,1.20077817694872,1.18355160138187,0.43234775,1.82993994480504,1.90470417998566,0.197435379,0.752377008359327,0.165062484074694
4.986390976,24.7968523689109,1.136794372,1.19375813167584,1.17185521532651,0.429323213,1.82544489649409,1.89854125818255,0.195115183,0.751062838619695,0.164817341643384
4.988267676,24.6944557593688,1.123069591,1.18685335441296,1.16022552303987,0.426067968,1.82101219798111,1.89242670820306,0.192802738,0.749727750552718,0.16456892313302
4.990144376,24.5914266562173,1.109526949,1.18005949619324,1.14866277250792,0.422784317,1.81663965728661,1.8863608968806,0.190490475,0.748371916991717,0.164317201072801
4.992021075,24.4877539730772,1.096184256,1.17337667938773,1.13717000634391,0.419482097,1.81232752600578,1.88034622290337,0.188127445,0.74699467607757,0.1640620105552
4.993897775,24.383450433646,1.082588798,1.16680103048984,1.12574785112437,0.415971417,1.80807390101203,1.87438331863055,0.185814994,0.745596133199031,0.163803305774072
4.995774475,24.2785582734684,1.069321079,1.16032411426818,1.11439353296975,0.412498289,1.80387437372465,1.86847028598826,0.183430812,0.744177412753443,0.163541214441079
4.997651174,24.1730914685133,1.05596327,1.1539425979644,1.10310737562291,0.40890223,1.79972731148397,1.86260747300601,0.181068193,0.742738699308248,0.163275712354508
4.999527874,24.0670639010945,1.042690794,1.14765334141313,1.09188970114893,0.405246651,1.79563118464519,1.85679521282792,0.178715564,0.741280177777352,0.163006775701234
5.001404574,23.9604896946863,1.029715756,1.14145340692619,1.0807408656514,0.401606,1.7915845734182,1.85103384210176,0.176337337,0.739802037977149,0.162734381921933
5.003281273,23.8533830452607,1.016544556,1.13534003874003,1.06966124058101,0.397771172,1.78758615494813,1.84532369105096,0.17398664,0.738304472365024,0.162458509316978
5.005157973,23.7457580468866,1.003631839,1.1293106439195,1.05865119476486,0.393976784,1.78363469123728,1.83966507408763,0.171605169,0.736787673572568,0.162179136615911
5.007034673,23.6376290322484,0.990850944,1.12336280286011,1.0477111294172,0.390129814,1.77972903643126,1.83405830770552,0.169231815,0.735251839165501,0.161896243877281
5.008911372,23.5290104009712,0.978074467,1.11749266630252,1.03684145981389,0.386235699,1.77587137486715,1.82850370084812,0.166906742,0.733697004797394,0.161609812075387
5.010788072,23.4199164426943,0.965560631,1.1116953900522,1.02604259770008,0.382363389,1.77206578890823,1.82300154582903,0.164566425,0.732123108232097,0.161319822649862
5.012664772,23.3103616828089,0.953082559,1.10596957053283,1.01531498558053,0.378423057,1.76830860246715,1.81755213571842,0.162255223,0.730530477007445,0.161026258440878
5.014541471,23.2003607080145,0.94065227,1.10031310919676,1.00465907876446,0.37442909,1.76459848373517,1.81215575501353,0.159953544,0.728919331946542,0.160729103256345
5.016418171,23.0899279871169,0.928423267,1.09472405850848,0.994075328157626,0.370432791,1.76093418944859,1.80681267087173,0.157667751,0.727289893226705,0.160428341401336
5.018294871,22.9790444242308,0.916264413,1.08920601832749,0.983570406715896,0.366390944,1.75731824382094,1.80152770590584,0.155420414,0.725640879936725,0.160123651058766
5.02017157,22.8677603998113,0.904277753,1.08375182862337,0.973138880956529,0.362353625,1.75374582872149,1.79629673457403,0.153194073,0.723974025013979,0.159815315721082
5.02204827,22.7560915474029,0.892427805,1.07835985176089,0.962781068183458,0.358274381,1.75021586637921,1.79111986580438,0.150987823,0.722289597781156,0.159503331626853
5.02392497,22.6440527421283,0.880694673,1.07302873664251,0.952497485582781,0.354195046,1.74672746087957,1.78599733400395,0.148833156,0.72058782929746,0.159187687956303
5.025801669,22.5316589080931,0.869194843,1.06775724734509,0.942288660513392,0.350129585,1.74327978200899,1.78092936316761,0.146703767,0.718868952545325,0.158868374955527
5.027678369,22.4189248359485,0.857855467,1.06254424807163,0.932155113959108,0.346075169,1.73987205551911,1.77591615866214,0.144633379,0.717133199628082,0.15854538343115
5.029555068,22.3058656004484,0.846709127,1.05738871637491,0.922097398157778,0.342063161,1.73650357187627,1.77095792586403,0.142599567,0.715380808177947,0.158218705956982
5.031431768,22.19249607817,0.835742357,1.05228971485394,0.912116052975459,0.338050736,1.73317366785912,1.76605484854886,0.140598922,0.713612013949391,0.157888335511495
5.033308468,22.0788313668044,0.824978544,1.04724640474851,0.902211643145547,0.334080219,1.72988173554285,1.76120710726693,0.138677047,0.711827057313237,0.157554266702809
5.035185167,21.964886603278,0.814434777,1.04225803213718,0.892384741596559,0.330163701,1.72662721337772,1.75641487107975,0.136822841,0.710026180480661,0.157216495268016
5.037061867,21.8506767788095,0.804073714,1.03732391500861,0.882635913584321,0.326241299,1.72340957785611,1.75167828988545,0.134997938,0.708209624558339,0.156875017533506
5.038938567,21.7362171014945,0.793925808,1.0324434543256,0.872965747663887,0.322380291,1.72022835082892,1.74699750953077,0.133257333,0.706377635299609,0.15652983150856
5.040815266,21.6215228127539,0.78399567,1.02761612135295,0.863374839418563,0.318540502,1.71708309133631,1.7423726638703,0.131561138,0.704530460240371,0.156180936364154
5.042691966,21.5066006969693,0.774327083,1.02284359132344,0.853867085702103,0.314767605,1.71397483178216,1.73780617574478,0.129944778,0.702667743516308,0.155828179518813
5.044568666,21.3914672337328,0.764888801,1.01812566607343,0.84444356509593,0.31106391,1.71090331762775,1.73329843555386,0.12840034,0.700789701587845,0.155471545197395
5.046445365,21.2761477923926,0.755698815,1.01345960578072,0.83510123092632,0.307398627,1.70786658251035,1.72884696595538,0.126916235,0.698897272233841,0.155111206573457
5.048322065,21.1606575487502,0.746770336,1.00884513025734,0.825840690326412,0.303797986,1.70486431146693,1.72445184087658,0.125515767,0.696990707284011,0.154747167337068
5.050198765,21.045011884886,0.738047907,1.00428201635624,0.816662570569928,0.300240911,1.70189621866738,1.72011312891444,0.124178648,0.695070263210657,0.154379432953744
5.052075464,20.9292262033949,0.729559881,0.999770087182317,0.807567503493277,0.296733651,1.69896204050546,1.7158308859577,0.122918323,0.693136198126385,0.154008010108296
5.053952164,20.8133157399484,0.721305967,0.995309202009694,0.798556110776515,0.293263627,1.69606152916115,1.71160514840821,0.121722006,0.691188768635786,0.153632906109749
5.055828864,20.6972959314632,0.713277717,0.990899267901298,0.789629032691153,0.28985536,1.69319446027811,1.70743594684483,0.120606431,0.689228235988456,0.153254130083991
5.057705563,20.581182229363,0.705545495,0.986540229672544,0.780786912950527,0.286528739,1.69036062656062,1.70332329897317,0.119574095,0.687254863000252,0.152871692397123
5.059582263,20.4649899116944,0.69805264,0.9822320605305,0.772030384440798,0.283253962,1.6875598318167,1.69926720317599,0.11860577,0.685268910837405,0.15248560404013
5.061458963,20.3487344524347,0.690822074,0.977974773595159,0.76336009709526,0.280039871,1.68479189857945,1.69526765162136,0.11771863,0.683270645304805,0.15209587785868
5.063335662,20.232431334044,0.683861343,0.973768412538635,0.754776703184111,0.27690782,1.6820566621576,1.69132462354062,0.116919018,0.681260333695294,0.151702527956088
5.065212362,20.1160958594025,0.677182438,0.969613042877176,0.746280843507073,0.273859847,1.67935396511125,1.68743807910656,0.116217666,0.67923824151088,0.151305569058026
5.067089062,19.9997435217297,0.670677214,0.965508763328661,0.73787317437265,0.270833097,1.67668366478075,1.68360797198511,0.115558787,0.677204638877369,0.150905017779089
