0.001979332	12.9935275	6.08676928	3.507671887
0.003958663	4.799171364	1.746936143	1.122854885
0.005937995	1.361135665	0.34465827	0.197370303
0.007917327	0.388777303	0.01596728	-0.044906048
0.009896658	0.333714979	0.003507069	-0.052022742
0.01187599	0.474178221	0.044603824	-0.0154488
0.013855322	0.586296472	0.073312165	0.0112894
0.015834653	0.642919325	0.084993872	0.023614563
0.017813985	0.665137543	0.087018314	0.027614881
0.019793317	0.672607051	0.085261191	0.028287963
0.021772648	0.675292639	0.082531522	0.028030276
0.02375198	0.676974248	0.079840641	0.027721428
0.025731312	0.678600807	0.077400003	0.027536107
0.027710643	0.680217154	0.075224597	0.027469017
0.029689975	0.681754333	0.073252614	0.027476051
0.031669307	0.683152377	0.071433698	0.027535467
0.033648638	0.684368234	0.069748204	0.027628579
0.03562797	0.685443638	0.06818729	0.027752562
0.037607302	0.686397589	0.066737503	0.027913122
0.039586633	0.687218193	0.065377273	0.028095682
0.041565965	0.687926743	0.064098085	0.028301737
0.043545297	0.688542734	0.062897555	0.028534018
0.045524628	0.689072357	0.061757166	0.028788304
0.04750396	0.68951317	0.060669671	0.029063006
0.049483292	0.689862446	0.059627407	0.029344251
0.051462623	0.690132448	0.058620314	0.029646627
0.053441955	0.69032891	0.057655919	0.029961353
0.055421287	0.690464927	0.056717744	0.030290594
0.057400618	0.690533305	0.055809326	0.030631435
0.05937995	0.690538902	0.054922618	0.030981192
0.061359282	0.690482483	0.054064419	0.031341559
0.063338613	0.690392796	0.053230038	0.031716956
0.065317945	0.690245719	0.052422127	0.032100987
0.067297277	0.690072907	0.051639667	0.032498945
0.069276608	0.689876132	0.050883821	0.032911662
0.07125594	0.689676715	0.050162079	0.033341292
0.073235272	0.689437591	0.049461509	0.03377836
0.075214603	0.689219541	0.048793021	0.034238311
0.077193935	0.688988551	0.04815023	0.034709111
0.079173267	0.688737514	0.047527889	0.035187057
0.081152598	0.688487006	0.04692511	0.035679457
0.08313193	0.688218027	0.04633896	0.036180135
0.085111262	0.687916401	0.04576102	0.036680707
0.087090593	0.687565538	0.045184011	0.037180215
0.089069925	0.687180533	0.044612871	0.037681714
0.091049257	0.686736885	0.044043064	0.038177438
0.093028588	0.686237837	0.043470822	0.038668571
0.09500792	0.685683142	0.042894033	0.039154217
0.096987252	0.685081118	0.042321982	0.039637698
0.098966583	0.684441899	0.041754533	0.040119987
0.100945915	0.683769945	0.041194866	0.040602648
0.102925247	0.683075869	0.040644021	0.041086233
0.104904578	0.682348244	0.040108127	0.041566183
0.10688391	0.681611403	0.039589427	0.042048125
0.108863242	0.680870605	0.039085636	0.042533168
0.110842573	0.680136088	0.038602897	0.043020392
0.112821905	0.679410998	0.038140496	0.043509114
0.114801237	0.678708956	0.037698876	0.044002958
0.116780568	0.67803508	0.03727348	0.044501948
0.1187599	0.677399665	0.036867107	0.045007518
0.120739232	0.676811247	0.036475259	0.045522206
0.122718563	0.676265572	0.036100844	0.046043676
0.124697895	0.67576363	0.035739924	0.046573735
0.126677227	0.675300828	0.035389808	0.047110242
0.128656558	0.67486826	0.035047843	0.047651231
0.13063589	0.674473083	0.03471185	0.048198442
0.132615222	0.674116462	0.034387929	0.048753721
0.134594553	0.673797555	0.034072248	0.049316201
0.136573885	0.673525545	0.033766073	0.049888769
0.138553217	0.673295625	0.033467546	0.050469456
0.140532548	0.673119253	0.033176677	0.051062217
0.14251188	0.672993965	0.032898186	0.051665659
0.144491212	0.672931408	0.032632622	0.052284709
0.146470543	0.672939669	0.032380255	0.052919609
0.148449875	0.673031707	0.032141426	0.053573055
0.150429207	0.673202381	0.03191414	0.054243266
0.152408538	0.673439498	0.031697103	0.054926631
0.15438787	0.673756341	0.031492582	0.055625821
0.156367202	0.67413467	0.031299084	0.05633537
0.158346533	0.674580791	0.031117708	0.057055978
0.160325865	0.675093988	0.030947153	0.057786404
0.162305197	0.675678743	0.030787834	0.058526741
0.164284528	0.676336021	0.030636733	0.059276041
0.16626386	0.677057135	0.030491368	0.060032554
0.168243191	0.677851598	0.030354455	0.060794389
0.170222523	0.678709964	0.030227019	0.061560534
0.172201855	0.679621934	0.030104481	0.062326967
0.174181186	0.680595811	0.029989304	0.063095093
0.176160518	0.681629939	0.029878731	0.063863541
0.17813985	0.682731418	0.029775634	0.064634619
0.180119181	0.683903267	0.02967842	0.065408507
0.182098513	0.685148569	0.029587857	0.066185663
0.184077845	0.686465971	0.029504598	0.066965647
0.186057176	0.687857863	0.029429276	0.067748885
0.188036508	0.689323946	0.029360475	0.068535769
0.19001584	0.690869476	0.029295211	0.069327992
0.191995171	0.692487594	0.029243199	0.070122308
0.193974503	0.694182111	0.029194166	0.070920895
0.195953835	0.695957748	0.02915649	0.071723948
0.197933166	0.697814664	0.029124721	0.072531596
0.199912498	0.69975796	0.029103033	0.073345065
0.20189183	0.701788502	0.029090302	0.074165154
0.203871161	0.703904409	0.029085274	0.074990153
0.205850493	0.706109079	0.029089086	0.075821457
0.207829825	0.70839935	0.029102022	0.076658201
0.209809156	0.710771909	0.029124446	0.077499204
0.211788488	0.713229485	0.029156414	0.078344618
0.21376782	0.715766586	0.029199274	0.079193574
0.215747151	0.718386314	0.029250806	0.080045605
0.217726483	0.721090013	0.029313713	0.080900886
0.219705815	0.723880166	0.029387763	0.081759358
0.221685146	0.726752979	0.029471528	0.082620776
0.223664478	0.729720754	0.029567142	0.08348762
0.22564381	0.732773577	0.029674563	0.084355753
0.227623141	0.735913279	0.029790014	0.085223933
0.229602473	0.739140865	0.029915925	0.08609145
0.231581805	0.742458614	0.030047049	0.086959484
0.233561136	0.745864741	0.030187552	0.087827377
0.235540468	0.749360502	0.030337543	0.088695571
0.2375198	0.75294756	0.030495908	0.089565397
0.239499131	0.756622119	0.030664899	0.090435722
0.241478463	0.760392018	0.03084169	0.091309245
0.243457795	0.764253443	0.031027052	0.092184717
0.245437126	0.768213804	0.031221916	0.093064563
0.247416458	0.772270059	0.031425888	0.093947324
0.24939579	0.776424429	0.031640177	0.094834267
0.251375121	0.780677028	0.031864886	0.095725072
0.253354453	0.785024269	0.032100156	0.096618548
0.255333785	0.78946887	0.032345419	0.097515038
0.257313116	0.794008948	0.032600506	0.098414394
0.259292448	0.798642402	0.032866553	0.099314908
0.26127178	0.803371063	0.033144523	0.10021782
0.263251111	0.808190827	0.03343395	0.101120352
0.265230443	0.813100178	0.033735629	0.102022875
0.267209775	0.818098192	0.034047345	0.10292382
0.269189106	0.823184756	0.034371868	0.103823388
0.271168438	0.828358831	0.034707877	0.104720318
0.27314777	0.833619839	0.035054237	0.105614435
0.275127101	0.838967933	0.035411173	0.106504771
0.277106433	0.844400958	0.035779155	0.10739031
0.279085765	0.849916108	0.036158475	0.108269115
0.281065096	0.855515645	0.036548801	0.109141942
0.283044428	0.861199655	0.036951621	0.110010859
0.28502376	0.866963309	0.037367045	0.110874913
0.287003091	0.872810902	0.037795509	0.111735273
0.288982423	0.878739521	0.038237525	0.112591511
0.290961755	0.884750671	0.038692895	0.113444382
0.292941086	0.890842691	0.039162804	0.114293911
0.294920418	0.897015337	0.039646955	0.115140413
0.29689975	0.903269795	0.040147616	0.115984163
0.298879081	0.90960755	0.040663849	0.116825768
0.300858413	0.916028367	0.041198163	0.117664762
0.302837745	0.922531995	0.041749209	0.118501205
0.304817076	0.929122171	0.042318613	0.119336855
0.306796408	0.935795397	0.042907736	0.120172353
0.30877574	0.942551548	0.043516144	0.1210069
0.310755071	0.949389671	0.044142355	0.121838021
0.312734403	0.956309511	0.044785293	0.122664893
0.314713735	0.96330956	0.045445337	0.12348654
0.316693066	0.970391928	0.046121817	0.124303652
0.318672398	0.97755425	0.046816977	0.125116375
0.32065173	0.984797804	0.047529144	0.125925214
0.322631061	0.992119651	0.048259764	0.126730419
0.324610393	0.999523535	0.049006374	0.127532407
0.326589725	1.007006336	0.04977134	0.12833118
0.328569056	1.014569534	0.050554053	0.129127046
0.330548388	1.022212594	0.051354955	0.129920273
0.33252772	1.029938294	0.052174257	0.130711332
0.334507051	1.037742273	0.053012456	0.131499649
0.336486383	1.045627602	0.053869512	0.132286015
0.338465715	1.053592606	0.054745903	0.133070321
0.340445046	1.061635241	0.055642054	0.133852251
0.342424378	1.069755602	0.056557624	0.13463201
0.34440371	1.077952869	0.05749362	0.135409634
0.346383041	1.086225317	0.058450085	0.136185055
0.348362373	1.094571494	0.059426752	0.136957498
0.350341705	1.102987687	0.060424044	0.137726376
0.352321036	1.111472849	0.061442147	0.138491184
0.354300368	1.120024939	0.062480565	0.139251367
0.3562797	1.128639544	0.063539662	0.140006188
0.358259031	1.137319062	0.064618899	0.140755425
0.360238363	1.146058515	0.065717666	0.141498007
0.362217695	1.154855997	0.066836146	0.142233456
0.364197026	1.163713642	0.067975258	0.142961819
0.366176358	1.17262381	0.069134228	0.143682376
0.36815569	1.181593342	0.07031246	0.144394879
0.370135021	1.190613684	0.071510653	0.14509881
0.372114353	1.199689603	0.072727739	0.145794241
0.374093685	1.208811119	0.07396428	0.146481118
0.376073016	1.217983148	0.075220373	0.147159389
0.378052348	1.227200453	0.076497288	0.14782963
0.38003168	1.236467538	0.077798171	0.148497086
0.382011011	1.245780439	0.079126617	0.149162301
0.383990343	1.255141874	0.080476423	0.149821175
0.385969675	1.264546877	0.081844454	0.150469867
0.387949006	1.273997009	0.083228452	0.151107531
0.389928338	1.283485939	0.084629532	0.151733375
0.39190767	1.293024507	0.086048764	0.152350938
0.393887001	1.302604642	0.087487389	0.152959086
0.395866333	1.312228707	0.088942635	0.153559876
0.397845665	1.321896377	0.090416583	0.154153058
0.399824996	1.331603491	0.091907155	0.154738794
0.401804328	1.341351163	0.093417491	0.155316925
0.40378366	1.351141545	0.094945779	0.155889569
0.405762991	1.360970536	0.096494036	0.156457759
0.407742323	1.370837762	0.098059189	0.157020327
0.409721655	1.380738325	0.099644406	0.157577411
0.411700986	1.390672659	0.101247103	0.158129992
0.413680318	1.400637315	0.102866356	0.158675124
0.41565965	1.410635864	0.104502253	0.159213077
0.417638981	1.420664206	0.106162643	0.159747228
0.419618313	1.430727195	0.107850872	0.160280456
0.421597645	1.440816826	0.109559163	0.160804833
0.423576976	1.450938814	0.111283247	0.161319271
0.425556308	1.461075731	0.113021015	0.161821203
0.42753564	1.471235968	0.11477169	0.162311508
0.429514971	1.481410704	0.116536823	0.16279012
0.431494303	1.491604683	0.118316704	0.1632599
0.433473635	1.501814374	0.120110195	0.163720031
0.435452966	1.512041295	0.121916955	0.164171278
0.437432298	1.52228147	0.123737414	0.164613257
0.43941163	1.532541929	0.125569655	0.16504744
0.441390961	1.542809876	0.127415001	0.165472469
0.443370293	1.553086145	0.129271082	0.165889591
0.445349625	1.563375122	0.13114084	0.166300459
0.447328956	1.57366576	0.133023531	0.166705957
0.449308288	1.583956113	0.134916185	0.167104871
0.45128762	1.594237848	0.136825019	0.167502778
0.453266951	1.604525193	0.138760157	0.167900749
0.455246283	1.614818593	0.140704444	0.168285469
0.457225615	1.625112937	0.142654407	0.168654182
0.459204946	1.635390937	0.144603254	0.169002493
0.461184278	1.645659496	0.146552289	0.169331821
0.46316361	1.655919927	0.148507108	0.169648465
0.465142941	1.666166571	0.15046544	0.169949649
0.467122273	1.676401741	0.15242649	0.170236962
0.469101605	1.686623244	0.154389774	0.17051055
0.471080936	1.696827919	0.156357642	0.170770925
0.473060268	1.707012198	0.158325965	0.171017072
0.4750396	1.71717429	0.160295797	0.171252548
0.477018931	1.72731137	0.162265691	0.171476053
0.478998263	1.73741548	0.164233697	0.171687431
0.480977595	1.747490904	0.166216427	0.171896585
0.482956926	1.757543331	0.168203405	0.172092685
0.484936258	1.767571838	0.170188186	0.172272026
0.48691559	1.777567913	0.172164704	0.1724311
0.488894921	1.787528758	0.17413208	0.172569543
0.490874253	1.797457351	0.17609328	0.172690211
0.492853585	1.807358128	0.178049443	0.172796406
0.494832916	1.817231512	0.180001241	0.172889723
0.496812248	1.827081272	0.181948505	0.172972006
0.498791579	1.836909867	0.183893658	0.173046697
0.500770911	1.846711225	0.185834615	0.173114219
0.502750243	1.856491034	0.187770526	0.173175831
0.504729574	1.866239567	0.189704077	0.173232854
0.506708906	1.875956442	0.191635414	0.173284925
0.508688238	1.885641662	0.193559989	0.173331028
0.510667569	1.89528801	0.195480981	0.173371543
0.512646901	1.904898036	0.197404123	0.17341092
0.514626233	1.914468828	0.199335198	0.173449486
0.516605564	1.924004338	0.201255883	0.173474655
0.518584896	1.933490751	0.203164098	0.173483931
0.520564228	1.942927307	0.205057555	0.173476222
0.522543559	1.952308471	0.206932394	0.17345062
0.524522891	1.961636339	0.208792215	0.173409296
0.526502223	1.970910313	0.210634413	0.173354713
0.528481554	1.980134473	0.212461186	0.173288056
0.530460886	1.989300141	0.21427093	0.173209945
0.532440218	1.99841173	0.216065334	0.173120857
0.534419549	2.007465175	0.217839939	0.173021409
0.536398881	2.016458254	0.21960334	0.172916832
0.538378213	2.025395901	0.221367578	0.172811678
0.540357544	2.03428002	0.223115805	0.172693761
0.542336876	2.043099907	0.224842681	0.172558764
0.544316208	2.0518516	0.226542141	0.172403318
0.546295539	2.06052679	0.228211113	0.172227284
0.548274871	2.069129349	0.22985146	0.172031844
0.550254203	2.077658375	0.231465206	0.171820796
0.552233534	2.086122412	0.23305539	0.171596398
0.554212866	2.094505254	0.23462276	0.171361397
0.556192198	2.102823246	0.236180204	0.171124343
0.558171529	2.111084687	0.237722425	0.170879913
0.560150861	2.11927416	0.239238761	0.17062138
0.562130193	2.127403064	0.240723879	0.170348715
0.564109524	2.135442246	0.242174766	0.170056254
0.566088856	2.143402511	0.243594986	0.169750226
0.568068188	2.151302577	0.244992148	0.169438223
0.570047519	2.159148093	0.246371445	0.16912637
0.572026851	2.16691645	0.247735786	0.16881142
0.574006183	2.174621394	0.249080032	0.168492494
0.575985514	2.182270038	0.250398725	0.168165027
0.577964846	2.189836189	0.251691162	0.167830386
0.579944178	2.197341036	0.252970254	0.167493629
0.581923509	2.204783605	0.254232899	0.167154595
0.583902841	2.212160688	0.255481944	0.16681189
0.585882173	2.219472422	0.256715469	0.166464832
0.587861504	2.226720325	0.25794282	0.166116898
0.589840836	2.233913097	0.259163957	0.165769057
0.591820168	2.241040221	0.260386782	0.165421899
0.593799499	2.248099507	0.261620387	0.16508079
0.595778831	2.255073034	0.262936664	0.164781219
0.597758163	2.262120175	0.264644762	0.164639877
0.599737494	2.269419228	0.266788817	0.164636367
0.601716826	2.276635159	0.268966586	0.164638583
0.603696158	2.283341451	0.270923323	0.16454014
0.605675489	2.289545706	0.272698691	0.164332175
0.607654821	2.295364596	0.274273606	0.164040669
0.609634153	2.300879529	0.275681063	0.163708195
0.611613484	2.306330422	0.27697706	0.163340665
0.613592816	2.311539511	0.278062655	0.162951725
0.615572148	2.316684568	0.279031102	0.162549978
0.617551479	2.321776168	0.279871961	0.162124231
0.619530811	2.326797833	0.280661189	0.161712267
0.621510143	2.331913276	0.281424816	0.161294395
0.623489474	2.336875318	0.282062828	0.16087937
0.625468806	2.341666128	0.28259289	0.160461765
0.627448138	2.346500475	0.283104982	0.160028076
0.629427469	2.351248386	0.283548513	0.159600545
0.631406801	2.355972879	0.284014575	0.159184593
0.633386133	2.360784451	0.28450263	0.158771825
0.635365464	2.365356832	0.284873478	0.158375199
0.637344796	2.369874421	0.285218084	0.157970398
0.639324128	2.374357655	0.285537859	0.157574378
0.641303459	2.378614327	0.285752104	0.157184703
0.643282791	2.382936723	0.285997558	0.15679831
0.645262123	2.387269848	0.286254755	0.156433564
0.647241454	2.3914118	0.286439346	0.156097572
0.649220786	2.395621192	0.28668739	0.15575868
0.651200118	2.399780977	0.286931658	0.155463081
0.653179449	2.403806181	0.287162406	0.155197414
0.655158781	2.407891219	0.287435018	0.15494328
0.657138113	2.41169019	0.287573683	0.154726332
0.659117444	2.41535298	0.287660345	0.154524031
0.661096776	2.419183006	0.287832448	0.154328487
0.663076108	2.422787544	0.287877702	0.154180876
0.665055439	2.426377716	0.287944805	0.154060348
0.667034771	2.4301312	0.288122403	0.153964006
0.669014103	2.433585191	0.288175728	0.153930916
0.670993434	2.437166908	0.288362608	0.153920212
0.672972766	2.44078033	0.288582902	0.153956608
0.674952098	2.443991009	0.288639839	0.154048111
0.676931429	2.447375065	0.288788083	0.154138841
0.678910761	2.450623223	0.288879875	0.154274527
0.680890093	2.453559904	0.288846457	0.154453391
0.682869424	2.456769991	0.288942968	0.154626933
0.684848756	2.459852788	0.288985846	0.154841643
0.686828088	2.462597366	0.288896418	0.155096553
0.688807419	2.465650769	0.28898105	0.155344206
0.690786751	2.468474089	0.288967614	0.155626276
0.692766083	2.470958323	0.288836835	0.155936583
0.694745414	2.47372339	0.288888768	0.156224413
0.696724746	2.476158182	0.288808533	0.156561732
0.698704078	2.478481941	0.288761141	0.156898662
0.700683409	2.480857869	0.288769663	0.157209207
0.702662741	2.482677635	0.28852231	0.157577952
0.704642073	2.484546285	0.288335087	0.157890288
0.706621404	2.486347507	0.288138588	0.158206399
0.708600736	2.48765139	0.287684941	0.158549099
0.710580068	2.489072577	0.287333704	0.158838578
0.712559399	2.490487567	0.28700409	0.159138933
0.714538731	2.491381515	0.286428887	0.159473377
0.716518063	2.492342866	0.285927084	0.159723916
0.718497394	2.493229988	0.285448933	0.159982527
0.720476726	2.493635244	0.28474576	0.160300222
0.722456058	2.494230021	0.284196655	0.160553898
0.724435389	2.494736493	0.283654438	0.160828026
0.726414721	2.494595227	0.282834596	0.161135096
0.728394053	2.494785108	0.282219144	0.161380153
0.730373384	2.494805197	0.281573215	0.161657439
0.732352716	2.494178309	0.280671132	0.16197007
0.734332048	2.494027224	0.28004028	0.162239235
0.736311379	2.49353056	0.279297433	0.162548975
0.738290711	2.492604311	0.278472291	0.162911553
0.740270043	2.492058055	0.277861432	0.163201572
0.742249374	2.490917946	0.276968314	0.163583483
0.744228706	2.489480868	0.276027225	0.163924068
0.746208038	2.488319716	0.275251558	0.164254437
0.748187369	2.486802107	0.274290309	0.16467082
0.750166701	2.484961833	0.273228359	0.165070495
0.752146033	2.483461304	0.272390007	0.165460287
0.754125364	2.481631279	0.271422098	0.165871412
0.756104696	2.479288268	0.270164935	0.166318876
0.758084028	2.477070976	0.269001778	0.166729794
0.760063359	2.475188556	0.268085148	0.167136208
0.762042691	2.472766087	0.267052451	0.167610772
0.764022023	2.470547012	0.266282717	0.168094007
0.766001354	2.468378598	0.265571139	0.16861889
0.767980686	2.464996593	0.264313785	0.169120232
0.769960018	2.4619644	0.263348586	0.169602261
0.771939349	2.459122802	0.262507368	0.170092793
0.773918681	2.45544382	0.261206872	0.170630939
0.775898013	2.451891097	0.260083287	0.171118793
0.777877344	2.448413036	0.259087638	0.171551951
0.779856676	2.444507672	0.257843892	0.172100002
0.781836008	2.440147442	0.256451934	0.172518518
0.783815339	2.436273779	0.25544792	0.172954899
0.785794671	2.431907927	0.254181877	0.173449456
0.787774003	2.42689761	0.252662018	0.173853207
0.789753334	2.42241422	0.251524204	0.174235024
0.791732666	2.417682227	0.250299776	0.174639308
0.793711998	2.412011457	0.248692132	0.175028588
0.795691329	2.406756408	0.247391842	0.175339744
0.797670661	2.401543774	0.246163037	0.175625168
0.799649993	2.395286815	0.244444562	0.175949347
0.801629324	2.389099171	0.242891201	0.176161904
0.803608656	2.383241761	0.241614002	0.176348176
0.805587988	2.376626621	0.239941995	0.176564593
0.807567319	2.369480254	0.238132795	0.176708114
0.809546651	2.362854005	0.236673927	0.176773826
0.811525983	2.355893251	0.23510183	0.176855957
0.813505314	2.347896454	0.233081979	0.176923364
0.815484646	2.340225457	0.231331778	0.176887681
0.817463978	2.332825877	0.229790991	0.176833623
0.819443309	2.324431458	0.227749556	0.176800236
0.821422641	2.315811818	0.225773924	0.176676903
0.823401973	2.307664785	0.224122044	0.176494397
0.825381304	2.298903652	0.222192277	0.176348608
0.827360636	2.289422256	0.219966482	0.176147099
0.829339967	2.280400173	0.218090047	0.175864889
0.831319299	2.27140785	0.216281056	0.175577842
0.833298631	2.261414591	0.21403936	0.175312546
0.835277962	2.251411265	0.21189646	0.174956105
0.837257294	2.241922461	0.210074965	0.17454321
0.839236626	2.231687122	0.207965214	0.174181505
0.841215957	2.220807289	0.205576324	0.173754926
0.843195289	2.210529425	0.203609414	0.17325437
0.845174621	2.20021241	0.201684488	0.17275764
0.847153952	2.188963659	0.199331782	0.172263884
0.849133284	2.177537955	0.196974181	0.171703638
0.851112616	2.16676244	0.194947487	0.171053881
0.853091947	2.155530872	0.192858225	0.170452396
0.855071279	2.143675465	0.190650133	0.169854388
0.857050611	2.132403269	0.18876337	0.169164297
0.859029942	2.120510797	0.186631287	0.168516114
0.861009274	2.108004536	0.184171282	0.167809295
0.862988606	2.095635027	0.181831579	0.167021707
0.864967937	2.083743341	0.179818317	0.166195878
0.866947269	2.071131898	0.177487517	0.165425817
0.868926601	2.058420173	0.175221118	0.164596426
0.870905932	2.046060605	0.173171244	0.163722612
0.872885264	2.033372305	0.171034987	0.162862722
0.874864596	2.020074208	0.16869167	0.161983498
0.876843927	2.007243898	0.166636996	0.161026237
0.878823259	1.994277441	0.164585687	0.160081665
0.880802591	1.980517633	0.162156431	0.159144605
0.882781922	1.967092507	0.159912444	0.158112035
0.884761254	1.953946938	0.157888324	0.157067977
0.886740586	1.940290595	0.155660091	0.156057964
0.888719917	1.926505393	0.153433145	0.155013691
0.890699249	1.913143688	0.151481057	0.153916845
0.892678581	1.899429214	0.14938029	0.152855412
0.894657912	1.885174886	0.147051149	0.151772709
0.896637244	1.871074126	0.144743209	0.150609893
0.898616576	1.857197056	0.142519655	0.14941243
0.900595907	1.843245188	0.140348206	0.148235571
0.902575239	1.82954983	0.138520643	0.147093375
0.904554571	1.815946299	0.136759586	0.145974774
0.906533902	1.801917428	0.134872746	0.144853653
0.908513234	1.787401837	0.1328429	0.143694707
0.910492566	1.773238898	0.131021405	0.142473187
0.912471897	1.759016382	0.129133619	0.141260882
0.914451229	1.744240753	0.126994269	0.140039004
0.916430561	1.729645737	0.124868776	0.138753351
0.918409892	1.715260328	0.122808634	0.137433527
0.920389224	1.700795059	0.120698963	0.136100109
0.922368556	1.686502264	0.118755811	0.134765092
0.924347887	1.672384732	0.116984863	0.133445903
0.926327219	1.658076954	0.115171776	0.132126257
0.928306551	1.643435023	0.113267825	0.130784054
0.930285882	1.62886875	0.111457438	0.129374367
0.932265214	1.614294311	0.109625417	0.12795036
0.934244546	1.599347201	0.1076093	0.12651946
0.936223877	1.584431177	0.105554016	0.125014147
0.938203209	1.569628709	0.103504322	0.123468792
0.940182541	1.55491925	0.101471771	0.121899857
0.942161872	1.540295897	0.099519116	0.120322695
0.944141204	1.525879224	0.097743686	0.118767758
0.946120536	1.511409487	0.095994896	0.117216052
0.948099867	1.496588971	0.094160764	0.115648101
0.950079199	1.481723397	0.092338183	0.114014204
0.952058531	1.46694803	0.090593957	0.112356748
0.954037862	1.451967948	0.088724227	0.110673276
0.956017194	1.436837341	0.086746915	0.108950623
0.957996526	1.421698064	0.08473525	0.107185503
0.959975857	1.406848033	0.082782683	0.105391227
0.961955189	1.392109379	0.080814903	0.103577175
0.963934521	1.377442636	0.078961345	0.101792848
0.965913852	1.362904495	0.077230901	0.100043194
0.967893184	1.348462063	0.075578159	0.098314629
0.969872516	1.333795886	0.073861058	0.096575696
0.971851847	1.31896167	0.072085467	0.09480134
0.973831179	1.304157992	0.070307751	0.093008287
0.975810511	1.289568385	0.068557211	0.091193649
0.977789842	1.275138508	0.066818487	0.089381856
0.979769174	1.260866361	0.065117688	0.087599268
0.981748506	1.24669254	0.063442191	0.085851711
0.983727837	1.232624065	0.061775659	0.084119719
0.985707169	1.218676151	0.060146621	0.082399279
0.987686501	1.204822687	0.058551948	0.080695557
0.989665832	1.19117688	0.057092753	0.079037169
0.991645164	1.177781737	0.055782472	0.077442933
0.993624496	1.164478415	0.054505522	0.075888925
0.995603827	1.151074916	0.05318359	0.074352778
0.997583159	1.137629162	0.051825118	0.072799716
0.999562491	1.124315514	0.050473067	0.071253744
1.001541822	1.111267002	0.049156392	0.069713705
1.003521154	1.09843181	0.047845347	0.068201915
1.005500486	1.085771292	0.046539246	0.06671331
1.007479817	1.073316698	0.045256392	0.06526273
1.009459149	1.061035612	0.043993288	0.063848229
1.011438481	1.048915323	0.042746021	0.06247016
1.013417812	1.036929436	0.041499608	0.061113016
1.015397144	1.025124559	0.040271592	0.059770369
1.017376476	1.013540455	0.039090299	0.058462613
1.019355807	1.002059808	0.037936339	0.057192433
1.021335139	0.990686249	0.036808851	0.055955736
1.023314471	0.979452036	0.035700232	0.054752128
1.025293802	0.968375735	0.034601651	0.053568455
1.027273134	0.957427265	0.033520929	0.052401546
1.029252466	0.94666692	0.032483485	0.051264678
1.031231797	0.93599793	0.031451701	0.050146277
1.033211129	0.925472522	0.030434386	0.049048515
1.035190461	0.915116225	0.029433507	0.047968913
1.037169792	0.904886838	0.028450749	0.04689846
1.039149124	0.89480569	0.027472736	0.045843594
1.041128456	0.884830995	0.026492236	0.044790641
1.043107787	0.874965256	0.025511808	0.043740205
1.045087119	0.865265734	0.024550028	0.042700505
1.047066451	0.855654762	0.023578614	0.04166375
1.049045782	0.846159765	0.02260931	0.040637099
1.051025114	0.836784477	0.02164262	0.039616182
1.053004446	0.8275482	0.020687488	0.038606014
1.054983777	0.818428458	0.019730612	0.037604979
1.056963109	0.809409819	0.018769688	0.036604195
1.058942441	0.800526784	0.017826695	0.035613207
1.060921772	0.791753879	0.016887847	0.034626857
1.062901104	0.783089783	0.015955629	0.033649507
1.064880436	0.774546282	0.015028853	0.032670267
1.066859767	0.766121277	0.014108251	0.031689447
1.068839099	0.757783121	0.013187885	0.030704797
1.070818431	0.749561829	0.012279401	0.029725207
1.072797762	0.741432393	0.01137867	0.028737473
1.074777094	0.733426331	0.010491376	0.027755244
1.076756426	0.725502766	0.009609977	0.026770529
1.078735757	0.71768926	0.008758721	0.02579459
1.080715089	0.710003381	0.007946646	0.024841265
1.082694421	0.702407989	0.007169013	0.023901089
1.084673752	0.694948269	0.006450279	0.022976336
1.086653084	0.687654921	0.005785601	0.022058891
1.088632416	0.680456984	0.005137609	0.021131521
1.090611747	0.673374263	0.004508798	0.020195669
1.092591079	0.666410173	0.003895469	0.019255211
1.094570411	0.659551677	0.003297595	0.018311403
1.096549742	0.652817098	0.002724213	0.017370901
1.098529074	0.646223506	0.002184477	0.016446708
1.100508406	0.639800943	0.001682884	0.015556037
1.102487737	0.633557923	0.0012242	0.014698588
1.104467069	0.627511279	0.000809974	0.013878109
1.106446401	0.621652035	0.00044111	0.013105214
1.108425732	0.616005781	0.000118129	0.012384281
1.110405064	0.610595884	-0.0001539	0.011727626
1.112384396	0.605410143	-0.00038806	0.011130985
1.114363727	0.600471916	-0.000582224	0.010604252
1.116343059	0.595778578	-0.000732949	0.010141603
1.118322391	0.591342755	-0.000834074	0.009760191
1.120301722	0.587171374	-0.000891579	0.009463287
1.122281054	0.583287186	-0.000899891	0.0092554
1.124260386	0.579678783	-0.000867835	0.009138004
1.126239717	0.576331286	-0.000805487	0.009111961
1.128219049	0.573285177	-0.000696615	0.009182841
1.130198381	0.570539543	-0.000542437	0.009357165
1.132177712	0.56808245	-0.000353691	0.009633423
1.134157044	0.565917664	-0.000133119	0.010018223
1.136136376	0.564083774	0.000131315	0.010511846
1.138115707	0.562561357	0.000438863	0.011122139
1.140095039	0.561347381	0.000782962	0.011850765
1.142074371	0.56042319	0.001153368	0.012691581
1.144053702	0.559831192	0.001572057	0.013660858
1.146033034	0.559555179	0.002029341	0.014750665
1.148012366	0.559576683	0.002513639	0.015956917
1.149991697	0.559881249	0.003017047	0.017276272
1.151971029	0.560464854	0.003545929	0.018706267
1.153950361	0.561356642	0.00411268	0.02025159
1.155929692	0.562504812	0.004693828	0.021890166
1.157909024	0.563910094	0.005292044	0.023625403
1.159888355	0.565513927	0.005890692	0.025432783
1.161867687	0.56732123	0.006500508	0.027311363
1.163847019	0.569308504	0.007113415	0.029245792
1.16582635	0.571435311	0.007712036	0.031218672
1.167805682	0.573665035	0.008295704	0.033209168
1.169785014	0.575939943	0.008851885	0.035196595
1.171764345	0.578222268	0.009387521	0.037169153
1.173743677	0.580478819	0.00989418	0.039108711
1.175723009	0.582646267	0.010359479	0.040984873
1.17770234	0.584709539	0.010785061	0.04278948
1.179681672	0.586584928	0.011155205	0.044488424
1.181661004	0.588226893	0.01148419	0.046064022
1.183640335	0.58963586	0.011774957	0.047500765
1.185619667	0.590726245	0.011996058	0.048753369
1.187598999	0.591465856	0.01213799	0.049800828
1.18957833	0.591782314	0.012191826	0.050614009
1.191557662	0.591638129	0.012158277	0.051176808
1.193536994	0.591050971	0.012038984	0.051487794
1.195516325	0.589974153	0.011826536	0.051530618
1.197495657	0.588436095	0.011532491	0.051316816
1.199474989	0.58639062	0.011158201	0.050833903
1.20145432	0.583931205	0.010718699	0.050119844
1.203433652	0.581141983	0.010219523	0.049193599
1.205412984	0.577980036	0.009660286	0.048063911
1.207392315	0.57460943	0.009066405	0.046791575
1.209371647	0.571100375	0.00845087	0.045413083
1.211350979	0.567571474	0.007823608	0.043982469
1.21333031	0.56412573	0.00720242	0.042543363
1.215309642	0.560884857	0.006612893	0.041148086
1.217288974	0.55793767	0.006065063	0.039841508
1.219268305	0.555397745	0.005568721	0.038672217
1.221247637	0.553308954	0.00512813	0.037667182
1.223226969	0.551757837	0.004754166	0.036861259
1.2252063	0.550815097	0.004457355	0.036284343
1.227185632	0.550499999	0.004242861	0.035951292
1.229164964	0.550881988	0.004117532	0.035881875
1.231144295	0.551954647	0.004071652	0.03606916
1.233123627	0.553642932	0.004101797	0.036492434
1.235102959	0.555965745	0.004205809	0.037155248
1.23708229	0.558914754	0.0043837	0.038052581
1.239061622	0.562433198	0.00462486	0.039160069
1.241040954	0.566461676	0.00491973	0.04045117
1.243020285	0.570987054	0.005270796	0.041914736
1.244999617	0.575911948	0.005663091	0.043514853
1.246978949	0.581198396	0.006085493	0.045230427
1.24895828	0.586790171	0.006535546	0.04703837
1.250937612	0.592634037	0.007011536	0.0489199
1.252916944	0.598678575	0.007502363	0.050847427
1.254896275	0.604860163	0.008000342	0.052798609
1.256875607	0.611098605	0.008474021	0.054744065
1.258854939	0.617413471	0.008979963	0.056712784
1.26083427	0.623757426	0.009510953	0.05867144
1.262813602	0.630104091	0.010046875	0.060589262
1.264792934	0.636413499	0.01056378	0.062436927
1.266772265	0.642649169	0.011061792	0.064195905
1.268751597	0.648777026	0.011534323	0.065859473
1.270730929	0.654773584	0.011981114	0.06741942
1.27271026	0.660639965	0.012401779	0.068874516
1.274689592	0.666356799	0.012793304	0.070216449
1.276668924	0.671908219	0.013154365	0.071439545
1.278648255	0.677281414	0.013484275	0.072538153
1.280627587	0.682472751	0.013782071	0.073509244
1.282606919	0.687474747	0.014047512	0.074350007
1.28458625	0.692303182	0.014281716	0.075064012
1.286565582	0.696964224	0.014484386	0.075655668
1.288544914	0.70147482	0.014658055	0.076130102
1.290524245	0.705825904	0.014803357	0.076487375
1.292503577	0.710058273	0.014924516	0.076741904
1.294482909	0.714195853	0.015027196	0.076904739
1.29646224	0.718264379	0.015115458	0.076986576
1.298441572	0.722312885	0.01518987	0.077007578
1.300420904	0.726384723	0.015263462	0.07699111
1.302400235	0.730522547	0.015344258	0.076957287
1.304379567	0.734784499	0.015436239	0.076930987
1.306358899	0.739206792	0.015543395	0.076932122
1.30833823	0.743872829	0.015678375	0.076992825
1.310317562	0.748805973	0.015844922	0.077130092
1.312296894	0.75405426	0.01605277	0.077363061
1.314276225	0.759655016	0.01630903	0.077709675
1.316255557	0.765643355	0.016620013	0.078179167
1.318234889	0.772028645	0.016988355	0.078784782
1.32021422	0.778828658	0.017412355	0.079539338
1.322193552	0.786040426	0.017891205	0.080441826
1.324172884	0.793653277	0.01842536	0.081487145
1.326152215	0.801663928	0.019018958	0.082673572
1.328131547	0.810006309	0.019662433	0.083971838
1.330110879	0.818675957	0.020361833	0.085382027
1.33209021	0.827639854	0.02110843	0.086886606
1.334069542	0.836847896	0.021897116	0.08846665
1.336048874	0.846229409	0.022705853	0.090091465
1.338028205	0.855752117	0.023551043	0.091767306
1.340007537	0.865373908	0.024444881	0.093479743
1.341986869	0.875070493	0.025378216	0.095201206
1.3439662	0.884770729	0.026322876	0.0968921
1.345945532	0.894467252	0.02727802	0.098532095
1.347924864	0.904103458	0.028233807	0.100099313
1.349904195	0.913651495	0.029187907	0.101579351
1.351883527	0.923090871	0.030135745	0.102962568
1.353862859	0.932409819	0.031078974	0.104247357
1.35584219	0.941600386	0.032008406	0.105428024
1.357821522	0.950651155	0.032922066	0.10650188
1.359800854	0.959555726	0.03381253	0.107465759
1.361780185	0.968302266	0.034676116	0.108317411
1.363759517	0.976904548	0.035517764	0.109064773
1.365738849	0.985389932	0.036344373	0.109716157
1.36771818	0.993768463	0.03715358	0.110277503
1.369697512	1.002055418	0.037944921	0.110751128
1.371676844	1.010266773	0.038724746	0.111148246
1.373656175	1.018448906	0.03950567	0.111483737
1.375635507	1.02661208	0.040289134	0.111777345
1.377614839	1.034811231	0.041083391	0.112053331
1.37959417	1.043069974	0.041892504	0.112324275
1.381573502	1.051428605	0.042726356	0.112610414
1.383552834	1.059929132	0.043595063	0.112932922
1.385532165	1.068607631	0.044503845	0.113306908
1.387511497	1.0774962	0.045457887	0.113747056
1.389490829	1.086623649	0.04646455	0.114267124
1.39147016	1.096011007	0.047529799	0.11487869
1.393449492	1.105687343	0.048655935	0.115590624
1.395428824	1.115643511	0.049847179	0.116405011
1.397408155	1.125887246	0.051104335	0.117322371
1.399387487	1.136400363	0.052427008	0.118336993
1.401366819	1.147153822	0.053809814	0.119438653
1.40334615	1.158139842	0.055247183	0.1206195
1.405325482	1.169344288	0.056737741	0.121871802
1.407304814	1.180723812	0.058276096	0.123176759
1.409284145	1.192245971	0.059855586	0.124520957
1.411263477	1.203873529	0.061468003	0.125886387
1.413242809	1.215574951	0.063107439	0.127258164
1.41522214	1.227307253	0.064764591	0.128615774
1.417201472	1.239027667	0.066432547	0.129942393
1.419180804	1.250709842	0.068106327	0.131225949
1.421160135	1.262333009	0.069779242	0.132456219
1.423139467	1.273866301	0.071445565	0.133622532
1.425118799	1.285302321	0.073108553	0.134724673
1.42709813	1.296628983	0.074774439	0.135761973
1.429077462	1.307835036	0.076434382	0.136722622
1.431056794	1.318913369	0.07807742	0.137596261
1.433036125	1.329858985	0.079699651	0.138382967
1.435015457	1.340693408	0.081300233	0.139098161
1.436994789	1.351429165	0.082885793	0.139744125
1.43897412	1.362088559	0.084469724	0.140326446
1.440953452	1.372687803	0.08604996	0.14085822
1.442932784	1.383244085	0.08763627	0.141355189
1.444912115	1.393782594	0.089228622	0.141826933
1.446891447	1.404311642	0.090830715	0.142283505
1.448870779	1.414846522	0.092453436	0.142740331
1.45085011	1.425387834	0.094095286	0.143204213
1.452829442	1.435972716	0.095781058	0.143689267
1.454808774	1.44659984	0.097486393	0.144177526
1.456788105	1.457275541	0.099203505	0.144665581
1.458767437	1.467996076	0.100934931	0.145154919
1.460746769	1.47875805	0.102681911	0.145647596
1.4627261	1.489567034	0.104448532	0.146145649
1.464705432	1.500427207	0.106237424	0.14665382
1.466684764	1.511327124	0.108047657	0.147168986
1.468664095	1.52226661	0.109877859	0.147691008
1.470643427	1.533235934	0.11172425	0.148217351
1.472622759	1.544224743	0.113586514	0.148747571
1.47460209	1.555223577	0.115462558	0.149285077
1.476581422	1.56625562	0.117381535	0.149841863
1.478560754	1.577303482	0.119315663	0.150392155
1.480540085	1.58835634	0.12125607	0.150932903
1.482519417	1.599405887	0.123196876	0.151460044
1.484498748	1.610453045	0.12514459	0.151975492
1.48647808	1.621497172	0.127099837	0.152481524
1.488457412	1.632539894	0.129061115	0.152980268
1.490436743	1.643577139	0.131030489	0.153471652
1.492416075	1.654610999	0.133007063	0.153957028
1.494395407	1.665639718	0.134988986	0.154435314
1.496374738	1.676656149	0.136974812	0.154906072
1.49835407	1.68765769	0.138963055	0.155371485
1.500333402	1.698643307	0.140954847	0.155827105
1.502312733	1.709600517	0.142949224	0.15627079
1.504292065	1.720535539	0.144945955	0.156702293
1.506271397	1.731439169	0.146942537	0.157123891
1.508250728	1.742304226	0.148939043	0.157536545
1.51023006	1.753131078	0.150936016	0.157938312
1.512209392	1.763899508	0.152924061	0.158323266
1.514188723	1.774630226	0.154921659	0.158712926
1.516168055	1.785325488	0.156921354	0.159092148
1.518147387	1.795974019	0.158915178	0.159438976
1.520126718	1.806572628	0.160896806	0.159757828
1.52210605	1.817104243	0.162861234	0.16004893
1.524085382	1.827577907	0.16481108	0.160315539
1.526064713	1.837998983	0.166751778	0.160563586
1.528044045	1.848371093	0.168681808	0.160796076
1.530023377	1.858693988	0.170602388	0.161014442
1.532002708	1.868969936	0.172515264	0.161221749
1.53398204	1.879200361	0.174419948	0.161418969
1.535961372	1.88938945	0.176320513	0.161608083
1.537940703	1.89953097	0.178219938	0.161793834
1.539920035	1.909616662	0.180108646	0.161972797
1.541899367	1.919650936	0.182006627	0.162158567
1.543878698	1.929648897	0.18391539	0.162343139
1.54585803	1.939600873	0.185811177	0.162512894
1.547837362	1.949494143	0.18768587	0.162663409
1.549816693	1.959316545	0.189535273	0.162790812
1.551796025	1.969069543	0.191360075	0.162895836
1.553775357	1.978756961	0.193165789	0.162979437
1.555754688	1.98835985	0.194946573	0.163043107
1.55773402	1.997886525	0.196709228	0.163088446
1.559713352	2.007330397	0.198446938	0.163113531
1.561692683	2.016687457	0.200169944	0.163128683
1.563672015	2.025970756	0.201891914	0.163133726
1.565651347	2.035173223	0.203583776	0.16311253
1.567630678	2.044288502	0.20524191	0.163063085
1.56961001	2.053310565	0.206859888	0.162984203
1.571589342	2.062242803	0.208444929	0.162881398
1.573568673	2.071084002	0.209998822	0.162758143
1.575548005	2.079852902	0.211524967	0.162618753
1.577527337	2.088547746	0.213032973	0.162471494
1.579506668	2.097174606	0.214539698	0.162328586
1.581486	2.105742611	0.216036054	0.162182608
1.583465332	2.11423933	0.217506861	0.162024252
1.585444663	2.122675286	0.218951357	0.161854566
1.587423995	2.131023452	0.220358773	0.161667994
1.589403327	2.139287942	0.221741085	0.161471845
1.591382658	2.147491151	0.223115031	0.161275435
1.59336199	2.155630743	0.224488433	0.161079243
1.595341322	2.163716906	0.225845284	0.160878124
1.597320653	2.171729509	0.227188043	0.160675463
1.599299985	2.179684275	0.228521421	0.160471867
1.601279317	2.187572607	0.22985534	0.160262985
1.603258648	2.195424016	0.23118789	0.160054305
1.60523798	2.20320747	0.232535201	0.159850318
1.607217312	2.210944486	0.233947497	0.159682223
1.609196643	2.218620868	0.235711375	0.159665553
1.611175975	2.22658286	0.237968955	0.159834072
1.613155307	2.234564622	0.240407656	0.160071126
1.615134638	2.242076728	0.24260572	0.160215358
1.61711397	2.249060914	0.244568395	0.160233056
1.619093302	2.255567032	0.246297412	0.160151924
1.621072633	2.261810427	0.247896436	0.160027692
1.623051965	2.267953714	0.249388123	0.159878902
1.625031297	2.273904888	0.25070877	0.159723525
1.627010628	2.279863739	0.251950685	0.159546633
1.62898996	2.285663706	0.253045466	0.159376309
1.630969292	2.291543738	0.254147405	0.159213279
1.632948623	2.297420253	0.255157099	0.159050734
1.634927955	2.303054531	0.256021417	0.15890102
1.636907287	2.308765562	0.256889447	0.158738399
1.638886618	2.31439078	0.257661163	0.158580825
1.64086595	2.319938295	0.258411233	0.158432781
1.642845282	2.325617396	0.25920001	0.158274778
1.644824613	2.331121254	0.259912013	0.158136181
1.646803945	2.336682242	0.260691957	0.157995178
1.648783277	2.342046423	0.261356158	0.157865129
1.650762608	2.347115593	0.261891113	0.157733696
1.65274194	2.352375889	0.262525391	0.157582033
1.654721272	2.35744307	0.263037578	0.157450965
1.656700603	2.362380138	0.263550526	0.157334873
1.658679935	2.367522539	0.264139663	0.157202676
1.660659267	2.372330258	0.264602149	0.157109043
1.662638598	2.377254768	0.265227371	0.157027519
1.66461793	2.382051121	0.265748444	0.156967951
1.666597262	2.386439636	0.266090153	0.156938548
1.668576593	2.391071559	0.266602502	0.156882129
1.670555925	2.395553715	0.267016832	0.156875508
1.672535257	2.399744052	0.267346736	0.156902303
1.674514588	2.404273707	0.267862701	0.156921678
1.67649392	2.408499211	0.268216171	0.157014046
1.678473252	2.412647949	0.268637926	0.157127257
1.680452583	2.417174047	0.269218662	0.157262543
1.682431915	2.420962067	0.269493804	0.157462316
1.684411247	2.425051542	0.269994015	0.157675309
1.686390578	2.429230304	0.270547968	0.157934656
1.68836991	2.432743798	0.270731674	0.158268187
1.690349242	2.436655149	0.271214857	0.158596017
1.692328573	2.440624665	0.271732124	0.158974417
1.694307905	2.444036164	0.2719352	0.15941181
1.696287237	2.44794311	0.272477113	0.15985011
1.698266568	2.451673257	0.272936983	0.160343622
1.7002459	2.454740554	0.273136252	0.160874565
1.702225232	2.458459802	0.273723382	0.161418087
1.704204563	2.46187073	0.274134461	0.1620476
1.706183895	2.464994219	0.274548732	0.162701909
1.708163227	2.468496897	0.275140481	0.163347132
1.710142558	2.471191315	0.275345241	0.164076422
1.71212189	2.47414783	0.275774485	0.164766943
1.714101222	2.477274365	0.276301525	0.165494787
1.716080553	2.479479265	0.276374203	0.166290257
1.718059885	2.482039409	0.276684765	0.167031509
1.720039217	2.484834109	0.277149429	0.167814567
1.722018548	2.486818119	0.277173441	0.16865914
1.72399788	2.489025184	0.277410986	0.169446377
1.725977212	2.49143557	0.277824991	0.170267879
1.727956543	2.492988783	0.277759696	0.171140219
1.729935875	2.494837379	0.278008424	0.171968763
1.731915207	2.496760016	0.278342883	0.172831755
1.733894538	2.497888288	0.278214341	0.173731832
1.73587387	2.49925427	0.27844975	0.174590379
1.737853202	2.50074998	0.278640586	0.175473748
1.739832533	2.501365477	0.278487458	0.176391735
1.741811865	2.502401534	0.278750655	0.177261812
1.743791197	2.503155081	0.278749345	0.178195324
1.745770528	2.503339635	0.278523555	0.179138131
1.74774986	2.503867613	0.278664589	0.179960016
1.749729192	2.504116226	0.278600146	0.18091656
1.751708523	2.503459261	0.27814728	0.181854305
1.753687855	2.50346266	0.278128023	0.182700668
1.755667187	2.503425585	0.278078053	0.183598355
1.757646518	2.502295833	0.277506021	0.184533905
1.75962585	2.501415251	0.277156767	0.185393453
1.761605182	2.500938235	0.277110766	0.186239973
1.763584513	2.499566547	0.276581705	0.187143471
1.765563845	2.498085917	0.276213442	0.187997916
1.767543177	2.496872767	0.276093637	0.188831311
1.769522508	2.495027089	0.275541192	0.189716305
1.77150184	2.492665196	0.274907952	0.190538805
1.773481172	2.490887279	0.274678082	0.191301948
1.775460503	2.488517714	0.274091845	0.192127083
1.777439835	2.485389778	0.273323054	0.192935081
1.779419167	2.482833834	0.272934175	0.19367137
1.781398498	2.480046697	0.272391303	0.194430482
1.78337783	2.47623727	0.271391084	0.19518942
1.785357162	2.472900222	0.270835233	0.195868682
1.787336493	2.469527355	0.27027995	0.19656807
1.789315825	2.465206856	0.269210353	0.197275868
1.791295157	2.460946887	0.268434946	0.197900015
1.793274488	2.456968935	0.2677624	0.198510712
1.79525382	2.451977576	0.266685786	0.199168675
1.797233152	2.44696745	0.265786532	0.199733629
1.799212483	2.442222354	0.265047917	0.200253823
1.801191815	2.436695808	0.263824807	0.200801886
1.803171147	2.43070043	0.26268732	0.201270369
1.805150478	2.425155732	0.261795392	0.201679598
1.80712981	2.419071836	0.260579678	0.202087671
1.809109142	2.412092474	0.259127826	0.202457036
1.811088473	2.405650942	0.258051728	0.202715825
1.813067805	2.398708578	0.256717891	0.202973427
1.815047136	2.391205892	0.255128903	0.203188691
1.817026468	2.383835733	0.25380414	0.203296827
1.8190058	2.376297728	0.252464217	0.203392751
1.820985131	2.367982393	0.250696666	0.203482874
1.822964463	2.359577608	0.249163271	0.203454586
1.824943795	2.351435889	0.247792734	0.203400839
1.826923126	2.342404089	0.245945045	0.203358317
1.828902458	2.33310132	0.24425151	0.20321555
1.83088179	2.324231934	0.242759647	0.203016804
1.832861121	2.31476326	0.240968732	0.202830774
1.834840453	2.304489782	0.239015388	0.202596124
1.836819785	2.294823114	0.237430665	0.20227798
1.838799116	2.284896841	0.235727169	0.201963901
1.840778448	2.274083762	0.233591118	0.201629073
1.84275778	2.263566634	0.231875708	0.201212687
1.844737111	2.253156554	0.230237163	0.200793119
1.846716443	2.242019033	0.22818078	0.200385128
1.848695775	2.230667914	0.22628858	0.199912739
1.850675106	2.219785022	0.22467246	0.199396659
1.852654438	2.208299142	0.222743582	0.198925203
1.85463377	2.196282752	0.220713091	0.198416599
1.856613101	2.184849215	0.21909101	0.197842017
1.858592433	2.173290515	0.217381324	0.197292014
1.860571765	2.160797594	0.21527862	0.196739815
1.862551096	2.148591558	0.213456171	0.196115746
1.864530428	2.136792309	0.211928709	0.195496554
1.86650976	2.124246199	0.209939543	0.194905598
1.868489091	2.111469019	0.208061544	0.194271783
1.870468423	2.099278929	0.206512975	0.193599634
1.872447755	2.086549597	0.204800848	0.192996016
1.874427086	2.073381965	0.2028047	0.192343945
1.876406418	2.060685082	0.201206849	0.191637972
1.87838575	2.048103314	0.199665194	0.190961861
1.880365081	2.034701424	0.197733253	0.190299997
1.882344413	2.021419588	0.196019656	0.189578475
1.884323745	2.008617569	0.194534184	0.188819956
1.886303076	1.995329417	0.192815101	0.188084761
1.888282408	1.98163181	0.191068237	0.187333235
1.89026174	1.968397389	0.18960725	0.18653711
1.892241071	1.954906031	0.187931369	0.185726425
1.894220403	1.940799026	0.186002157	0.184889806
1.896199735	1.927175	0.184490356	0.183995235
1.898179066	1.913538591	0.182907375	0.183111235
1.900158398	1.899129956	0.180946049	0.18220511
1.90213773	1.885144734	0.179319015	0.181228746
1.904117061	1.871342311	0.17776173	0.180244847
1.906096393	1.856759709	0.17579571	0.179255201
1.908075725	1.842282681	0.173987242	0.178188992
1.910055056	1.828309598	0.172476449	0.177094454
1.912034388	1.813717964	0.170585925	0.176014485
1.91401372	1.798778873	0.168619607	0.174877682
1.915993051	1.784465241	0.166972959	0.173662026
1.917972383	1.769984255	0.165255878	0.172477342
1.919951715	1.754858867	0.163271332	0.171273709
1.921931046	1.740121402	0.161454814	0.169976131
1.923910378	1.725545914	0.159771001	0.168673173
1.92588971	1.710470892	0.157885793	0.167387508
1.927869041	1.695576763	0.156184072	0.166057664
1.929848373	1.680858539	0.154555664	0.164698659
1.931827705	1.665569362	0.152652642	0.163345841
1.933807036	1.650286561	0.150822076	0.161923585
1.935786368	1.635352304	0.149158618	0.160471714
1.9377657	1.619901681	0.147233197	0.159038263
1.939745031	1.604338278	0.145185659	0.157538709
1.941724363	1.589003144	0.143209368	0.155964503
1.943703695	1.57373017	0.141202679	0.154359719
1.945683026	1.558596628	0.139333735	0.152753497
1.947662358	1.54360751	0.137631899	0.151169063
1.94964169	1.528595273	0.135938312	0.149580628
1.951621021	1.513126356	0.134065783	0.147978879
1.953600353	1.497722886	0.132297277	0.146301838
1.955579685	1.482474426	0.130600119	0.144601098
1.957559016	1.466862589	0.128674095	0.142900853
1.959538348	1.451117077	0.12663662	0.14114074
1.96151768	1.435614039	0.12464582	0.139327152
1.963497011	1.420290338	0.122640763	0.137495289
1.965476343	1.405093686	0.120719305	0.135649609
1.967455675	1.390052558	0.118950438	0.133846973
1.969435006	1.375116902	0.117237367	0.132049964
1.971414338	1.359837921	0.11536658	0.130244014
1.97339367	1.344396488	0.113430218	0.128379049
1.975373001	1.329108001	0.111544585	0.126480073
1.977352333	1.313934851	0.109646917	0.124568258
1.979331665	1.298775773	0.107729389	0.122645712
1.981310996	1.284002552	0.105968855	0.120739742
1.983290328	1.269386452	0.104285027	0.11886025
1.98526966	1.254556736	0.102476464	0.116978959
1.987248991	1.239552613	0.10060042	0.115066896
1.989228323	1.224615458	0.098686727	0.113109379
1.991207655	1.209909855	0.096806868	0.111129782
1.993186986	1.19539767	0.094941529	0.109152098
1.995166318	1.181045618	0.093182616	0.107201256
1.99714565	1.166891496	0.09151973	0.10530007
1.999124981	1.152764375	0.089852797	0.103398451
2.001104313	1.138414271	0.088082711	0.101477267
2.003083645	1.123996817	0.086265737	0.099512633
2.005062976	1.109731868	0.084471161	0.097528062
2.007042308	1.095702752	0.082692433	0.095532706
2.00902164	1.081844187	0.080915046	0.093538709
2.011000971	1.068093714	0.079157601	0.09154934
2.012980303	1.054426716	0.07738121	0.089585373
2.014959635	1.040901071	0.075607896	0.087612899
2.016938966	1.027451975	0.073818156	0.08564999
2.018918298	1.014116608	0.07208736	0.083702867
2.02089763	1.001009252	0.070476623	0.081805966
2.022876961	0.98808497	0.06894903	0.079961153
2.024856293	0.975283534	0.067459928	0.078149788
2.026835625	0.962420277	0.06595049	0.076351675
2.028814956	0.949546088	0.064409854	0.074526809
2.030794288	0.936793618	0.062889972	0.072700515
2.03277362	0.924329742	0.061408417	0.070883929
2.034752951	0.912051241	0.059931983	0.069088938
2.036732283	0.899945807	0.058451836	0.067306664
2.038711615	0.888015867	0.056982406	0.06555451
2.040690946	0.876238661	0.055522077	0.063826133
2.042670278	0.86460594	0.054058537	0.062123137
2.04464961	0.853168225	0.052615088	0.06045189
2.046628941	0.841852169	0.051182929	0.058793769
2.048608273	0.83070807	0.049762728	0.057172338
2.050587605	0.819741177	0.048368085	0.055579246
2.052566936	0.808969505	0.047008124	0.054019867
2.054546268	0.798323515	0.045670034	0.05249072
2.0565256	0.78778824	0.044341112	0.050986479
2.058504931	0.777476612	0.043041496	0.049525576
2.060484263	0.76731418	0.041750755	0.048078848
2.062463595	0.75730472	0.040483237	0.046668586
2.064442926	0.747417628	0.039217701	0.045284665
2.066422258	0.737745776	0.037969039	0.043935027
2.06840159	0.728234438	0.036724875	0.042606091
2.070380921	0.718862435	0.035498527	0.04130073
2.072360253	0.709688288	0.034277738	0.040030986
2.074339585	0.700652044	0.03306361	0.038785269
2.076318916	0.691817031	0.031865877	0.037564808
2.078298248	0.683142741	0.030681559	0.036368244
2.08027758	0.674639052	0.029505111	0.035200141
2.082256911	0.666291872	0.028343405	0.034054441
2.084236243	0.658161305	0.027214509	0.032937856
2.086215575	0.650205902	0.026106645	0.031846529
2.088194906	0.64240539	0.025008413	0.030777433
2.090174238	0.634782693	0.02393792	0.02973118
2.09215357	0.627312379	0.022906483	0.02871277
2.094132901	0.620063615	0.021941771	0.02774527
2.096112233	0.612970267	0.02100463	0.026804772
2.098091565	0.606063692	0.020111498	0.025887315
2.100070896	0.599267679	0.019247145	0.024984476
2.102050228	0.592622123	0.018408417	0.024094263
2.10402956	0.586125477	0.017587378	0.023209058
2.106008891	0.579779307	0.016785904	0.022323304
2.107988223	0.573539081	0.015994952	0.021432817
2.109967555	0.567465048	0.015230017	0.020556244
2.111946886	0.56152406	0.014493663	0.019679259
2.113926218	0.55573936	0.013786457	0.018817333
2.11590555	0.550108169	0.013102059	0.017965228
2.117884881	0.54464548	0.012452062	0.017114898
2.119864213	0.539352014	0.01183458	0.016262378
2.121843545	0.534168993	0.011240062	0.015416828
2.123822876	0.529147288	0.010679174	0.014583687
2.125802208	0.524303508	0.010167949	0.013770269
2.12778154	0.519599279	0.009686874	0.012984035
2.129760871	0.515029327	0.009228786	0.012227394
2.131740203	0.51065875	0.008828286	0.011511178
2.133719535	0.506481821	0.008479212	0.010847148
2.135698866	0.502489832	0.008174738	0.010244339
2.137678198	0.498723012	0.007914394	0.009707845
2.13965753	0.495220421	0.007719248	0.009254645
2.141636861	0.491976925	0.007574934	0.008894904
2.143616193	0.48897219	0.007477797	0.008632598
2.145595524	0.486272602	0.007441893	0.008481957
2.147574856	0.48386659	0.007474854	0.008452001
2.149554188	0.48196007	0.007584459	0.008596118
2.151533519	0.480258073	0.007734548	0.008853802
2.153512851	0.478941403	0.007937845	0.009264085
2.155492183	0.478026453	0.008207674	0.009828849
2.157471514	0.47749939	0.00853159	0.010552576
2.159450846	0.47734312	0.008900512	0.011433879
2.161430178	0.477532869	0.009301175	0.0124633
2.163409509	0.478102376	0.009753245	0.013648893
2.165388841	0.479031102	0.010240562	0.01497995
2.167368173	0.480289764	0.010755845	0.016451345
2.169347504	0.481843403	0.011285144	0.01804822
2.171326836	0.483675289	0.01183809	0.019758327
2.173306168	0.485784671	0.012409901	0.021574807
2.175285499	0.488120811	0.012983305	0.023474282
2.177264831	0.490621756	0.013546014	0.025437775
2.179244163	0.493271267	0.014105144	0.027455951
2.181223494	0.496059542	0.014663331	0.029513999
2.183202826	0.498933321	0.015201382	0.031587265
2.185182158	0.501829789	0.015705227	0.033646935
2.187161489	0.504709908	0.016161139	0.035680058
2.189140821	0.507535852	0.016592688	0.037670297
2.191120153	0.510287815	0.017006419	0.039608982
2.193099484	0.512917972	0.017382906	0.041467992
2.195078816	0.515366803	0.017716329	0.043225015
2.197058148	0.517590526	0.017995858	0.044855874
2.199037479	0.51954765	0.018215694	0.046333945
2.201016811	0.521189227	0.018362252	0.047629624
2.202996143	0.522480852	0.018431584	0.048721224
2.204975474	0.523354417	0.018425002	0.049593281
2.206954806	0.523819691	0.018338747	0.050239316
2.208934138	0.52382776	0.018169532	0.050637627
2.210913469	0.523362153	0.017917917	0.050780698
2.212892801	0.522400766	0.017587893	0.050668246
2.214872133	0.521015893	0.017183665	0.050316197
2.216851464	0.519163362	0.016709669	0.049713489
2.218830796	0.516880811	0.01616554	0.048877921
2.220810128	0.514248737	0.015560309	0.047838485
2.222789459	0.511264976	0.014902962	0.046610986
2.224768791	0.508104689	0.014216608	0.045257246
2.226748123	0.504835219	0.013514517	0.043815593
2.228727454	0.501542635	0.012805907	0.042322518
2.230706786	0.498329173	0.012109533	0.040825169
2.232686118	0.495308924	0.011440347	0.03937412
2.234665449	0.492560591	0.010810173	0.038007128
2.236644781	0.490191249	0.010230873	0.036769434
2.238624113	0.488260049	0.009707479	0.035687446
2.240603444	0.486830381	0.00924985	0.034792385
2.242582776	0.485969039	0.008863166	0.03411091
2.244562108	0.48572733	0.008558729	0.033665368
2.246541439	0.486128292	0.008336039	0.033466197
2.248520771	0.487161347	0.008187565	0.033512118
2.250500103	0.48889459	0.008125526	0.033820972
2.252479434	0.491288456	0.008145049	0.034382026
2.254458766	0.494268393	0.008235292	0.035174465
2.256438098	0.497877534	0.008397495	0.036202507
2.258417429	0.502062296	0.008629249	0.037446885
2.260396761	0.506790466	0.008921939	0.038890813
2.262376093	0.511974629	0.009261233	0.040497148
2.264355424	0.517626082	0.009654425	0.042264518
2.266334756	0.523623061	0.010089291	0.044151414
2.268314088	0.52995425	0.010552792	0.046145373
2.270293419	0.536562582	0.01103019	0.048211519
2.272272751	0.543388013	0.01151576	0.0503367
2.274252083	0.550411969	0.012022609	0.052497042
2.276231414	0.557501373	0.012516924	0.054657461
2.278210746	0.564678404	0.013043913	0.056847945
2.280190078	0.571898243	0.013586865	0.059040764
2.282169409	0.579106202	0.014124411	0.061198385
2.284148741	0.58624357	0.014652222	0.063289145
2.286128073	0.59325082	0.015134839	0.065275253
2.288107404	0.600102004	0.015597951	0.067153496
2.290086736	0.606778059	0.016036728	0.068907194
2.292066068	0.613223224	0.016436443	0.07050989
2.294045399	0.619438038	0.016796057	0.071958608
2.296024731	0.625372198	0.01711214	0.07323304
2.298004063	0.631019575	0.01738479	0.074329774
2.299983394	0.636352555	0.01760711	0.075236752
2.301962726	0.641365785	0.017772935	0.075950881
2.303942058	0.646050006	0.017882855	0.07646881
2.305921389	0.650415991	0.017944826	0.076793113
2.307900721	0.654466599	0.017957668	0.076929501
2.309880053	0.658278589	0.017927113	0.076901664
2.311859384	0.661804884	0.01785436	0.076701438
2.313838716	0.665131521	0.01774481	0.076361176
2.315818048	0.668314021	0.017607908	0.075906986
2.317797379	0.67142666	0.017456755	0.075370848
2.319776711	0.674538229	0.017303017	0.074789328
2.321756043	0.677740571	0.017159072	0.07419794
2.323735374	0.681090095	0.017032929	0.073622938
2.325714706	0.684668549	0.016935714	0.073109678
2.327694038	0.68856019	0.016880335	0.07269365
2.329673369	0.692841521	0.016874127	0.072410937
2.331652701	0.697579309	0.016932373	0.0722942
2.333632033	0.702793425	0.017052363	0.072354105
2.335611364	0.70854884	0.017244163	0.072616216
2.337590696	0.71484569	0.017515748	0.073082394
2.339570028	0.721701807	0.017869205	0.073759154
2.341549359	0.729096033	0.018301857	0.074642641
2.343528691	0.737010154	0.018804822	0.075723248
2.345508023	0.745421943	0.019377815	0.076999639
2.347487354	0.754313313	0.020027341	0.078440418
2.349466686	0.763632099	0.020744166	0.080033702
2.351446018	0.773319567	0.021521509	0.08175561
2.353425349	0.783303126	0.022343215	0.083574324
2.355404681	0.793537376	0.023204128	0.085471833
2.357384013	0.803989023	0.024114469	0.087437752
2.359363344	0.814578366	0.025055369	0.089431676
2.361342676	0.825235147	0.026020032	0.091433824
2.363322008	0.835919822	0.026982528	0.093418131
2.365301339	0.846612683	0.027993006	0.095401677
2.367280671	0.857205917	0.029018344	0.097329451
2.369260003	0.867724483	0.030051094	0.099191728
2.371239334	0.878113936	0.031075485	0.100960509
2.373218666	0.888335923	0.032085747	0.102611482
2.375197998	0.898365451	0.033080108	0.104133556
2.377177329	0.908191037	0.034052858	0.105515134
2.379156661	0.917800208	0.035000696	0.106752693
2.381135993	0.92719823	0.035923068	0.107847045
2.383115324	0.936341584	0.036812996	0.108783557
2.385094656	0.945235172	0.037669312	0.109568508
2.387073988	0.953900281	0.038492295	0.110207426
2.389053319	0.962343204	0.039280968	0.110704661
2.391032651	0.970594951	0.040035277	0.111071931
2.393011983	0.97867824	0.0407597	0.111323563
2.394991314	0.986620059	0.041459448	0.111467807
2.396970646	0.994454576	0.042142337	0.111519336
2.398949978	1.002212362	0.042818991	0.111494956
2.400929309	1.009958798	0.043491156	0.111420111
2.402908641	1.017742411	0.04417605	0.111320305
2.404887973	1.025620931	0.044884783	0.11122738
2.406867304	1.033645656	0.045618262	0.111172162
2.408846636	1.041850102	0.046386311	0.111180163
2.410825968	1.050303742	0.047207915	0.111265413
2.412805299	1.059016235	0.048088591	0.111445174
2.414784631	1.068052142	0.049041557	0.111747102
2.416763963	1.077436359	0.050074312	0.112184842
2.418743294	1.087185842	0.051185756	0.112766562
2.420722626	1.097296059	0.052382037	0.113490344
2.422701958	1.107754745	0.053661719	0.1143493
2.424681289	1.118560879	0.055022676	0.115342547
2.426660621	1.129687496	0.056459937	0.116461096
2.428639953	1.141117466	0.057972293	0.117692513
2.430619284	1.152808716	0.059552443	0.119024945
2.432598616	1.164738764	0.061194324	0.120442904
2.434577948	1.176857527	0.062887465	0.121924945
2.436557279	1.189129512	0.064626298	0.12345304
2.438536611	1.201487357	0.06639956	0.125000218
2.440515943	1.213895866	0.06820145	0.126550932
2.442495274	1.226307809	0.070023208	0.128085345
2.444474606	1.238705264	0.071859178	0.129590688
2.446453938	1.251036537	0.073701146	0.131052686
2.448433269	1.263278321	0.075536807	0.132456623
2.450412601	1.275385859	0.07736842	0.13379391
2.452391933	1.287346857	0.079197698	0.135048508
2.454371264	1.299144669	0.081002681	0.136202192
2.456350596	1.310767535	0.082772794	0.137247894
2.458329928	1.322205312	0.084507492	0.138182019
2.460309259	1.33346079	0.086210844	0.13900708
2.462288591	1.344537657	0.087891049	0.139725395
2.464267923	1.355456876	0.089545179	0.140352322
2.466247254	1.366224711	0.091178613	0.140894329
2.468226586	1.37686347	0.09279009	0.141361478
2.470205918	1.387391156	0.094386588	0.141765153
2.472185249	1.397849013	0.095973413	0.142123446
2.474164581	1.408274287	0.097554687	0.142455963
2.476143912	1.418683447	0.099138294	0.142767303
2.478123244	1.429087731	0.100732351	0.143060515
2.480102576	1.43950768	0.102343073	0.143348764
2.482081907	1.449961649	0.103969727	0.143643789
2.484061239	1.460463288	0.105620338	0.143954997
2.486040571	1.471026421	0.107299213	0.144286299
2.488019902	1.481659862	0.109009276	0.144640877
2.489999234	1.492374063	0.110751742	0.145021564
2.491978566	1.503167509	0.112525243	0.145430261
2.493957897	1.51403296	0.114323942	0.145871128
2.495937229	1.524968728	0.11615226	0.146328488
2.497916561	1.535968009	0.1180136	0.146806268
2.499895892	1.547029434	0.119908842	0.147309388
2.501875224	1.558147381	0.121835923	0.14783831
2.503854556	1.569303535	0.123785837	0.148387831
2.505833887	1.580505307	0.125784842	0.148974316
2.507813219	1.59174754	0.12781656	0.149577948
2.509792551	1.603014298	0.129863688	0.150184829
2.511771882	1.614289565	0.13191508	0.150786829
2.513751214	1.62556156	0.133969802	0.151380545
2.515730546	1.636824756	0.136032281	0.151963529
2.517709877	1.648068777	0.138097376	0.15253146
2.519689209	1.65927675	0.140164606	0.15308057
2.521668541	1.670436875	0.142227264	0.153607233
2.523647872	1.681540396	0.144284445	0.15410962
2.525627204	1.69258082	0.146335606	0.154586596
2.527606536	1.703531899	0.148368568	0.155031471
2.529585867	1.714411854	0.150418419	0.155462435
2.531565199	1.725220767	0.152454163	0.155852582
2.533544531	1.735941955	0.154465539	0.156198147
2.535523862	1.746568227	0.156443542	0.156496559
2.537503194	1.757097843	0.158395945	0.156751504
2.539482526	1.767547886	0.160325283	0.15697121
2.541461857	1.777913315	0.162237509	0.157154688
2.543441189	1.788210886	0.164133178	0.157309794
2.545420521	1.79845097	0.166013677	0.157443418
2.547399852	1.808639642	0.16788287	0.157561249
2.549379184	1.818780621	0.169740606	0.15766657
2.551358516	1.828874622	0.171588703	0.157761251
2.553337847	1.838933608	0.173428352	0.157851629
2.555317179	1.848968076	0.175260835	0.157948866
2.557296511	1.858976431	0.177089784	0.158051189
2.559275842	1.868949335	0.178918957	0.158149652
2.561255174	1.878889771	0.180756121	0.158250559
2.563234506	1.888813544	0.182624522	0.158372131
2.565213837	1.898718435	0.184489322	0.158496508
2.567193169	1.908594031	0.186346243	0.158621465
2.569172501	1.918427462	0.188189758	0.158741573
2.571151832	1.928214714	0.190018952	0.158853643
2.573131164	1.937952222	0.191838006	0.158958169
2.575110496	1.947638956	0.193648668	0.159055855
2.577089827	1.95727437	0.195447426	0.159148839
2.579069159	1.966849903	0.197237001	0.159237411
2.581048491	1.976358008	0.199009399	0.159321058
2.583027822	1.985807799	0.200793253	0.159412301
2.585007154	1.995208263	0.202570523	0.159495488
2.586986486	2.004541138	0.204324084	0.15956153
2.588965817	2.013799909	0.206042215	0.159605374
2.590945149	2.022979222	0.207731013	0.159628076
2.592924481	2.032071793	0.209388084	0.159630693
2.594903812	2.041085777	0.211020271	0.159615736
2.596883144	2.050012676	0.212625936	0.159584377
2.598862476	2.058852783	0.214216452	0.159544837
2.600841807	2.067618423	0.215804156	0.159501067
2.602821139	2.076305092	0.217365869	0.15943694
2.604800471	2.084901888	0.218894559	0.159347313
2.606779802	2.093394767	0.220377117	0.159228756
2.608759134	2.101783634	0.22182256	0.159082159
2.610738466	2.110069026	0.223234946	0.15891434
2.612717797	2.118261106	0.224626591	0.158735419
2.614697129	2.126376147	0.226016997	0.158550111
2.616676461	2.134407438	0.227379583	0.158346261
2.618655792	2.142349486	0.228711762	0.158126441
2.620635124	2.150204064	0.230032632	0.157896606
2.622614456	2.157993056	0.23134289	0.157658308
2.624593787	2.165711612	0.232641987	0.157410019
2.626573119	2.173370596	0.233948155	0.157156776
2.628552451	2.180956023	0.235274904	0.15690837
2.630531782	2.188462669	0.236771134	0.156740517
2.632511114	2.196048314	0.238732111	0.156771244
2.634490446	2.20389866	0.241107869	0.156949088
2.636469777	2.211476721	0.243406342	0.15710536
2.638449109	2.21848786	0.245412412	0.157137306
2.640428441	2.225031857	0.247197062	0.157051497
2.642407772	2.231159997	0.248776182	0.156894711
2.644387104	2.237128513	0.250259308	0.156703149
2.646366436	2.242949904	0.251603993	0.156503862
2.648345767	2.248694549	0.252838385	0.156295559
2.650325099	2.254399282	0.253963307	0.156076318
2.652304431	2.259946965	0.254977679	0.155871102
2.654283762	2.265673373	0.25601559	0.155672219
2.656263094	2.271219939	0.256893019	0.155490413
2.658242426	2.276679551	0.257721121	0.155317128
2.660221757	2.282235241	0.2585491	0.155146381
2.662201089	2.287613761	0.259257226	0.155000985
2.664180421	2.293090896	0.260021377	0.154863524
2.666159752	2.298599382	0.260764637	0.154741031
2.668139084	2.303951405	0.261494826	0.154644009
2.670118416	2.309465365	0.262301816	0.154552182
2.672097747	2.314617188	0.262917376	0.154493971
2.674077079	2.31974373	0.263562565	0.154433085
2.676056411	2.324985143	0.264254636	0.15437259
2.678035742	2.329952903	0.264777565	0.154345612
2.680015074	2.334951531	0.265398169	0.154321953
2.681994406	2.340055827	0.266038262	0.154315372
2.683973737	2.344761259	0.266574259	0.154334442
2.685953069	2.349818105	0.267319581	0.154355873
2.687932401	2.354461657	0.267816286	0.1544232
2.689911732	2.358931611	0.268316199	0.154491376
2.691891064	2.36367326	0.268950611	0.154560278
2.693870396	2.368006723	0.269340722	0.154673423
2.695849727	2.372285654	0.269811154	0.154797071
2.697829059	2.376843442	0.270408905	0.154933181
2.699808391	2.380881652	0.270731833	0.155117584
2.701787722	2.385071384	0.271229457	0.155303697
2.703767054	2.389376499	0.271774412	0.15552895
2.705746386	2.393245662	0.272179779	0.155823064
2.707725717	2.397510156	0.272852033	0.15610541
2.709705049	2.40121249	0.273271175	0.156483465
2.711684381	2.404952345	0.273685005	0.156858618
2.713663712	2.40894642	0.274308178	0.157251717
2.715643044	2.412404975	0.27463206	0.157724388
2.717622376	2.415890543	0.275043185	0.158214892
2.719601707	2.419703216	0.275653319	0.158730245
2.721581039	2.422939033	0.275938515	0.159326283
2.723560371	2.426326671	0.276415946	0.159926914
2.725539702	2.429902407	0.277002471	0.160555243
2.727519034	2.43284043	0.277276175	0.161260496
2.729498366	2.436166181	0.277875672	0.161952412
2.731477697	2.439325762	0.278381753	0.162723172
2.733457029	2.442102781	0.278789569	0.163521969
2.735436361	2.445294049	0.279472639	0.164309162
2.737415692	2.447823438	0.279789827	0.165171345
2.739395024	2.450084942	0.280031565	0.16602702
2.741374356	2.452824013	0.280582734	0.166861345
2.743353687	2.455064262	0.280831174	0.167778413
2.745333019	2.456977347	0.280992631	0.168696649
2.747312351	2.459408948	0.281477978	0.169572376
2.749291682	2.461317102	0.28168297	0.170528267
2.751271014	2.462794111	0.281768674	0.171477199
2.753250346	2.46477321	0.282170626	0.172386081
2.755229677	2.466384273	0.282343603	0.173349889
2.757209009	2.467380304	0.282419522	0.1743417
2.759188341	2.468941698	0.28276711	0.175281458
2.761167672	2.470148801	0.282908473	0.176272424
2.763147004	2.47052254	0.282820768	0.177255141
2.765126336	2.471518231	0.283131263	0.178197538
2.767105667	2.472157917	0.283186957	0.179177619
2.769084999	2.472065987	0.283008484	0.180169764
2.771064331	2.472461733	0.283277972	0.181123235
2.773043662	2.472402862	0.283110961	0.182119313
2.775022994	2.471793121	0.282822313	0.183077286
2.777002326	2.471633245	0.282977432	0.18399742
2.778981657	2.471012018	0.282754937	0.184977194
2.780960989	2.469755224	0.282333638	0.185908979
2.782940321	2.469143085	0.282364458	0.186771775
2.784919652	2.467812669	0.282040625	0.187734774
2.786898984	2.465834978	0.281413831	0.188653398
2.788878316	2.464406589	0.281218883	0.189475823
2.790857647	2.46281633	0.280895551	0.190334664
2.792836979	2.460131656	0.280118032	0.191211929
2.794816311	2.457861753	0.279721586	0.192005984
2.796795642	2.4557853	0.279376459	0.192795984
2.798774974	2.452578219	0.278502668	0.193616926
2.800754306	2.449510141	0.277884537	0.194343809
2.802733637	2.446636415	0.277489884	0.195060995
2.804712969	2.44300647	0.276550009	0.195803403
2.8066923	2.438991214	0.275696119	0.196471219
2.808671632	2.435469776	0.275150485	0.19708186
2.810650964	2.431122039	0.274163138	0.197741921
2.812630295	2.426272563	0.27311249	0.198330751
2.814609627	2.421956079	0.272393118	0.198825492
2.816588959	2.417193534	0.271391988	0.199350264
2.81856829	2.41143262	0.27007363	0.199831627
2.820547622	2.406118357	0.269164653	0.200219599
2.822526954	2.400684276	0.268110678	0.200592502
2.824506285	2.394214706	0.266574599	0.200952833
2.826485617	2.387934066	0.265410555	0.201184779
2.828464949	2.381693642	0.264284178	0.201394022
2.83044428	2.374560062	0.262599392	0.201583464
2.832423612	2.367212282	0.261132577	0.201673072
2.834402944	2.360224935	0.259849767	0.201716003
2.836382275	2.352267265	0.258149551	0.201772612
2.838361607	2.34403367	0.256464903	0.201733014
2.840340939	2.336280991	0.255095836	0.201627618
2.84232027	2.327861291	0.253324271	0.201535254
2.844299602	2.318687049	0.251428815	0.201391501
2.846278934	2.310044021	0.249925164	0.20117283
2.848258265	2.30116074	0.248225686	0.200951537
2.850237597	2.291272428	0.246135973	0.200712026
2.852216929	2.281775229	0.24444365	0.200390722
2.85419626	2.272396107	0.242813752	0.200060656
2.856175592	2.262072565	0.240707158	0.199737601
2.858154924	2.251776253	0.238840616	0.199345894
2.860134255	2.241808979	0.237192144	0.198928297
2.862113587	2.231119422	0.235238553	0.198541404
2.864092919	2.220129857	0.233208884	0.198099954
2.86607225	2.209676342	0.231599069	0.197604823
2.868051582	2.198791677	0.229721007	0.197154366
2.870030914	2.187158506	0.227602233	0.196678775
2.872010245	2.176035759	0.225913011	0.196143542
2.873989577	2.164979355	0.224239445	0.195619944
2.875968909	2.15311964	0.222175095	0.195095931
2.87794824	2.141249255	0.220292275	0.194509453
2.879927572	2.129839043	0.218739704	0.193904564
2.881906904	2.117788685	0.21675663	0.193323372
2.883886235	2.105381025	0.214798218	0.192696058
2.885865567	2.09351974	0.213198321	0.192017835
2.887844899	2.081128711	0.211424063	0.191394183
2.88982423	2.068312606	0.209350933	0.190726357
2.891803562	2.05588666	0.207662231	0.189991413
2.893782894	2.043571445	0.206020429	0.189280403
2.895762225	2.030432395	0.203992343	0.188583774
2.897741557	2.017616462	0.202304009	0.187827408
2.899720889	2.004923919	0.200674077	0.187079524
2.90170022	1.991728266	0.198767443	0.186330127
2.903679552	1.9784055	0.197013636	0.185548221
2.905658884	1.965539528	0.195438535	0.184737874
2.907638215	1.952151487	0.193591993	0.183938949
2.909617547	1.938395134	0.191760838	0.183118045
2.911596879	1.925278346	0.190173817	0.182237965
2.91357621	1.911750894	0.188405883	0.18137677
2.915555542	1.897628898	0.186455996	0.180498696
2.917534874	1.88406419	0.184789925	0.179543758
2.919514205	1.870500798	0.1830957	0.178587507
2.921493537	1.856139496	0.181108331	0.177644045
2.923472869	1.841980718	0.179244485	0.176618042
2.9254522	1.828396492	0.177650619	0.175554592
2.927431532	1.81413361	0.175787757	0.17450875
2.929410864	1.799593881	0.173808997	0.173409511
2.931390195	1.785571686	0.172115479	0.172229411
2.933369527	1.771290352	0.170327242	0.17105841
2.935348859	1.756575396	0.168397649	0.169875593
2.93732819	1.742247285	0.166744122	0.168621185
2.939307522	1.727704957	0.164940419	0.167362555
2.941286854	1.712595934	0.162945467	0.166073145
2.943266185	1.6979473	0.161195863	0.164705406
2.945245517	1.683139086	0.159333303	0.163334916
2.947224849	1.667787047	0.157277276	0.16194666
2.94920418	1.652839221	0.155427389	0.160483519
2.951183512	1.637913289	0.153572105	0.1590108
2.953162844	1.622469747	0.151449957	0.157530866
2.955142175	1.606974692	0.149244039	0.155959664
2.957121507	1.59181465	0.147168277	0.154336344
2.959100839	1.576691436	0.145047041	0.152688551
2.96108017	1.561712704	0.14319198	0.151052685
2.963059502	1.546837322	0.141408892	0.149448984
2.965038834	1.531687862	0.139528708	0.147835537
2.967018165	1.516262397	0.137611945	0.146197473
2.968997497	1.501075169	0.135827322	0.144489499
2.970976829	1.485818384	0.134002656	0.142787181
2.97295616	1.470150388	0.131951876	0.141076298
2.974935492	1.454516044	0.129829446	0.139288767
2.976914824	1.439150535	0.127770507	0.137467834
2.978894155	1.42396334	0.125703137	0.135632377
2.980873487	1.408887327	0.123781577	0.133803745
2.982852819	1.394036907	0.121975128	0.132008475
2.98483215	1.379126999	0.120138958	0.13021465
2.986811482	1.363809177	0.118170355	0.128397793
2.988790814	1.348549288	0.116199418	0.126536848
2.990770145	1.333488142	0.114297146	0.124654838
2.992749477	1.318419911	0.112365133	0.122760805
2.994728809	1.303460436	0.110443729	0.120874829
2.99670814	1.288825867	0.108666882	0.11900073
2.998687472	1.274319613	0.106922108	0.117147591
3.000666804	1.25954194	0.105044215	0.115289242
3.002646135	1.244708339	0.103120409	0.113396193
3.004625467	1.230046632	0.101238004	0.111499868
3.006604799	1.215525745	0.099327492	0.109579619
3.00858413	1.201171864	0.097451547	0.107658274
3.010563462	1.187120602	0.095714479	0.105774985
3.012542794	1.173206508	0.094054069	0.103941393
3.014522125	1.159242285	0.092346648	0.102105174
3.016501457	1.145094821	0.090571266	0.100264449
3.018480789	1.130973032	0.088757862	0.098371995
3.02046012	1.117081709	0.086975696	0.096467035
3.022439452	1.103352335	0.085185299	0.094559572
3.024418784	1.08979526	0.08343053	0.092661768
3.026398115	1.076411598	0.081753323	0.090817883
3.028377447	1.063223349	0.080145348	0.088994212
3.030356779	1.050067971	0.078518557	0.087184187
3.03233611	1.036804971	0.076860093	0.085374942
3.034315442	1.023635774	0.075218583	0.083543925
3.036294774	1.010665893	0.073584885	0.081713141
3.038274105	0.99781813	0.071936073	0.079888814
3.040253437	0.985142171	0.070305927	0.078073329
3.042232769	0.972603654	0.068690999	0.076276542
3.0442121	0.960146407	0.067103888	0.074505982
3.046191432	0.947818254	0.065512493	0.072772033
3.048170764	0.935605008	0.06392604	0.071039295
3.050150095	0.923517614	0.062349995	0.06931631
3.052129427	0.911565227	0.060812482	0.06760646
3.054108759	0.899770145	0.059321572	0.065929756
3.05608809	0.888056394	0.057836175	0.064275962
3.058067422	0.876486329	0.056360357	0.062645991
3.060046754	0.865018492	0.054877031	0.061014791
3.062026085	0.853735049	0.053428278	0.059407006
3.064005417	0.842565322	0.051989015	0.057815008
3.065984749	0.831493681	0.050548911	0.05623337
3.06796408	0.820621165	0.04912736	0.054682906
3.069943412	0.80988423	0.047718709	0.053143608
3.071922744	0.799290704	0.046319574	0.051626491
3.073902075	0.78882279	0.044921224	0.050128714
3.075881407	0.778485473	0.043528657	0.048641766
3.077860739	0.768351644	0.042164685	0.047186011
3.07984007	0.758341308	0.040812729	0.045756154
3.081819402	0.748467295	0.039469837	0.044346135
3.083798734	0.738773047	0.038144035	0.042960736
3.085778065	0.729209362	0.036831995	0.041586585
3.087757397	0.719795885	0.035537536	0.040241953
3.089736729	0.710553804	0.034253499	0.038922588
3.09171606	0.701460061	0.032982757	0.037617594
3.093695392	0.692552698	0.031731957	0.036335714
3.095674724	0.683771193	0.030494676	0.03507339
3.097654055	0.67514896	0.029269717	0.033833334
3.099633387	0.666681716	0.028068695	0.032613095
3.101612719	0.658431942	0.026902974	0.031423439
3.10359205	0.650310018	0.025750837	0.030247246
3.105571382	0.642342103	0.024622157	0.029092829
3.107550714	0.634515686	0.023524564	0.027953189
3.109530045	0.626872138	0.022501124	0.026862527
3.111509377	0.619444339	0.021528777	0.025820432
3.113488709	0.612114609	0.020602041	0.02479134
3.11546804	0.604973381	0.019716713	0.02378982
3.117447372	0.597958517	0.018849536	0.022794871
3.119426704	0.591019316	0.017985684	0.021793783
3.121406035	0.584466704	0.017176857	0.020856548
3.123385367	0.577896299	0.016381122	0.019893136
3.125364699	0.571522684	0.015619206	0.018963607
3.12734403	0.565347301	0.014895801	0.018060877
3.129323362	0.559357348	0.014213289	0.017192216
3.131302694	0.553566549	0.013570434	0.016364545
3.133282025	0.548019343	0.01297052	0.015574931
3.135261357	0.542718158	0.01242278	0.014819675
3.137240688	0.537569611	0.011908199	0.014094081
3.13922002	0.53264205	0.01143049	0.013411368
3.141199352	0.527905274	0.011003875	0.012768485
3.143178683	0.523396733	0.010623596	0.012180054
3.145158015	0.519041917	0.010268226	0.011642444
3.147137347	0.514916539	0.009966461	0.011160448
3.149116678	0.511012013	0.009720561	0.010740566
3.15109601	0.507295623	0.009515061	0.010382446
3.153075342	0.50379311	0.009345788	0.010087922
3.155054673	0.500537634	0.00923296	0.009869127
3.157034005	0.497507088	0.009158915	0.009721309
3.159013337	0.494690351	0.009124771	0.009655335
3.160992668	0.492107878	0.009131142	0.009670228
3.162972	0.489798982	0.009189303	0.00978121
3.164951332	0.487769635	0.009294632	0.009995146
3.166930663	0.486000238	0.009439417	0.010315019
3.168909995	0.484504935	0.009617984	0.010745465
3.170889327	0.483334757	0.009844321	0.011291821
3.172868658	0.482476118	0.010116442	0.011958254
3.17484799	0.481912806	0.010417236	0.012741729
3.176827322	0.481614572	0.010740064	0.013640935
3.178806653	0.481647809	0.01110043	0.014667652
3.180785985	0.481974034	0.011493867	0.015813277
3.182765317	0.482586361	0.011904812	0.017071812
3.184744648	0.483446443	0.012327588	0.018436372
3.18672398	0.484561314	0.012765625	0.019900988
3.188703312	0.485909532	0.013222083	0.021455306
3.190682643	0.487481574	0.013683562	0.023088416
3.192661975	0.489208586	0.014142705	0.024782058
3.194641307	0.491061657	0.014587794	0.026522449
3.196620638	0.493081864	0.015045278	0.028311803
3.19859997	0.495162531	0.015480454	0.030109798
3.200579302	0.497304743	0.015892157	0.031909404
3.202558633	0.4994274	0.016260637	0.033680372
3.204537965	0.501518102	0.016596787	0.035422262
3.206517297	0.503555384	0.016924299	0.037118272
3.208496628	0.5054988	0.017226386	0.038749868
3.21047596	0.507304305	0.017492676	0.040292336
3.212455292	0.508926081	0.017713901	0.041727423
3.214434623	0.510313356	0.017879395	0.043025612
3.216413955	0.511424183	0.017979023	0.044161682
3.218393287	0.512222234	0.018005428	0.045112804
3.220372618	0.512656794	0.017960772	0.045862636
3.22235195	0.512803779	0.01785373	0.046426552
3.224331282	0.512481961	0.017664768	0.046754533
3.226310613	0.511764907	0.017402307	0.046858677
3.228289945	0.51062474	0.017067024	0.046733813
3.230269277	0.509126746	0.016663883	0.046399457
3.232248608	0.507249459	0.016198198	0.045845666
3.23422794	0.505021608	0.01567363	0.045091455
3.236207272	0.502486457	0.015099374	0.044158953
3.238186603	0.499690246	0.014480407	0.043068553
3.240165935	0.496734876	0.013834068	0.041863138
3.242145267	0.493693984	0.013174475	0.040581539
3.244124598	0.490668009	0.012516613	0.039263814
3.24610393	0.487742719	0.011874266	0.037949667
3.248083262	0.485004808	0.011256624	0.036676022
3.250062593	0.48253691	0.010673612	0.035484373
3.252041925	0.48041765	0.010137506	0.034410626
3.254021257	0.478714697	0.009659082	0.033486499
3.256000588	0.477496776	0.009244615	0.032739382
3.25797992	0.476811484	0.008898818	0.032191639
3.259959252	0.476699698	0.008624234	0.031860138
3.261938583	0.4771712	0.008429767	0.031756872
3.263917915	0.478309932	0.008316411	0.031900275
3.265897247	0.480044515	0.008278333	0.032274062
3.267876578	0.482373935	0.008310941	0.032877354
3.26985591	0.485336778	0.008420284	0.033718313
3.271835242	0.488832597	0.008594305	0.034768439
3.273814573	0.492878847	0.008830724	0.036024535
3.275793905	0.497431928	0.009125088	0.03746601
3.277773237	0.502463642	0.009474024	0.039081506
3.279752568	0.507885074	0.00985612	0.040836259
3.2817319	0.513593778	0.01026072	0.04270666
3.283711232	0.519648591	0.010741991	0.044719707
3.285690563	0.525992263	0.011269192	0.046828859
3.287669895	0.532548924	0.011817999	0.048986287
3.289649227	0.539278495	0.01237014	0.051168586
3.291628558	0.54610738	0.012922891	0.053336293
3.29360789	0.552992732	0.013474051	0.055484926
3.295587222	0.559895916	0.014012491	0.057595553
3.297566553	0.566772208	0.014526397	0.059663372
3.299545885	0.57358674	0.015020979	0.061655018
3.301525217	0.580272926	0.015488537	0.063549212
3.303504548	0.586813318	0.01592518	0.065334309
3.30548388	0.593149441	0.016326361	0.066987904
3.307463212	0.599252669	0.016687661	0.068494601
3.309442543	0.605102201	0.017006398	0.069843797
3.311421875	0.610661648	0.017277961	0.07101677
3.313401207	0.615910557	0.017500753	0.072002946
3.315380538	0.620839289	0.017676002	0.07279837
3.31735987	0.625442003	0.017799637	0.073399477
3.319339202	0.629725434	0.017875234	0.073809062
3.321318533	0.63369702	0.017898826	0.074027342
3.323297865	0.637413617	0.017877734	0.074076909
3.325277197	0.640880298	0.017815995	0.073970067
3.327256528	0.644156699	0.017726963	0.073735049
3.32923586	0.647324812	0.017614991	0.073402808
3.331215192	0.650436384	0.017488393	0.073001201
3.333194523	0.653592186	0.017361418	0.072571177
3.335173855	0.656861702	0.017248701	0.072152338
3.337153187	0.66033127	0.017159472	0.071780039
3.339132518	0.664069069	0.017108983	0.071488524
3.34111185	0.668140749	0.017099955	0.071306141
3.343091182	0.672630272	0.017144113	0.071270377
3.345070513	0.677568723	0.01724876	0.071398792
3.347049845	0.682996693	0.017416695	0.071707799
3.349029177	0.688916284	0.017646353	0.072204693
3.351008508	0.695343585	0.017940992	0.072894687
3.35298784	0.702263199	0.018308687	0.073767818
3.354967172	0.709655965	0.018744883	0.074811804
3.356946503	0.71748567	0.019241666	0.076013103
3.358925835	0.725699084	0.019799257	0.077350267
3.360905167	0.734273847	0.020399688	0.078813007
3.362884498	0.743144545	0.021041994	0.080359789
3.36486383	0.752262636	0.021725814	0.081978267
3.366843162	0.761569251	0.02244182	0.083637226
3.368822493	0.771007471	0.023181753	0.085323159
3.370801825	0.780517384	0.023924308	0.087008885
3.372781157	0.790067146	0.024717825	0.088709769
3.374760488	0.799629479	0.025532315	0.090393708
3.37673982	0.809145766	0.026355266	0.092025175
3.378719152	0.818537534	0.027173569	0.093571964
3.380698483	0.827816963	0.027990363	0.095027937
3.382677815	0.836974193	0.02880558	0.096379759
3.384657147	0.845992752	0.029611384	0.097617575
3.386636478	0.854862539	0.030400903	0.098739308
3.38861581	0.863567035	0.031173578	0.099739581
3.390595142	0.872110234	0.031927591	0.10061997
3.392574473	0.880512779	0.032663264	0.101390344
3.394553805	0.888764862	0.033380982	0.102049497
3.396533137	0.896904876	0.034081221	0.102610999
3.398512468	0.904911497	0.034763137	0.103070214
3.4004918	0.9128238	0.035434108	0.103445386
3.402471132	0.920651882	0.036095295	0.103746259
3.404450463	0.928457824	0.036749625	0.103990318
3.406429795	0.936262292	0.037403527	0.104191223
3.408409127	0.944084556	0.038058705	0.104362148
3.410388458	0.951986248	0.038724871	0.104526325
3.41236779	0.959972848	0.039412465	0.104692092
3.414347122	0.968095337	0.040131803	0.10488164
3.416326453	0.976398906	0.040891582	0.105112319
3.418305785	0.98494473	0.041702553	0.105407515
3.420285117	0.993721428	0.042566356	0.105780397
3.422264448	1.00278736	0.043491149	0.106256651
3.42424378	1.012173303	0.044474165	0.106852528
3.426223112	1.021838772	0.045517384	0.107565939
3.428202443	1.031899651	0.04663965	0.108414458
3.430181775	1.042265447	0.047834971	0.10938204
3.432161107	1.052967613	0.049104098	0.110474853
3.434140438	1.063977203	0.050446974	0.111682113
3.43611977	1.075256797	0.051858018	0.112993035
3.438099102	1.086789376	0.05333442	0.114396426
3.440078433	1.098540958	0.054869898	0.1158744
3.442057765	1.110483692	0.056457806	0.117413745
3.444037097	1.122572234	0.058088381	0.118996466
3.446016428	1.134775803	0.0597584	0.120605355
3.44799576	1.147047389	0.061454417	0.122220255
3.449975092	1.159341843	0.06316805	0.12382135
3.451954423	1.171620313	0.064890001	0.125393928
3.453933755	1.183847006	0.066617294	0.126919412
3.455913087	1.195990428	0.068346733	0.128383578
3.457892418	1.20802629	0.070069789	0.129776612
3.45987175	1.219930233	0.071780319	0.131088305
3.461851082	1.231681941	0.073475088	0.132306269
3.463830413	1.243256536	0.075147215	0.133420292
3.465809745	1.254641346	0.076793345	0.134425161
3.467789076	1.265832947	0.078413165	0.13532043
3.469768408	1.276838899	0.080006085	0.136110304
3.47174774	1.287670986	0.081575629	0.136801289
3.473727071	1.298356276	0.083121645	0.137404006
3.475706403	1.308907037	0.084648706	0.137924793
3.477685735	1.319347723	0.08616563	0.138374728
3.479665066	1.329697591	0.087678225	0.138759356
3.481644398	1.339994894	0.089189475	0.139106099
3.48362373	1.350261533	0.090699148	0.139424002
3.485603061	1.360519782	0.092218223	0.139727236
3.487582393	1.370792489	0.093761096	0.140035382
3.489561725	1.381090406	0.095325753	0.140360025
3.491541056	1.391448031	0.096928982	0.140718983
3.493520388	1.401877114	0.098551801	0.141094541
3.49549972	1.412368703	0.100188502	0.141468634
3.497479051	1.422924872	0.101850632	0.141847876
3.499458383	1.433557637	0.103536313	0.142241891
3.501437715	1.444264719	0.105250119	0.142656991
3.503417046	1.455047333	0.106991685	0.143095118
3.505396378	1.46590237	0.108763005	0.14355376
3.50737571	1.476817752	0.110562575	0.144033504
3.509355041	1.487793646	0.112388348	0.144533955
3.511334373	1.498824176	0.114241528	0.145048518
3.513313705	1.509908247	0.11612409	0.145579969
3.515293036	1.521044783	0.118031167	0.146126889
3.517272368	1.532226995	0.119964023	0.146689943
3.5192517	1.543438186	0.121917365	0.14726885
3.521231031	1.554690162	0.123923274	0.147879111
3.523210363	1.565976164	0.125951453	0.148495901
3.525189695	1.577286165	0.12799104	0.149114018
3.527169026	1.588609841	0.130037383	0.149729062
3.529148358	1.599937242	0.132089866	0.150337208
3.53112769	1.611260811	0.13415238	0.150937447
3.533107021	1.622578039	0.136223834	0.151529046
3.535086353	1.633873028	0.138297596	0.152106045
3.537065685	1.645142104	0.140373579	0.15266864
3.539045016	1.656378535	0.142449167	0.15321236
3.541024348	1.667569778	0.144520209	0.153737196
3.54300368	1.6787103	0.146585731	0.154238196
3.544983011	1.689794635	0.148645561	0.154714686
3.546962343	1.700816033	0.15069817	0.15516683
3.548941675	1.711775864	0.152743659	0.15559822
3.550921006	1.722650284	0.154772123	0.156000902
3.552900338	1.733466635	0.156815304	0.156396372
3.55487967	1.744226215	0.158856662	0.156767679
3.556859001	1.754913266	0.160880066	0.157104039
3.558838333	1.765524602	0.162880085	0.157403899
3.560817665	1.776058831	0.164857388	0.157670643
3.562796996	1.78652074	0.16681495	0.157909406
3.564776328	1.796915441	0.168757031	0.158123969
3.56675566	1.807245587	0.17068394	0.158317891
3.568734991	1.817522313	0.17259017	0.158498942
3.570714323	1.827745779	0.174477162	0.158662048
3.572693655	1.837915037	0.176356005	0.158796149
3.574672986	1.848034878	0.178222158	0.158915936
3.576652318	1.858104851	0.180080829	0.159022217
3.57863165	1.868118698	0.181934004	0.159120978
3.580610981	1.878073253	0.183777518	0.159215939
3.582590313	1.887962436	0.185611497	0.159311634
3.584569645	1.8978157	0.187466409	0.15941983
3.586548976	1.907622618	0.189317951	0.159518292
3.588528308	1.91737624	0.191154081	0.159601924
3.59050764	1.927069206	0.192968521	0.159667139
3.592486971	1.936699776	0.194763155	0.159715697
3.594466303	1.94628423	0.196543911	0.159754755
3.596445635	1.955799117	0.198306471	0.159782809
3.598424966	1.965267444	0.200057877	0.159808099
3.600404298	1.974677411	0.201798813	0.159828019
3.60238363	1.984022085	0.203523765	0.159847243
3.604362961	1.993321299	0.205263632	0.15987798
3.606342293	2.002573598	0.206996047	0.159904454
3.608321625	2.011767203	0.208705918	0.159916737
3.610300956	2.020890738	0.210384976	0.159909243
3.612280288	2.029939114	0.212032795	0.15988307
3.61425962	2.038903055	0.213652146	0.159838384
3.616238951	2.047791324	0.215245245	0.159777126
3.618218283	2.05659332	0.216812279	0.159701923
3.620197615	2.065316921	0.218367648	0.159621454
3.622176946	2.073967124	0.219921032	0.159537149
3.624156278	2.082542487	0.221446193	0.159434142
3.62613561	2.091022907	0.222935124	0.159307855
3.628114941	2.099408234	0.224382475	0.159156057
3.630094273	2.107698253	0.225795192	0.158980671
3.632073605	2.115885826	0.227175638	0.158788028
3.634052936	2.123996691	0.228545588	0.158591602
3.636032268	2.132032313	0.229908557	0.158390159
3.6380116	2.139987849	0.231244675	0.158174608
3.639990931	2.147858406	0.232558943	0.157946616
3.641970263	2.155656811	0.233863477	0.157712908
3.643949595	2.163392756	0.235158622	0.157472541
3.645928926	2.171049741	0.236441802	0.15722222
3.647908258	2.178664681	0.237743816	0.156970366
3.64988759	2.186206104	0.239089989	0.156739372
3.651866921	2.193671654	0.240746025	0.156644543
3.653846253	2.20134236	0.242892766	0.156750275
3.655825585	2.209109666	0.245291048	0.156948809
3.657804916	2.216458157	0.247461274	0.157061614
3.659784248	2.223237235	0.24937865	0.157053842
3.66176358	2.229558029	0.251052552	0.156938652
3.663742911	2.235560482	0.25256746	0.156772803
3.665722243	2.241474531	0.254000946	0.156581217
3.667701575	2.247209049	0.25527595	0.156385987
3.669680906	2.252965517	0.256483786	0.156184506
3.671660238	2.258559363	0.257530047	0.155987955
3.67363957	2.264186583	0.258578896	0.155809496
3.675618901	2.26988529	0.259558704	0.155638954
3.677598233	2.275344945	0.260392297	0.155491913
3.679577565	2.280891733	0.261240859	0.155342987
3.681556896	2.286399023	0.262010332	0.155210416
3.683536228	2.291809974	0.262745077	0.155091953
3.68551556	2.297374793	0.263541624	0.15497645
3.687494891	2.302785752	0.264243963	0.154880078
3.689474223	2.308261768	0.265042964	0.154795871
3.691453555	2.313624586	0.26575331	0.154728419
3.693432886	2.318646264	0.266317967	0.154672904
3.695412218	2.323862089	0.266985879	0.15459427
3.69739155	2.328921098	0.267545793	0.154534189
3.699370881	2.333756221	0.268063822	0.154488478
3.701350213	2.338836454	0.268688371	0.154418805
3.703329545	2.343633552	0.269180457	0.154389469
3.705308876	2.348407379	0.269784433	0.154360215
3.707288208	2.353266711	0.270382045	0.154362737
3.70926754	2.357547158	0.270725161	0.154389395
3.711246871	2.362119054	0.27126979	0.154390681
3.713226203	2.366580861	0.271727279	0.154425835
3.715205535	2.370630096	0.272016965	0.1544977
3.717184866	2.375057806	0.272548748	0.15455863
3.719164198	2.379279288	0.272936199	0.154664737
3.72114353	2.383118722	0.273225167	0.154805945
3.723122861	2.387420422	0.273769525	0.154955954
3.725102193	2.391314115	0.274125153	0.15517897
3.727081525	2.395306052	0.274668332	0.15542813
3.729060856	2.399379495	0.27521647	0.155714607
3.731040188	2.402792424	0.275417784	0.156063367
3.73301952	2.406618911	0.275952952	0.156404327
3.734998851	2.410391546	0.276451495	0.156811803
3.736978183	2.413589373	0.276649624	0.157289769
3.738957515	2.417269636	0.277161458	0.157740029
3.740936846	2.420876848	0.277622749	0.158268649
3.742916178	2.423875796	0.277850153	0.158856921
3.74489551	2.42745076	0.278412259	0.159429078
3.746874841	2.430725943	0.278806442	0.160080391
3.748854173	2.433633308	0.279140142	0.160767123
3.750833505	2.437060804	0.279727834	0.161444043
3.752812836	2.439784145	0.280028521	0.162210654
3.754792168	2.442529538	0.280410846	0.162971366
3.7567715	2.445614516	0.280964684	0.163734265
3.758750831	2.447865371	0.281141925	0.164584215
3.760730163	2.450458079	0.281595019	0.165396577
3.762709495	2.453128866	0.282109392	0.166247835
3.764688826	2.454950041	0.282144211	0.167172027
3.766668158	2.456911317	0.282405191	0.167981333
3.76864749	2.459230097	0.282841936	0.168867323
3.770626821	2.460724535	0.28280519	0.169812866
3.772606153	2.462355077	0.283035198	0.170700218
3.774585485	2.46429426	0.283403975	0.171610971
3.776564816	2.465306868	0.28327417	0.172566435
3.778544148	2.466487748	0.283501924	0.173490908
3.78052348	2.467882514	0.283756995	0.174415138
3.782502811	2.468438487	0.283571515	0.175380629
3.784482143	2.469249212	0.283721759	0.176302408
3.786461475	2.470064219	0.283883547	0.177248543
3.788440806	2.470046803	0.283603088	0.178214772
3.790420138	2.470412191	0.283734649	0.179121323
3.792399469	2.47041924	0.283669343	0.180093748
3.794378801	2.469815826	0.28328877	0.181039395
3.796358133	2.469792063	0.283374141	0.18191313
3.798337464	2.469333687	0.283209366	0.182866998
3.800316796	2.467896744	0.282654518	0.183797564
3.802296128	2.467193033	0.282555561	0.184644038
3.804275459	2.466301371	0.28234452	0.185531
3.806254791	2.464304342	0.281594729	0.186444409
3.808234123	2.462620938	0.281116885	0.187258549
3.810213454	2.461290884	0.280916686	0.18806672
3.812192786	2.459007106	0.28018719	0.188916472
3.814172118	2.456657857	0.279637842	0.189712991
3.816151449	2.454561483	0.279340375	0.190482243
3.818130781	2.451830013	0.27856241	0.191289529
3.820110113	2.448544118	0.277748262	0.192024052
3.822089444	2.445853726	0.277330414	0.192694191
3.824068776	2.442406309	0.27649243	0.193418999
3.826048108	2.438371938	0.275482278	0.194098171
3.828027439	2.434832493	0.274879302	0.194694975
3.830006771	2.431041264	0.274074296	0.195308557
3.831986103	2.426203571	0.272854545	0.195913352
3.833965434	2.421738125	0.27204053	0.196427818
3.835944766	2.417347375	0.271206146	0.196933718
3.837924098	2.411870751	0.269844416	0.197431177
3.839903429	2.406472144	0.268781191	0.19783546
3.841882761	2.401209974	0.267876075	0.198217608
3.843862093	2.395273234	0.266429499	0.198599478
3.845841424	2.388870583	0.265098893	0.19888292
3.847820756	2.382906875	0.264036683	0.199110288
3.849800088	2.376073126	0.262498476	0.199361821
3.851779419	2.368776562	0.260932312	0.199511545
3.853758751	2.36198493	0.259704858	0.199578842
3.855738083	2.354661774	0.258152914	0.199672552
3.857717414	2.346400122	0.256331241	0.199710652
3.859696746	2.338705952	0.254932082	0.19966474
3.861676078	2.330796746	0.2533871	0.19960875
3.863655409	2.321891561	0.251384047	0.199536219
3.865634741	2.313249735	0.249768265	0.199371874
3.867614073	2.304727804	0.248247186	0.199189059
3.869593404	2.295365808	0.246204181	0.199005742
3.871572736	2.285821421	0.244367108	0.19874629
3.873552068	2.276686992	0.242741983	0.198433271
3.875531399	2.266715558	0.240821639	0.198170404
3.877510731	2.256416573	0.238788028	0.197826857
3.879490063	2.24661005	0.23715549	0.197411575
3.881469394	2.236425	0.23525867	0.19702509
3.883448726	2.225350185	0.233069226	0.196610858
3.885428058	2.214715579	0.231310705	0.196124017
3.887407389	2.204240405	0.229586318	0.195643959
3.889386721	2.192862043	0.227447524	0.195173372
3.891366053	2.181577722	0.225483091	0.194624019
3.893345384	2.170588459	0.223865826	0.194062256
3.895324716	2.159041853	0.221812197	0.193527676
3.897304048	2.14706797	0.219769782	0.19294387
3.899283379	2.135623375	0.218072908	0.192290076
3.901262711	2.123618523	0.216194773	0.191694045
3.903242043	2.111185032	0.21402642	0.191044322
3.905221374	2.099094839	0.212273176	0.190335044
3.907200706	2.087095805	0.210514054	0.18964296
3.909180038	2.074267541	0.208344862	0.188942547
3.911159369	2.061597419	0.206475622	0.188188681
3.913138701	2.049315639	0.204797745	0.187422266
3.915118033	2.036519067	0.202829774	0.186680419
3.917097364	2.023325238	0.200936102	0.185914549
3.919076696	2.010726938	0.199311955	0.18513341
3.921056028	1.99768201	0.197422588	0.184355194
3.923035359	1.984175819	0.195385496	0.183560651
3.925014691	1.971186801	0.193780998	0.182728827
3.926994023	1.958167632	0.192076007	0.181925235
3.928973354	1.944393788	0.190027932	0.181102773
3.930952686	1.931039452	0.188395301	0.18023607
3.932932018	1.917833401	0.186735195	0.179369582
3.934911349	1.903863932	0.184700927	0.178503233
3.936890681	1.890141416	0.182940743	0.17757318
3.938870013	1.876800297	0.181374702	0.176629617
3.940849344	1.862709658	0.179372326	0.175699699
3.942828676	1.848564888	0.177489013	0.174715339
3.944808008	1.835013454	0.175916462	0.173685094
3.946787339	1.820968568	0.174071486	0.172686845
3.948766671	1.806471669	0.172045675	0.171633021
3.950746003	1.792411049	0.170262809	0.170489969
3.952725334	1.778435373	0.168520664	0.169351858
3.954704666	1.763871212	0.16656647	0.168214849
3.956683998	1.749678431	0.164866695	0.16701423
3.958663329	1.735442354	0.163139905	0.165806537
3.960642661	1.720683374	0.161201294	0.164579504
3.962621993	1.706104012	0.159462466	0.163290574
3.964601324	1.69161725	0.157716675	0.161978548
3.966580656	1.67652013	0.155685635	0.160664511
3.968559988	1.661572053	0.153779044	0.159264024
3.970539319	1.646931371	0.152012204	0.157843953
3.972518651	1.631775504	0.149981108	0.156445153
3.974497983	1.616461742	0.147835262	0.154957394
3.976477314	1.601442638	0.145778352	0.153403949
3.978456646	1.586458962	0.143702702	0.151836676
3.980435978	1.571593699	0.141781497	0.150249126
3.982415309	1.556857129	0.14002339	0.148705578
3.984394641	1.542004978	0.138226229	0.147153081
3.986373973	1.526753253	0.13628008	0.145578454
3.988353304	1.511592799	0.134474504	0.143928097
3.990332636	1.496517855	0.132687023	0.142264832
3.992311968	1.481031592	0.130679918	0.140598575
3.994291299	1.465455739	0.128553467	0.138857233
3.996270631	1.450120863	0.126490067	0.137072368
3.998249963	1.434920364	0.12439717	0.135263053
4.000229294	1.419903302	0.122426372	0.133435833
4.002208626	1.404976369	0.120585933	0.131653331
4.004187958	1.390085296	0.118777653	0.129868415
4.006167289	1.374855639	0.116809913	0.128071541
4.008146621	1.359471648	0.114780335	0.126199496
4.010125953	1.34426413	0.112818577	0.12429077
4.012105284	1.32910254	0.110817201	0.122370001
4.014084616	1.313951686	0.108844255	0.120445965
4.016063948	1.299185714	0.107000589	0.118525026
4.018043279	1.28456308	0.105229311	0.116634493
4.020022611	1.269634989	0.103306046	0.114729786
4.022001943	1.254556246	0.101323241	0.112781716
4.023981274	1.239605348	0.099341311	0.110806055
4.025960606	1.224863086	0.097367666	0.108803447
4.027939938	1.210245003	0.095406171	0.106787331
4.029919269	1.195841187	0.093582979	0.104811084
4.031898601	1.181601261	0.091844504	0.102877469
4.033877933	1.167320408	0.090081321	0.100943227
4.035857264	1.152817434	0.088213848	0.098993658
4.037836596	1.138418143	0.086363087	0.097035287
4.039815928	1.124105046	0.084507556	0.095029812
4.041795259	1.110067961	0.08267893	0.093053753
4.043774591	1.096229658	0.080875064	0.091083485
4.045753923	1.082527197	0.079105109	0.089141093
4.047733254	1.068886635	0.077327107	0.087223022
4.049712586	1.055439946	0.075572665	0.085316956
4.051691918	1.042040076	0.073799308	0.083407821
4.053671249	1.028814204	0.072129624	0.08153272
4.055650581	1.015831548	0.070582688	0.079721691
4.057629913	1.003095976	0.069113972	0.077964983
4.059609244	0.990341993	0.067627164	0.076232152
4.061588576	0.977527325	0.066110049	0.074491513
4.063567908	0.96475934	0.064586548	0.072742324
4.065547239	0.952316048	0.063121462	0.071011678
4.067526571	0.940056543	0.061648038	0.069298166
4.069505903	0.927944337	0.060174696	0.067595684
4.071485234	0.916058418	0.058720741	0.065923613
4.073464566	0.904305776	0.057277953	0.064284465
4.075443898	0.892676342	0.055828036	0.062664499
4.077423229	0.881265934	0.054392469	0.061084943
4.079402561	0.870052022	0.052989629	0.059529871
4.081381893	0.858979954	0.051595144	0.058001652
4.083361224	0.847995261	0.050210707	0.056485466
4.085340556	0.837204415	0.048854852	0.055009962
4.087319888	0.826575178	0.047520837	0.053559836
4.089299219	0.816090255	0.046211964	0.052141478
4.091278551	0.805728053	0.044901519	0.050748756
4.093257883	0.795529168	0.043600364	0.049374861
4.095237214	0.785485834	0.042310987	0.048019527
4.097216546	0.775614901	0.0410442	0.046690286
4.099195878	0.765844349	0.039778062	0.045386012
4.101175209	0.75620626	0.038506929	0.044099469
4.103154541	0.746757408	0.037250879	0.042840544
4.105133873	0.737430701	0.036006892	0.041593107
4.107113204	0.728253812	0.034767859	0.040365841
4.109092536	0.719229736	0.033524122	0.03915556
4.111071868	0.71034113	0.032281222	0.037949458
4.113051199	0.701649455	0.031061248	0.036770532
4.115030531	0.693091488	0.029847845	0.035603828
4.117009863	0.684693281	0.028642406	0.034454581
4.118989194	0.676418839	0.027452138	0.033313938
4.120968526	0.668302644	0.026291231	0.032191984
4.122947857	0.660357248	0.025169757	0.03110218
4.124927189	0.652531792	0.024074409	0.030032464
4.126906521	0.644908351	0.023023691	0.028990867
4.128885852	0.6373853	0.022010382	0.027962749
4.130865184	0.630008613	0.021033616	0.026956249
4.132844516	0.622796447	0.020098306	0.025971286
4.134823847	0.615674204	0.01918417	0.024972642
4.136803179	0.608676582	0.018281504	0.023972514
4.138782511	0.601811647	0.017385965	0.022970118
4.140761842	0.595072043	0.016517582	0.021960792
4.142741174	0.588450257	0.015673622	0.020948443
4.144720506	0.581959847	0.014856225	0.019943311
4.146699837	0.575611477	0.014065994	0.018938973
4.148679169	0.569399705	0.013307633	0.017940944
4.150658501	0.563336917	0.012584171	0.016959149
4.152637832	0.557456894	0.011891366	0.015985329
4.154617164	0.551751288	0.011238234	0.015010912
4.156596496	0.546193703	0.010621764	0.014058835
4.158575827	0.540791367	0.010035763	0.013123169
4.160555159	0.535577524	0.00950598	0.012218381
4.162534491	0.530534906	0.009015989	0.011350681
4.164513822	0.525667471	0.008564077	0.010538082
4.166493154	0.521039469	0.008172347	0.009785591
4.168472486	0.516637814	0.007843677	0.009103447
4.170451817	0.512465503	0.007570491	0.008504867
4.172431149	0.508566954	0.007352215	0.007995167
4.174410481	0.504964848	0.007206795	0.007589245
4.176389812	0.501663797	0.007117919	0.007295269
4.178369144	0.498652989	0.007088367	0.007124033
4.180348476	0.495991569	0.007125951	0.007086448
4.182327807	0.49370075	0.007239364	0.007192924
4.184307139	0.491788399	0.007419879	0.007456381
4.186286471	0.490225378	0.007654606	0.007871929
4.188265802	0.489033406	0.007940803	0.008442244
4.190245134	0.488282469	0.00829907	0.009183329
4.192224466	0.487912744	0.00871146	0.010085267
4.194203797	0.487901852	0.00916125	0.011137
4.196183129	0.488253491	0.009649554	0.012344703
4.198162461	0.488984778	0.010186347	0.013707262
4.200141792	0.490054521	0.010754442	0.015212015
4.202121124	0.491431577	0.011339458	0.016841967
4.204100456	0.493086614	0.011935144	0.018590143
4.206079787	0.495005059	0.012548841	0.02044709
4.208059119	0.497177848	0.013176503	0.022398049
4.210038451	0.499548322	0.013800644	0.024421107
4.212017782	0.502057049	0.014413249	0.026498226
4.213997114	0.504687908	0.01501086	0.028613558
4.215976446	0.507429792	0.015607177	0.030757245
4.217955777	0.51019673	0.016167196	0.032889426
4.219935109	0.51295356	0.01668739	0.034994865
4.221914441	0.515648394	0.017157017	0.037051124
4.223893772	0.518256177	0.017589094	0.039056551
4.225873104	0.520754652	0.017996947	0.040987205
4.227852436	0.523068981	0.018356201	0.042811455
4.229831767	0.525168295	0.018667634	0.044513879
4.231811099	0.527001652	0.018920519	0.046071838
4.233790431	0.528504675	0.019103113	0.047448467
4.235769762	0.529653979	0.019202294	0.048620176
4.237749094	0.530368986	0.019214705	0.049560292
4.239728426	0.530638434	0.019143598	0.050261095
4.241707757	0.530443023	0.018983992	0.050707822
4.243687089	0.52969616	0.018730171	0.050874936
4.245666421	0.528507785	0.018395325	0.050788736
4.247645752	0.526804317	0.017973774	0.050426331
4.249625084	0.524572226	0.017470765	0.049789179
4.251604416	0.521857592	0.016891172	0.048898416
4.253583747	0.518762822	0.01624831	0.047785071
4.255563079	0.515245203	0.01554062	0.046454678
4.257542411	0.511513265	0.014799976	0.044979199
4.259521742	0.507622718	0.014033757	0.043390636
4.261501074	0.503655325	0.013255775	0.041729329
4.263480406	0.49973328	0.012486305	0.040052548
4.265459737	0.495995042	0.011743921	0.038412925
4.267439069	0.49252738	0.011042556	0.036853205
4.269418401	0.489426353	0.010392152	0.03541551
4.271397732	0.486759366	0.009797513	0.03413333
4.273377064	0.484617983	0.009271885	0.033048189
4.275356396	0.483070004	0.008825949	0.032187307
4.277335727	0.482154601	0.008464962	0.031570277
4.279315059	0.481941933	0.008191084	0.031221928
4.281294391	0.482416311	0.008001663	0.031135665
4.283273722	0.483595736	0.007904142	0.031322724
4.285253054	0.485451813	0.007892636	0.031776307
4.287232386	0.487983242	0.00795987	0.032489307
4.289211717	0.491181194	0.008107619	0.033454727
4.291191049	0.495002211	0.008332503	0.034657251
4.293170381	0.499401721	0.008618909	0.036072584
4.295149712	0.504289421	0.008957533	0.037666604
4.297129044	0.509638235	0.009353299	0.03942845
4.299108376	0.515426245	0.009796768	0.041335805
4.301087707	0.521517925	0.010264921	0.043342198
4.303067039	0.527894397	0.010747833	0.045430948
4.305046371	0.534508166	0.011251615	0.047588727
4.307025702	0.541305622	0.011761157	0.049791363
4.309005034	0.548230091	0.012298282	0.052037925
4.310984366	0.555260386	0.012867283	0.054296645
4.312963697	0.562320114	0.013436421	0.056527269
4.314943029	0.56936022	0.013989751	0.058708499
4.316922361	0.576347968	0.014522949	0.060840732
4.318901692	0.583206795	0.015022865	0.062872575
4.320881024	0.589921502	0.015500976	0.064795827
4.322860356	0.596462296	0.015948413	0.066595315
4.324839687	0.602771424	0.016353607	0.068248004
4.326819019	0.608837	0.016714954	0.069743094
4.328798351	0.614633156	0.0170367	0.071073984
4.330777682	0.620135257	0.017309305	0.072224077
4.332757014	0.625321053	0.017531108	0.073183757
4.334736346	0.630184773	0.017700863	0.073949449
4.336715677	0.634716952	0.017816038	0.074519732
4.338695009	0.638931182	0.01788145	0.074897417
4.340674341	0.64282674	0.01789723	0.075084045
4.342653672	0.646466852	0.01786844	0.075102082
4.344633004	0.649849622	0.017797353	0.074956145
4.346612336	0.653000273	0.017689138	0.074661369
4.348591667	0.656017861	0.017551746	0.074255559
4.350570999	0.658953497	0.017397583	0.073767686
4.352550331	0.66189397	0.017240498	0.073233514
4.354529662	0.664927924	0.017093324	0.072692976
4.356508994	0.668109936	0.016960331	0.072172812
4.358488326	0.671518726	0.016855168	0.071710988
4.360467657	0.675238742	0.016791084	0.071346864
4.362446989	0.679339602	0.016778656	0.071112189
4.364426321	0.683888767	0.016831934	0.071038715
4.366405652	0.688925634	0.016948349	0.071144879
4.368384984	0.694488368	0.01712877	0.071448191
4.370364316	0.700589021	0.017380441	0.071958186
4.372343647	0.70723725	0.017709276	0.072674968
4.374322979	0.714411452	0.018115481	0.073591024
4.376302311	0.722072137	0.018590573	0.074688531
4.378281642	0.730215691	0.019141553	0.0759657
4.380260974	0.738808945	0.019756129	0.077413265
4.382240306	0.747821841	0.02042839	0.079004703
4.384219637	0.757175578	0.021156095	0.08070694
4.386198969	0.766812264	0.02192504	0.082493446
4.388178301	0.776682428	0.022728257	0.084346391
4.390157632	0.786742714	0.023573039	0.086250142
4.392136964	0.796909593	0.024443684	0.088170307
4.394116296	0.807178972	0.025337175	0.090101776
4.396095627	0.817447883	0.026225085	0.09200164
4.398074959	0.827651229	0.027126002	0.093866355
4.400054291	0.837781392	0.028056493	0.095692695
4.402033622	0.847836241	0.029000477	0.097455051
4.404012954	0.857748857	0.029938439	0.099120509
4.405992286	0.867479336	0.030859917	0.100664236
4.407971617	0.877036609	0.031766179	0.102083187
4.409950949	0.886384457	0.032649443	0.103359335
4.411930281	0.89553844	0.033511845	0.104499397
4.413909612	0.90448078	0.034349776	0.105497793
4.415888944	0.913203442	0.035163047	0.106354368
4.417868276	0.921728548	0.035951483	0.107074448
4.419847607	0.930051501	0.036713091	0.107660723
4.421826939	0.938167608	0.037444223	0.108117706
4.423806271	0.946158017	0.038152993	0.108470006
4.425785602	0.954011943	0.038839786	0.108721442
4.427764934	0.96178378	0.039509888	0.108891045
4.429744266	0.969481733	0.040165519	0.108987749
4.431723597	0.977147548	0.040817973	0.109030884
4.433702929	0.984820524	0.041470502	0.109035177
4.435682261	0.992547464	0.042135591	0.109019205
4.437661592	1.000389373	0.042826775	0.109008227
4.439640924	1.008382403	0.043554214	0.109025786
4.441620256	1.016577645	0.04432173	0.109099799
4.443599587	1.024998682	0.045132035	0.109251135
4.445578919	1.033677134	0.045993048	0.10950834
4.447558251	1.042662206	0.046923429	0.109874445
4.449537582	1.051986346	0.04792794	0.110366795
4.451516914	1.061650815	0.049006949	0.110989404
4.453496245	1.071677115	0.050165985	0.111749088
4.455475577	1.082045443	0.051404712	0.112642258
4.457454909	1.092740037	0.052717026	0.113663682
4.45943424	1.103751127	0.054107236	0.114804941
4.461413572	1.115055763	0.055572256	0.116055291
4.463392904	1.126636821	0.057106085	0.117407782
4.465372235	1.138458621	0.058702854	0.118843489
4.467351567	1.150477754	0.060352086	0.120343291
4.469330899	1.16263079	0.062043074	0.121884725
4.47131023	1.174887131	0.06376795	0.123452576
4.473289562	1.187215917	0.065522738	0.125030598
4.475268894	1.199567256	0.067300635	0.126595383
4.477248225	1.211914099	0.06909091	0.128132625
4.479227557	1.224211771	0.070883806	0.129624465
4.481206889	1.236434104	0.072674168	0.131057115
4.48318622	1.248534689	0.074456904	0.132413248
4.485165552	1.260496693	0.076229531	0.133687688
4.487144884	1.272292033	0.077983829	0.134866385
4.489124215	1.283909421	0.079713982	0.135943209
4.491103547	1.295341084	0.08141564	0.13691334
4.493082879	1.306593531	0.083085071	0.137779898
4.49506221	1.317672757	0.084728072	0.138544903
4.497041542	1.328593345	0.086348136	0.139215472
4.499020874	1.339351619	0.08795154	0.139787332
4.501000205	1.349966647	0.089537619	0.140279983
4.502979537	1.360472407	0.091107987	0.140708403
4.504958869	1.370899524	0.092669548	0.141087132
4.5069382	1.381279333	0.094234601	0.141431675
4.508917532	1.391632364	0.095809167	0.14175524
4.510896864	1.401978237	0.097392893	0.142078843
4.512876195	1.412341589	0.099001292	0.142421043
4.514855527	1.422746654	0.100636027	0.142767964
4.516834859	1.433192724	0.102292247	0.143112765
4.51881419	1.443696359	0.103964525	0.143459088
4.520793522	1.454265296	0.105655456	0.143819567
4.522772854	1.464900204	0.107369004	0.144196242
4.524752185	1.475599187	0.109109453	0.144590946
4.526731517	1.48636907	0.110876693	0.14501078
4.528710849	1.49720733	0.112672666	0.14545364
4.53069018	1.508100451	0.114495473	0.145916387
4.532669512	1.519041287	0.116343518	0.146400141
4.534648844	1.53005392	0.118248479	0.146923875
4.536628175	1.541120434	0.120180424	0.147458359
4.538607507	1.552231735	0.122130386	0.14800023
4.540586839	1.563374282	0.1240944	0.148546252
4.54256617	1.574540308	0.126072025	0.149096842
4.544545502	1.58573129	0.128062515	0.14965129
4.546524834	1.59694863	0.130071617	0.15021259
4.548504165	1.608186764	0.132096001	0.150779431
4.550483497	1.619438313	0.134133222	0.15134548
4.552462829	1.630691	0.136181479	0.151908627
4.55444216	1.641935631	0.138237455	0.152465058
4.556421492	1.65316627	0.140300847	0.153013082
4.558400824	1.664372831	0.14236491	0.153549206
4.560380155	1.675546137	0.144429878	0.154071573
4.562359487	1.686683153	0.146494148	0.154576398
4.564338819	1.697772826	0.148555663	0.155060572
4.56631815	1.708809986	0.150611745	0.155523684
4.568297482	1.719793233	0.152662024	0.155965788
4.570276814	1.73071077	0.154707205	0.156386651
4.572256145	1.741546217	0.156735032	0.156779234
4.574235477	1.752318132	0.158772266	0.157163307
4.576214809	1.763030899	0.160809581	0.157525829
4.57819414	1.773672235	0.162831108	0.157853851
4.580173472	1.784239614	0.164829601	0.158145542
4.582152804	1.794723205	0.166802048	0.158402453
4.584132135	1.805127493	0.168753794	0.158630669
4.586111467	1.815457668	0.170686788	0.158833263
4.588090799	1.825716988	0.172602917	0.159008443
4.59007013	1.835919136	0.17449833	0.159171492
4.592049462	1.846058477	0.176367139	0.159318027
4.594028794	1.85613739	0.1782258	0.159435202
4.596008125	1.866160549	0.180073451	0.159532677
4.597987457	1.876122598	0.181916547	0.159617766
4.599966789	1.886005039	0.183737027	0.159691867
4.60194612	1.895832799	0.185571142	0.159772625
4.603925452	1.905615533	0.187405069	0.159849879
4.605904784	1.915346785	0.189226424	0.15991342
4.607884115	1.925013219	0.191024935	0.159956486
4.609863447	1.934610569	0.192800505	0.159980818
4.611842779	1.944152686	0.194559404	0.159989811
4.61382211	1.953642016	0.196306627	0.159989789
4.615801442	1.963076102	0.198039591	0.159983819
4.617780774	1.972459016	0.199763063	0.159977239
4.619760105	1.981790454	0.201475096	0.159971782
4.621739437	1.991070526	0.203191532	0.159977438
4.623718769	2.000317486	0.204921166	0.159992307
4.6256981	2.009523573	0.206636767	0.160002022
4.627677432	2.018683027	0.208328491	0.160001152
4.629656764	2.027775618	0.209993732	0.159987746
4.631636095	2.036804714	0.211635572	0.159961846
4.633615427	2.045772163	0.213257658	0.159925961
4.635594759	2.054668119	0.214856579	0.159879877
4.63757409	2.063487079	0.216438009	0.15982681
4.639553422	2.072234916	0.218016393	0.159775612
4.641532754	2.080924102	0.219588701	0.159714914
4.643512085	2.089527325	0.221124917	0.159635267
4.645491417	2.098037306	0.222624487	0.159530752
4.647470749	2.106452638	0.224084311	0.159398526
4.64945008	2.114762729	0.225508495	0.159244565
4.651429412	2.122972967	0.226905664	0.15907652
4.653408744	2.131107628	0.228300844	0.158904982
4.655388075	2.139161934	0.229674386	0.158717899
4.657367407	2.147129929	0.231022686	0.158514379
4.659346739	2.155003078	0.232342404	0.158297404
4.66132607	2.162797504	0.233657547	0.158068659
4.663305402	2.170525598	0.234955368	0.157828811
4.665284734	2.178176703	0.236255932	0.157579325
4.667264065	2.185755385	0.237569588	0.157330766
4.669243397	2.193253247	0.239023432	0.157143784
4.671222729	2.200783385	0.240925745	0.157149539
4.67320206	2.208574883	0.24326278	0.157307451
4.675181392	2.216160777	0.245572447	0.157464756
4.677160724	2.223164972	0.24758247	0.157496872
4.679140055	2.229690144	0.249369323	0.157403927
4.681119387	2.235787684	0.250936186	0.157235138
4.683098719	2.241709164	0.252401024	0.157030535
4.68507805	2.247484329	0.253737835	0.156813959
4.687057382	2.253170918	0.254955618	0.156588029
4.689036714	2.258843665	0.256075138	0.156354139
4.691016045	2.264369418	0.257080942	0.156145
4.692995377	2.270042544	0.258105534	0.155937972
4.694974709	2.275564695	0.258978174	0.155747304
4.69695404	2.281021854	0.259806155	0.155585053
4.698933372	2.286567656	0.260630147	0.155420175
4.700912704	2.291941965	0.261333395	0.155280707
4.702892035	2.297418103	0.262097397	0.155146037
4.704871367	2.302964105	0.262849171	0.155027904
4.706850699	2.308306863	0.263573108	0.154941381
4.70883003	2.313827553	0.264379269	0.154859565
4.710809362	2.318991858	0.264999117	0.15480211
4.712788694	2.324118061	0.265631427	0.154744443
4.714768025	2.329358167	0.266313438	0.154684762
4.716747357	2.3343203	0.266818688	0.154650186
4.718726689	2.3392836	0.267419247	0.154614041
4.72070602	2.344354179	0.26803581	0.154579801
4.722685352	2.349007893	0.268519786	0.154572256
4.724664684	2.354028271	0.269240459	0.154571958
4.726644015	2.358651409	0.26971357	0.15460847
4.728623347	2.363044243	0.270164742	0.154643223
4.730602679	2.3677542	0.270767729	0.154686419
4.73258201	2.372021964	0.271108902	0.154755821
4.734561342	2.376208879	0.271527263	0.154843515
4.736540674	2.380695	0.272074981	0.154935997
4.738520005	2.384718351	0.272364017	0.155085201
4.740499337	2.388801263	0.272817278	0.155244347
4.742478669	2.393061115	0.273324043	0.155427099
4.744458	2.396856735	0.273680978	0.155689855
4.746437332	2.40105531	0.274304783	0.155937692
4.748416664	2.404735556	0.274698019	0.156282293
4.750395995	2.408396889	0.275069129	0.156633009
4.752375327	2.412342045	0.275659031	0.156995811
4.754354659	2.415800765	0.275957851	0.157446314
4.75633399	2.419182112	0.276303064	0.157907793
4.758313322	2.422937674	0.276876634	0.158393426
4.760292654	2.426186151	0.277140253	0.158958947
4.762271985	2.429558844	0.277593171	0.159557887
4.764251317	2.433024663	0.278109358	0.160128356
4.766230649	2.43595442	0.278346267	0.160811394
4.76820998	2.439216527	0.278891349	0.161489087
4.770189312	2.442408692	0.279381587	0.162213189
4.772168644	2.444977513	0.279571695	0.162978109
4.774147975	2.448073499	0.280167466	0.163716407
4.776127307	2.450759583	0.280534999	0.164535945
4.778106639	2.453052719	0.280765337	0.165361809
4.78008597	2.455866801	0.281363771	0.166170495
4.782065302	2.458092242	0.281600601	0.167060749
4.784044633	2.459916106	0.28174064	0.167942537
4.786023965	2.462223342	0.282153459	0.168783433
4.788003297	2.464155923	0.282372682	0.169699912
4.789982628	2.465563417	0.282427237	0.170617476
4.79196196	2.467484384	0.282792015	0.171498145
4.793941292	2.469012057	0.28292107	0.172429013
4.795920623	2.469924076	0.282915924	0.173389967
4.797899955	2.47136381	0.283181547	0.17429617
4.799879287	2.472465092	0.283270138	0.175226432
4.801858618	2.472883758	0.283135719	0.176197091
4.80383795	2.473788458	0.283356151	0.177110424
4.805817282	2.474459417	0.283383422	0.17805777
4.807796613	2.47434123	0.283162299	0.179015983
4.809775945	2.474713633	0.283404382	0.179942531
4.811755277	2.474621167	0.283187566	0.180937195
4.813734608	2.473865442	0.282772743	0.181823687
4.81571394	2.473798231	0.282891851	0.182720136
4.817693272	2.473140951	0.28262819	0.183668159
4.819672603	2.471822945	0.282123106	0.184585412
4.821651935	2.471180477	0.282095658	0.185431673
4.823631267	2.469974117	0.281738316	0.186345306
4.825610598	2.468002927	0.281063103	0.18724994
4.82758993	2.466456522	0.280743049	0.18805341
4.829569262	2.464968276	0.280473765	0.188885269
4.831548593	2.462440384	0.279689587	0.189741481
4.833527925	2.460121092	0.279202022	0.190522041
4.835507257	2.45808343	0.278904249	0.191295454
4.837486588	2.455012203	0.278015661	0.19210571
4.83946592	2.451903184	0.277334793	0.192836244
4.841445252	2.448964461	0.276935149	0.193534823
4.843424583	2.445497433	0.276021273	0.194267019
4.845403915	2.441457252	0.275100909	0.19493542
4.847383247	2.437975029	0.274538362	0.195538949
4.849362578	2.433815291	0.273572582	0.196181341
4.85134191	2.428948231	0.272487338	0.196785684
4.853321242	2.42465475	0.271745116	0.197285928
4.855300573	2.420018723	0.270793145	0.197812496
4.857279905	2.414293313	0.269432878	0.198314193
4.859259237	2.409025125	0.268478476	0.198709366
4.861238568	2.403722829	0.267467448	0.199100113
4.8632179	2.397409549	0.265946909	0.199470576
4.865197232	2.39117991	0.264768405	0.199750214
4.867176563	2.385014006	0.263673892	0.199998662
4.869155895	2.378128694	0.262053731	0.200230459
4.871135227	2.370872221	0.260581693	0.200363054
4.873114558	2.364008842	0.259355448	0.200441685
4.87509389	2.356308843	0.257669674	0.200555804
4.877073222	2.348114043	0.255974066	0.200555517
4.879052553	2.340504995	0.254627978	0.200502014
4.881031885	2.332318086	0.252941825	0.200459008
4.883011217	2.323265443	0.251023216	0.200375213
4.884990548	2.314736089	0.249515672	0.200206599
4.88696988	2.306053218	0.247889361	0.20003264
4.888949212	2.296380641	0.245806747	0.199842655
4.890928543	2.286954544	0.244097104	0.199565473
4.892907875	2.277681672	0.242508683	0.199274906
4.894887207	2.267644272	0.24043518	0.198989585
4.896866538	2.257343061	0.238540537	0.198641103
4.89884587	2.247536253	0.23687473	0.19823442
4.900825202	2.236925715	0.234944292	0.197877433
4.902804533	2.225949334	0.232851956	0.197447397
4.904783865	2.215506785	0.231205946	0.196956712
4.906763197	2.204793695	0.22935966	0.196502524
4.908742528	2.193201077	0.227179599	0.196030287
4.91072186	2.181932595	0.225388294	0.195485534
4.912701192	2.170923741	0.223712981	0.194939227
4.914680523	2.159157746	0.221626366	0.194404734
4.916659855	2.1473053	0.219707104	0.193820353
4.918639187	2.135793372	0.218092797	0.193193323
4.920618518	2.123781589	0.216109011	0.192602072
4.92259785	2.11126916	0.214032345	0.191951604
4.924577182	2.099285979	0.212371708	0.191245342
4.926556513	2.086950361	0.210539889	0.19058843
4.928535845	2.074052228	0.208399713	0.189891955
4.930515177	2.061512505	0.206616268	0.189139344
4.932494508	2.049184834	0.20492379	0.188380592
4.93447384	2.036025347	0.20288389	0.187663446
4.936453172	2.023142132	0.20115938	0.186889032
4.938432503	2.010426082	0.199466629	0.186115786
4.940411835	1.997252119	0.197542977	0.185346385
4.942391167	1.983757314	0.195655502	0.184550247
4.944370498	1.970855943	0.19407942	0.183726271
4.94634983	1.957605673	0.192256812	0.182911346
4.948329162	1.943740881	0.190336564	0.182090833
4.950308493	1.930468121	0.188732959	0.181219691
4.952287825	1.917051515	0.18698894	0.180348098
4.954267157	1.902930522	0.184965962	0.179467695
4.956246488	1.889253142	0.183253521	0.178527246
4.95822582	1.875876594	0.18161362	0.177570574
4.960205152	1.861619234	0.179602259	0.17662516
4.962184483	1.847455685	0.177763761	0.175627653
4.964163815	1.83383627	0.176183988	0.174587984
4.966143147	1.819726346	0.17431764	0.173564398
4.968122478	1.805192564	0.172333542	0.172494278
4.97010181	1.791157028	0.170631869	0.171339561
4.972081142	1.776991837	0.168863194	0.170198192
4.974060473	1.762310054	0.166900924	0.169046634
4.976039805	1.748056536	0.165220587	0.167822476
4.978019137	1.733679875	0.163463344	0.166602251
4.979998468	1.718789376	0.161496786	0.165351634
4.9819778	1.704194327	0.159781006	0.164041495
4.983957132	1.689589807	0.158013749	0.162723125
4.985936463	1.674376488	0.155950972	0.161380519
4.987915795	1.659443411	0.154070962	0.159964403
4.989895127	1.644732167	0.152292424	0.158537177
4.991874458	1.629465917	0.150241231	0.157124347
4.99385379	1.614093074	0.148084092	0.155612815
4.995833122	1.599047652	0.146036697	0.154045966
4.997812453	1.584023123	0.143960737	0.152464741
4.999791785	1.569132103	0.14206673	0.150868639
5.001771117	1.554345842	0.14031165	0.149314653
5.003750448	1.539433273	0.138502427	0.147754933
5.00572978	1.524136484	0.136572031	0.146170203
5.007709112	1.508982326	0.134798494	0.144516541
5.009688443	1.493859662	0.133010908	0.142846785
5.011667775	1.478358254	0.131004178	0.141180696
5.013647107	1.462749113	0.128896836	0.139437331
5.015626438	1.447415772	0.126844757	0.137649888
5.01760577	1.432201408	0.124765196	0.135841389
5.019585102	1.417198274	0.122820445	0.134021867
5.021564433	1.402267825	0.12100662	0.132248011
5.023543765	1.387361688	0.119192352	0.130465316
5.025523097	1.37214423	0.117224712	0.12866509
5.027502428	1.356778917	0.115216441	0.126797806
5.02948176	1.341599092	0.113273696	0.124898195
5.031461092	1.326430514	0.111284418	0.122988562
5.033440423	1.311340009	0.109330816	0.121072957
5.035419755	1.296613827	0.10751322	0.119165096
5.037399087	1.282010049	0.105754296	0.117285281
5.039378418	1.26709455	0.103839458	0.115391231
5.04135775	1.252060062	0.101876932	0.113455739
5.043337082	1.23715339	0.099914383	0.111494098
5.045316413	1.222456611	0.097963452	0.109512283
5.047295745	1.207887086	0.096026373	0.1075201
5.049275077	1.193550172	0.094222788	0.105563231
5.051254408	1.179362819	0.092494572	0.103641359
5.05323374	1.165109362	0.090741331	0.101717674
5.055213072	1.150650913	0.088882523	0.099779481
5.057192403	1.136231388	0.087024837	0.097809109
5.059171735	1.122001401	0.085180595	0.095815159
5.061151067	1.107976786	0.083347235	0.093832351
5.063130398	1.094116247	0.081532359	0.091847024
5.06510973	1.080418623	0.079774314	0.089910415
5.067089062	1.066806809	0.078023255	0.087986263
5.069068393	1.053359338	0.076297523	0.086084617
5.071047725	1.039955333	0.074563766	0.084183674
5.073027057	1.026661361	0.072904218	0.08229013
5.075006388	1.013591646	0.071319915	0.080447031
5.07698572	1.000721093	0.069778195	0.07864076
5.078965052	0.987866787	0.068221974	0.076849457
5.080944383	0.975019069	0.066658033	0.0750538
5.082923715	0.96236181	0.065136141	0.073272945
5.084903047	0.949888115	0.06361027	0.071507702
5.086882378	0.937540273	0.062072299	0.069756312
5.08886171	0.925396874	0.060553519	0.068025731
5.090841042	0.913414526	0.059052019	0.066318749
5.092820373	0.901575177	0.057579915	0.064650255
5.094799705	0.889865771	0.056107148	0.063016124
5.096779037	0.878351601	0.054639998	0.061405731
5.098758368	0.867010676	0.053192265	0.059810423
5.1007377	0.855829976	0.051768744	0.058247882
5.102717032	0.84475064	0.050359969	0.056711727
5.104696363	0.833815736	0.048958809	0.055198336
5.106675695	0.823060084	0.047575897	0.053713583
5.108655027	0.812495023	0.046212642	0.052250288
5.110634358	0.802061025	0.04485637	0.050815542
5.11261369	0.791771614	0.043505669	0.049402964
5.114593021	0.781636393	0.042162071	0.04800455
5.116572353	0.771679712	0.040835411	0.046632979
5.118551685	0.761868754	0.03952157	0.04529003
5.120531016	0.75216583	0.038198829	0.043959636
5.122510348	0.74264602	0.03689151	0.042654453
5.12448968	0.733275339	0.035597762	0.04136303
5.126469011	0.72405152	0.034312066	0.040089461
5.128448343	0.714967695	0.033026763	0.038830171
5.130427675	0.706073839	0.031761806	0.037593357
5.132407006	0.697312831	0.030515366	0.036367014
5.134386338	0.688737292	0.029289999	0.035165553
5.13636567	0.680281389	0.028076452	0.033973709
5.138345001	0.671969016	0.026887446	0.032794676
5.140324333	0.663842494	0.025755208	0.031648292
5.142303665	0.655836668	0.024658752	0.030519017
5.144282996	0.648030237	0.023601612	0.02942524
5.146262328	0.640334162	0.02258425	0.028336565
5.14824166	0.632775493	0.021602392	0.02726291
5.150220991	0.625361282	0.020640478	0.026194933
5.152200323	0.618065649	0.019695385	0.025123821
5.154179655	0.610896676	0.018773348	0.024048507
5.156158986	0.603840792	0.017869298	0.022974449
5.158138318	0.596916414	0.016986775	0.02190397
5.16011765	0.59015931	0.016145272	0.020840581
5.162096981	0.583525581	0.015330444	0.019783023
5.164076313	0.577059624	0.014557162	0.018749893
5.166055645	0.570755213	0.013819563	0.017729772
5.168034976	0.564622299	0.013124871	0.016737338
5.170014308	0.558657594	0.012468345	0.01577312
5.17199364	0.552910307	0.011852241	0.014840948
5.173972971	0.547387091	0.011287281	0.013935053
5.175952303	0.542025929	0.010759695	0.013063613
5.177931635	0.53688135	0.010276149	0.012242324
5.179910966	0.531957361	0.009850538	0.011471495
5.181890298	0.527268296	0.009476515	0.010767891
5.18386963	0.522777319	0.00914409	0.010141313
5.185848961	0.518570299	0.008879219	0.009600587
5.187828293	0.514638094	0.008680511	0.009153734
5.189807625	0.510972898	0.008539804	0.008813298
5.191786956	0.507598774	0.00845778	0.008578609
5.193766288	0.504552169	0.008442123	0.008461817
5.19574562	0.501825362	0.008481282	0.00846665
5.197724951	0.499402914	0.008580708	0.008602926
5.199704283	0.497301772	0.008728946	0.008866207
5.201683615	0.495561554	0.008946807	0.009273022
5.203662946	0.494184428	0.009222201	0.009828039
5.205642278	0.493140889	0.009543753	0.010528247
5.20762161	0.49243102	0.009903848	0.011365781
5.209600941	0.492080076	0.010316325	0.012344548
5.211580273	0.492085354	0.010767228	0.01346407
5.213559605	0.492400807	0.011246219	0.014710705
5.215538936	0.493008157	0.011746033	0.016081082
5.217518268	0.493915515	0.012274448	0.017570718
5.2194976	0.495075053	0.012814533	0.019161161
5.221476931	0.496498277	0.013363995	0.020852189
5.223456263	0.498102155	0.013901659	0.022616186
5.225435595	0.499881849	0.01443838	0.024443165
5.227414926	0.501823483	0.014972717	0.026321546
5.229394258	0.503877843	0.015492591	0.028232242
5.23137359	0.505990467	0.015985515	0.03015396
5.233352921	0.508123325	0.016446048	0.032067512
5.235332253	0.510261624	0.016889149	0.033957304
5.237311585	0.512346195	0.017283738	0.035793604
5.239290916	0.514319407	0.017626473	0.037558078
5.241270248	0.516141137	0.017907987	0.039230973
5.24324958	0.517775079	0.018144094	0.040807084
5.245228911	0.519220791	0.018351381	0.042267483
5.247208243	0.520427123	0.018514792	0.043590604
5.249187575	0.521346812	0.018618461	0.04474825
5.251166906	0.521916933	0.018642558	0.045713502
5.253146238	0.522112557	0.018588551	0.046473023
5.25512557	0.521908953	0.018452994	0.047009908
5.257104901	0.521262089	0.018230231	0.04730346
5.259084233	0.520162446	0.017927108	0.047353056
5.261063565	0.518602049	0.017550759	0.047162666
5.263042896	0.516693291	0.017102109	0.046751969
5.265022228	0.514368217	0.016577104	0.046106601
5.26700156	0.511606579	0.015987757	0.045237896
5.268980891	0.508528762	0.015349211	0.04418174
5.270960223	0.505158719	0.014664531	0.042958693
5.272939555	0.501664249	0.013950956	0.041621079
5.274918886	0.498049131	0.013221515	0.040193753
5.276898218	0.494413167	0.012492802	0.038716836
5.27887755	0.490848364	0.011774664	0.03723557
5.280856881	0.487463465	0.011079069	0.035793056
5.282836213	0.484343044	0.010415671	0.034427104
5.284815545	0.481564387	0.009800935	0.033171835
5.286794876	0.479190939	0.009247515	0.03205726
5.288774208	0.477301117	0.008760443	0.031115967
5.29075354	0.475932141	0.008339078	0.03036793
5.292732871	0.475133979	0.007985333	0.029833776
5.294712203	0.474938463	0.007717899	0.029533494
5.296691535	0.475404065	0.007539447	0.029481522
5.298670866	0.476484546	0.007441585	0.029669874
5.300650198	0.478222455	0.007413609	0.030097355
5.30262953	0.480540864	0.00745726	0.0307525
5.304608861	0.483471881	0.007574674	0.031643755
5.306588193	0.486979397	0.007768997	0.032755599
5.308567525	0.490988147	0.008044443	0.034081988
5.310546856	0.495541107	0.008400269	0.035614305
5.312526188	0.500532292	0.008807032	0.037307072
5.31450552	0.505904641	0.009252013	0.039132641
5.316484851	0.511627168	0.009730873	0.041071843
5.318464183	0.517659778	0.010241449	0.043106681
5.320443515	0.523936631	0.010774548	0.045207819
5.322422846	0.530425852	0.01132537	0.047361982
5.324402178	0.537065207	0.0118808	0.04953952
5.32638151	0.543829228	0.012437187	0.05172486
5.328360841	0.550667199	0.012987821	0.05389961
5.330340173	0.557537562	0.013527451	0.056030823
5.332319505	0.564378761	0.014053756	0.058107876
5.334298836	0.571161315	0.014557224	0.060118487
5.336278168	0.577828774	0.015023203	0.062045912
5.3382575	0.584341682	0.015458722	0.063859376
5.340236831	0.590643133	0.015857266	0.065538932
5.342216163	0.596707523	0.016215865	0.06707407
5.344195495	0.602518928	0.01653304	0.068452821
5.346174826	0.608034583	0.016804624	0.069655613
5.348154158	0.61322297	0.017027226	0.07066874
5.35013349	0.618079716	0.017198448	0.071488882
5.352112821	0.622628159	0.017326136	0.072124828
5.354092153	0.626862825	0.017407635	0.072571181
5.356071485	0.630796443	0.017437409	0.072834351
5.358050816	0.634490497	0.017425242	0.07294116
5.360030148	0.637978381	0.017382091	0.072910779
5.36200948	0.641319947	0.017315647	0.07277266
5.363988811	0.644574744	0.017229395	0.072554714
5.365968143	0.647840524	0.017135554	0.072300465
5.367947475	0.651209961	0.017049907	0.072051961
5.369926806	0.654743443	0.01698209	0.071840446
5.371906138	0.658519708	0.016944729	0.071700314
5.37388547	0.662600763	0.016945568	0.071660575
5.375864801	0.667046313	0.016989025	0.071746566
5.377844133	0.67190069	0.017087762	0.07197658
5.379823465	0.677169893	0.017242639	0.072357125
5.381802796	0.682885862	0.0174543	0.072899142
5.383782128	0.68903971	0.017720481	0.073599967
5.38576146	0.695619145	0.01804383	0.074456106
5.387740791	0.702598354	0.018420329	0.075455118
5.389720123	0.709944488	0.018841077	0.076578267
5.391699455	0.717596072	0.019304281	0.077800048
5.393678786	0.725508707	0.019809267	0.079095678
5.395658118	0.733633857	0.020348088	0.080445542
5.39763745	0.741939502	0.020911113	0.08183104
5.399616781	0.750387357	0.021486915	0.083246753
5.401596113	0.75892945	0.022077145	0.084652089
5.403575445	0.767499831	0.02267191	0.086034136
5.405554776	0.776099844	0.023282071	0.087392419
5.407534108	0.784663551	0.023919969	0.088723619
5.40951344	0.793180456	0.024566394	0.090005218
5.411492771	0.801601843	0.025209853	0.091215854
5.413472103	0.809967701	0.025853176	0.092358705
5.415451435	0.818201677	0.026506806	0.093417093
5.417430766	0.826350965	0.027158466	0.094387061
5.419410098	0.834400147	0.027808763	0.095268089
5.42138943	0.84235965	0.028452483	0.096058923
5.423368761	0.850234731	0.02909164	0.096764179
5.425348093	0.858050056	0.029725502	0.097395311
5.427327425	0.865833323	0.030356395	0.097963969
5.429306756	0.873597832	0.030982116	0.098474984
5.431286088	0.881325607	0.031602355	0.098927983
5.43326542	0.889051866	0.0322239	0.099337014
5.435244751	0.896791548	0.032851307	0.099710694
5.437224083	0.904579678	0.033488279	0.100064461
5.439203415	0.912436088	0.034139281	0.100407319
5.441182746	0.920387766	0.034806868	0.100749832
5.443162078	0.928443697	0.035493471	0.101097094
5.445141409	0.936627462	0.036205398	0.101462283
5.447120741	0.944950056	0.036947145	0.1018554
5.449100073	0.953436256	0.037722718	0.102287649
5.451079404	0.962128679	0.038538885	0.102772897
5.453058736	0.971055688	0.039403575	0.103324714
5.455038068	0.980206308	0.040320182	0.103942633
5.457017399	0.989629102	0.041293937	0.104641185
5.458996731	0.9993518	0.042329061	0.105440785
5.460976063	1.009343287	0.043423493	0.106334744
5.462955394	1.019645002	0.044572694	0.107349562
5.464934726	1.030253401	0.045784086	0.108480121
5.466914058	1.04115497	0.047061222	0.109708422
5.468893389	1.052324657	0.048396037	0.111028459
5.470872721	1.063731948	0.04979146	0.112433327
5.472852053	1.075357266	0.051245899	0.113915133
5.474831384	1.087186227	0.052748488	0.115465134
5.476810716	1.099182064	0.05430116	0.117066544
5.478790048	1.111309607	0.055898848	0.118699672
5.480769379	1.123527264	0.057529095	0.120347122
5.482748711	1.135808585	0.05918378	0.121995359
5.484728043	1.148107146	0.060851204	0.123620078
5.486707374	1.160376586	0.0625257	0.125209382
5.488686706	1.172583956	0.064204105	0.126746836
5.490666038	1.184700212	0.065878372	0.128220158
5.492645369	1.196709842	0.067545148	0.129617
5.494624701	1.208589855	0.069197808	0.130928752
5.496604033	1.220309002	0.070828917	0.132146923
5.498583364	1.231805118	0.072403468	0.133247524
5.500562696	1.24312217	0.073997113	0.134281298
5.502542028	1.254215346	0.075585019	0.135220405
5.504521359	1.265104645	0.077149822	0.136046546
5.506500691	1.275798791	0.078680694	0.136753933
5.508480023	1.286301638	0.080183316	0.137347028
5.510459354	1.296637397	0.081665857	0.137834906
5.512438686	1.306838651	0.083133701	0.138233218
5.514418018	1.316935172	0.084589926	0.138558904
5.516397349	1.32695665	0.086040838	0.138824375
5.518376681	1.336919332	0.087490081	0.13903722
5.520356013	1.34684632	0.088939072	0.139220305
5.522335344	1.356777243	0.09039766	0.139395641
5.524314676	1.366722746	0.091870876	0.139575712
5.526294008	1.376706137	0.093380657	0.139783081
5.528273339	1.386731956	0.09491277	0.139995244
5.530252671	1.396812646	0.096449637	0.14021558
5.532232003	1.406971393	0.097994132	0.140447827
5.534211334	1.417203143	0.099560455	0.140687468
5.536190666	1.427511165	0.101157276	0.1409363
5.538169998	1.437904835	0.102782288	0.141202164
5.540149329	1.448370355	0.104436715	0.141487764
5.542128661	1.458915975	0.106121314	0.141797163
5.544107993	1.469550173	0.107838523	0.142135803
5.546087324	1.480280461	0.10958871	0.14250965
5.548066656	1.491111741	0.111376556	0.142921222
5.550045988	1.50204761	0.113206346	0.143373064
5.552025319	1.513089862	0.115077978	0.143869519
5.554004651	1.524254195	0.116995692	0.144420661
5.555983983	1.535524574	0.118962344	0.145032188
5.557963314	1.546923759	0.121000197	0.145709176
5.559942646	1.558441903	0.123080335	0.146431181
5.561921978	1.570066691	0.125192378	0.14719307
5.563901309	1.581787375	0.127334891	0.147990994
5.565880641	1.593585423	0.129507475	0.148820248
5.567859973	1.605441302	0.131706583	0.149672259
5.569839304	1.617334398	0.133931335	0.15053724
5.571818636	1.629241016	0.13617127	0.151405219
5.573797968	1.641131914	0.138417241	0.152264539
5.575777299	1.652988631	0.140664539	0.153105226
5.577756631	1.664782316	0.142903707	0.153915298
5.579735963	1.676498886	0.14512966	0.154688839
5.581715294	1.688104862	0.147334274	0.155411585
5.583694626	1.699592176	0.149514497	0.156080718
5.585673958	1.710951132	0.151668412	0.156691805
5.587653289	1.722168142	0.15379285	0.157245809
5.589632621	1.733222455	0.155876028	0.157733736
5.591611953	1.744138819	0.157950091	0.158176552
5.593591284	1.754923867	0.159999171	0.158562572
5.595570616	1.765567034	0.162008546	0.158881014
5.597549948	1.776073078	0.16397719	0.159132844
5.599529279	1.7864526	0.165905397	0.159326761
5.601508611	1.796714233	0.167799917	0.159473143
5.603487943	1.806877867	0.169668747	0.159582332
5.605467274	1.816953517	0.171515098	0.159656787
5.607446606	1.826962019	0.173338413	0.159710333
5.609425938	1.83691286	0.17513901	0.159752729
5.611405269	1.84680823	0.176922214	0.159774687
5.613384601	1.856662312	0.178700727	0.159776171
5.615363933	1.866479821	0.180476975	0.159773328
5.617343264	1.876256971	0.182252526	0.159775764
5.619322596	1.885984492	0.18401818	0.159775483
5.621301928	1.895687031	0.185806252	0.159801745
5.623281259	1.905373303	0.187604583	0.159835154
5.625260591	1.915024767	0.189397897	0.159865782
5.627239923	1.924636533	0.191176093	0.159887596
5.629219254	1.934200461	0.19294076	0.159900817
5.631198586	1.943727524	0.194694177	0.15990803
5.633177918	1.953210361	0.196437965	0.159911479
5.635157249	1.962651204	0.19817405	0.159915173
5.637136581	1.972046919	0.199900754	0.159921543
5.639115913	1.981394348	0.201618154	0.15992954
5.641095244	1.990692187	0.203344485	0.159948854
5.643074576	1.999956434	0.205078868	0.159976184
5.645053908	2.009174944	0.206798191	0.159995316
5.647033239	2.018336066	0.208489099	0.160000113
5.649012571	2.027428631	0.210152084	0.159988035
5.650991903	2.036444024	0.21178938	0.159960314
5.652971234	2.045394394	0.213401343	0.159918833
5.654950566	2.054262179	0.214989712	0.15986455
5.656929898	2.06305228	0.216560339	0.159800995
5.658909229	2.071771777	0.218129744	0.159738428
5.660888561	2.080419015	0.219682414	0.159661982
5.662867893	2.088981382	0.221203622	0.15956376
5.664847224	2.097444986	0.222683972	0.159438942
5.666826556	2.105809152	0.224123976	0.159287483
5.668805888	2.114075604	0.225528216	0.159115956
5.670785219	2.122246404	0.226913745	0.158932454
5.672764551	2.130341632	0.228293795	0.158745653
5.674743883	2.138358854	0.229652416	0.158543612
5.676723214	2.146284769	0.230980679	0.158324914
5.678702546	2.15412731	0.232291579	0.158096353
5.680681878	2.16189199	0.233594582	0.157857748
5.682661209	2.169594066	0.234888009	0.157610308
5.684640541	2.177232283	0.236180894	0.157357174
5.686619873	2.184793488	0.23749767	0.157106485
5.688599204	2.19226718	0.238986594	0.156932914
5.690578536	2.199822269	0.240939124	0.156957452
5.692557868	2.207632496	0.243304786	0.157130723
5.694537199	2.215159016	0.245582759	0.157280043
5.696516531	2.222114984	0.247569148	0.157301162
5.698495863	2.228601184	0.249331786	0.157205007
5.700475194	2.234684685	0.250886763	0.15704256
5.702454526	2.240611587	0.252353521	0.156843072
5.704433858	2.24638936	0.253679746	0.156637605
5.706413189	2.252109185	0.254908164	0.156421268
5.708392521	2.257784231	0.256015248	0.156203253
5.710371853	2.263326391	0.257029048	0.156005914
5.712351184	2.269027736	0.258059975	0.155813593
5.714330516	2.274558854	0.258931129	0.155642249
5.716309848	2.280037404	0.259765542	0.155487001
5.718289179	2.285601208	0.260588066	0.155337471
5.720268511	2.290998643	0.26130117	0.155209597
5.722247843	2.29649273	0.262082009	0.155084718
5.724227174	2.302004738	0.262828229	0.154979108
5.726206506	2.30739071	0.263564555	0.154895332
5.728185838	2.312893767	0.264366901	0.154819319
5.730165169	2.318055356	0.26498086	0.154766183
5.732144501	2.323197446	0.265624373	0.154710593
5.734123833	2.328410065	0.26628889	0.154650837
5.736103164	2.333331522	0.266789191	0.154613897
5.738082496	2.338333893	0.267399133	0.154569865
5.740061828	2.343335933	0.267987058	0.154536551
5.742041159	2.348023537	0.268502756	0.154533204
5.744020491	2.353009603	0.269203341	0.154524608
5.745999823	2.357567988	0.269653078	0.154561038
5.747979154	2.3620077	0.270122651	0.154589596
5.749958486	2.366647618	0.270697271	0.15462167
5.751937818	2.370850519	0.271027127	0.154700422
5.753917149	2.375112253	0.271475276	0.154782268
5.755896481	2.379559712	0.272012427	0.15488282
5.757875813	2.383473695	0.272274777	0.155026784
5.759855144	2.387656225	0.272761585	0.155181255
5.761834476	2.391808908	0.273234924	0.155380065
5.763813808	2.395650354	0.273619749	0.155640394
5.765793139	2.399833051	0.274258336	0.155899965
5.767772471	2.403461655	0.274606626	0.156248462
5.769751803	2.407178308	0.275024993	0.156596553
5.771731134	2.411119031	0.275602452	0.156973641
5.773710466	2.414483211	0.275880302	0.157439028
5.775689797	2.417995811	0.276294017	0.157907295
5.777669129	2.421723565	0.276853463	0.158408466
5.779648461	2.424877044	0.277100713	0.158990631
5.781627792	2.428283646	0.277584645	0.15956333
5.783607124	2.43176911	0.278097693	0.16018743
5.785586456	2.434630016	0.278351287	0.16087773
5.787565787	2.438017865	0.278969719	0.161556817
5.789545119	2.441049423	0.279379744	0.162305304
5.791524451	2.443803054	0.279772983	0.163076952
5.793503782	2.44695251	0.280414086	0.16384315
5.795483114	2.449326575	0.280630155	0.164694371
5.797462446	2.451610549	0.280866461	0.165506151
5.799441777	2.454362826	0.281400868	0.166328418
5.801421109	2.456522141	0.281574276	0.167254422
5.803400441	2.458314379	0.281644422	0.168085547
5.805379772	2.460762178	0.282137516	0.168943566
5.807359104	2.462521883	0.282233212	0.169892816
5.809338436	2.46408306	0.282341614	0.170800999
5.811317767	2.466103141	0.282748484	0.171684236
5.813297099	2.467416613	0.282766268	0.172648317
5.815276431	2.468544551	0.282874994	0.173590617
5.817255762	2.470131249	0.283224872	0.174503171
5.819235094	2.4709098	0.283139526	0.175470133
5.821214426	2.471562796	0.283213989	0.176409392
5.823193757	2.472613121	0.28347067	0.177339421
5.825173089	2.472821349	0.283300564	0.178321577
5.827152421	2.472979729	0.283334522	0.179262021
5.829131752	2.473390873	0.283434584	0.180203793
5.831111084	2.473050919	0.283152234	0.181161607
5.833090416	2.472533116	0.282943988	0.182083625
5.835069747	2.472530509	0.283074294	0.182993993
5.837049079	2.471525822	0.282608513	0.183945532
5.839028411	2.470464821	0.282349082	0.184837875
5.841007742	2.469878963	0.282421277	0.185718822
5.842987074	2.468313971	0.281838819	0.186654876
5.844966406	2.466387139	0.281278677	0.187520759
5.846945737	2.46513136	0.281101122	0.188326036
5.848925069	2.46308851	0.280593522	0.189218114
5.850904401	2.460553892	0.279857075	0.190044766
5.852883732	2.458580208	0.27955563	0.190810853
5.854863064	2.456172089	0.278967896	0.191617749
5.856842396	2.45285926	0.278081391	0.192417967
5.858821727	2.450036329	0.277600908	0.193130468
5.860801059	2.447174368	0.277043152	0.193842248
5.862780391	2.443210161	0.275974558	0.19456667
5.864759722	2.439495807	0.275265262	0.195210144
5.866739054	2.43602431	0.274673591	0.195841478
5.868718386	2.431529405	0.273536558	0.196489888
5.870697717	2.426954756	0.272574902	0.197047993
5.872677049	2.422635208	0.271830824	0.197561473
5.874656381	2.417550086	0.270696168	0.19811993
5.876635712	2.412060891	0.269493143	0.198578921
5.878615044	2.407025019	0.268631478	0.198961238
5.880594376	2.401317851	0.26734857	0.199354274
5.882573707	2.394831045	0.265952129	0.1997054
5.884553039	2.38887863	0.26488695	0.19994631
5.886532371	2.382567939	0.263584547	0.200181892
5.888511702	2.375158874	0.261870799	0.200377814
5.890491034	2.368214339	0.260558394	0.200460426
5.892470366	2.361197464	0.259214307	0.200532155
5.894449697	2.353227999	0.257369188	0.200587257
5.896429029	2.345182828	0.255790297	0.200528203
5.898408361	2.337331698	0.254374426	0.200461829
5.900387692	2.328864146	0.252502652	0.200391168
5.902367024	2.31996264	0.250712394	0.200235647
5.904346356	2.311506249	0.249225087	0.200021359
5.906325687	2.302316622	0.247321712	0.199839774
5.908305019	2.292580165	0.245351994	0.199594685
5.910284351	2.283412017	0.243772329	0.199274847
5.912263682	2.273894477	0.241973823	0.198978039
5.914243014	2.263446349	0.239833098	0.19866307
5.916222346	2.253419482	0.238102324	0.198274862
5.918201677	2.243529214	0.236402686	0.197872774
5.920181009	2.232679813	0.234272355	0.197492663
5.922160341	2.221959721	0.232381619	0.197038663
5.924139672	2.211520846	0.230779326	0.196579794
5.926119004	2.200524191	0.228766293	0.196144732
5.928098336	2.18906481	0.226735021	0.195659497
5.930077667	2.178190706	0.225117929	0.195119488
5.932056999	2.16687222	0.223252143	0.194633301
5.934036331	2.154930533	0.221138791	0.194111822
5.936015662	2.143354085	0.219417014	0.193509684
5.937994994	2.131891267	0.217721995	0.192939158
5.939974326	2.119714598	0.215651441	0.192349406
5.941953657	2.107459833	0.213778293	0.191722289
5.943932989	2.095671734	0.212192849	0.191052531
5.945912321	2.083277165	0.210201268	0.190408396
5.947891652	2.070505403	0.208221196	0.189727448
5.949870984	2.058186783	0.206637764	0.189002333
5.951850316	2.045636538	0.204826369	0.188313502
5.953829647	2.032479709	0.202779146	0.187598035
5.955808979	2.019793663	0.201061718	0.186808779
5.957788311	2.007076208	0.199416298	0.186060308
5.959767642	1.993665566	0.19737553	0.185306948
5.961746974	1.980553576	0.195679756	0.184511091
5.963726306	1.967613933	0.194051317	0.183706545
5.965705637	1.95402612	0.192077883	0.18290506
5.967684969	1.940569518	0.190342038	0.182046056
5.969664301	1.927402863	0.188761723	0.181174507
5.971643632	1.913525674	0.186785601	0.180319205
5.973622964	1.899662163	0.18494435	0.179396947
5.975602296	1.886245937	0.183360349	0.178440305
5.977581627	1.872167857	0.181423313	0.17750867
5.979560959	1.8578755	0.179397143	0.176511256
5.981540291	1.844074644	0.177716095	0.175453902
5.983519622	1.830163387	0.175961181	0.174418634
5.985498954	1.815613144	0.173903775	0.173349654
5.987478286	1.801359237	0.171996636	0.172192178
5.989457617	1.787303629	0.170276068	0.171005399
5.991436949	1.772723386	0.168327861	0.169844501
5.993416281	1.758380623	0.166587669	0.168617886
5.995395612	1.744025341	0.164877069	0.16737121
5.997374944	1.729169673	0.16292964	0.166114087
5.999354276	1.714361255	0.161106116	0.164789461
6.001333607	1.699743925	0.159369697	0.163434326
6.003312939	1.684548587	0.157329205	0.162077952
6.005292271	1.669380128	0.155361733	0.160652124
6.007271602	1.654586567	0.153577278	0.159187893
6.009250934	1.639342283	0.151533814	0.157741927
6.011230266	1.623835287	0.149351595	0.156233807
6.013209597	1.608589069	0.147266657	0.154649941
6.015188929	1.5934298	0.145146469	0.153039127
6.017168261	1.578409454	0.143167847	0.15143225
6.019147592	1.563536857	0.141363551	0.149840725
6.021126924	1.548642236	0.139576548	0.148253652
6.023106256	1.533309563	0.137613967	0.146661878
6.025085587	1.518061856	0.135786512	0.145005639
6.027064919	1.502938235	0.134026805	0.143332509
6.029044251	1.48743584	0.132013259	0.141664134
6.031023582	1.471847509	0.129933802	0.139933886
6.033002914	1.456512113	0.127893582	0.138157248
6.034982246	1.441296378	0.125832721	0.136370139
6.036961577	1.426242262	0.123887254	0.134569762
6.038940909	1.41135499	0.122083348	0.132812863
6.040920241	1.396581087	0.120309215	0.131061828
6.042899572	1.381390247	0.118357535	0.129283663
6.044878904	1.36613316	0.11639088	0.127462038
6.046858236	1.351075231	0.114493439	0.125612765
6.048837567	1.335996915	0.112545877	0.123755313
6.050816899	1.321039538	0.110630204	0.121891321
6.052796231	1.306447496	0.108856065	0.120037825
6.054775562	1.291942935	0.107123034	0.118214005
6.056754894	1.277154523	0.105243488	0.1163771
6.058734226	1.262357954	0.103352346	0.114512999
6.060713557	1.247660972	0.101494658	0.112635348
6.062692889	1.233082078	0.099599028	0.110743176
6.064672221	1.218640242	0.097725381	0.108850875
6.066651552	1.204513902	0.095976844	0.106971022
6.068630884	1.19052891	0.0943033	0.105145634
6.070610216	1.176441071	0.092560829	0.103310173
6.072589547	1.162250227	0.090776035	0.101465105
6.074568879	1.148114947	0.088975498	0.099594448
6.076548211	1.134159623	0.087188411	0.097703539
6.078527542	1.120305385	0.085377027	0.095793687
6.080506874	1.106686248	0.08364064	0.093913269
6.082486206	1.093216429	0.081971808	0.09206877
6.084465537	1.079954371	0.080378121	0.09025488
6.086444869	1.066596822	0.078725154	0.088446261
6.088424201	1.053166205	0.077042317	0.086622234
6.090403532	1.039825217	0.075369607	0.084776025
6.092382864	1.026699526	0.073706068	0.082919066
6.094362196	1.0137239	0.072045413	0.081080249
6.096341527	1.000892362	0.070402028	0.079250146
6.098320859	0.988178969	0.068767305	0.077442462
6.10030019	0.975531594	0.067128766	0.075636424
6.102279522	0.963026197	0.065483078	0.073860351
6.104258854	0.950620812	0.063838832	0.0720848
6.106238185	0.938316544	0.062200631	0.070308746
6.108217517	0.926168866	0.06058322	0.068552968
6.110196849	0.914152743	0.058998868	0.066824162
6.11217618	0.902241884	0.057424703	0.065115791
6.114155512	0.890447199	0.055867192	0.063434202
6.116134844	0.878774795	0.05432158	0.061769499
6.118114175	0.867213467	0.052788337	0.060120132
6.120093507	0.855825327	0.051294238	0.058496104
6.122072839	0.844558145	0.04982289	0.056898417
6.12405217	0.833417177	0.048362124	0.055319021
6.126031502	0.822441232	0.046921003	0.053755921
6.128010834	0.811642235	0.045506517	0.052205607
6.129990165	0.800986083	0.044104601	0.050673411
6.131969497	0.790429639	0.042702984	0.049147597
6.133948829	0.780044435	0.041316575	0.047637108
6.13592816	0.76984124	0.039958994	0.046149729
6.137907492	0.759791776	0.038615657	0.044690792
6.139886824	0.749862405	0.03728055	0.043242667
6.141866155	0.740188864	0.035981276	0.041836868
6.143845487	0.730611368	0.034692433	0.040434509
6.145824819	0.721209907	0.033424156	0.039066489
6.14780415	0.71198772	0.032175983	0.037721958
6.149783482	0.702934765	0.030944964	0.03639691
6.151762814	0.694026289	0.029736759	0.03508895
6.153742145	0.685289207	0.028550671	0.03381027
6.155721477	0.676708427	0.027378282	0.032552826
6.157700809	0.668284172	0.026227805	0.031308836
6.15968014	0.660066417	0.0251064	0.030093878
6.161659472	0.65198671	0.023995321	0.028896294
6.163638804	0.644046631	0.022904085	0.027713325
6.165618135	0.636296951	0.021851268	0.026558292
6.167597467	0.628664958	0.020811225	0.025415799
6.169576799	0.621223052	0.019809979	0.024320689
6.17155613	0.613913171	0.018882799	0.023271262
6.173535462	0.606732121	0.018047045	0.022276086
6.175514794	0.599926996	0.017287849	0.021364477
6.177494125	0.593305557	0.01655302	0.020473059
6.179473457	0.586712034	0.015822988	0.019563494
6.181452789	0.580318568	0.015119667	0.018692339
6.18343212	0.574138613	0.014448528	0.017861461
6.185411452	0.568189998	0.013829354	0.017080506
6.187390784	0.56245963	0.013252671	0.016353632
6.189370115	0.55698705	0.012718361	0.015690807
6.191349447	0.55177385	0.012232649	0.015081017
6.193328779	0.546851824	0.01180175	0.01452908
6.19530811	0.542119865	0.011409036	0.014035191
6.197287442	0.537640458	0.01106063	0.013600507
6.199266774	0.533407879	0.010768723	0.013230656
6.201246105	0.529404569	0.010513572	0.012928324
6.203225437	0.525585874	0.010284715	0.012684652
6.205204769	0.522016522	0.010110864	0.012503844
6.2071841	0.518629429	0.009977245	0.012375053
6.209163432	0.515407096	0.00986996	0.012296178
6.211142764	0.512373547	0.00979156	0.01226193
6.213122095	0.509523799	0.009750304	0.012272907
6.215101427	0.506820272	0.009724021	0.012319949
6.217080759	0.504246845	0.009715707	0.012404876
6.21906009	0.501820792	0.009731067	0.012527424
6.221039422	0.499586577	0.009780087	0.012698107
6.223018754	0.497499706	0.009847297	0.012911831
6.224998085	0.495548462	0.00992566	0.013171204
6.226977417	0.493771135	0.010018713	0.013481258
6.228956749	0.492188297	0.010141348	0.013846652
6.23093608	0.490805565	0.010285322	0.014276537
6.232915412	0.489600363	0.010438947	0.014768815
6.234894744	0.488594084	0.010606754	0.015334517
6.236874075	0.487827049	0.010806056	0.015985758
6.238853407	0.487286572	0.01102294	0.016721128
6.240832739	0.486976325	0.011255252	0.017545262
6.24281207	0.486876768	0.011500149	0.018462254
6.244791402	0.487043092	0.011770739	0.019474468
6.246770734	0.487467434	0.012065174	0.020579796
6.248750065	0.48810324	0.012373681	0.021773229
6.250729397	0.488938115	0.012689295	0.023047486
6.252708729	0.489998464	0.013021698	0.024405979
6.25468806	0.491260548	0.01337106	0.025837559
6.256667392	0.492708173	0.013723746	0.02733151
6.258646724	0.49428646	0.01406494	0.028861201
6.260626055	0.495964312	0.014385977	0.030424486
6.262605387	0.497758212	0.014711897	0.032022003
6.264584719	0.49960231	0.015043902	0.033625201
6.26656405	0.50148246	0.015366068	0.035223455
6.268543382	0.503354201	0.015674719	0.036798268
6.270522714	0.505166422	0.015960283	0.038327261
6.272502045	0.506885806	0.016214354	0.039782804
6.274481377	0.50846903	0.016420722	0.041137978
6.276460709	0.509864967	0.016573577	0.042369063
6.27844004	0.511029044	0.016672761	0.043456619
6.280419372	0.51193131	0.016710679	0.04438647
6.282398704	0.512562613	0.016690781	0.045150493
6.284378035	0.512852801	0.016602455	0.04572028
6.286357367	0.512793538	0.016451126	0.046092366
6.288336699	0.512390955	0.016236547	0.046264461
6.29031603	0.511616254	0.015960646	0.046226629
6.292295362	0.510478769	0.015617386	0.04597839
6.294274694	0.509004643	0.015209483	0.045529275
6.296254025	0.507162386	0.014739843	0.04487797
6.298233357	0.505087087	0.014229776	0.0440711
6.300212689	0.502803451	0.013684886	0.043126954
6.30219202	0.500370168	0.013111219	0.042073137
6.304171352	0.497869403	0.012527849	0.040946788
6.306150684	0.495401474	0.011947698	0.039791802
6.308130015	0.493050627	0.011383285	0.038649225
6.310109347	0.490908303	0.010846418	0.037560411
6.312088679	0.489054672	0.010343371	0.036562313
6.31406801	0.487568965	0.009888638	0.035692704
6.316047342	0.486518703	0.009489681	0.034980002
6.318026674	0.48596791	0.009158693	0.034453319
6.320006005	0.485947906	0.008896076	0.034127803
6.321985337	0.486500722	0.008701005	0.034020669
6.323964669	0.487642787	0.0085854	0.034146499
6.325944	0.489412919	0.008546315	0.034509716
6.327923332	0.491785138	0.008574337	0.035098159
6.329902664	0.494707857	0.008671093	0.035904775
6.331881995	0.498213469	0.008838855	0.036936874
6.333861327	0.502251473	0.009066806	0.038169632
6.335840659	0.506814563	0.009349318	0.039590076
6.33781999	0.511818339	0.009689289	0.041176775
6.339799322	0.517260343	0.010077372	0.042914565
6.341778654	0.523039837	0.01049589	0.044761562
6.343757985	0.52911405	0.010932126	0.046701295
6.345737317	0.535458543	0.011386927	0.048715189
6.347716649	0.542000998	0.01186315	0.050782179
6.34969598	0.548663246	0.012327969	0.052858046
6.351675312	0.55544953	0.012835117	0.054977399
6.353654644	0.562295338	0.013361444	0.05710402
6.355633975	0.569146895	0.013874394	0.059206524
6.357613307	0.575959598	0.014384847	0.061254198
6.359592639	0.582662481	0.014855007	0.063203335
6.36157197	0.58923818	0.015306619	0.065055094
6.363551302	0.595642161	0.015731228	0.066782422
6.365530634	0.60182654	0.01612071	0.06836482
6.367509965	0.607792618	0.016471113	0.069795511
6.369489297	0.613496426	0.0167778	0.071059114
6.371468629	0.618908527	0.017039707	0.072140539
6.37344796	0.624014194	0.017255555	0.073035148
6.375427292	0.628808641	0.017418442	0.073738272
6.377406624	0.633265306	0.017525452	0.07424115
6.379385955	0.63741303	0.017581491	0.07455287
6.381365287	0.641252236	0.017589853	0.074677648
6.383344619	0.644845792	0.017555811	0.074636964
6.38532395	0.64819941	0.017479179	0.074437065
6.387303282	0.651343898	0.017363862	0.074094723
6.389282614	0.65436559	0.017226384	0.073649196
6.391261945	0.657333212	0.017078639	0.073127127
6.393241277	0.66030858	0.016930178	0.07256124
6.395220609	0.663383317	0.016787517	0.071989478
6.39719994	0.666621059	0.016666864	0.071443146
6.399179272	0.670105794	0.016578593	0.070964249
6.401158604	0.673911412	0.01653077	0.070585085
6.403137935	0.678118316	0.016536674	0.070345052
6.405117267	0.682788086	0.016605662	0.07027202
6.407096599	0.687957744	0.016737344	0.070382989
6.40907593	0.693662298	0.016938135	0.070695281
6.411055262	0.699908031	0.017214019	0.07121316
6.413034594	0.706709579	0.017571144	0.07193819
6.415013925	0.714041543	0.018006696	0.072866565
6.416993257	0.721898498	0.018520557	0.073992706
6.418972589	0.730271722	0.019101663	0.075319679
6.42095192	0.739105114	0.01975159	0.076802289
6.422931252	0.748352521	0.020468788	0.078434113
6.424910584	0.757948691	0.021240068	0.080180941
6.426889915	0.767841837	0.022052356	0.0820235
6.428869247	0.777980892	0.022907188	0.083945021
6.430848578	0.788335257	0.023807969	0.085928701
6.43282791	0.798807604	0.024739011	0.087937319
6.434807242	0.80936528	0.02568417	0.089951801
6.436786573	0.819936817	0.026639088	0.091954707
6.438765905	0.83049096	0.02763633	0.093947307
6.440745237	0.840960073	0.028647039	0.095883332
6.442724568	0.851336265	0.029660736	0.097743001
6.4447039	0.861586052	0.030666603	0.099507106
6.446683232	0.87167792	0.03165835	0.101154786
6.448662563	0.881587099	0.032632336	0.102672079
6.450641895	0.891284399	0.033583325	0.104045208
6.452621227	0.900732322	0.034508926	0.105265828
6.454600558	0.909982803	0.035409951	0.106347717
6.45657989	0.918995183	0.036278909	0.107278933
6.458559222	0.927762614	0.037113272	0.108055025
6.460538553	0.936292023	0.037913414	0.108683902
6.462517885	0.944614393	0.038681781	0.109175466
6.464497217	0.95274247	0.039418416	0.109535926
6.466476548	0.960702964	0.040124469	0.109781769
6.46845588	0.968547085	0.040808674	0.109929434
6.470435212	0.976281099	0.041471886	0.109986319
6.472414543	0.983947672	0.042128202	0.109972471
6.474393875	0.991608561	0.042787426	0.109909775
6.476373207	0.999319006	0.043456193	0.109822778
6.478352538	1.007137759	0.044152626	0.10974753
6.48033187	1.015110329	0.04488125	0.10970849
6.482311202	1.023303984	0.045646617	0.109747113
6.484290533	1.031738677	0.046463776	0.109876637
6.486269865	1.040472225	0.047349094	0.110110839
6.488249197	1.049523243	0.048303675	0.11046859
6.490228528	1.05893758	0.049334736	0.110964486
6.49220786	1.068708069	0.050445483	0.111598193
6.494187192	1.078852643	0.051638083	0.112379879
6.496166523	1.089358016	0.052916894	0.113302359
6.498145855	1.100193729	0.054274972	0.114351531
6.500125187	1.111357276	0.055710347	0.11552423
6.502104518	1.122805157	0.057216507	0.116807165
6.50408385	1.134518379	0.058790724	0.11818525
6.506063182	1.146454604	0.060423776	0.11964177
6.508042513	1.158577202	0.062106127	0.121157493
6.510021845	1.17082395	0.063827391	0.122710563
6.512001177	1.183162503	0.065582966	0.124282136
6.513980508	1.195543148	0.06736356	0.125847894
6.51595984	1.207919677	0.069159581	0.127390384
6.517939172	1.220264537	0.07096433	0.128897017
6.519918503	1.232548619	0.072770022	0.130350428
6.521897835	1.24472785	0.074569355	0.13173628
6.523877167	1.256780327	0.076360508	0.133043602
6.525856498	1.268676038	0.0781355	0.134261016
6.52783583	1.280399566	0.079888252	0.135378979
6.529815162	1.291942331	0.081612092	0.136391354
6.531794493	1.303300863	0.08330425	0.137298159
6.533773825	1.314483574	0.084968725	0.138102206
6.535753157	1.325502055	0.086610156	0.138808036
6.537732488	1.336361255	0.088233897	0.139416434
6.53971182	1.347080271	0.089839283	0.139944521
6.541691152	1.357669932	0.091425293	0.140401696
6.543670483	1.368165852	0.093003383	0.140802616
6.545649815	1.378595251	0.094579324	0.141163241
6.547629147	1.388993484	0.096165367	0.141502832
6.549608478	1.399373924	0.097755227	0.141841047
6.55158781	1.409772379	0.099375866	0.142191769
6.553567142	1.420203174	0.101014896	0.142536122
6.555546473	1.430663521	0.102670118	0.142870479
6.557525805	1.441173469	0.104338529	0.143207612
6.559505137	1.451743887	0.106024373	0.143557574
6.561484468	1.462378095	0.107735251	0.143925029
6.5634638	1.473077826	0.109475281	0.144313013
6.565443132	1.483852338	0.111243141	0.144728119
6.567422463	1.494693189	0.113041181	0.145168603
6.569401795	1.50558117	0.114862651	0.145632132
6.571381127	1.516540298	0.11674411	0.14613529
6.573360458	1.527559111	0.118651219	0.146651007
6.57533979	1.538629593	0.120576925	0.147176691
6.577319122	1.549747357	0.122518509	0.147710923
6.579298453	1.560900681	0.124479336	0.148252656
6.581277785	1.572080896	0.126456877	0.148799965
6.583257117	1.583284544	0.12844924	0.149352413
6.585236448	1.594508974	0.130456793	0.14991111
6.58721578	1.605749386	0.132478673	0.150471958
6.589195112	1.617000972	0.13451424	0.151032574
6.591174443	1.628255887	0.136560014	0.151590544
6.593153775	1.639504245	0.138613833	0.152141909
6.595133107	1.650733857	0.140671751	0.152684805
6.597112438	1.661940538	0.142733263	0.153214001
6.59909177	1.67311176	0.144793927	0.153730134
6.601071102	1.684240364	0.146854655	0.154226924
6.603050433	1.695323058	0.148911253	0.154704151
6.605029765	1.706356366	0.150963586	0.155160381
6.607009097	1.717336025	0.153012985	0.155598369
6.608988428	1.728250775	0.155055482	0.156014315
6.61096776	1.739088479	0.157079796	0.156403953
6.612947092	1.749860292	0.159114971	0.156786714
6.614926423	1.760574125	0.161150558	0.157144734
6.616905755	1.771215679	0.163170738	0.157470117
6.618885087	1.781785871	0.165167894	0.157761481
6.620864418	1.792280383	0.167141163	0.158021597
6.62284375	1.802696579	0.169094559	0.158254549
6.624823082	1.813038827	0.171030087	0.15845883
6.626802413	1.823314176	0.17294573	0.158643661
6.628781745	1.833530016	0.174837599	0.158814745
6.630761077	1.843684316	0.176710557	0.158961184
6.632740408	1.8537792	0.178574073	0.159078959
6.63471974	1.86381735	0.18042756	0.159180946
6.636699072	1.873784387	0.182269983	0.15927494
6.638678403	1.883674946	0.184096884	0.159354941
6.640657735	1.893516726	0.185941303	0.1594475
6.642637067	1.90331176	0.187777073	0.159526788
6.644616398	1.913041873	0.189593952	0.159587989
6.64659573	1.922701432	0.191387698	0.15962814
6.648575062	1.932298689	0.193157984	0.159648658
6.650554393	1.941836781	0.194914124	0.159655726
6.652533725	1.95131515	0.196654659	0.159651975
6.654513057	1.960747334	0.198384281	0.159645602
6.656492388	1.970124108	0.200104918	0.159639714
6.65847172	1.979450351	0.201813358	0.159633706
6.660451052	1.988732895	0.203534561	0.159641743
6.662430383	1.9979754	0.205258421	0.159654652
6.664409715	2.007179979	0.206968524	0.159661269
6.666389047	2.016326432	0.208651403	0.15965616
6.668368378	2.025416584	0.210310832	0.159638491
6.67034771	2.034435749	0.211946669	0.159609111
6.672327042	2.043394324	0.21356068	0.159569073
6.674306373	2.052277592	0.215153999	0.159520404
6.676285705	2.061085007	0.216729837	0.159466344
6.678265037	2.069832186	0.218309415	0.159416139
6.680244368	2.078508035	0.219872801	0.159352216
6.6822237	2.087105202	0.221401208	0.159268399
6.684203032	2.095605617	0.222893971	0.1591588
6.686182363	2.104006233	0.224344846	0.159024384
6.688161695	2.112307423	0.225763721	0.158870589
6.690141027	2.120516729	0.227162088	0.158705574
6.692120358	2.12864693	0.228556902	0.15853716
6.69409969	2.136701598	0.229926392	0.158352625
6.696079022	2.14466283	0.231267074	0.158150457
6.698058353	2.152540576	0.232589818	0.157937537
6.700037685	2.160334736	0.233900601	0.157713552
6.702017017	2.168054779	0.235202518	0.157477737
6.703996348	2.175714154	0.236504528	0.157234929
6.70597568	2.183291543	0.237823899	0.156992365
6.707955012	2.190786001	0.239317065	0.156826671
6.709934343	2.198346018	0.2412715	0.156856319
6.711913675	2.206156143	0.243635828	0.15703173
6.713893007	2.213687635	0.245914379	0.157182434
6.715872338	2.220638896	0.247891673	0.157201804
6.71785167	2.227118862	0.249648817	0.157102299
6.719831002	2.233196365	0.25120001	0.156937888
6.721810333	2.239113987	0.252655146	0.156733327
6.723789665	2.244881133	0.253975888	0.156522631
6.725768997	2.250588334	0.255191907	0.1563022
6.727748328	2.256254161	0.256293961	0.156079692
6.72972766	2.261790337	0.257299717	0.155877653
6.731706992	2.267487601	0.258324319	0.155683475
6.733686323	2.272984127	0.259179817	0.155502334
6.735665655	2.278461034	0.260012785	0.155345724
6.737644987	2.284019641	0.260829732	0.155193906
6.739624318	2.289409608	0.261534488	0.155063363
6.74160365	2.294898221	0.262309213	0.154936151
6.743582982	2.300410253	0.263052046	0.154831845
6.745562313	2.305779249	0.263779239	0.154744837
6.747541645	2.311280853	0.264579748	0.154669122
6.749520977	2.316444469	0.265192098	0.154616465
6.751500308	2.321578492	0.265828409	0.154561954
6.75347964	2.326800286	0.266495385	0.154504599
6.755458972	2.331717048	0.266994499	0.154470626
6.757438303	2.336717807	0.267601596	0.154428134
6.759417635	2.34172149	0.268188099	0.154395941
6.761396966	2.346403885	0.268701793	0.154394459
6.763376298	2.351394517	0.269404412	0.154392412
6.76535563	2.35594876	0.269846086	0.154425486
6.767334961	2.360384245	0.27031722	0.154458388
6.769314293	2.36503319	0.270889744	0.154494652
6.771293625	2.36923977	0.271221135	0.154575897
6.773272956	2.373493899	0.271664031	0.154660682
6.775252288	2.377941482	0.272200977	0.154763745
6.77723162	2.381854385	0.272462058	0.154911033
6.779210951	2.386032585	0.272947692	0.155067132
6.781190283	2.390185007	0.27341937	0.155267682
6.783169615	2.394023631	0.273798081	0.155530229
6.785148946	2.398217374	0.274433248	0.155788925
6.787128278	2.401832363	0.274785727	0.156141442
6.78910761	2.405546476	0.275202819	0.156492571
6.791086941	2.409489512	0.275777892	0.156872054
6.793066273	2.412840416	0.276053229	0.157336969
6.795045605	2.416344816	0.276465503	0.157808171
6.797024936	2.420072391	0.277019614	0.158311004
6.799004268	2.423217194	0.277266857	0.158894132
6.8009836	2.426627504	0.277748312	0.159468619
6.802962931	2.430109853	0.278260055	0.160095902
6.804942263	2.432977497	0.278515272	0.160789552
6.806921595	2.436329612	0.279114902	0.161465999
6.808900926	2.439350108	0.279525147	0.162217144
6.810880258	2.442113022	0.27991751	0.162990155
6.81285959	2.445291823	0.280557767	0.163756148
6.814838921	2.447654455	0.280768694	0.164612547
6.816818253	2.449957462	0.281011368	0.165424528
6.818797585	2.452702433	0.281556984	0.166251254
6.820776916	2.45483126	0.281721146	0.167178074
6.822756248	2.456641762	0.28180314	0.168015863
6.82473558	2.459100798	0.282313098	0.168881413
6.826714911	2.460857467	0.282410625	0.169836227
6.828694243	2.462393613	0.282505203	0.170738692
6.830673575	2.464405003	0.282916601	0.171626688
6.832652906	2.465700562	0.282935054	0.172596026
6.834632238	2.466843168	0.283049318	0.173541129
6.83661157	2.468399922	0.283398961	0.174456798
6.838590901	2.469181151	0.283307398	0.175429397
6.840570233	2.469834564	0.283391721	0.176374356
6.842549565	2.470869661	0.283642762	0.177306098
6.844528896	2.471063699	0.283461673	0.178289038
6.846508228	2.471218967	0.283501258	0.179231508
6.84848756	2.471619946	0.283601393	0.180177018
6.850466891	2.47119491	0.283293106	0.181148391
6.852446223	2.47072713	0.28308303	0.18205887
6.854425555	2.470749883	0.283231351	0.182973248
6.856404886	2.469703287	0.282754824	0.183928537
6.858384218	2.468621353	0.282498455	0.184824447
6.86036355	2.468013281	0.282551976	0.185704142
6.862342881	2.466460333	0.281961915	0.186645196
6.864322213	2.464506795	0.281380125	0.187510353
6.866301545	2.463233855	0.281191813	0.188312467
6.868280876	2.461190115	0.280694608	0.189204073
6.870260208	2.45865511	0.27993847	0.190029948
6.87223954	2.456651169	0.279625586	0.190795655
6.874218871	2.454280293	0.279055679	0.191599356
6.876198203	2.450959131	0.278161944	0.192401706
6.878177535	2.448103452	0.277669138	0.193111807
6.880156866	2.445241922	0.277114208	0.193815316
6.882136198	2.441267799	0.276045519	0.19453975
6.88411553	2.43752676	0.275317759	0.195178143
6.886094861	2.434001835	0.274743575	0.195807453
6.888074193	2.429570101	0.273597184	0.196448289
6.890053525	2.424928481	0.272619043	0.197005831
6.892032856	2.420608782	0.271857169	0.197508104
6.894012188	2.415479933	0.270733329	0.198061115
6.89599152	2.409956677	0.269510504	0.198516811
6.897970851	2.404889565	0.268636809	0.198889928
6.899950183	2.399209205	0.267369833	0.19927489
6.901929515	2.392695819	0.265921303	0.199609463
6.903908846	2.386677433	0.264867336	0.199856907
6.905888178	2.380369563	0.263568947	0.200082256
6.90786751	2.372962281	0.261846293	0.20027103
6.909846841	2.365954001	0.260515586	0.200349694
6.911826173	2.358935743	0.259179501	0.200412789
6.913805505	2.350957873	0.257330244	0.200467941
6.915784836	2.342859102	0.255725437	0.200404254
6.917764168	2.335057499	0.254281363	0.200324529
6.9197435	2.326498606	0.252455414	0.200263495
6.921722831	2.31759151	0.250635535	0.200102261
6.923702163	2.309132428	0.249138575	0.199884496
6.925681495	2.299971232	0.247251066	0.199697288
6.927660826	2.290217975	0.245260515	0.199452346
6.929640158	2.281002444	0.243670206	0.199130641
6.93161949	2.271499692	0.241887883	0.198829707
6.933598821	2.261053186	0.239738148	0.198514309
6.935578153	2.250979258	0.237982976	0.198121241
6.937557485	2.241081215	0.236303765	0.197712458
6.939536816	2.230288162	0.234164138	0.197327296
6.941516148	2.219520786	0.232250475	0.19686824
6.94349548	2.208972408	0.230640377	0.196405512
6.945474811	2.198043698	0.228642668	0.195959393
6.947454143	2.186573411	0.226581926	0.195465371
6.949433475	2.175657458	0.224949942	0.194913633
6.951412806	2.16436482	0.223085004	0.194412495
6.953392138	2.152368219	0.220950564	0.193879585
6.95537147	2.140767567	0.219197923	0.193265524
6.957350801	2.129286675	0.217510879	0.192680839
6.959330133	2.117082715	0.21544111	0.192081616
6.961309465	2.104788291	0.213536522	0.191437269
6.963288796	2.092964591	0.211940662	0.190754695
6.965268128	2.080550115	0.209955803	0.190098018
6.96724746	2.067758756	0.207939637	0.18940353
6.969226791	2.055411856	0.206332414	0.188661579
6.971206123	2.042858648	0.204528135	0.187962582
6.973185455	2.029645989	0.202463265	0.187230963
6.975164786	2.016938256	0.200733052	0.186432909
6.977144118	2.004212869	0.199075095	0.18567472
6.97912345	1.99080888	0.197042501	0.184919333
6.981102781	1.977667395	0.195327056	0.184109601
6.983082113	1.964727849	0.193700071	0.183297605
6.985061445	1.951128823	0.191721474	0.1824897
6.987040776	1.937664446	0.189980498	0.181626787
6.989020108	1.924505008	0.188404375	0.180751573
6.99099944	1.910627598	0.186421148	0.179894431
6.992978771	1.896760691	0.184568037	0.178969841
6.994958103	1.883354025	0.182992544	0.178010678
6.996937435	1.869321969	0.181060914	0.177081341
6.998916766	1.855005404	0.179041086	0.176094933
7.000896098	1.841245052	0.177339916	0.175032423
7.00287543	1.827385193	0.175604313	0.173997122
7.004854761	1.812875526	0.173560764	0.172933724
7.006834093	1.798662364	0.171673453	0.171783673
7.008813425	1.784622945	0.169962211	0.170607794
7.010792756	1.770083062	0.168029242	0.169456311
7.012772088	1.755761452	0.166295125	0.168239837
7.01475142	1.741449087	0.164596557	0.166999444
7.016730751	1.726624795	0.162657533	0.16575362
7.018710083	1.711846197	0.16083438	0.164436449
7.020689415	1.697267357	0.159102978	0.163091127
7.022668746	1.682118367	0.157071191	0.161743612
7.024648078	1.666983213	0.155108155	0.160327016
7.02662741	1.652238168	0.153327718	0.158872252
7.028606741	1.636960145	0.151304143	0.157441033
7.030586073	1.621587489	0.149122852	0.155938093
7.032565405	1.606364723	0.147031034	0.1543601
7.034544736	1.591257622	0.144918119	0.152755006
7.036524068	1.576269073	0.14293558	0.15115161
7.0385034	1.561429687	0.14114389	0.149568098
7.040482731	1.546580396	0.13936694	0.147989402
7.042462063	1.531263811	0.137402705	0.14640076
7.044441395	1.51603476	0.135572902	0.144748456
7.046420726	1.500928744	0.133812958	0.143075014
7.048400058	1.485465019	0.131800653	0.141405516
7.05037939	1.469865609	0.129717934	0.139675062
7.052358721	1.454517615	0.127665268	0.137896588
7.054338053	1.439310603	0.125599839	0.13610346
7.056317385	1.424257002	0.123639224	0.13429494
7.058296716	1.409356461	0.121819337	0.132529337
7.060276048	1.394566866	0.12002868	0.130763788
7.06225538	1.379398854	0.118096698	0.128989596
7.064234711	1.364114113	0.116101067	0.127152146
7.066214043	1.349000931	0.114170714	0.125285278
7.068193375	1.33391935	0.11219179	0.123407232
7.070172706	1.318914316	0.110260703	0.121521699
7.072152038	1.30431742	0.108483546	0.119654423
7.07413137	1.289800404	0.106747235	0.117817442
7.076110701	1.274969762	0.104871451	0.115975327
7.078090033	1.260131246	0.102954187	0.114090374
7.080069365	1.245340302	0.101052114	0.11218926
7.082048696	1.23072559	0.099135481	0.110265632
7.084028028	1.216274883	0.097250408	0.108342675
7.08600736	1.202126011	0.095500545	0.10645043
7.087986691	1.188105926	0.093825471	0.104613365
7.089966023	1.173979544	0.092079623	0.102753383
7.091945354	1.15968408	0.090274558	0.100886347
7.093924686	1.145476397	0.088454249	0.098989907
7.095904018	1.131450591	0.086652315	0.097074924
7.097883349	1.117559113	0.084834976	0.095148085
7.099862681	1.103856949	0.083065429	0.093236542
7.101842013	1.090337643	0.081373825	0.091375792
7.103821344	1.077050026	0.079777446	0.089548743
7.105800676	1.063745673	0.078135209	0.087730289
7.107780008	1.050298203	0.07645623	0.08590098
7.109759339	1.036940516	0.074779779	0.084051162
7.111738671	1.023820657	0.073127837	0.082196997
7.113718003	1.010856769	0.071479427	0.080364749
7.115697334	0.998028747	0.069836109	0.078533282
7.117676666	0.98534238	0.068211711	0.076725019
7.119655998	0.972730328	0.066600535	0.074934809
7.121635329	0.960262277	0.06498038	0.073174676
7.123614661	0.9478847	0.063358862	0.071414821
7.125593993	0.9356553	0.061747561	0.069659767
7.127573324	0.923554401	0.0601561	0.067921585
7.129552656	0.911617063	0.05861265	0.066214746
7.131531988	0.899762004	0.057073974	0.064532777
7.133511319	0.888040796	0.0555575	0.062883632
7.135490651	0.876460647	0.054053064	0.061251358
7.137469983	0.864999319	0.05256835	0.059637887
7.139449314	0.853718198	0.051124544	0.058047637
7.141428646	0.842572921	0.049707059	0.056488994
7.143407978	0.831540027	0.048297074	0.054940744
7.145387309	0.820682455	0.046899462	0.053410998
7.147366641	0.809999085	0.045528334	0.051895257
7.149345973	0.79943536	0.044160963	0.05039522
7.151325304	0.789014412	0.042801684	0.048911471
7.153304636	0.778750091	0.041454303	0.047443162
7.155283968	0.768669235	0.04013517	0.046001583
7.157263299	0.758732915	0.038826955	0.04458746
7.159242631	0.748936585	0.037532122	0.043192016
7.161221963	0.739381952	0.036267622	0.041835158
7.163201294	0.729935623	0.035016835	0.040490578
7.165180626	0.720623213	0.033775381	0.039168634
7.167159958	0.711537137	0.032557793	0.037882891
7.169139289	0.702579334	0.031355562	0.036608388
7.171118621	0.693782824	0.030177813	0.035357467
7.173097953	0.685144158	0.029007506	0.034128523
7.175077284	0.67665	0.027848949	0.032916991
7.177056616	0.668336704	0.026719726	0.031727232
7.179035948	0.660195044	0.025608611	0.030559368
7.181015279	0.652191257	0.024507253	0.029409985
7.182994611	0.644355397	0.023435238	0.028283063
7.184973943	0.636657787	0.022381256	0.027164617
7.186953274	0.629111128	0.021343928	0.02606816
7.188932606	0.621704997	0.020331106	0.024997982
7.190911938	0.614505577	0.019400225	0.023983129
7.192891269	0.607353841	0.018515287	0.022993276
7.194870601	0.600631963	0.017732954	0.022115774
7.196849933	0.593919688	0.016976196	0.021223582
7.198829264	0.587381572	0.016239499	0.020345879
7.200808596	0.58101384	0.015518855	0.019493379
7.202787928	0.574831348	0.014820119	0.018667542
7.204767259	0.568870458	0.014168635	0.01788391
7.206746591	0.563085655	0.013549658	0.017137417
7.208725923	0.557545712	0.012964257	0.016439541
7.210705254	0.552235322	0.012424756	0.015779434
7.212684586	0.547161685	0.011929223	0.015158534
7.214663918	0.542280748	0.011468809	0.014589546
7.216643249	0.537650806	0.011062109	0.014072605
7.218622581	0.533237623	0.010706361	0.013603568
7.220601913	0.528992879	0.01037231	0.013186513
7.222581244	0.524933779	0.010068175	0.012813473
7.224560576	0.521019284	0.009805541	0.012473204
7.226539908	0.517477943	0.009608778	0.012227229
7.228519239	0.513959296	0.00942408	0.011992886
7.230498571	0.510616911	0.009270052	0.011793571
7.232477903	0.507463214	0.009151808	0.011640028
7.234457234	0.504464673	0.009056597	0.011527662
7.236436566	0.501600896	0.008979645	0.011451282
7.238415898	0.498930029	0.008941795	0.011424823
7.240395229	0.496440725	0.008936337	0.011448645
7.242374561	0.494130893	0.008958393	0.01153146
7.244353893	0.491988528	0.009000728	0.011673065
7.246333224	0.490057172	0.009069367	0.011880124
7.248312556	0.488371876	0.009179928	0.012165954
7.250291888	0.486925668	0.009318927	0.012533404
7.252271219	0.48568325	0.009476962	0.012983917
7.254250551	0.484702878	0.009659658	0.013529643
7.256229883	0.483994211	0.009882002	0.014180802
7.258209214	0.483563605	0.010131978	0.014939243
7.260188546	0.48340076	0.010403904	0.015805929
7.262167878	0.483489375	0.010695328	0.01678305
7.264147209	0.483892998	0.011024732	0.017876567
7.266126541	0.484572843	0.011377873	0.019075799
7.268105873	0.485496888	0.011749475	0.020377647
7.270085204	0.48664729	0.012130619	0.021773047
7.272064536	0.488058086	0.012537773	0.023267558
7.274043868	0.489684335	0.012959334	0.024842642
7.276023199	0.491510576	0.0133854	0.026485601
7.278002531	0.493484626	0.013802666	0.028175048
7.279981863	0.495567059	0.014198575	0.029902206
7.281961194	0.497775425	0.014601723	0.031666882
7.283940526	0.500052963	0.015007692	0.033444405
7.285919858	0.502360182	0.015401489	0.035219827
7.287899189	0.504654181	0.015775492	0.036970928
7.289878521	0.50690013	0.016130743	0.038684074
7.291857853	0.50905681	0.016454486	0.040326254
7.293837184	0.511072956	0.016730947	0.041867563
7.295816516	0.512902294	0.016957341	0.043289797
7.297795848	0.51449944	0.017124874	0.044569474
7.299775179	0.515854698	0.01723418	0.045696196
7.301754511	0.516811328	0.017274319	0.046624237
7.303733843	0.517489826	0.017253381	0.04737473
7.305713174	0.517798073	0.01716296	0.047917232
7.307692506	0.51771288	0.01700505	0.048241564
7.309671838	0.517210657	0.016772507	0.048336384
7.311651169	0.51629898	0.016467159	0.048201053
7.313630501	0.514987691	0.016092766	0.047841346
7.315609833	0.513286174	0.015645205	0.047259012
7.317589164	0.511245367	0.015141008	0.046478634
7.319568496	0.508916863	0.014589163	0.045527018
7.321547828	0.506398977	0.014007239	0.044444481
7.323527159	0.503707069	0.013396055	0.043245852
7.325506491	0.501006101	0.012780967	0.041995861
7.327485823	0.498361275	0.012172441	0.040731459
7.329465154	0.495874124	0.01158161	0.039498121
7.331444486	0.493640781	0.011027693	0.038341249
7.333423818	0.491741206	0.010514826	0.037295017
7.335403149	0.49025242	0.010054086	0.036395164
7.337382481	0.489241854	0.009655328	0.035671863
7.339361813	0.488760893	0.009328517	0.035149101
7.341341144	0.488863929	0.009075093	0.034850244
7.343320476	0.489569592	0.0088931	0.034785738
7.345299808	0.490947775	0.008796524	0.034974511
7.347279139	0.492913634	0.008775029	0.035396193
7.349258471	0.495491733	0.008821102	0.036051831
7.351237803	0.498683548	0.008941092	0.036943519
7.353217134	0.502455152	0.009130802	0.038057859
7.355196466	0.506760712	0.009381557	0.039370509
7.357175798	0.511568785	0.009689518	0.040866066
7.359155129	0.516842079	0.010050247	0.042528307
7.361134461	0.52250437	0.0104516	0.044321301
7.363113793	0.528503007	0.010883246	0.046223673
7.365093124	0.534799707	0.011339451	0.048215253
7.367072456	0.541334007	0.011806973	0.050268157
7.369051788	0.548057459	0.012292891	0.052350098
7.371031119	0.554914799	0.012789363	0.054453181
7.373010451	0.561820881	0.013257999	0.056541823
7.374989783	0.568754534	0.01373378	0.05864818
7.376969114	0.575679345	0.014236447	0.060735109
7.378948446	0.582559081	0.014734764	0.062764984
7.380927778	0.589328395	0.015207411	0.064704833
7.382907109	0.595945183	0.015646068	0.066527569
7.384886441	0.602366231	0.016049776	0.06821539
7.386865773	0.608577237	0.016418963	0.069756261
7.388845104	0.614535929	0.016747348	0.07113222
7.390824436	0.62022501	0.017034468	0.072334859
7.392803768	0.625609257	0.017275428	0.073349621
7.394783099	0.630691575	0.017469636	0.074179912
7.396762431	0.635461343	0.017614886	0.074817727
7.398741763	0.639909973	0.017708386	0.075259555
7.400721094	0.644044596	0.017752694	0.075510732
7.402700426	0.647898447	0.017749646	0.075581403
7.404679758	0.651474388	0.017703808	0.075479412
7.406659089	0.65480742	0.017617725	0.075221315
7.408638421	0.657958613	0.017499803	0.074831131
7.410617753	0.660983427	0.017362289	0.074334955
7.412597084	0.663951743	0.017213546	0.073762514
7.414576416	0.666934197	0.017061371	0.073148767
7.416555748	0.670011067	0.016922311	0.072529613
7.418535079	0.673255594	0.016807064	0.07194083
7.420514411	0.676756426	0.016729284	0.071424191
7.422493742	0.680572433	0.016692283	0.071006331
7.424473074	0.684798406	0.016708087	0.070732634
7.426452406	0.689489129	0.016784101	0.070627491
7.428431737	0.694689337	0.016928795	0.070710745
7.430411069	0.700418773	0.017141385	0.070988959
7.432390401	0.706693815	0.017436765	0.071473501
7.434369732	0.713533042	0.017817461	0.072172368
7.436349064	0.720926912	0.018281016	0.073080971
7.438328396	0.728872772	0.018810015	0.074202577
7.440307727	0.737324586	0.01941726	0.075507511
7.442287059	0.746250469	0.020099155	0.076984352
7.444266391	0.755620312	0.020853088	0.078618112
7.446245722	0.765355328	0.021664489	0.080380295
7.448225054	0.775408368	0.022526766	0.082250582
7.450204386	0.785742996	0.02343701	0.084212392
7.452183717	0.796295115	0.024391108	0.086236876
7.454163049	0.806994222	0.025377592	0.088294341
7.456142381	0.817813596	0.026386005	0.090366485
7.458121712	0.828695373	0.027412533	0.092431119
7.460101044	0.839561587	0.028447572	0.094455225
7.462080376	0.850394861	0.029490229	0.096425821
7.464059707	0.86116474	0.030536295	0.098331786
7.466039039	0.871840462	0.031576829	0.100157311
7.468018371	0.88236443	0.032593396	0.101879811
7.469997702	0.892688418	0.033570378	0.103488557
7.471977034	0.902825237	0.034563992	0.105011303
7.473956366	0.91277113	0.035554991	0.106427256
7.475935697	0.922480488	0.036526242	0.10770829
7.477915029	0.931984012	0.037470266	0.108851995
7.479894361	0.941242355	0.038384367	0.109843842
7.481873692	0.950284967	0.039276921	0.110695575
7.483853024	0.959130825	0.040147429	0.111413882
7.485832356	0.967797212	0.040995997	0.112009691
7.487811687	0.9763165	0.04182312	0.112501141
7.489791019	0.984733768	0.042636316	0.11290282
7.491770351	0.993056727	0.043436658	0.113219768
7.493749682	1.001310219	0.044233061	0.11346351
7.495729014	1.009554798	0.045028311	0.113656823
7.497708346	1.017800688	0.045826391	0.113812391
7.499687677	1.026086503	0.046631822	0.113948974
7.501667009	1.034437791	0.047442321	0.114086867
7.503646341	1.042870143	0.048266137	0.114235817
7.505625672	1.05141294	0.049116507	0.11439543
7.507605004	1.060076058	0.049997637	0.114578671
7.509584336	1.068887437	0.050916998	0.114799597
7.511563667	1.077852834	0.051872982	0.115060517
7.513542999	1.086989435	0.05287098	0.115374449
7.515522331	1.096311211	0.053918693	0.115748356
7.517501662	1.105828002	0.055023297	0.116184687
7.519480994	1.115554714	0.056182643	0.116691318
7.521460326	1.125503621	0.057394171	0.117275018
7.523439657	1.135694422	0.058664796	0.117941753
7.525418989	1.146137221	0.059997156	0.118699592
7.527398321	1.156841763	0.061392657	0.119552243
7.529377652	1.167793202	0.062849586	0.120496002
7.531356984	1.178988389	0.064368869	0.121528219
7.533336316	1.19040446	0.065949248	0.122639112
7.535315647	1.202023271	0.06758531	0.123819765
7.537294979	1.213815627	0.069276602	0.125061649
7.539274311	1.225756851	0.071015593	0.126350246
7.541253642	1.237819187	0.072793596	0.127672203
7.543232974	1.249977111	0.074604038	0.129015631
7.545212306	1.262178923	0.076439249	0.130359178
7.547191637	1.274400663	0.078294627	0.131692853
7.549170969	1.286597457	0.080164145	0.133004831
7.551150301	1.29874186	0.082045963	0.134288008
7.553129632	1.310800617	0.083911071	0.135520027
7.555108964	1.322779098	0.08580046	0.136712827
7.557088296	1.334638142	0.087681957	0.137821078
7.559067627	1.346384305	0.089545044	0.138850106
7.561046959	1.357981568	0.091378024	0.139788597
7.563026291	1.369423204	0.093183142	0.140634896
7.565005622	1.380712045	0.09496453	0.141394464
7.566984954	1.391864997	0.096726966	0.142074831
7.568964286	1.402904533	0.09846818	0.142691592
7.570943617	1.413842322	0.100192328	0.143247833
7.572922949	1.424689717	0.101905749	0.143741393
7.574902281	1.435460703	0.103614827	0.144182071
7.576881612	1.446174221	0.105318242	0.144581636
7.578860944	1.456853621	0.107024032	0.144955937
7.580840276	1.467522782	0.10873763	0.145314188
7.582819607	1.478195096	0.110463557	0.145668129
7.584798939	1.488893577	0.112204599	0.146026552
7.586778271	1.499624453	0.113965654	0.146395477
7.588757602	1.510390954	0.115748723	0.146776745
7.590736934	1.521208743	0.117558165	0.14717468
7.592716266	1.532076804	0.11939677	0.147592582
7.594695597	1.542988121	0.121257014	0.148028479
7.596674929	1.553942552	0.123154453	0.148494778
7.598654261	1.564962129	0.125101063	0.148993759
7.600633592	1.576027741	0.127070152	0.149503897
7.602612924	1.587125255	0.129051639	0.15002029
7.604592256	1.598250801	0.131045337	0.150540858
7.606571587	1.609391896	0.133050538	0.151064056
7.608550919	1.620546972	0.135070016	0.151588001
7.610530251	1.631710157	0.137102159	0.152110694
7.612509582	1.642869592	0.139141559	0.152629611
7.614488914	1.654023039	0.141189789	0.153141676
7.616468246	1.66515183	0.143239218	0.153641625
7.618447577	1.676250582	0.145287005	0.154128279
7.620426909	1.687306011	0.147331799	0.154595096
7.622406241	1.698313489	0.149373187	0.15504182
7.624385572	1.709266687	0.151409283	0.155468297
7.626364904	1.720148043	0.153432208	0.155870007
7.628344236	1.730950421	0.155456444	0.15625524
7.630323567	1.741695505	0.157489306	0.156619678
7.632302899	1.752367502	0.159503928	0.156951117
7.634282231	1.762956961	0.161493212	0.157242407
7.636261562	1.773462386	0.163458129	0.157491919
7.638240894	1.783886915	0.165399588	0.157705149
7.640220226	1.794234889	0.167320601	0.157889656
7.642199557	1.804515042	0.169226231	0.158051206
7.644178889	1.814735556	0.171116359	0.15819179
7.646158221	1.824903512	0.17299691	0.15831526
7.648137552	1.835030053	0.174855301	0.158435937
7.650116884	1.845112831	0.17669955	0.158548652
7.652096216	1.855158484	0.178542663	0.158640341
7.654075547	1.865173314	0.180383286	0.158729546
7.656054879	1.875150196	0.182228078	0.158821298
7.658034211	1.885076557	0.184061749	0.15891492
7.660013542	1.894978508	0.185917773	0.159030828
7.661992874	1.904859323	0.187783843	0.159153388
7.663972206	1.914699676	0.189640983	0.15927116
7.665951537	1.924492246	0.191482845	0.159376129
7.667930869	1.934230709	0.193306395	0.159468199
7.669910201	1.943918336	0.195117848	0.159549331
7.671889532	1.95354764	0.196913828	0.159620456
7.673868864	1.96312326	0.198698108	0.159685682
7.675848196	1.972638721	0.200468024	0.159747083
7.677827527	1.982083082	0.20222132	0.159802301
7.679806859	1.991469746	0.203981393	0.159863454
7.681786191	2.000800988	0.205739552	0.159920545
7.683765522	2.01006837	0.207475524	0.159962258
7.685744854	2.019266956	0.209178433	0.15998267
7.687724186	2.02838295	0.21084981	0.159981275
7.689703517	2.037411223	0.21248804	0.159957783
7.691682849	2.046359755	0.21410066	0.159915829
7.693662181	2.05521969	0.215682309	0.159857067
7.695641512	2.063990111	0.217248222	0.159788228
7.697620844	2.072687511	0.218810337	0.159715365
7.699600176	2.081310536	0.220352302	0.159625055
7.701579507	2.08984098	0.221855785	0.159510709
7.703558839	2.098267743	0.223316779	0.159368165
7.705538171	2.106593386	0.224740997	0.159198153
7.707517502	2.11481931	0.226128284	0.159007953
7.709496834	2.122955737	0.227501171	0.158809923
7.711476166	2.131013138	0.22886822	0.158607408
7.713455497	2.138999106	0.230209865	0.158389363
7.715434829	2.14689115	0.231525646	0.158155961
7.717414161	2.154703911	0.232826319	0.157914509
7.719393492	2.162447686	0.234119799	0.157665351
7.721372824	2.170120281	0.235401371	0.157406714
7.723352156	2.177746169	0.23669614	0.157147994
7.725331487	2.185296692	0.238018759	0.156900707
7.727310819	2.192765119	0.239568788	0.156753917
7.729290151	2.200359566	0.241594768	0.156806742
7.731269482	2.208151013	0.243978815	0.156988711
7.733248814	2.215632234	0.246217549	0.157121428
7.735228146	2.222515318	0.248167116	0.15712686
7.737207477	2.228920378	0.249891014	0.157016613
7.739186809	2.234975746	0.251432349	0.156849824
7.741166141	2.24091171	0.252886656	0.156653533
7.743145472	2.246668652	0.254182958	0.156449977
7.745124804	2.2523941	0.255402132	0.156237809
7.747104136	2.258049415	0.256471126	0.156020858
7.749083467	2.263621008	0.257503878	0.155830721
7.751062799	2.269328037	0.258512207	0.155640984
7.75304213	2.274819999	0.259361702	0.155473821
7.755021462	2.280337455	0.260205035	0.155321317
7.757000794	2.285868503	0.260993987	0.155171192
7.758980125	2.29125145	0.261704473	0.155045251
7.760959457	2.296786184	0.262500727	0.154925443
7.762938789	2.302256122	0.263219788	0.154822795
7.76491812	2.307699038	0.263997704	0.154745109
7.766897452	2.313159284	0.264774113	0.154680434
7.768876784	2.318247751	0.265352112	0.154629934
7.770856115	2.323464611	0.266029238	0.154566247
7.772835447	2.328609943	0.266650184	0.154518164
7.774814779	2.333490846	0.267157103	0.154490554
7.77679411	2.338608727	0.267806697	0.154448804
7.778773442	2.343502873	0.268324442	0.154416202
7.780752774	2.348291181	0.268921674	0.15442316
7.782732105	2.353232661	0.269579995	0.154432081
7.784711437	2.357659373	0.269962562	0.154465887
7.786690769	2.362225968	0.270496907	0.154492785
7.7886701	2.366768104	0.271020506	0.154541826
7.790649432	2.370911719	0.271318969	0.154629796
7.792628764	2.375342281	0.271847155	0.154708993
7.794608095	2.379639566	0.272291667	0.154815242
7.796587427	2.383573511	0.272577951	0.154976731
7.798566759	2.387880461	0.273123375	0.155128028
7.80054609	2.391902319	0.273521478	0.155346528
7.802525422	2.395861004	0.274017284	0.155603087
7.804504754	2.400051925	0.2746056	0.155879649
7.806484085	2.403505692	0.274826746	0.156231885
7.808463417	2.407324326	0.275348008	0.15657083
7.810442749	2.411176619	0.275889732	0.156966629
7.81242208	2.41442873	0.276077179	0.157438125
7.814401412	2.418090304	0.276580095	0.157889239
7.816380744	2.42177336	0.277089497	0.158410367
7.818360075	2.424861821	0.277316762	0.159004369
7.820339407	2.428349444	0.277840093	0.15954574
7.822318739	2.431727699	0.278283267	0.160193201
7.82429807	2.434638259	0.278593348	0.160884358
7.826277402	2.438128724	0.279187447	0.161554069
7.828256734	2.440914398	0.279533455	0.162316695
7.830236065	2.443756137	0.279965687	0.163079388
7.832215397	2.446850856	0.280512471	0.163846578
7.834194729	2.449125898	0.280695304	0.164694079
7.83617406	2.451757608	0.281151411	0.165493996
7.838153392	2.454439601	0.281664302	0.166345444
7.840132724	2.456307343	0.281702277	0.167273797
7.842112055	2.458326871	0.281975373	0.168085293
7.844091387	2.460654789	0.282431494	0.168975552
7.846070719	2.462229582	0.282365125	0.169911004
7.84805005	2.463955708	0.282617062	0.170804204
7.850029382	2.465946646	0.283008766	0.171714237
7.852008714	2.467014293	0.282889759	0.17267091
7.853988045	2.468261594	0.283133047	0.173601636
7.855967377	2.469795369	0.283430471	0.174538947
7.857946709	2.470345704	0.283236738	0.175501474
7.85992604	2.471172652	0.283410528	0.176428027
7.861905372	2.472102336	0.28360047	0.177379327
7.863884704	2.472152948	0.283347216	0.178347084
7.865864035	2.472589754	0.283488304	0.179263713
7.867843367	2.472679441	0.28345306	0.180244552
7.869822699	2.472138066	0.283088946	0.181197688
7.87180203	2.47213196	0.283162973	0.182083566
7.873781362	2.471781139	0.283034375	0.183037015
7.875760694	2.470457657	0.282519438	0.183978127
7.877740025	2.46983485	0.282463396	0.184831679
7.879719357	2.469034358	0.282282363	0.185736103
7.881698689	2.467061472	0.281560495	0.186661143
7.88367802	2.465486145	0.281136801	0.187488222
7.885657352	2.464226018	0.280965434	0.188308579
7.887636684	2.46195477	0.280234031	0.189175171
7.889616015	2.45969201	0.279719396	0.189975318
7.891595347	2.457726716	0.279444986	0.190754088
7.893574679	2.454986424	0.278668688	0.191577007
7.89555401	2.45178096	0.277899584	0.192334205
7.897533342	2.449187589	0.277505312	0.193023673
7.899512674	2.445771741	0.276671001	0.193763731
7.901492005	2.441834423	0.275697397	0.194451433
7.903471337	2.438397439	0.275134541	0.195066909
7.905450669	2.434651748	0.274330523	0.195704349
7.90743	2.429876047	0.273140729	0.196327245
7.909409332	2.425525925	0.272368842	0.196859342
7.911388664	2.421161967	0.271524393	0.197377181
7.913367995	2.415787832	0.270195683	0.197899316
7.915347327	2.410495004	0.269179262	0.198323863
7.917326659	2.405342535	0.268279332	0.198723276
7.91930599	2.399403129	0.266838316	0.199121892
7.921285322	2.393113889	0.265537862	0.199416393
7.923264654	2.387242577	0.264517141	0.199669869
7.925243985	2.380447238	0.262980332	0.199936749
7.927223317	2.37323789	0.261452469	0.200093813
7.929202649	2.366536152	0.260252702	0.200175104
7.93118198	2.359198357	0.258673334	0.200276864
7.933161312	2.351030232	0.256893725	0.200317465
7.935140644	2.343400996	0.255519013	0.200278231
7.937119975	2.335511704	0.253951693	0.200228005
7.939099307	2.326594487	0.251954309	0.200154925
7.941078639	2.318018617	0.250366359	0.199990668
7.94305797	2.309559556	0.248821808	0.199807261
7.945037302	2.300146328	0.246790159	0.199628453
7.947016634	2.290678161	0.244976159	0.199366442
7.948995965	2.281521444	0.243369403	0.199067968
7.950975297	2.271619785	0.2414225	0.198800098
7.952954629	2.261376683	0.239425819	0.198460666
7.95493396	2.251651966	0.23781516	0.198059034
7.956913292	2.241397466	0.235887514	0.197685132
7.958892624	2.230376509	0.233727496	0.197277386
7.960871955	2.219870514	0.2320206	0.19679745
7.962851287	2.209400591	0.23027738	0.196339664
7.964830619	2.198037705	0.228137263	0.195880786
7.96680995	2.186764609	0.226227166	0.195357464
7.968789282	2.175871045	0.224607739	0.194811814
7.970768614	2.164349227	0.222548628	0.194294667
7.972747945	2.152471988	0.220578291	0.193733112
7.974727277	2.141079793	0.218906647	0.193108552
7.976706609	2.129133962	0.217047482	0.192540501
7.97868594	2.116773612	0.214923303	0.19192428
7.980665272	2.104790415	0.213190738	0.191221679
7.982644604	2.09278732	0.211436022	0.190565236
7.984623935	2.079995897	0.209297399	0.189892192
7.986603267	2.067421714	0.20746559	0.189164041
7.988582599	2.055231148	0.205800672	0.188415528
7.99056193	2.042400857	0.203831874	0.187695164
7.992541262	2.029351371	0.202023466	0.186953698
7.994520594	2.016775273	0.200417365	0.186195108
7.996499925	2.003656912	0.198488441	0.185439665
7.998479257	1.990238106	0.196472598	0.184654005
8.000458589	1.977258184	0.19484419	0.183826889
8.00243792	1.964328912	0.193190217	0.183027072
8.004417252	1.950559016	0.191170935	0.182221032
8.006396584	1.937252385	0.189555705	0.181366787
8.008375915	1.92400788	0.187888019	0.180513415
8.010355247	1.910061005	0.185868795	0.179650072
8.012334579	1.896379865	0.184139036	0.178733094
8.01431391	1.883007509	0.18256238	0.17779538
8.016293242	1.868861834	0.180545165	0.176872153
8.018272574	1.85474454	0.178682723	0.175885171
8.020251905	1.841177731	0.177123772	0.17486451
8.022231237	1.827068216	0.175244571	0.173871062
8.024210569	1.812539921	0.1732159	0.172811472
8.0261899	1.79849303	0.171446328	0.171666508
8.028169232	1.784451486	0.169693219	0.170532617
8.030148564	1.769847728	0.167725534	0.169395019
8.032127895	1.755667329	0.16602207	0.168184483
8.034107227	1.741340777	0.164264493	0.166969095
8.036086559	1.726542912	0.162325707	0.165735631
8.03806589	1.711960681	0.160602346	0.164439636
8.040045222	1.697407631	0.158844089	0.163121952
8.042024554	1.68224874	0.156813283	0.161798582
8.044003885	1.667319914	0.154945985	0.160393003
8.045983217	1.652592952	0.153153952	0.158964803
8.047962549	1.637277609	0.151091366	0.157550409
8.04994188	1.621940817	0.148927253	0.156047744
8.051921212	1.606860667	0.146868824	0.154480238
8.053900544	1.591802849	0.144777975	0.152905967
8.055879875	1.576857736	0.142864547	0.151306881
8.057859207	1.562057996	0.141084144	0.149748984
8.059838539	1.54712243	0.139263464	0.148180925
8.06181787	1.531820283	0.137303108	0.146593303
8.063797202	1.516608994	0.135500992	0.144933816
8.065776534	1.501502943	0.133697746	0.143258708
8.067755865	1.485999195	0.131690717	0.141595583
8.069735197	1.470391884	0.129583497	0.139854057
8.071714529	1.455043242	0.127524958	0.13806678
8.07369386	1.439822401	0.125446125	0.136264808
8.075673192	1.424748889	0.123500539	0.134450782
8.077652524	1.409833935	0.121700031	0.132687184
8.079631855	1.394974954	0.119874145	0.130906601
8.081611187	1.379690442	0.117905102	0.129114785
8.083590518	1.364339965	0.115909333	0.127256459
8.08556985	1.34921511	0.114008975	0.125374976
8.087549182	1.334107258	0.112082893	0.123498425
8.089528513	1.318865719	0.110080238	0.12158562
8.091507845	1.304019561	0.108195598	0.119680271
8.093487177	1.289373412	0.106393169	0.117788107
8.095466508	1.274485258	0.104498718	0.11590255
8.09744584	1.259612926	0.10255166	0.113981525
8.099425172	1.24482053	0.100651339	0.112045188
8.101404503	1.230123644	0.098718987	0.110097458
8.103383835	1.215487653	0.096786193	0.108142416
8.105363167	1.201150185	0.094975511	0.106185979
8.107342498	1.186958874	0.09325576	0.10428341
8.10932183	1.172717273	0.091487356	0.102373832
8.111301162	1.158304365	0.089656396	0.100456534
8.113280493	1.143974828	0.087800858	0.098512234
8.115259825	1.129783852	0.085962975	0.096538
8.117239157	1.115786908	0.084122682	0.094570559
8.119218488	1.101972986	0.082336135	0.092619179
8.12119782	1.088361104	0.080638841	0.090724951
8.123177152	1.074990778	0.07904187	0.088870821
8.125156483	1.061557719	0.077396595	0.087027665
8.127135815	1.048040624	0.075713826	0.085175862
8.129115147	1.034626858	0.074037351	0.083312445
8.131094478	1.021433241	0.072387421	0.081438826
8.13307381	1.008454364	0.070755898	0.079603738
8.135053142	0.995628568	0.069131865	0.077772006
8.137032473	0.98293991	0.067524599	0.075967313
8.139011805	0.970339624	0.065932714	0.074187656
8.140991137	0.957898314	0.064328358	0.072444447
8.142970468	0.945569742	0.062718764	0.070698666
8.1449498	0.933428998	0.061129012	0.068966186
8.146929132	0.921458351	0.059579642	0.067268274
8.148908463	0.909601207	0.058066382	0.065601073
8.150887795	0.897839207	0.056583967	0.063981147
8.152867127	0.886263751	0.055142517	0.062404568
8.154846458	0.874787856	0.053715941	0.06085378
8.15682579	0.863455876	0.052325699	0.059324969
8.158805122	0.852342071	0.050999137	0.057819865
8.160784453	0.841384795	0.049707307	0.05633888
8.162763785	0.830556449	0.048426435	0.054865493
8.164743117	0.819881987	0.047160154	0.053409316
8.166722448	0.80935857	0.045910591	0.05196385
8.16870178	0.798967339	0.044656171	0.050533536
8.170681112	0.788711101	0.043398277	0.049118076
8.172660443	0.778607908	0.042143635	0.047715908
8.174639775	0.768681652	0.04090461	0.046342636
8.176619107	0.75889735	0.039673086	0.044994207
8.178598438	0.749316579	0.038461006	0.043675768
8.18057777	0.739904522	0.03726593	0.042377548
8.182557102	0.730610406	0.036089061	0.041097556
8.184536433	0.721462412	0.034923466	0.039841157
8.186515765	0.712473221	0.033774355	0.038607279
8.188495097	0.703673382	0.032653676	0.037401512
8.190474428	0.695031327	0.031548741	0.036220387
8.19245376	0.686492968	0.030452398	0.035054542
8.194433092	0.678117212	0.029380686	0.033912645
8.196412423	0.669921414	0.028327021	0.032791579
8.198391755	0.66183244	0.027275688	0.031682849
8.200371087	0.653915733	0.026240767	0.030604553
8.202350418	0.646143633	0.025230036	0.02954224
8.20432975	0.638517686	0.024235881	0.028501
8.206309082	0.631053501	0.023252615	0.027483433
8.208288413	0.623740866	0.022287107	0.026487366
8.210267745	0.61658605	0.021350683	0.025515321
8.212247077	0.609510533	0.020426918	0.024553954
8.214226408	0.602787119	0.01954908	0.023668508
8.21620574	0.596230141	0.018702514	0.022804899
8.218185072	0.589729102	0.01788196	0.021960749
8.220164403	0.583453648	0.017133871	0.021187503
8.222143735	0.577393924	0.016434223	0.020468369
8.224123067	0.57155238	0.015779415	0.019800503
8.226102398	0.565854124	0.015148401	0.019173942
8.22808173	0.560423483	0.014558566	0.018607198
8.230061062	0.555180393	0.01399626	0.018061092
8.232040393	0.550158472	0.013461114	0.01754486
8.234019725	0.545309855	0.012944994	0.017061246
8.235999057	0.540657546	0.012468148	0.016608891
8.237978388	0.536217049	0.012026659	0.016194546
8.23995772	0.531875181	0.011601521	0.015810879
8.241937052	0.527762068	0.011220839	0.015468283
8.243916383	0.523740687	0.010866261	0.015137037
8.245895715	0.52001648	0.010558729	0.014864935
8.247875047	0.516224467	0.010250137	0.014565417
8.249854378	0.512751564	0.009984708	0.014313913
8.25183371	0.50923487	0.009711919	0.014033296
8.253813042	0.505810235	0.009455347	0.013761921
8.255792373	0.502524835	0.009229978	0.013501073
8.257771705	0.499348948	0.009025347	0.0132485
8.259751037	0.496246795	0.008829617	0.012999966
8.261730368	0.493220821	0.008644806	0.012766648
8.2637097	0.490327703	0.008486792	0.012550471
8.265689032	0.48760502	0.008369848	0.012373844
8.267668363	0.485052907	0.008280369	0.012235324
8.269647695	0.482660423	0.008214347	0.01213878
8.271627027	0.480436158	0.008167483	0.012097823
8.273606358	0.47843648	0.008155345	0.01212777
8.27558569	0.476694781	0.008183497	0.01224512
8.277565022	0.475208956	0.00824389	0.01245439
8.279544353	0.473981792	0.008330634	0.01276407
8.281523685	0.473023362	0.008449634	0.013185435
8.283503017	0.472385852	0.008622434	0.0137341
8.285482348	0.472113011	0.008834533	0.014418176
8.28746168	0.472166335	0.009083985	0.015228666
8.289441012	0.47246586	0.009355429	0.016157809
8.291420343	0.473151096	0.009679005	0.017230959
8.293399675	0.474129891	0.010032028	0.018425717
8.295379007	0.4754454	0.010415915	0.019747424
8.297358338	0.477026616	0.010816436	0.021175288
8.29933767	0.478888704	0.011230291	0.022713715
8.301317002	0.481015204	0.01167117	0.024352719
8.303296333	0.483362005	0.012121605	0.026064512
8.305275665	0.485887006	0.012574434	0.027838596
8.307254997	0.488555953	0.013019006	0.029663018
8.309234328	0.491350577	0.013460121	0.031526502
8.31121366	0.494243892	0.013903573	0.033418087
8.313192992	0.497165037	0.014324306	0.03530203
8.315172323	0.500084581	0.01472672	0.03716886
8.317151655	0.5029589	0.015105649	0.039000352
8.319130987	0.505769369	0.015471289	0.040785985
8.321110318	0.508444117	0.015811468	0.042488002
8.32308965	0.510960613	0.016102364	0.044075565
8.325068982	0.513272928	0.016340986	0.045534695
8.327048313	0.515346103	0.016525548	0.046845621
8.329027645	0.517123849	0.01664797	0.047985512
8.331006977	0.518577166	0.016708856	0.048943105
8.332986308	0.519680326	0.016703695	0.04970389
8.33496564	0.520436127	0.016631865	0.050265697
8.336944972	0.520799194	0.016489849	0.050613559
8.338924303	0.520797522	0.016280696	0.050752861
8.340903635	0.520424973	0.016003818	0.050680944
8.342882967	0.519686224	0.015666687	0.050404361
8.344862298	0.518633123	0.015276883	0.049940958
8.34684163	0.517301136	0.01484055	0.049307447
8.348820962	0.515727607	0.014358157	0.048524119
8.350800293	0.514000739	0.013844806	0.047625553
8.352779625	0.512192842	0.013317073	0.046647319
8.354758957	0.510358068	0.012783021	0.045619626
8.356738288	0.508597027	0.012250508	0.044579416
8.35871762	0.506988642	0.011736712	0.043563666
8.360696952	0.505603047	0.011250363	0.04260523
8.362676283	0.504500713	0.010795996	0.041730099
8.364655615	0.503745774	0.010388946	0.04096873
8.366634947	0.503393533	0.010028773	0.040343142
8.368614278	0.503484961	0.009719643	0.039872715
8.37059361	0.504072817	0.009468501	0.03958228
8.372572942	0.505179162	0.009282792	0.039481702
8.374552273	0.50682415	0.009163822	0.03957739
8.376531605	0.509009746	0.009104093	0.039870728
8.378510937	0.511765685	0.009112668	0.04037177
8.380490268	0.515043034	0.009188334	0.041071873
8.3824696	0.518843608	0.009322082	0.041959995
8.384448932	0.523190257	0.009511364	0.043038766
8.386428263	0.52799437	0.009756289	0.044286143
8.388407595	0.533254167	0.010049006	0.045678606
8.390386927	0.538911981	0.010387296	0.047205557
8.392366258	0.544954832	0.010765695	0.048862523
8.39434559	0.551326875	0.0111683	0.050634886
8.396324922	0.557963527	0.011598134	0.052485967
8.398304253	0.564829469	0.012055378	0.054404106
8.400283585	0.571894632	0.012530969	0.056369435
8.402262917	0.579071637	0.013010315	0.058356163
8.404242248	0.586285724	0.013450401	0.060324287
8.40622158	0.593539317	0.013930082	0.062314978
8.408200912	0.600823635	0.014442798	0.064303316
8.410180243	0.608098768	0.014972779	0.066252809
8.412159575	0.615308861	0.015488875	0.068120635
8.414138906	0.622400017	0.015976899	0.069883149
8.416118238	0.629344274	0.016437695	0.071530764
8.41809757	0.636101544	0.016866093	0.073042602
8.420076901	0.642652704	0.017261206	0.074412193
8.422056233	0.648963967	0.017619002	0.075625968
8.424035565	0.655012092	0.017935171	0.076674627
8.426014896	0.660809381	0.018209747	0.077557893
8.427994228	0.666317779	0.018438384	0.078265125
8.42997356	0.671542566	0.01862403	0.07879175
8.431952891	0.676481323	0.018765502	0.079140586
8.433932223	0.681151328	0.018863521	0.079319188
8.435911555	0.685576884	0.018925266	0.079334642
8.437890886	0.689795615	0.018955079	0.079205924
8.439870218	0.693848824	0.018959934	0.078954786
8.44184955	0.697790968	0.018945671	0.078604264
8.443828881	0.70169984	0.01892277	0.078190853
8.445808213	0.705641082	0.018897985	0.077748251
8.447787545	0.709691959	0.018881078	0.077307115
8.449766876	0.71391474	0.018884382	0.076897363
8.451746208	0.718388301	0.018922994	0.076553558
8.45372554	0.723189298	0.019009509	0.076315361
8.455704871	0.728400038	0.019156557	0.076215514
8.457684203	0.734065526	0.01935813	0.076284672
8.459663535	0.740220804	0.019627676	0.076525337
8.461642866	0.74690138	0.019975072	0.076961087
8.463622198	0.754121508	0.02040343	0.077596716
8.46560153	0.761882041	0.020915299	0.078439536
8.467580861	0.770144789	0.021505652	0.079475516
8.469560193	0.778905941	0.022172435	0.080701531
8.471539525	0.788138521	0.022919454	0.082108383
8.473518856	0.797801894	0.023740889	0.083675836
8.475498188	0.80783756	0.024627059	0.085377855
8.47747752	0.818181667	0.025566317	0.087186945
8.479456851	0.828801674	0.026556872	0.089084384
8.481436183	0.839644543	0.027596317	0.091046909
8.483415515	0.85066443	0.028677862	0.093054503
8.485394846	0.861807716	0.029791154	0.095083245
8.487374178	0.873012046	0.030919622	0.09710497
8.48935351	0.884176853	0.032027361	0.09908082
8.491332841	0.895308992	0.033174973	0.101046328
8.493312173	0.906364823	0.034342645	0.102964086
8.495291505	0.917327568	0.035521702	0.104812429
8.497270836	0.928159166	0.036692803	0.106562497
8.499250168	0.938818477	0.037843484	0.108190811
8.5012295	0.949265586	0.038971173	0.109682818
8.503208831	0.959504593	0.040075868	0.111033047
8.505188163	0.969519995	0.041156001	0.112240846
8.507167495	0.979305854	0.042203952	0.113305456
8.509146826	0.988857656	0.043222705	0.114222362
8.511126158	0.99817887	0.044208266	0.114994102
8.51310549	1.007296694	0.045166971	0.115627831
8.515084821	1.01622573	0.046093639	0.116129314
8.517064153	1.024996004	0.04699403	0.116512578
8.519043485	1.033623327	0.047870112	0.116797213
8.521022816	1.042150783	0.048726265	0.117002093
8.523002148	1.050603821	0.049561208	0.117150732
8.52498148	1.059002828	0.050395513	0.117240172
8.526960811	1.067417408	0.051239008	0.117301111
8.528940143	1.075871161	0.052099679	0.11734928
8.530919475	1.084392407	0.052983155	0.117403214
8.532898806	1.093031024	0.053898171	0.117485995
8.534878138	1.101820923	0.054851149	0.117614264
8.53685747	1.110793202	0.055854233	0.117801329
8.538836801	1.119975855	0.056912211	0.118057985
8.540816133	1.129404109	0.058025244	0.11840221
8.542795465	1.139102585	0.059200008	0.118841978
8.544774796	1.149070725	0.060440867	0.119382547
8.546754128	1.159326979	0.061751305	0.120032202
8.54873346	1.169872866	0.063129813	0.12079333
8.550712791	1.18069923	0.06457776	0.121662555
8.552692123	1.191794362	0.066094346	0.122631575
8.554671455	1.203144005	0.06767588	0.123694378
8.556650786	1.214719039	0.069320232	0.124839665
8.558630118	1.226493241	0.071020827	0.126053692
8.56060945	1.238424523	0.072770681	0.12731569
8.562588781	1.250467659	0.074558681	0.128611201
8.564568113	1.26259576	0.07638239	0.12992317
8.566547445	1.274751991	0.078230361	0.131234044
8.568526776	1.286915867	0.080099095	0.132536619
8.570506108	1.299057898	0.081983374	0.133824112
8.57248544	1.311138575	0.083857197	0.135072058
8.574464771	1.323163228	0.085756412	0.136287016
8.576444103	1.335083589	0.087655162	0.137424118
8.578423435	1.346877189	0.089528294	0.138478
8.580402766	1.358533091	0.091376304	0.139445579
8.582382098	1.370042134	0.093199664	0.140326262
8.58436143	1.381413843	0.095002114	0.14112546
8.586340761	1.392657131	0.096790871	0.14184786
8.588320093	1.403785585	0.09855785	0.142504806
8.590299425	1.414815757	0.100307268	0.143101113
8.592278756	1.42574127	0.102042119	0.143631458
8.594258088	1.436584785	0.1037694	0.144106162
8.59623742	1.44736487	0.105491034	0.144537673
8.598216751	1.458106406	0.107213255	0.144941661
8.600196083	1.468827176	0.108940587	0.145325025
8.602175415	1.479543217	0.110679203	0.145696296
8.604154746	1.490271337	0.112429944	0.146068341
8.606134078	1.501020823	0.114197783	0.146446807
8.60811341	1.511802234	0.115986262	0.146834636
8.610092741	1.522630854	0.117800024	0.147238811
8.612072073	1.533510357	0.119642566	0.147661634
8.614051405	1.54442778	0.121504638	0.148099321
8.616030736	1.55539287	0.123411769	0.148571401
8.618010068	1.566407665	0.125356458	0.149064844
8.6199894	1.57746379	0.127322462	0.149568525
8.621968731	1.588552833	0.129301747	0.150078512
8.623948063	1.59967141	0.131291489	0.150594704
8.625927395	1.610810557	0.133297163	0.151115456
8.627906726	1.621965141	0.135316805	0.151638012
8.629886058	1.633125035	0.137350009	0.152159327
8.63186539	1.644281183	0.139390628	0.152676542
8.633844721	1.655429571	0.141439133	0.153187215
8.635824053	1.666558184	0.143489644	0.153688195
8.637803385	1.677657684	0.145539771	0.154176015
8.639782716	1.688719817	0.147587801	0.154646522
8.641762048	1.69973495	0.149632714	0.155097425
8.64374138	1.710694627	0.151675281	0.155527998
8.645720711	1.721573521	0.153697242	0.155929748
8.647700043	1.732378613	0.155728325	0.156318387
8.649679375	1.74312441	0.157763506	0.156683529
8.651658706	1.75379397	0.159778044	0.157014071
8.653638038	1.764381457	0.161767585	0.157305368
8.65561737	1.774881137	0.163730768	0.157553962
8.657596701	1.785300873	0.165672026	0.157764978
8.659576033	1.795643004	0.167593856	0.157946209
8.661555365	1.805915586	0.169497917	0.158102923
8.663534696	1.816121533	0.171385609	0.15823934
8.665514028	1.826272744	0.173260749	0.158354765
8.66749336	1.836380723	0.175120784	0.158465039
8.669472691	1.846449703	0.176963422	0.158571952
8.671452023	1.856477688	0.178797472	0.158667165
8.673431355	1.866474159	0.180633536	0.158750701
8.675410686	1.876431375	0.182471746	0.158837103
8.677390018	1.886338149	0.184304484	0.158923163
8.67936935	1.896223451	0.18616025	0.159033331
8.681348681	1.906081991	0.188017408	0.159147414
8.683328013	1.915905658	0.189866549	0.159254623
8.685307345	1.925676488	0.191699273	0.159351646
8.687286676	1.935397888	0.19351508	0.15943644
8.689266008	1.945066693	0.195318371	0.159510005
8.69124534	1.954676331	0.19710818	0.159574305
8.693224671	1.964234168	0.198885936	0.159633358
8.695204003	1.973728863	0.200651432	0.15968863
8.697183335	1.983152494	0.202398133	0.159738247
8.699162666	1.992526302	0.204157597	0.159797234
8.701141998	2.001844163	0.205909105	0.159850521
8.70312133	2.011098402	0.207639012	0.159887282
8.705100661	2.020280541	0.209338741	0.159903798
8.707079993	2.029387213	0.211004942	0.159900456
8.709059325	2.038409229	0.212641353	0.159877785
8.711038656	2.047355392	0.214252843	0.159838306
8.713017988	2.05621532	0.215837912	0.159783852
8.71499732	2.064988356	0.217408636	0.159721822
8.716976651	2.073691279	0.218974851	0.159655692
8.718955983	2.082315587	0.220515994	0.159571302
8.720935315	2.090847049	0.222022952	0.159461369
8.722914646	2.099277417	0.223487562	0.159323361
8.724893978	2.107606998	0.224910084	0.159158992
8.72687331	2.115837172	0.226299811	0.158974965
8.728852641	2.123968647	0.227677531	0.158782833
8.730831973	2.132032082	0.229047532	0.158584484
8.732811305	2.140013388	0.230393673	0.158368927
8.734790636	2.147904621	0.231706994	0.158137437
8.736769968	2.155711395	0.233008926	0.157897331
8.738749299	2.163451074	0.23430274	0.157647994
8.740728631	2.171112705	0.235587305	0.157386845
8.742707963	2.178729118	0.236881377	0.157126998
8.744687294	2.186271687	0.238213345	0.156882724
8.746666626	2.193726691	0.239826796	0.156761958
8.748645958	2.201354278	0.241910689	0.156832979
8.750625289	2.209125652	0.244300105	0.157015374
8.752604621	2.216524341	0.246494018	0.157127506
8.754583953	2.223332945	0.24841979	0.157112711
8.756563284	2.229674572	0.250108349	0.156986431
8.758542616	2.235680098	0.251622907	0.156806753
8.760521948	2.241591917	0.253060112	0.15660262
8.762501279	2.247311105	0.25432714	0.156392952
8.764480611	2.253045242	0.255529786	0.156169248
8.766459943	2.258628336	0.256572257	0.155950054
8.768439274	2.264216268	0.257606728	0.155752999
8.770418606	2.269900213	0.258586925	0.155558491
8.772397938	2.275340749	0.259413735	0.155386756
8.774377269	2.280856379	0.260251887	0.155221175
8.776356601	2.286360261	0.261020564	0.155075945
8.778335933	2.291735985	0.26173925	0.154943934
8.780315264	2.29730014	0.262530056	0.154820508
8.782294596	2.302710272	0.26323661	0.154719315
8.784273928	2.308188408	0.264032384	0.154635901
8.786253259	2.31359124	0.264768467	0.154572696
8.788232591	2.318646811	0.265340281	0.154524153
8.790211923	2.32389581	0.266024652	0.154458673
8.792191254	2.32899346	0.266617007	0.154412835
8.794170586	2.33387798	0.267144365	0.154390034
8.796149918	2.339021944	0.267800656	0.154350659
8.798129249	2.343870377	0.268318349	0.154340873
8.800108581	2.348744278	0.268952754	0.154347545
8.802087913	2.353635509	0.269579396	0.154364482
8.804067244	2.358015375	0.269950684	0.154417766
8.806046576	2.362617787	0.270520739	0.154442414
8.808025908	2.367153335	0.271016796	0.154497405
8.810005239	2.371277453	0.271326296	0.154599011
8.811984571	2.375743733	0.271871153	0.154682145
8.813963903	2.380071694	0.272312227	0.154813313
8.815943234	2.383959659	0.272607262	0.154971615
8.817922566	2.388311927	0.273170115	0.155135187
8.819901898	2.392275882	0.27355263	0.155368868
8.821881229	2.396300477	0.274094281	0.155629397
8.823860561	2.400435837	0.274664322	0.155919878
8.825839893	2.403875932	0.274875767	0.156278732
8.827819224	2.407722796	0.275407033	0.156620731
8.829798556	2.41154788	0.27592748	0.157022874
8.831777888	2.414744706	0.276113479	0.157493905
8.833757219	2.418501628	0.276655663	0.157967031
8.835736551	2.422133227	0.277130591	0.158489844
8.837715883	2.425152198	0.27735168	0.159074744
8.839695214	2.42873844	0.277917004	0.159643682
8.841674546	2.432051399	0.278329579	0.160289276
8.843653878	2.434973744	0.278667789	0.160978837
8.845633209	2.438481764	0.279276925	0.161660881
8.847612541	2.441182989	0.279578098	0.162436533
8.849591873	2.444082897	0.28007685	0.163195829
8.851571204	2.447167796	0.280673016	0.16397921
8.853550536	2.44928592	0.280773606	0.16483331
8.855529868	2.451776773	0.28113675	0.165631401
8.857509199	2.454501047	0.281640581	0.166474785
8.859488531	2.456464174	0.281689197	0.167400448
8.861467863	2.458349097	0.281868638	0.168224876
8.863447194	2.460798697	0.282338947	0.169090998
8.865426526	2.462418636	0.282338837	0.170046352
8.867405858	2.464053811	0.28255004	0.170940157
8.869385189	2.466028077	0.282989327	0.171855302
8.871364521	2.467171396	0.282889505	0.172808981
8.873343853	2.46840004	0.283085377	0.173741078
8.875323184	2.469854262	0.28343928	0.17468283
8.877302516	2.470409873	0.283253343	0.175648965
8.879281848	2.471211353	0.283377889	0.176571724
8.881261179	2.472108706	0.283601954	0.177521609
8.883240511	2.472153011	0.283346193	0.178494626
8.885219843	2.472498228	0.283463455	0.179413803
8.887199174	2.472660265	0.283436831	0.180371388
8.889178506	2.472088508	0.283064302	0.181334713
8.891157838	2.471910211	0.283057765	0.182228941
8.893137169	2.471731943	0.283008314	0.183149942
8.895116501	2.470348469	0.282494515	0.184107791
8.897095833	2.469635095	0.282416587	0.184968989
8.899075164	2.468831625	0.28230182	0.185862111
8.901054496	2.466879012	0.281566994	0.186789562
8.903033828	2.46521627	0.281149972	0.187616577
8.905013159	2.463930137	0.280985368	0.188438957
8.906992491	2.461638687	0.280228496	0.18930205
8.908971823	2.459247365	0.279660341	0.190100923
8.910951154	2.457128504	0.279370738	0.190875585
8.912930486	2.454487025	0.278634102	0.191695186
8.914909818	2.451256641	0.277823074	0.192451182
8.916889149	2.448593392	0.27740538	0.193138107
8.918868481	2.44524066	0.276592798	0.193868351
8.920847813	2.441216809	0.275594824	0.194561929
8.922827144	2.43771587	0.275000261	0.195175522
8.924806476	2.433982546	0.274222035	0.195804624
8.926785808	2.42919678	0.273021663	0.196431211
8.928765139	2.42477075	0.272203026	0.196958907
8.930744471	2.420420388	0.271397576	0.197474764
8.932723803	2.415034574	0.270060633	0.197990016
8.934703134	2.409683053	0.26900196	0.198410274
8.936682466	2.404389423	0.268096599	0.198806248
8.938661798	2.398525008	0.266688558	0.199196231
8.940641129	2.392171213	0.265354074	0.199484641
8.942620461	2.386253804	0.264311423	0.199718804
8.944599793	2.379483396	0.26278812	0.199966367
8.946579124	2.37215112	0.261229437	0.200122206
8.948558456	2.365367842	0.259992448	0.200180906
8.950537788	2.358070297	0.258453451	0.200260898
8.952517119	2.349819661	0.256615417	0.200292166
8.954496451	2.342027785	0.255201741	0.200231099
8.956475783	2.334130576	0.253667718	0.200159627
8.958455114	2.325254862	0.251646355	0.200070344
8.960434446	2.316557445	0.250013896	0.199890661
8.962413778	2.30798567	0.248483608	0.199694934
8.964393109	2.298668138	0.246462272	0.199502746
8.966372441	2.289074275	0.244604227	0.199234081
8.968351773	2.279911224	0.243037879	0.198921647
8.970331104	2.269975445	0.241059254	0.198645148
8.972310436	2.259659265	0.23905151	0.198308114
8.974289768	2.249884081	0.23743862	0.197905306
8.976269099	2.239696242	0.235575494	0.197531369
8.978248431	2.228683732	0.23338662	0.197127431
8.980227763	2.218062904	0.231658681	0.196664828
8.982207094	2.207684153	0.229971126	0.196204141
8.984186426	2.196299487	0.227849678	0.195765779
8.986165758	2.185089806	0.225938971	0.195251439
8.988145089	2.174171282	0.22434275	0.194723568
8.990124421	2.162712499	0.222348602	0.194223203
8.992103753	2.150803197	0.220337921	0.193681454
8.994083084	2.139401227	0.218698474	0.193066715
8.996062416	2.127583193	0.216856228	0.192515561
8.998041748	2.115210144	0.214735516	0.191906714
9.000021079	2.103174534	0.21299656	0.191227497
9.002000411	2.091271443	0.21130278	0.19057732
9.003979743	2.078570409	0.209194872	0.189914866
9.005959074	2.065927337	0.207351194	0.189202631
9.007938406	2.053754374	0.20571311	0.188463618
9.009917738	2.040959417	0.203815236	0.187761695
9.011897069	2.027849889	0.201887234	0.187017466
9.013876401	2.015251508	0.200319003	0.186253394
9.015855733	2.002260471	0.19844291	0.185493586
9.017835064	1.988803824	0.196407268	0.184704514
9.019814396	1.97579784	0.194817477	0.183886018
9.021793728	1.962761659	0.193111926	0.183085552
9.023773059	1.94898544	0.191070737	0.182261251
9.025752391	1.935609654	0.189439514	0.181392198
9.027731723	1.922376032	0.187768919	0.180519609
9.029711054	1.908372772	0.185731653	0.179646908
9.031690386	1.89461365	0.183968271	0.178707736
9.033669718	1.881184367	0.182381963	0.177752683
9.035649049	1.86701684	0.180355196	0.176810239
9.037628381	1.852808937	0.178463946	0.175804968
9.039607713	1.839195909	0.17687404	0.174753668
9.041587044	1.825016609	0.174985074	0.173736684
9.043566376	1.810402198	0.172928112	0.172649695
9.045545708	1.796279062	0.171133556	0.171482085
9.047525039	1.782181505	0.169367852	0.170321071
9.049504371	1.767508897	0.167379433	0.169155945
9.051483703	1.753225584	0.165650413	0.167919751
9.053463034	1.738837691	0.163878759	0.166675835
9.055442366	1.723965242	0.161914093	0.165413808
9.057421698	1.709288997	0.160164111	0.164092013
9.059401029	1.694676858	0.158392548	0.162747106
9.061380361	1.679457769	0.156345837	0.161398595
9.063359693	1.664447702	0.15445642	0.159969391
9.065339024	1.649675231	0.15265649	0.158517059
9.067318356	1.634316829	0.150586158	0.157081705
9.069297687	1.618924213	0.148413829	0.155560481
9.071277019	1.603783149	0.146346551	0.153978225
9.073256351	1.588707888	0.144245391	0.152381614
9.075235682	1.5737246	0.142329511	0.150772492
9.077215014	1.558909772	0.140547269	0.149201528
9.079194346	1.543966659	0.138734415	0.14762631
9.081173677	1.528659823	0.136781753	0.146035885
9.083153009	1.51344542	0.134980142	0.144374609
9.085132341	1.49835573	0.133197313	0.142704538
9.087111672	1.482894739	0.131199531	0.141042403
9.089091004	1.467311932	0.129110663	0.139313157
9.091070336	1.452003197	0.127067736	0.137536595
9.093049667	1.436839974	0.125009241	0.135748796
9.095028999	1.421832683	0.12308601	0.13395451
9.097008331	1.407015829	0.121298709	0.13220941
9.098987662	1.392205185	0.119517605	0.130457166
9.100966994	1.377044427	0.117572726	0.128688307
9.102946326	1.361767619	0.115604265	0.126863761
9.104925657	1.346737896	0.113728213	0.125013982
9.106904989	1.331751153	0.111837982	0.123170317
9.108884321	1.316646543	0.10987498	0.121295876
9.110863652	1.301904884	0.108008938	0.119425105
9.112842984	1.287378935	0.106238538	0.117569145
9.114822316	1.272661233	0.104379793	0.11572139
9.116801647	1.257882522	0.102470183	0.113846171
9.118780979	1.243201838	0.100561031	0.111940003
9.120760311	1.228624722	0.098638081	0.110026788
9.122739642	1.21416605	0.096728123	0.10810008
9.124718974	1.200032743	0.094990397	0.106204233
9.126698306	1.186036784	0.093323619	0.104365185
9.128677637	1.17191488	0.091585426	0.102499612
9.130656969	1.157598978	0.089773441	0.100623654
9.132636301	1.143391932	0.087952876	0.098721317
9.134615632	1.129297177	0.086136179	0.0967791
9.136594964	1.115372414	0.084313352	0.094839724
9.138574296	1.101636798	0.082528569	0.092906941
9.140553627	1.088066731	0.080797164	0.091016371
9.142532959	1.074641778	0.079116037	0.089147333
9.144512291	1.061290738	0.077426419	0.087292071
9.146491622	1.047891608	0.075718539	0.085425727
9.148470954	1.034620941	0.074050952	0.083545688
9.150450286	1.021480316	0.072384473	0.081690012
9.152429617	1.008458501	0.070700672	0.079836881
9.154408949	0.995562958	0.069025545	0.077987321
9.156388281	0.982796879	0.067378419	0.07615056
9.158367612	0.970196743	0.065805655	0.07435877
9.160346944	0.957774043	0.064256031	0.072608881
9.162326276	0.945425429	0.062729922	0.070881826
9.164305607	0.933191259	0.061219986	0.069174333
9.166284939	0.92106005	0.059738412	0.06747288
9.168264271	0.909074195	0.058290679	0.065782564
9.170243602	0.897263094	0.05686698	0.0641147
9.172222934	0.885559543	0.055441018	0.06245716
9.174202266	0.874015014	0.054021874	0.060815278
9.176181597	0.86261543	0.052613446	0.059192914
9.178160929	0.851357798	0.051217304	0.057597025
9.180140261	0.840242819	0.04980995	0.056023982
9.182119592	0.829285641	0.048421019	0.054475555
9.184098924	0.818507101	0.047051545	0.052949644
9.186078256	0.807877497	0.045694553	0.051454681
9.188057587	0.797384671	0.044347898	0.049981933
9.190036919	0.787050059	0.043013877	0.048528723
9.192016251	0.776912699	0.041710361	0.047111346
9.193995582	0.766914859	0.04042812	0.045727719
9.195974914	0.757056447	0.039152098	0.044367459
9.197954246	0.7473695	0.037892781	0.043033868
9.199933577	0.737864384	0.036656237	0.041727976
9.201912909	0.728501147	0.035432438	0.040449102
9.203892241	0.719270816	0.034212054	0.039191753
9.205871572	0.710260003	0.033012874	0.037972278
9.207850904	0.701373187	0.031820043	0.036760947
9.209830236	0.692649803	0.030639991	0.035575236
9.211809567	0.684100357	0.029469744	0.034418443
9.213788899	0.675699208	0.028314586	0.033278254
9.215768231	0.667481808	0.027187928	0.032164964
9.217747562	0.659464826	0.026077426	0.031081772
9.219726894	0.651576603	0.024976322	0.030015517
9.221706226	0.643859787	0.023905208	0.028970819
9.223685557	0.636312823	0.02288036	0.027962197
9.225664889	0.628953111	0.021895038	0.026989364
9.227644221	0.621735409	0.020936004	0.026038428
9.229623552	0.614674477	0.020023734	0.025110421
9.231602884	0.607774587	0.0191579	0.024216378
9.233582216	0.601035042	0.018318492	0.023339057
9.235561547	0.594421812	0.017501903	0.022471447
9.237540879	0.588010007	0.016731795	0.021632126
9.239520211	0.581693468	0.015969706	0.020788436
9.241499542	0.575555089	0.015232255	0.019959556
9.243478874	0.56957631	0.01452352	0.019141938
9.245458206	0.563716997	0.013832892	0.018331416
9.247437537	0.558063164	0.013167641	0.017541424
9.249416869	0.552554107	0.012533256	0.016747584
9.251396201	0.547247945	0.011933406	0.015967477
9.253375532	0.542043805	0.01135565	0.015195413
9.255354864	0.537021183	0.010823372	0.01443927
9.257334196	0.532140639	0.010326101	0.013697646
9.259313527	0.52740235	0.00985109	0.01298834
9.261292859	0.522804982	0.009406645	0.012296637
9.263272191	0.518403655	0.009015713	0.011643894
9.265251522	0.514146225	0.008666349	0.01102621
9.267230854	0.510055503	0.008351227	0.010453602
9.269210186	0.506169797	0.008084394	0.009930952
9.271189517	0.502500905	0.007863604	0.00947039
9.273168849	0.499034903	0.007684082	0.009081628
9.275148181	0.495781012	0.007543224	0.00876261
9.277127512	0.492814503	0.007470272	0.008545056
9.279106844	0.490140357	0.007453961	0.008432494
9.281086176	0.487740372	0.007485879	0.008433888
9.283065507	0.485652192	0.00756497	0.008559975
9.285044839	0.483913163	0.007705759	0.008818172
9.287024171	0.482549844	0.007907798	0.009220164
9.289003502	0.481532702	0.008157927	0.009763108
9.290982834	0.480845739	0.008446831	0.010450499
9.292962166	0.480530643	0.00878372	0.011288818
9.294941497	0.480596673	0.009174207	0.012283035
9.296920829	0.481021638	0.0096008	0.013423505
9.298900161	0.481762319	0.010052125	0.014703178
9.300879492	0.482819091	0.010531022	0.016116113
9.302858824	0.484208764	0.011048772	0.017661643
9.304838156	0.485887874	0.011584815	0.019320754
9.306817487	0.487811804	0.012131212	0.021079707
9.308796819	0.489946634	0.012681609	0.022923348
9.310776151	0.492287388	0.013246883	0.024845593
9.312755482	0.494806086	0.013810083	0.026823509
9.314734814	0.497449072	0.014361811	0.028839577
9.316714146	0.500173107	0.014888011	0.030869992
9.318693477	0.502938492	0.015378726	0.032903487
9.320672809	0.50572831	0.015863107	0.034927518
9.322652141	0.508496497	0.016330517	0.036924978
9.324631472	0.511193159	0.016763941	0.03886686
9.326610804	0.513772833	0.017158605	0.040736553
9.328590136	0.516182568	0.017510846	0.042508879
9.330569467	0.51839512	0.017814626	0.044160567
9.332548799	0.520357987	0.01805776	0.045662829
9.334528131	0.522038531	0.018233293	0.046995448
9.336507462	0.523332204	0.018332001	0.048126404
9.338486794	0.524210588	0.018355345	0.049042367
9.340466126	0.52474365	0.018307151	0.049748014
9.342445457	0.524823229	0.018181128	0.050212468
9.344424789	0.524404016	0.017971056	0.050418689
9.346404121	0.523534613	0.017683033	0.050376667
9.348383452	0.522190932	0.017315187	0.050077252
9.350362784	0.520379833	0.016870302	0.049525788
9.352342116	0.518138584	0.016355255	0.048738196
9.354321447	0.515506191	0.015770765	0.047731023
9.356300779	0.512561629	0.015135931	0.046541697
9.358280111	0.509406841	0.014469186	0.045217585
9.360259442	0.506138098	0.013783557	0.043799305
9.362238774	0.502838957	0.013091021	0.042326152
9.364218106	0.499622372	0.012409882	0.040847667
9.366197437	0.496592591	0.011755205	0.03941494
9.368176769	0.49384716	0.011135821	0.038069863
9.370156101	0.491477773	0.010569954	0.036855868
9.372135432	0.489557396	0.010059309	0.03580208
9.374114764	0.488158467	0.009616499	0.034944079
9.376094096	0.487341164	0.009248135	0.034307241
9.378073427	0.487165007	0.008963831	0.033916258
9.380052759	0.487608488	0.008759062	0.033768724
9.382032091	0.488787207	0.008634609	0.033890915
9.384011422	0.490575512	0.008596827	0.034260862
9.385990754	0.49302753	0.008637107	0.034886676
9.387970086	0.496143864	0.008749634	0.035759085
9.389949417	0.49983913	0.00893512	0.036859609
9.391928749	0.504100323	0.009185448	0.038172534
9.393908081	0.50889556	0.009495707	0.039678424
9.395887412	0.514152288	0.009857041	0.041348176
9.397866744	0.519836625	0.01026659	0.043166479
9.399846075	0.525859749	0.010707928	0.045092434
9.401825407	0.532194411	0.011177232	0.047115558
9.403804739	0.538784398	0.011665974	0.049207494
9.40578407	0.54556959	0.012161276	0.051342249
9.407763402	0.552510043	0.012668071	0.053488992
9.409742734	0.559542676	0.013180595	0.055639327
9.411722065	0.566599991	0.013667887	0.057764531
9.413701397	0.573629492	0.014138932	0.05987668
9.415680729	0.580625426	0.014641154	0.061964856
9.41766006	0.587543493	0.015137492	0.063985824
9.419639392	0.594335376	0.015609753	0.065910526
9.421618724	0.600942601	0.016042695	0.067704
9.423598055	0.607342118	0.016438312	0.069357733
9.425577387	0.61349044	0.01679312	0.070846646
9.427556719	0.619383094	0.01710638	0.072171577
9.42953605	0.625000511	0.017379612	0.073319953
9.431515382	0.630306666	0.017605168	0.074278464
9.433494714	0.635306316	0.017784287	0.075050224
9.435474045	0.639994893	0.017911823	0.075630721
9.437453377	0.644368335	0.017990074	0.076017972
9.439432709	0.64842395	0.018016984	0.076212963
9.44141204	0.652219489	0.018000708	0.076237689
9.443391372	0.655722539	0.017938378	0.076085228
9.445370704	0.659004068	0.01783895	0.075783904
9.447350035	0.662110129	0.017710391	0.075357065
9.449329367	0.66511786	0.017564729	0.074832532
9.451308699	0.668072857	0.017407175	0.074236943
9.45328803	0.671065653	0.017249377	0.073609425
9.455267362	0.674163514	0.017107926	0.072981439
9.457246694	0.677446804	0.016993013	0.072392821
9.459226025	0.680987632	0.016912506	0.071875212
9.461205357	0.684872872	0.016874481	0.071469158
9.463184689	0.689171204	0.016890857	0.071206736
9.46516402	0.693928082	0.01696726	0.071109616
9.467143352	0.699200906	0.017110603	0.0712044
9.469122684	0.705012472	0.017331316	0.071502051
9.471102015	0.711372969	0.017635779	0.072005391
9.473081347	0.718301798	0.018021394	0.072722558
9.475060679	0.72578615	0.018488012	0.073649544
9.47704001	0.733799935	0.019022051	0.074784833
9.479019342	0.742326748	0.019634099	0.076102932
9.480998674	0.751321177	0.020325735	0.077594144
9.482978005	0.760744726	0.021084233	0.079234527
9.484957337	0.770527139	0.02189682	0.080999619
9.486936669	0.780636798	0.022764125	0.082877516
9.488916	0.791020562	0.023680153	0.084842292
9.490895332	0.801605418	0.024633757	0.086863546
9.492874664	0.812330683	0.025617478	0.088916167
9.494853995	0.823184515	0.026627412	0.090987325
9.496833327	0.83408541	0.02765635	0.093045669
9.498812659	0.844972177	0.028696611	0.095066048
9.50079199	0.855826114	0.029748101	0.097035579
9.502771322	0.866609539	0.030795515	0.098938068
9.504750654	0.877239992	0.031802372	0.100742863
9.506729985	0.887740397	0.032836212	0.102488018
9.508709317	0.898069076	0.03387131	0.104140392
9.510688649	0.908205366	0.034895401	0.105676061
9.51266798	0.918150202	0.035897206	0.10708132
9.514647312	0.92785142	0.036869397	0.108336704
9.516626644	0.937330188	0.037818066	0.109445781
9.518605975	0.946575813	0.038742355	0.110407332
9.520585307	0.955607816	0.039645009	0.111231807
9.522564639	0.964443269	0.04052078	0.111924961
9.52454397	0.973103421	0.041370255	0.112499136
9.526523302	0.981610578	0.042192833	0.112966298
9.528502634	0.990003077	0.042996986	0.113340377
9.530481965	0.998302205	0.043788864	0.11363022
9.532461297	1.006512291	0.044572634	0.113841243
9.534440629	1.014722019	0.045352422	0.114003275
9.53641996	1.022929722	0.046137305	0.114125409
9.538399292	1.031168924	0.046928052	0.114223681
9.540378624	1.039477769	0.047726223	0.114325981
9.542357955	1.047871434	0.048541946	0.11444353
9.544337287	1.056373521	0.049388728	0.11457459
9.546316619	1.065027879	0.050271331	0.114744174
9.54829595	1.073842407	0.051195748	0.114959389
9.550275282	1.082838688	0.052163493	0.11523212
9.552254614	1.092033439	0.053181768	0.115570843
9.554233945	1.101453506	0.054258011	0.115990257
9.556213277	1.111101409	0.055394242	0.116484826
9.558192609	1.120998328	0.056591012	0.117066331
9.56017194	1.131151585	0.057846847	0.117740948
9.562151272	1.141581464	0.059168101	0.118513434
9.564130604	1.152280764	0.060555999	0.119385892
9.566109935	1.163243913	0.062009183	0.120356049
9.568089267	1.174446665	0.063524771	0.121416078
9.570068599	1.185878414	0.065097687	0.122556635
9.57204793	1.197505546	0.066727911	0.123764987
9.574027262	1.209305453	0.068409376	0.125031203
9.576006594	1.221247378	0.070136698	0.126341797
9.577985925	1.233297829	0.071901191	0.12767918
9.579965257	1.245421562	0.073695945	0.129027191
9.581944589	1.257578942	0.075510323	0.130369244
9.58392392	1.269744569	0.077342095	0.131695361
9.585903252	1.281865914	0.079185089	0.132989654
9.587882584	1.293922441	0.08103084	0.134240154
9.589861915	1.305892171	0.082871826	0.135435492
9.591841247	1.31775495	0.084700411	0.136563354
9.593820579	1.329494063	0.086511476	0.137613229
9.59579991	1.341097506	0.088321735	0.138589279
9.597779242	1.352574048	0.090132504	0.139496262
9.599758574	1.363898386	0.091921544	0.140313628
9.601737905	1.375074478	0.093680775	0.141042492
9.603717237	1.386116166	0.095416713	0.141691215
9.605696569	1.397047113	0.097135117	0.142271575
9.6076759	1.40788211	0.098835337	0.142794966
9.609655232	1.418643711	0.100523393	0.143270639
9.611634564	1.429356869	0.102212419	0.14370427
9.613613895	1.44002477	0.103901571	0.144100729
9.615593227	1.450668676	0.105597093	0.144473198
9.617572559	1.461310835	0.107300077	0.144834808
9.61955189	1.471968753	0.109017331	0.145193306
9.621531222	1.482658914	0.110753551	0.145557809
9.623510554	1.493389244	0.112510345	0.145936053
9.625489885	1.504164055	0.114289775	0.146331127
9.627469217	1.514984611	0.116097261	0.14674424
9.629448549	1.525846581	0.117922216	0.147172479
9.63142788	1.536751402	0.119785854	0.147629699
9.633407212	1.54772308	0.121697178	0.148114737
9.635386544	1.558745015	0.123632565	0.14861179
9.637365875	1.569804412	0.125584026	0.149116982
9.639345207	1.580897956	0.127549184	0.149626208
9.641324539	1.592016344	0.129528974	0.150142871
9.64330387	1.603162511	0.131524512	0.150667392
9.645283202	1.614331476	0.133538126	0.151199107
9.647262534	1.625514627	0.13556561	0.151732626
9.649241865	1.636708431	0.137607334	0.152266925
9.651221197	1.647902306	0.139658871	0.152799869
9.653200529	1.659090782	0.141716851	0.153327049
9.65517986	1.670255437	0.143777307	0.153844032
9.657159192	1.68138959	0.145837461	0.154348129
9.659138524	1.692482966	0.147895018	0.154833827
9.661117855	1.703527798	0.149949657	0.155298983
9.663097187	1.714517446	0.151998951	0.155742414
9.665076519	1.725437369	0.154041121	0.15616158
9.66705585	1.736268011	0.156064	0.156550912
9.669035182	1.747031433	0.158098938	0.156926536
9.671014514	1.757722042	0.160125654	0.157272069
9.672993845	1.768329637	0.162128878	0.157578921
9.674973177	1.778848441	0.164105721	0.157841362
9.676952509	1.789280806	0.166056971	0.158064659
9.67893184	1.799632333	0.167985957	0.158255582
9.680911172	1.80990693	0.169895833	0.158420485
9.682890504	1.820117868	0.17179041	0.158563321
9.684869835	1.830269677	0.173670905	0.158684261
9.686849167	1.840372816	0.175532595	0.158800797
9.688828499	1.850431119	0.177375819	0.158909255
9.69080783	1.860445333	0.179213226	0.158998849
9.692787162	1.870425737	0.181050137	0.159081241
9.694766494	1.880355523	0.182882995	0.159161806
9.696745825	1.890235422	0.184716379	0.159245759
9.698725157	1.900091531	0.186570153	0.15934984
9.700704489	1.909913734	0.188417821	0.159450067
9.70268382	1.919691404	0.190251427	0.159539156
9.704663152	1.929410206	0.192066071	0.159614088
9.706642484	1.939071845	0.193864057	0.159674328
9.708621815	1.948679256	0.195647849	0.159722626
9.710601147	1.958229348	0.197416938	0.159761768
9.712580479	1.967721556	0.199175516	0.159796296
9.71455981	1.977156722	0.200921792	0.15982792
9.716539142	1.986526479	0.202653404	0.159858061
9.718518474	1.995845275	0.20440027	0.159899258
9.720497805	2.005118279	0.20613733	0.159933
9.722477137	2.014330265	0.207853481	0.159952815
9.724456469	2.02347629	0.209537983	0.159955158
9.7264358	2.032551409	0.211193793	0.159941197
9.728415132	2.041543976	0.212823681	0.159911416
9.730394463	2.050475414	0.21443069	0.159867979
9.732373795	2.059318424	0.216013742	0.159812967
9.734353127	2.068084693	0.217586253	0.15975467
9.736332458	2.076779657	0.219155126	0.159691561
9.73831179	2.085400096	0.220701174	0.159610543
9.740291122	2.093931164	0.222207586	0.159504761
9.742270453	2.102363798	0.223671502	0.159371744
9.744249785	2.11069534	0.225097185	0.159213529
9.746229117	2.118923162	0.22649258	0.159037397
9.748208448	2.12706035	0.227881328	0.158855526
9.75018778	2.135126009	0.229254931	0.158664385
9.752167112	2.143115509	0.230601404	0.158457075
9.754146443	2.151005425	0.231923381	0.158233448
9.756125775	2.158814086	0.233236133	0.15799989
9.758105107	2.166554445	0.234533075	0.157755778
9.760084438	2.174218694	0.235824403	0.157500525
9.76206377	2.18181895	0.237126937	0.157243026
9.764043102	2.189360677	0.238489694	0.157019837
9.766022433	2.196815351	0.240207273	0.156943747
9.768001765	2.204538106	0.242409292	0.157055347
9.769981097	2.212258946	0.244788724	0.157235316
9.771960428	2.219512571	0.246913703	0.157317999
9.77393976	2.226211213	0.248793364	0.157271581
9.775919092	2.23245489	0.250431468	0.157125698
9.777898423	2.238416941	0.251928617	0.156933885
9.779877755	2.24427172	0.253322543	0.156718952
9.781857087	2.249968005	0.254566147	0.156502358
9.783836418	2.255669134	0.255733564	0.156268373
9.78581575	2.261213068	0.25675303	0.15604855
9.787795082	2.266833817	0.257789786	0.155847167
9.789774413	2.272476124	0.258727587	0.155649376
9.791753745	2.277883757	0.259539528	0.155474846
9.793733077	2.283415903	0.260377519	0.155308202
9.795712408	2.288865849	0.261118169	0.155162999
9.79769174	2.294282164	0.261855523	0.155028747
9.799671072	2.299835613	0.262638269	0.154903939
9.801650403	2.30523104	0.263338554	0.154804606
9.803629735	2.31072929	0.264151475	0.154722494
9.805609067	2.316036388	0.264820531	0.154661508
9.807588398	2.32109798	0.265427648	0.154609235
9.80956773	2.326361893	0.266118898	0.154544139
9.811547062	2.331430012	0.266671482	0.154508734
9.813526393	2.336315496	0.267214264	0.154476461
9.815505725	2.341454801	0.267874933	0.154442488
9.817485057	2.346247257	0.268378466	0.154442924
9.819464388	2.351177141	0.269058893	0.154446712
9.82144372	2.355990297	0.269625928	0.154469895
9.823423052	2.360344685	0.270023977	0.154523366
9.825402383	2.365023741	0.270608901	0.154551914
9.827381715	2.369477154	0.271052988	0.154616995
9.829361047	2.373584827	0.271393583	0.15471242
9.831340378	2.378073109	0.271964909	0.154803734
9.83331971	2.38231356	0.272332931	0.154936755
9.835299042	2.386265733	0.272700869	0.15510541
9.837278373	2.390618272	0.273256623	0.155275274
9.839257705	2.3944872	0.273604863	0.155522024
9.841237037	2.398576772	0.2741958	0.155777915
9.843216368	2.402654828	0.274715317	0.156080977
9.8451957	2.406039586	0.274942768	0.156447275
9.847175032	2.409934775	0.27550081	0.156790578
9.849154363	2.413683342	0.275958038	0.157204619
9.851133695	2.416938765	0.276202084	0.15769424
9.853113027	2.420616264	0.27673122	0.158148307
9.855092358	2.42419073	0.2771568	0.158688797
9.85707169	2.427256775	0.277428021	0.159279446
9.859051022	2.430866703	0.278000718	0.159854047
9.861030353	2.434090976	0.278369417	0.160509082
9.863009685	2.437075957	0.278768669	0.161198694
9.864989017	2.440486057	0.279365296	0.161896454
9.866968348	2.443157464	0.27963296	0.162671131
9.86894768	2.446079781	0.280148168	0.163427214
9.870927012	2.449123397	0.280727629	0.164215316
9.872906343	2.451174549	0.280821138	0.165071133
9.874885675	2.45369207	0.281193899	0.165868907
9.876865007	2.456338949	0.281663054	0.166713671
9.878844338	2.458230878	0.281691165	0.167639993
9.88082367	2.46017408	0.281889844	0.16845048
9.882803002	2.462556187	0.282337638	0.16932482
9.884782333	2.464063559	0.28229558	0.170277543
9.886761665	2.465735356	0.282530812	0.171164951
9.888740997	2.467702047	0.282935083	0.172074757
9.890720328	2.468755576	0.282815888	0.173030841
9.89269966	2.469931837	0.283035799	0.173956404
9.894678992	2.471381285	0.283344477	0.174888638
9.896658323	2.47191904	0.283152156	0.175848793
9.898637655	2.472718121	0.283298523	0.176768778
9.900616987	2.473551761	0.28349827	0.177717065
9.902596318	2.473546953	0.283235487	0.178683447
9.90457565	2.4738891	0.283368469	0.17959568
9.906554982	2.474045393	0.283335389	0.180576224
9.908534313	2.473274328	0.28291201	0.18149615
9.910513645	2.473171442	0.282955592	0.182386559
9.912492977	2.472866471	0.282857274	0.183318875
9.914472308	2.471469485	0.282338848	0.184272362
9.91645164	2.47072995	0.282257855	0.185121126
9.918430972	2.469872953	0.28210099	0.186008442
9.920410303	2.467857648	0.281353041	0.186931056
9.922389635	2.466191357	0.280933786	0.187749587
9.924368967	2.464866138	0.280765037	0.188566217
9.926348298	2.462507824	0.279992556	0.189427017
9.92832763	2.460127607	0.27944038	0.190220407
9.930306962	2.458025527	0.279147785	0.190989285
9.932286293	2.455277577	0.278384205	0.191808719
9.934265625	2.452015579	0.277590792	0.192561013
9.936244957	2.449315238	0.277167904	0.193241588
9.938224288	2.445878056	0.276332558	0.193974266
9.94020362	2.441854393	0.275346013	0.194662851
9.942182952	2.438337394	0.274757288	0.195273757
9.944162283	2.434538055	0.273953339	0.195903276
9.946141615	2.429701165	0.272750809	0.196524777
9.948120947	2.42527103	0.27195176	0.197051629
9.950100278	2.420886309	0.271123342	0.19756936
9.95207961	2.415429926	0.269774645	0.19807742
9.954058942	2.410055288	0.268737563	0.198496733
9.956038273	2.404787709	0.267831018	0.19888996
9.958017605	2.398843622	0.26639139	0.199278055
9.959996937	2.392461843	0.265079908	0.1995638
9.961976268	2.386498303	0.264028115	0.199796178
9.9639556	2.379636832	0.262482082	0.200043579
9.965934932	2.372297621	0.260933214	0.200189136
9.967914263	2.365505178	0.259699209	0.200244252
9.969893595	2.358121791	0.258123557	0.200320456
9.971872927	2.349828048	0.25630306	0.200342277
9.973852258	2.342079926	0.254901415	0.2002795
9.97583159	2.334100293	0.253334332	0.20020267
9.977810922	2.32512919	0.251312009	0.200109416
9.979790253	2.316436963	0.249694786	0.199923495
9.981769585	2.307840932	0.248154192	0.199721201
9.983748917	2.2984201	0.246098625	0.199520108
9.985728248	2.288834283	0.244268797	0.199248527
9.98770758	2.279649584	0.242637691	0.198925808
9.989686912	2.269629017	0.240713899	0.198655008
9.991666243	2.259301446	0.238700791	0.198309581
9.993645575	2.24951234	0.237089778	0.197904023
9.995624907	2.239275623	0.235191965	0.197525174
9.997604238	2.228194681	0.233026156	0.197123939
9.99958357	2.217613366	0.231320677	0.196650894
10.0015629	2.207166446	0.229614413	0.196199056
10.00354223	2.195764687	0.22749827	0.195754468
10.00552156	2.184512585	0.225591923	0.195242238
10.0075009	2.173593423	0.224003578	0.194713608
10.00948023	2.162075445	0.221990688	0.194214159
10.01145956	2.15018329	0.220013883	0.193669751
10.01343889	2.138812212	0.218362234	0.19305463
10.01541822	2.126892979	0.216541052	0.192511606
10.01739755	2.114505502	0.214431279	0.19190478
10.01937689	2.10248447	0.212711329	0.191224077
10.02135622	2.09055369	0.211001712	0.190578653
10.02333555	2.077800113	0.208880815	0.18991976
10.02531488	2.06518741	0.207052164	0.189205845
10.02729421	2.052969004	0.205420061	0.18847369
10.02927354	2.040219431	0.203492512	0.187764501
10.03125288	2.027102839	0.201647252	0.18702662
10.03323221	2.014494312	0.200065578	0.186275749
10.03521154	2.00142915	0.198149444	0.185515864
10.03719087	1.987967446	0.196150795	0.184735786
10.0391702	1.974955168	0.194539988	0.183913859
10.04114953	1.961966583	0.192857114	0.183107334
10.04312887	1.948169994	0.190824345	0.182289082
10.0451082	1.934802826	0.189198014	0.181421957
10.04708753	1.921520108	0.187530454	0.180554263
10.04906686	1.907519834	0.185499853	0.179679329
10.05104619	1.893741996	0.183737804	0.178738116
10.05302552	1.880296121	0.182149665	0.177779173
10.05500486	1.86609796	0.180122523	0.176833969
10.05698419	1.851871312	0.178234934	0.175827015
10.05896352	1.838233997	0.17664301	0.17476995
10.06094285	1.824029072	0.174750302	0.173746225
10.06292218	1.809394892	0.172691426	0.172653696
10.06490151	1.795231618	0.170889994	0.171479118
10.06688085	1.781103534	0.169113397	0.170306331
10.06886018	1.76640615	0.167122124	0.169132486
10.07083951	1.752090667	0.165389862	0.167887345
10.07281884	1.73767142	0.163615444	0.166633595
10.07479817	1.722766714	0.161646322	0.165363295
10.0767775	1.708045464	0.159887108	0.164028775
10.07875684	1.693399812	0.158109903	0.16267391
10.08073617	1.67813751	0.156052511	0.161311379
10.0827155	1.663078309	0.154150455	0.159870428
10.08469483	1.648272827	0.152351553	0.158410191
10.08667416	1.632883439	0.150279483	0.156965926
10.08865349	1.617462205	0.148097231	0.155429247
10.09063283	1.602290778	0.146023526	0.153835787
10.09261216	1.587187695	0.143917486	0.152229154
10.09459149	1.572176852	0.141997252	0.150611242
10.09657082	1.557324361	0.140213542	0.149030293
10.09855015	1.542357417	0.138400007	0.14744708
10.10052948	1.527023646	0.136446456	0.145848601
10.10250882	1.511789732	0.134638757	0.144178671
10.10448815	1.496674002	0.132858032	0.142501431
10.10646748	1.481172968	0.130866804	0.14083654
10.10844681	1.46559214	0.128765784	0.139096669
10.11042614	1.450258996	0.126725094	0.137316337
10.11240547	1.435085445	0.124667423	0.135522946
10.11438481	1.420067366	0.122743254	0.133722942
10.11636414	1.405238904	0.120955601	0.13197461
10.11834347	1.390438207	0.119190298	0.130227357
10.1203228	1.375264776	0.117237088	0.128448237
10.12230213	1.359989963	0.11527282	0.126624511
10.12428146	1.34496049	0.113399242	0.124776627
10.1262608	1.330003089	0.111517427	0.122933021
10.12824013	1.314918358	0.109569317	0.121064822
10.13021946	1.300196004	0.10770713	0.119195519
10.13219879	1.285690188	0.105959606	0.117349156
10.13417812	1.270996601	0.104108591	0.115507537
